week,region,country,admin1,event_type,sub_event_type,events,fatalities,population_exposure,disorder_type,id,latitude,longitude
2009-04-04,Middle Africa,Democratic Republic of Congo,Bas-Uele,Battles,Armed clash,1,2,NA,Political violence,705,3.665,25.3771
2009-07-11,Middle Africa,Democratic Republic of Congo,Bas-Uele,Battles,Armed clash,1,26,NA,Political violence,705,3.665,25.3771
2011-09-10,Middle Africa,Democratic Republic of Congo,Bas-Uele,Battles,Armed clash,1,16,NA,Political violence,705,3.665,25.3771
2014-08-09,Middle Africa,Democratic Republic of Congo,Bas-Uele,Battles,Armed clash,1,2,NA,Political violence,705,3.665,25.3771
2015-10-31,Middle Africa,Democratic Republic of Congo,Bas-Uele,Battles,Armed clash,2,3,70256,Political violence,705,3.665,25.3771
2016-03-26,Middle Africa,Democratic Republic of Congo,Bas-Uele,Battles,Armed clash,1,1,72950,Political violence,705,3.665,25.3771
2017-06-17,Middle Africa,Democratic Republic of Congo,Bas-Uele,Battles,Armed clash,2,2,10040,Political violence,705,3.665,25.3771
2017-07-15,Middle Africa,Democratic Republic of Congo,Bas-Uele,Battles,Armed clash,1,1,64,Political violence,705,3.665,25.3771
2018-08-25,Middle Africa,Democratic Republic of Congo,Bas-Uele,Battles,Armed clash,1,2,8790,Political violence,705,3.665,25.3771
2019-10-05,Middle Africa,Democratic Republic of Congo,Bas-Uele,Battles,Armed clash,1,5,1925,Political violence,705,3.665,25.3771
2020-05-09,Middle Africa,Democratic Republic of Congo,Bas-Uele,Battles,Armed clash,2,2,6,Political violence,705,3.665,25.3771
2020-07-18,Middle Africa,Democratic Republic of Congo,Bas-Uele,Battles,Armed clash,1,1,65,Political violence,705,3.665,25.3771
2020-08-29,Middle Africa,Democratic Republic of Congo,Bas-Uele,Battles,Armed clash,1,4,9595,Political violence,705,3.665,25.3771
2022-01-15,Middle Africa,Democratic Republic of Congo,Bas-Uele,Battles,Armed clash,1,1,291,Political violence,705,3.665,25.3771
2022-07-02,Middle Africa,Democratic Republic of Congo,Bas-Uele,Battles,Armed clash,1,1,NA,Political violence,705,3.665,25.3771
2014-06-28,Middle Africa,Democratic Republic of Congo,Bas-Uele,Riots,Mob violence,1,1,NA,Political violence,705,3.665,25.3771
2015-03-21,Middle Africa,Democratic Republic of Congo,Bas-Uele,Riots,Mob violence,1,5,52279,Political violence,705,3.665,25.3771
2022-05-07,Middle Africa,Democratic Republic of Congo,Bas-Uele,Riots,Mob violence,1,2,3264,Political violence,705,3.665,25.3771
2011-04-30,Middle Africa,Democratic Republic of Congo,Bas-Uele,Riots,Violent demonstration,1,1,NA,Demonstrations,705,3.665,25.3771
2018-02-17,Middle Africa,Democratic Republic of Congo,Bas-Uele,Riots,Violent demonstration,1,1,28905,Demonstrations,705,3.665,25.3771
2009-01-03,Middle Africa,Democratic Republic of Congo,Bas-Uele,Violence against civilians,Attack,1,30,NA,Political violence,705,3.665,25.3771
2009-04-04,Middle Africa,Democratic Republic of Congo,Bas-Uele,Violence against civilians,Attack,1,10,NA,Political violence,705,3.665,25.3771
2009-05-30,Middle Africa,Democratic Republic of Congo,Bas-Uele,Violence against civilians,Attack,8,34,NA,Political violence,705,3.665,25.3771
2009-06-06,Middle Africa,Democratic Republic of Congo,Bas-Uele,Violence against civilians,Attack,1,1,NA,Political violence,705,3.665,25.3771
2009-06-13,Middle Africa,Democratic Republic of Congo,Bas-Uele,Violence against civilians,Attack,1,2,NA,Political violence,705,3.665,25.3771
2009-06-20,Middle Africa,Democratic Republic of Congo,Bas-Uele,Violence against civilians,Attack,1,6,NA,Political violence,705,3.665,25.3771
2009-07-04,Middle Africa,Democratic Republic of Congo,Bas-Uele,Violence against civilians,Attack,2,5,NA,Political violence,705,3.665,25.3771
2009-07-11,Middle Africa,Democratic Republic of Congo,Bas-Uele,Violence against civilians,Attack,3,65,NA,Political violence,705,3.665,25.3771
2009-08-08,Middle Africa,Democratic Republic of Congo,Bas-Uele,Violence against civilians,Attack,1,1,NA,Political violence,705,3.665,25.3771
2009-08-29,Middle Africa,Democratic Republic of Congo,Bas-Uele,Violence against civilians,Attack,1,2,NA,Political violence,705,3.665,25.3771
2009-09-12,Middle Africa,Democratic Republic of Congo,Bas-Uele,Violence against civilians,Attack,1,1,NA,Political violence,705,3.665,25.3771
2009-09-19,Middle Africa,Democratic Republic of Congo,Bas-Uele,Violence against civilians,Attack,1,2,NA,Political violence,705,3.665,25.3771
2009-09-26,Middle Africa,Democratic Republic of Congo,Bas-Uele,Violence against civilians,Attack,1,1,NA,Political violence,705,3.665,25.3771
2009-10-31,Middle Africa,Democratic Republic of Congo,Bas-Uele,Violence against civilians,Attack,1,2,NA,Political violence,705,3.665,25.3771
2009-11-14,Middle Africa,Democratic Republic of Congo,Bas-Uele,Violence against civilians,Attack,1,6,NA,Political violence,705,3.665,25.3771
2009-12-19,Middle Africa,Democratic Republic of Congo,Bas-Uele,Violence against civilians,Attack,2,38,NA,Political violence,705,3.665,25.3771
2010-01-09,Middle Africa,Democratic Republic of Congo,Bas-Uele,Violence against civilians,Attack,2,7,NA,Political violence,705,3.665,25.3771
2010-01-16,Middle Africa,Democratic Republic of Congo,Bas-Uele,Violence against civilians,Attack,1,10,NA,Political violence,705,3.665,25.3771
2010-01-30,Middle Africa,Democratic Republic of Congo,Bas-Uele,Violence against civilians,Attack,3,15,NA,Political violence,705,3.665,25.3771
2010-02-06,Middle Africa,Democratic Republic of Congo,Bas-Uele,Violence against civilians,Attack,7,37,NA,Political violence,705,3.665,25.3771
2010-02-13,Middle Africa,Democratic Republic of Congo,Bas-Uele,Violence against civilians,Attack,1,6,NA,Political violence,705,3.665,25.3771
2010-02-20,Middle Africa,Democratic Republic of Congo,Bas-Uele,Violence against civilians,Attack,2,102,NA,Political violence,705,3.665,25.3771
2010-02-27,Middle Africa,Democratic Republic of Congo,Bas-Uele,Violence against civilians,Attack,2,6,NA,Political violence,705,3.665,25.3771
2010-03-27,Middle Africa,Democratic Republic of Congo,Bas-Uele,Violence against civilians,Attack,2,7,NA,Political violence,705,3.665,25.3771
2010-05-01,Middle Africa,Democratic Republic of Congo,Bas-Uele,Violence against civilians,Attack,1,1,NA,Political violence,705,3.665,25.3771
2010-05-29,Middle Africa,Democratic Republic of Congo,Bas-Uele,Violence against civilians,Attack,2,9,NA,Political violence,705,3.665,25.3771
2011-02-12,Middle Africa,Democratic Republic of Congo,Bas-Uele,Violence against civilians,Attack,1,1,NA,Political violence,705,3.665,25.3771
2012-01-28,Middle Africa,Democratic Republic of Congo,Bas-Uele,Violence against civilians,Attack,2,1,NA,Political violence,705,3.665,25.3771
2012-10-27,Middle Africa,Democratic Republic of Congo,Bas-Uele,Violence against civilians,Attack,1,1,NA,Political violence,705,3.665,25.3771
2013-01-12,Middle Africa,Democratic Republic of Congo,Bas-Uele,Violence against civilians,Attack,1,1,NA,Political violence,705,3.665,25.3771
2013-02-09,Middle Africa,Democratic Republic of Congo,Bas-Uele,Violence against civilians,Attack,1,8,NA,Political violence,705,3.665,25.3771
2013-03-09,Middle Africa,Democratic Republic of Congo,Bas-Uele,Violence against civilians,Attack,1,5,NA,Political violence,705,3.665,25.3771
2013-05-04,Middle Africa,Democratic Republic of Congo,Bas-Uele,Violence against civilians,Attack,1,2,NA,Political violence,705,3.665,25.3771
2013-11-02,Middle Africa,Democratic Republic of Congo,Bas-Uele,Violence against civilians,Attack,3,2,NA,Political violence,705,3.665,25.3771
2014-03-01,Middle Africa,Democratic Republic of Congo,Bas-Uele,Violence against civilians,Attack,2,4,NA,Political violence,705,3.665,25.3771
2014-03-15,Middle Africa,Democratic Republic of Congo,Bas-Uele,Violence against civilians,Attack,1,1,NA,Political violence,705,3.665,25.3771
2014-04-12,Middle Africa,Democratic Republic of Congo,Bas-Uele,Violence against civilians,Attack,1,11,NA,Political violence,705,3.665,25.3771
2014-05-10,Middle Africa,Democratic Republic of Congo,Bas-Uele,Violence against civilians,Attack,2,1,NA,Political violence,705,3.665,25.3771
2014-08-09,Middle Africa,Democratic Republic of Congo,Bas-Uele,Violence against civilians,Attack,2,2,NA,Political violence,705,3.665,25.3771
2015-10-31,Middle Africa,Democratic Republic of Congo,Bas-Uele,Violence against civilians,Attack,1,1,70256,Political violence,705,3.665,25.3771
2017-05-13,Middle Africa,Democratic Republic of Congo,Bas-Uele,Violence against civilians,Attack,1,1,31012,Political violence,705,3.665,25.3771
2017-07-15,Middle Africa,Democratic Republic of Congo,Bas-Uele,Violence against civilians,Attack,1,20,64,Political violence,705,3.665,25.3771
2018-02-10,Middle Africa,Democratic Republic of Congo,Bas-Uele,Violence against civilians,Attack,1,4,32680,Political violence,705,3.665,25.3771
2018-03-24,Middle Africa,Democratic Republic of Congo,Bas-Uele,Violence against civilians,Attack,1,1,83,Political violence,705,3.665,25.3771
2018-03-31,Middle Africa,Democratic Republic of Congo,Bas-Uele,Violence against civilians,Attack,1,1,3,Political violence,705,3.665,25.3771
2018-06-23,Middle Africa,Democratic Republic of Congo,Bas-Uele,Violence against civilians,Attack,1,2,3,Political violence,705,3.665,25.3771
2018-11-10,Middle Africa,Democratic Republic of Congo,Bas-Uele,Violence against civilians,Attack,1,4,32680,Political violence,705,3.665,25.3771
2018-12-15,Middle Africa,Democratic Republic of Congo,Bas-Uele,Violence against civilians,Attack,1,3,16,Political violence,705,3.665,25.3771
2019-02-09,Middle Africa,Democratic Republic of Congo,Bas-Uele,Violence against civilians,Attack,1,1,2581,Political violence,705,3.665,25.3771
2019-03-16,Middle Africa,Democratic Republic of Congo,Bas-Uele,Violence against civilians,Attack,1,1,6,Political violence,705,3.665,25.3771
2020-04-04,Middle Africa,Democratic Republic of Congo,Bas-Uele,Violence against civilians,Attack,1,2,1668,Political violence,705,3.665,25.3771
2020-05-16,Middle Africa,Democratic Republic of Congo,Bas-Uele,Violence against civilians,Attack,2,1,15514,Political violence,705,3.665,25.3771
2020-07-18,Middle Africa,Democratic Republic of Congo,Bas-Uele,Violence against civilians,Attack,1,2,9595,Political violence,705,3.665,25.3771
2020-10-31,Middle Africa,Democratic Republic of Congo,Bas-Uele,Violence against civilians,Attack,1,1,2535,Political violence,705,3.665,25.3771
2020-11-14,Middle Africa,Democratic Republic of Congo,Bas-Uele,Violence against civilians,Attack,1,1,8,Political violence,705,3.665,25.3771
2021-08-14,Middle Africa,Democratic Republic of Congo,Bas-Uele,Violence against civilians,Attack,2,6,37815,Political violence,705,3.665,25.3771
2022-04-02,Middle Africa,Democratic Republic of Congo,Bas-Uele,Violence against civilians,Attack,2,2,10898,Political violence,705,3.665,25.3771
2022-04-09,Middle Africa,Democratic Republic of Congo,Bas-Uele,Violence against civilians,Attack,1,5,39397,Political violence,705,3.665,25.3771
2022-07-02,Middle Africa,Democratic Republic of Congo,Bas-Uele,Violence against civilians,Attack,1,1,NA,Political violence,705,3.665,25.3771
2023-07-22,Middle Africa,Democratic Republic of Congo,Bas-Uele,Violence against civilians,Attack,1,3,159533,Political violence,705,3.665,25.3771
2024-10-05,Middle Africa,Democratic Republic of Congo,Bas-Uele,Violence against civilians,Attack,1,3,1966,Political violence,705,3.665,25.3771
2024-10-12,Middle Africa,Democratic Republic of Congo,Bas-Uele,Violence against civilians,Attack,1,3,NA,Political violence,705,3.665,25.3771
2025-11-29,Middle Africa,Democratic Republic of Congo,Bas-Uele,Violence against civilians,Attack,1,1,NA,Political violence,705,3.665,25.3771
2025-12-27,Middle Africa,Democratic Republic of Congo,Bas-Uele,Violence against civilians,Attack,1,2,47030,Political violence,705,3.665,25.3771
2012-06-16,Middle Africa,Democratic Republic of Congo,Bas-Uele,Violence against civilians,Sexual violence,1,1,NA,Political violence,705,3.665,25.3771
2010-04-03,Middle Africa,Democratic Republic of Congo,Equateur,Battles,Armed clash,2,4,NA,Political violence,706,0.0627,19.1409
2012-12-22,Middle Africa,Democratic Republic of Congo,Equateur,Battles,Armed clash,1,2,NA,Political violence,706,0.0627,19.1409
2015-08-15,Middle Africa,Democratic Republic of Congo,Equateur,Battles,Armed clash,1,4,40,Political violence,706,0.0627,19.1409
2021-11-20,Middle Africa,Democratic Republic of Congo,Equateur,Battles,Armed clash,1,4,6649,Political violence,706,0.0627,19.1409
2024-12-28,Middle Africa,Democratic Republic of Congo,Equateur,Battles,Armed clash,1,3,3580,Political violence,706,0.0627,19.1409
2010-04-03,Middle Africa,Democratic Republic of Congo,Equateur,Battles,Government regains territory,1,18,NA,Political violence,706,0.0627,19.1409
2014-03-01,Middle Africa,Democratic Republic of Congo,Equateur,Protests,Excessive force against protesters,1,1,NA,Political violence; Demonstrations,706,0.0627,19.1409
2022-04-09,Middle Africa,Democratic Republic of Congo,Equateur,Protests,Excessive force against protesters,1,2,61272,Political violence; Demonstrations,706,0.0627,19.1409
2017-05-27,Middle Africa,Democratic Republic of Congo,Equateur,Riots,Mob violence,2,2,158482,Political violence,706,0.0627,19.1409
2018-01-20,Middle Africa,Democratic Republic of Congo,Equateur,Riots,Mob violence,1,1,164200,Political violence,706,0.0627,19.1409
2020-08-01,Middle Africa,Democratic Republic of Congo,Equateur,Riots,Mob violence,1,1,174842,Political violence,706,0.0627,19.1409
2021-03-27,Middle Africa,Democratic Republic of Congo,Equateur,Riots,Mob violence,1,1,180452,Political violence,706,0.0627,19.1409
2021-07-17,Middle Africa,Democratic Republic of Congo,Equateur,Riots,Mob violence,1,1,180452,Political violence,706,0.0627,19.1409
2022-08-06,Middle Africa,Democratic Republic of Congo,Equateur,Riots,Mob violence,1,2,27104,Political violence,706,0.0627,19.1409
2016-12-31,Middle Africa,Democratic Republic of Congo,Equateur,Riots,Violent demonstration,1,1,152452,Demonstrations,706,0.0627,19.1409
2018-02-24,Middle Africa,Democratic Republic of Congo,Equateur,Riots,Violent demonstration,1,1,164200,Demonstrations,706,0.0627,19.1409
2021-01-30,Middle Africa,Democratic Republic of Congo,Equateur,Riots,Violent demonstration,1,1,4369,Demonstrations,706,0.0627,19.1409
2023-06-10,Middle Africa,Democratic Republic of Congo,Equateur,Riots,Violent demonstration,1,4,71312,Demonstrations,706,0.0627,19.1409
2010-04-03,Middle Africa,Democratic Republic of Congo,Equateur,Violence against civilians,Attack,2,63,NA,Political violence,706,0.0627,19.1409
2011-12-31,Middle Africa,Democratic Republic of Congo,Equateur,Violence against civilians,Attack,1,1,NA,Political violence,706,0.0627,19.1409
2012-06-30,Middle Africa,Democratic Republic of Congo,Equateur,Violence against civilians,Attack,1,1,NA,Political violence,706,0.0627,19.1409
2019-07-20,Middle Africa,Democratic Republic of Congo,Equateur,Violence against civilians,Attack,1,1,357477,Political violence,706,0.0627,19.1409
2020-02-22,Middle Africa,Democratic Republic of Congo,Equateur,Violence against civilians,Attack,1,1,16488,Political violence,706,0.0627,19.1409
2021-07-17,Middle Africa,Democratic Republic of Congo,Equateur,Violence against civilians,Attack,1,1,352662,Political violence,706,0.0627,19.1409
2022-02-19,Middle Africa,Democratic Republic of Congo,Equateur,Violence against civilians,Attack,1,1,393718,Political violence,706,0.0627,19.1409
2011-12-03,Middle Africa,Democratic Republic of Congo,Haut-Katanga,Battles,Armed clash,2,2,NA,Political violence,707,-10.5155,27.6201
2012-06-30,Middle Africa,Democratic Republic of Congo,Haut-Katanga,Battles,Armed clash,1,1,NA,Political violence,707,-10.5155,27.6201
2012-08-18,Middle Africa,Democratic Republic of Congo,Haut-Katanga,Battles,Armed clash,2,2,NA,Political violence,707,-10.5155,27.6201
2012-12-15,Middle Africa,Democratic Republic of Congo,Haut-Katanga,Battles,Armed clash,1,4,NA,Political violence,707,-10.5155,27.6201
2012-12-29,Middle Africa,Democratic Republic of Congo,Haut-Katanga,Battles,Armed clash,1,2,NA,Political violence,707,-10.5155,27.6201
2013-01-05,Middle Africa,Democratic Republic of Congo,Haut-Katanga,Battles,Armed clash,3,6,NA,Political violence,707,-10.5155,27.6201
2013-01-19,Middle Africa,Democratic Republic of Congo,Haut-Katanga,Battles,Armed clash,2,13,NA,Political violence,707,-10.5155,27.6201
2013-02-23,Middle Africa,Democratic Republic of Congo,Haut-Katanga,Battles,Armed clash,2,12,NA,Political violence,707,-10.5155,27.6201
2013-03-23,Middle Africa,Democratic Republic of Congo,Haut-Katanga,Battles,Armed clash,1,23,NA,Political violence,707,-10.5155,27.6201
2013-05-04,Middle Africa,Democratic Republic of Congo,Haut-Katanga,Battles,Armed clash,1,2,NA,Political violence,707,-10.5155,27.6201
2013-05-11,Middle Africa,Democratic Republic of Congo,Haut-Katanga,Battles,Armed clash,2,10,NA,Political violence,707,-10.5155,27.6201
2013-06-15,Middle Africa,Democratic Republic of Congo,Haut-Katanga,Battles,Armed clash,1,1,NA,Political violence,707,-10.5155,27.6201
2013-06-22,Middle Africa,Democratic Republic of Congo,Haut-Katanga,Battles,Armed clash,2,1,NA,Political violence,707,-10.5155,27.6201
2013-07-06,Middle Africa,Democratic Republic of Congo,Haut-Katanga,Battles,Armed clash,1,2,NA,Political violence,707,-10.5155,27.6201
2013-10-26,Middle Africa,Democratic Republic of Congo,Haut-Katanga,Battles,Armed clash,3,30,NA,Political violence,707,-10.5155,27.6201
2014-01-04,Middle Africa,Democratic Republic of Congo,Haut-Katanga,Battles,Armed clash,4,2,NA,Political violence,707,-10.5155,27.6201
2014-02-15,Middle Africa,Democratic Republic of Congo,Haut-Katanga,Battles,Armed clash,1,1,NA,Political violence,707,-10.5155,27.6201
2014-04-05,Middle Africa,Democratic Republic of Congo,Haut-Katanga,Battles,Armed clash,1,1,NA,Political violence,707,-10.5155,27.6201
2014-04-19,Middle Africa,Democratic Republic of Congo,Haut-Katanga,Battles,Armed clash,1,3,NA,Political violence,707,-10.5155,27.6201
2014-05-03,Middle Africa,Democratic Republic of Congo,Haut-Katanga,Battles,Armed clash,1,5,NA,Political violence,707,-10.5155,27.6201
2014-07-26,Middle Africa,Democratic Republic of Congo,Haut-Katanga,Battles,Armed clash,1,5,NA,Political violence,707,-10.5155,27.6201
2014-08-30,Middle Africa,Democratic Republic of Congo,Haut-Katanga,Battles,Armed clash,1,1,NA,Political violence,707,-10.5155,27.6201
2014-09-27,Middle Africa,Democratic Republic of Congo,Haut-Katanga,Battles,Armed clash,2,1,NA,Political violence,707,-10.5155,27.6201
2014-11-01,Middle Africa,Democratic Republic of Congo,Haut-Katanga,Battles,Armed clash,3,1,NA,Political violence,707,-10.5155,27.6201
2015-08-22,Middle Africa,Democratic Republic of Congo,Haut-Katanga,Battles,Armed clash,1,3,5064,Political violence,707,-10.5155,27.6201
2015-08-29,Middle Africa,Democratic Republic of Congo,Haut-Katanga,Battles,Armed clash,1,3,496,Political violence,707,-10.5155,27.6201
2016-05-14,Middle Africa,Democratic Republic of Congo,Haut-Katanga,Battles,Armed clash,1,6,11383,Political violence,707,-10.5155,27.6201
2016-07-02,Middle Africa,Democratic Republic of Congo,Haut-Katanga,Battles,Armed clash,3,5,2665,Political violence,707,-10.5155,27.6201
2016-07-16,Middle Africa,Democratic Republic of Congo,Haut-Katanga,Battles,Armed clash,2,4,11383,Political violence,707,-10.5155,27.6201
2016-08-06,Middle Africa,Democratic Republic of Congo,Haut-Katanga,Battles,Armed clash,1,1,11383,Political violence,707,-10.5155,27.6201
2017-03-11,Middle Africa,Democratic Republic of Congo,Haut-Katanga,Battles,Armed clash,1,3,NA,Political violence,707,-10.5155,27.6201
2017-07-29,Middle Africa,Democratic Republic of Congo,Haut-Katanga,Battles,Armed clash,2,4,13485,Political violence,707,-10.5155,27.6201
2017-09-02,Middle Africa,Democratic Republic of Congo,Haut-Katanga,Battles,Armed clash,1,1,51971,Political violence,707,-10.5155,27.6201
2017-10-07,Middle Africa,Democratic Republic of Congo,Haut-Katanga,Battles,Armed clash,3,15,55470,Political violence,707,-10.5155,27.6201
2017-12-23,Middle Africa,Democratic Republic of Congo,Haut-Katanga,Battles,Armed clash,1,11,368,Political violence,707,-10.5155,27.6201
2018-04-07,Middle Africa,Democratic Republic of Congo,Haut-Katanga,Battles,Armed clash,1,2,504702,Political violence,707,-10.5155,27.6201
2018-09-29,Middle Africa,Democratic Republic of Congo,Haut-Katanga,Battles,Armed clash,2,1,67746,Political violence,707,-10.5155,27.6201
2019-04-06,Middle Africa,Democratic Republic of Congo,Haut-Katanga,Battles,Armed clash,1,2,518805,Political violence,707,-10.5155,27.6201
2019-07-06,Middle Africa,Democratic Republic of Congo,Haut-Katanga,Battles,Armed clash,1,3,518805,Political violence,707,-10.5155,27.6201
2019-07-27,Middle Africa,Democratic Republic of Congo,Haut-Katanga,Battles,Armed clash,1,1,41825,Political violence,707,-10.5155,27.6201
2019-10-05,Middle Africa,Democratic Republic of Congo,Haut-Katanga,Battles,Armed clash,1,9,518805,Political violence,707,-10.5155,27.6201
2020-01-18,Middle Africa,Democratic Republic of Congo,Haut-Katanga,Battles,Armed clash,2,3,58672,Political violence,707,-10.5155,27.6201
2020-03-07,Middle Africa,Democratic Republic of Congo,Haut-Katanga,Battles,Armed clash,1,1,43548,Political violence,707,-10.5155,27.6201
2020-03-28,Middle Africa,Democratic Republic of Congo,Haut-Katanga,Battles,Armed clash,4,30,903317,Political violence,707,-10.5155,27.6201
2020-05-30,Middle Africa,Democratic Republic of Congo,Haut-Katanga,Battles,Armed clash,1,1,34290,Political violence,707,-10.5155,27.6201
2020-09-19,Middle Africa,Democratic Republic of Congo,Haut-Katanga,Battles,Armed clash,1,5,532996,Political violence,707,-10.5155,27.6201
2020-09-26,Middle Africa,Democratic Republic of Congo,Haut-Katanga,Battles,Armed clash,3,29,532996,Political violence,707,-10.5155,27.6201
2021-02-13,Middle Africa,Democratic Republic of Congo,Haut-Katanga,Battles,Armed clash,1,16,675227,Political violence,707,-10.5155,27.6201
2021-04-10,Middle Africa,Democratic Republic of Congo,Haut-Katanga,Battles,Armed clash,1,1,675227,Political violence,707,-10.5155,27.6201
2021-11-27,Middle Africa,Democratic Republic of Congo,Haut-Katanga,Battles,Armed clash,1,1,NA,Political violence,707,-10.5155,27.6201
2022-03-05,Middle Africa,Democratic Republic of Congo,Haut-Katanga,Battles,Armed clash,1,1,513789,Political violence,707,-10.5155,27.6201
2023-07-15,Middle Africa,Democratic Republic of Congo,Haut-Katanga,Battles,Armed clash,1,1,52853,Political violence,707,-10.5155,27.6201
2024-01-27,Middle Africa,Democratic Republic of Congo,Haut-Katanga,Battles,Armed clash,1,2,17806,Political violence,707,-10.5155,27.6201
2024-05-11,Middle Africa,Democratic Republic of Congo,Haut-Katanga,Battles,Armed clash,1,2,3938,Political violence,707,-10.5155,27.6201
2024-06-08,Middle Africa,Democratic Republic of Congo,Haut-Katanga,Battles,Armed clash,1,1,NA,Political violence,707,-10.5155,27.6201
2024-08-10,Middle Africa,Democratic Republic of Congo,Haut-Katanga,Battles,Armed clash,1,10,44771,Political violence,707,-10.5155,27.6201
2024-12-28,Middle Africa,Democratic Republic of Congo,Haut-Katanga,Battles,Armed clash,1,2,5077,Political violence,707,-10.5155,27.6201
2014-11-01,Middle Africa,Democratic Republic of Congo,Haut-Katanga,Battles,Government regains territory,1,3,NA,Political violence,707,-10.5155,27.6201
2017-11-18,Middle Africa,Democratic Republic of Congo,Haut-Katanga,Battles,Non-state actor overtakes territory,1,1,1187,Political violence,707,-10.5155,27.6201
2018-08-04,Middle Africa,Democratic Republic of Congo,Haut-Katanga,Protests,Excessive force against protesters,1,1,29064,Political violence; Demonstrations,707,-10.5155,27.6201
2018-09-01,Middle Africa,Democratic Republic of Congo,Haut-Katanga,Protests,Excessive force against protesters,2,1,29064,Political violence; Demonstrations,707,-10.5155,27.6201
2019-12-14,Middle Africa,Democratic Republic of Congo,Haut-Katanga,Protests,Excessive force against protesters,1,2,6353,Political violence; Demonstrations,707,-10.5155,27.6201
2025-11-29,Middle Africa,Democratic Republic of Congo,Haut-Katanga,Protests,Excessive force against protesters,1,1,4335,Political violence; Demonstrations,707,-10.5155,27.6201
2017-04-01,Middle Africa,Democratic Republic of Congo,Haut-Katanga,Riots,Mob violence,1,4,5432,Political violence,707,-10.5155,27.6201
2018-07-07,Middle Africa,Democratic Republic of Congo,Haut-Katanga,Riots,Mob violence,1,1,97333,Political violence,707,-10.5155,27.6201
2019-03-30,Middle Africa,Democratic Republic of Congo,Haut-Katanga,Riots,Mob violence,2,2,131570,Political violence,707,-10.5155,27.6201
2019-11-09,Middle Africa,Democratic Republic of Congo,Haut-Katanga,Riots,Mob violence,1,1,90625,Political violence,707,-10.5155,27.6201
2020-05-02,Middle Africa,Democratic Republic of Congo,Haut-Katanga,Riots,Mob violence,1,1,14186,Political violence,707,-10.5155,27.6201
2020-05-09,Middle Africa,Democratic Republic of Congo,Haut-Katanga,Riots,Mob violence,1,1,14186,Political violence,707,-10.5155,27.6201
2020-05-16,Middle Africa,Democratic Republic of Congo,Haut-Katanga,Riots,Mob violence,1,1,102759,Political violence,707,-10.5155,27.6201
2020-09-26,Middle Africa,Democratic Republic of Congo,Haut-Katanga,Riots,Mob violence,1,5,102759,Political violence,707,-10.5155,27.6201
2022-05-28,Middle Africa,Democratic Republic of Congo,Haut-Katanga,Riots,Mob violence,1,1,15463,Political violence,707,-10.5155,27.6201
2022-07-16,Middle Africa,Democratic Republic of Congo,Haut-Katanga,Riots,Mob violence,1,1,76926,Political violence,707,-10.5155,27.6201
2022-11-26,Middle Africa,Democratic Republic of Congo,Haut-Katanga,Riots,Mob violence,1,1,108471,Political violence,707,-10.5155,27.6201
2022-12-03,Middle Africa,Democratic Republic of Congo,Haut-Katanga,Riots,Mob violence,2,2,129519,Political violence,707,-10.5155,27.6201
2023-05-20,Middle Africa,Democratic Republic of Congo,Haut-Katanga,Riots,Mob violence,1,2,33674,Political violence,707,-10.5155,27.6201
2023-06-24,Middle Africa,Democratic Republic of Congo,Haut-Katanga,Riots,Mob violence,2,3,111367,Political violence,707,-10.5155,27.6201
2023-07-01,Middle Africa,Democratic Republic of Congo,Haut-Katanga,Riots,Mob violence,2,2,111367,Political violence,707,-10.5155,27.6201
2023-12-30,Middle Africa,Democratic Republic of Congo,Haut-Katanga,Riots,Mob violence,3,2,9869,Political violence,707,-10.5155,27.6201
2024-11-09,Middle Africa,Democratic Republic of Congo,Haut-Katanga,Riots,Mob violence,1,4,56906,Political violence,707,-10.5155,27.6201
2025-06-14,Middle Africa,Democratic Republic of Congo,Haut-Katanga,Riots,Mob violence,1,3,108286,Political violence,707,-10.5155,27.6201
2025-06-21,Middle Africa,Democratic Republic of Congo,Haut-Katanga,Riots,Mob violence,1,5,108286,Political violence,707,-10.5155,27.6201
2025-11-01,Middle Africa,Democratic Republic of Congo,Haut-Katanga,Riots,Mob violence,1,1,108286,Political violence,707,-10.5155,27.6201
2025-11-15,Middle Africa,Democratic Republic of Congo,Haut-Katanga,Riots,Mob violence,1,2,20373,Political violence,707,-10.5155,27.6201
2010-11-27,Middle Africa,Democratic Republic of Congo,Haut-Katanga,Riots,Violent demonstration,2,4,NA,Demonstrations,707,-10.5155,27.6201
2012-11-10,Middle Africa,Democratic Republic of Congo,Haut-Katanga,Riots,Violent demonstration,1,2,NA,Demonstrations,707,-10.5155,27.6201
2013-09-07,Middle Africa,Democratic Republic of Congo,Haut-Katanga,Riots,Violent demonstration,1,7,NA,Demonstrations,707,-10.5155,27.6201
2015-05-09,Middle Africa,Democratic Republic of Congo,Haut-Katanga,Riots,Violent demonstration,1,1,6685,Demonstrations,707,-10.5155,27.6201
2016-09-03,Middle Africa,Democratic Republic of Congo,Haut-Katanga,Riots,Violent demonstration,1,2,11967,Demonstrations,707,-10.5155,27.6201
2016-12-17,Middle Africa,Democratic Republic of Congo,Haut-Katanga,Riots,Violent demonstration,2,10,91097,Demonstrations,707,-10.5155,27.6201
2017-08-26,Middle Africa,Democratic Republic of Congo,Haut-Katanga,Riots,Violent demonstration,1,4,94317,Demonstrations,707,-10.5155,27.6201
2018-12-08,Middle Africa,Democratic Republic of Congo,Haut-Katanga,Riots,Violent demonstration,1,1,97333,Demonstrations,707,-10.5155,27.6201
2019-01-26,Middle Africa,Democratic Republic of Congo,Haut-Katanga,Riots,Violent demonstration,2,4,100043,Demonstrations,707,-10.5155,27.6201
2019-06-08,Middle Africa,Democratic Republic of Congo,Haut-Katanga,Riots,Violent demonstration,3,1,100043,Demonstrations,707,-10.5155,27.6201
2019-10-12,Middle Africa,Democratic Republic of Congo,Haut-Katanga,Riots,Violent demonstration,1,3,435,Demonstrations,707,-10.5155,27.6201
2020-01-11,Middle Africa,Democratic Republic of Congo,Haut-Katanga,Riots,Violent demonstration,1,1,102759,Demonstrations,707,-10.5155,27.6201
2020-07-04,Middle Africa,Democratic Republic of Congo,Haut-Katanga,Riots,Violent demonstration,1,4,102759,Demonstrations,707,-10.5155,27.6201
2020-07-11,Middle Africa,Democratic Republic of Congo,Haut-Katanga,Riots,Violent demonstration,1,3,102759,Demonstrations,707,-10.5155,27.6201
2020-08-01,Middle Africa,Democratic Republic of Congo,Haut-Katanga,Riots,Violent demonstration,1,1,14186,Demonstrations,707,-10.5155,27.6201
2020-12-26,Middle Africa,Democratic Republic of Congo,Haut-Katanga,Riots,Violent demonstration,1,1,104056,Demonstrations,707,-10.5155,27.6201
2022-04-02,Middle Africa,Democratic Republic of Congo,Haut-Katanga,Riots,Violent demonstration,1,2,108471,Demonstrations,707,-10.5155,27.6201
2023-02-11,Middle Africa,Democratic Republic of Congo,Haut-Katanga,Riots,Violent demonstration,1,1,29986,Demonstrations,707,-10.5155,27.6201
2011-01-29,Middle Africa,Democratic Republic of Congo,Haut-Katanga,Violence against civilians,Attack,1,2,NA,Political violence,707,-10.5155,27.6201
2012-06-30,Middle Africa,Democratic Republic of Congo,Haut-Katanga,Violence against civilians,Attack,1,1,NA,Political violence,707,-10.5155,27.6201
2012-07-14,Middle Africa,Democratic Republic of Congo,Haut-Katanga,Violence against civilians,Attack,1,14,NA,Political violence,707,-10.5155,27.6201
2012-08-04,Middle Africa,Democratic Republic of Congo,Haut-Katanga,Violence against civilians,Attack,1,2,NA,Political violence,707,-10.5155,27.6201
2012-10-20,Middle Africa,Democratic Republic of Congo,Haut-Katanga,Violence against civilians,Attack,1,1,NA,Political violence,707,-10.5155,27.6201
2012-12-29,Middle Africa,Democratic Republic of Congo,Haut-Katanga,Violence against civilians,Attack,6,3,NA,Political violence,707,-10.5155,27.6201
2013-02-02,Middle Africa,Democratic Republic of Congo,Haut-Katanga,Violence against civilians,Attack,1,65,NA,Political violence,707,-10.5155,27.6201
2013-02-16,Middle Africa,Democratic Republic of Congo,Haut-Katanga,Violence against civilians,Attack,1,3,NA,Political violence,707,-10.5155,27.6201
2013-03-02,Middle Africa,Democratic Republic of Congo,Haut-Katanga,Violence against civilians,Attack,2,1,NA,Political violence,707,-10.5155,27.6201
2013-08-03,Middle Africa,Democratic Republic of Congo,Haut-Katanga,Violence against civilians,Attack,1,1,NA,Political violence,707,-10.5155,27.6201
2013-10-12,Middle Africa,Democratic Republic of Congo,Haut-Katanga,Violence against civilians,Attack,1,2,NA,Political violence,707,-10.5155,27.6201
2013-10-19,Middle Africa,Democratic Republic of Congo,Haut-Katanga,Violence against civilians,Attack,1,2,NA,Political violence,707,-10.5155,27.6201
2013-12-21,Middle Africa,Democratic Republic of Congo,Haut-Katanga,Violence against civilians,Attack,1,2,NA,Political violence,707,-10.5155,27.6201
2013-12-28,Middle Africa,Democratic Republic of Congo,Haut-Katanga,Violence against civilians,Attack,4,111,NA,Political violence,707,-10.5155,27.6201
2014-01-04,Middle Africa,Democratic Republic of Congo,Haut-Katanga,Violence against civilians,Attack,3,1,NA,Political violence,707,-10.5155,27.6201
2014-04-05,Middle Africa,Democratic Republic of Congo,Haut-Katanga,Violence against civilians,Attack,1,2,NA,Political violence,707,-10.5155,27.6201
2014-06-14,Middle Africa,Democratic Republic of Congo,Haut-Katanga,Violence against civilians,Attack,1,3,NA,Political violence,707,-10.5155,27.6201
2014-06-28,Middle Africa,Democratic Republic of Congo,Haut-Katanga,Violence against civilians,Attack,1,1,NA,Political violence,707,-10.5155,27.6201
2014-08-09,Middle Africa,Democratic Republic of Congo,Haut-Katanga,Violence against civilians,Attack,2,5,NA,Political violence,707,-10.5155,27.6201
2014-09-20,Middle Africa,Democratic Republic of Congo,Haut-Katanga,Violence against civilians,Attack,1,1,NA,Political violence,707,-10.5155,27.6201
2015-12-26,Middle Africa,Democratic Republic of Congo,Haut-Katanga,Violence against civilians,Attack,2,2,565193,Political violence,707,-10.5155,27.6201
2016-09-03,Middle Africa,Democratic Republic of Congo,Haut-Katanga,Violence against civilians,Attack,1,1,56427,Political violence,707,-10.5155,27.6201
2016-10-15,Middle Africa,Democratic Republic of Congo,Haut-Katanga,Violence against civilians,Attack,1,1,430521,Political violence,707,-10.5155,27.6201
2016-12-24,Middle Africa,Democratic Republic of Congo,Haut-Katanga,Violence against civilians,Attack,1,1,27402,Political violence,707,-10.5155,27.6201
2017-04-01,Middle Africa,Democratic Republic of Congo,Haut-Katanga,Violence against civilians,Attack,1,1,8973,Political violence,707,-10.5155,27.6201
2017-10-21,Middle Africa,Democratic Republic of Congo,Haut-Katanga,Violence against civilians,Attack,1,5,538,Political violence,707,-10.5155,27.6201
2017-12-23,Middle Africa,Democratic Republic of Congo,Haut-Katanga,Violence against civilians,Attack,1,2,368,Political violence,707,-10.5155,27.6201
2018-01-13,Middle Africa,Democratic Republic of Congo,Haut-Katanga,Violence against civilians,Attack,1,1,54051,Political violence,707,-10.5155,27.6201
2018-02-24,Middle Africa,Democratic Republic of Congo,Haut-Katanga,Violence against civilians,Attack,1,2,61398,Political violence,707,-10.5155,27.6201
2018-03-03,Middle Africa,Democratic Republic of Congo,Haut-Katanga,Violence against civilians,Attack,2,3,566100,Political violence,707,-10.5155,27.6201
2018-03-31,Middle Africa,Democratic Republic of Congo,Haut-Katanga,Violence against civilians,Attack,1,2,318510,Political violence,707,-10.5155,27.6201
2018-04-21,Middle Africa,Democratic Republic of Congo,Haut-Katanga,Violence against civilians,Attack,1,2,504702,Political violence,707,-10.5155,27.6201
2018-07-07,Middle Africa,Democratic Republic of Congo,Haut-Katanga,Violence against civilians,Attack,1,3,504702,Political violence,707,-10.5155,27.6201
2019-02-23,Middle Africa,Democratic Republic of Congo,Haut-Katanga,Violence against civilians,Attack,1,2,518805,Political violence,707,-10.5155,27.6201
2019-03-30,Middle Africa,Democratic Republic of Congo,Haut-Katanga,Violence against civilians,Attack,1,1,55328,Political violence,707,-10.5155,27.6201
2019-11-09,Middle Africa,Democratic Republic of Congo,Haut-Katanga,Violence against civilians,Attack,1,1,329089,Political violence,707,-10.5155,27.6201
2019-12-14,Middle Africa,Democratic Republic of Congo,Haut-Katanga,Violence against civilians,Attack,1,1,41825,Political violence,707,-10.5155,27.6201
2020-03-07,Middle Africa,Democratic Republic of Congo,Haut-Katanga,Violence against civilians,Attack,1,1,532996,Political violence,707,-10.5155,27.6201
2020-08-01,Middle Africa,Democratic Republic of Congo,Haut-Katanga,Violence against civilians,Attack,2,1,168941,Political violence,707,-10.5155,27.6201
2020-10-10,Middle Africa,Democratic Republic of Congo,Haut-Katanga,Violence against civilians,Attack,1,1,532996,Political violence,707,-10.5155,27.6201
2020-11-28,Middle Africa,Democratic Republic of Congo,Haut-Katanga,Violence against civilians,Attack,1,2,656522,Political violence,707,-10.5155,27.6201
2021-07-03,Middle Africa,Democratic Republic of Congo,Haut-Katanga,Violence against civilians,Attack,1,1,58158,Political violence,707,-10.5155,27.6201
2021-12-18,Middle Africa,Democratic Republic of Congo,Haut-Katanga,Violence against civilians,Attack,1,5,500137,Political violence,707,-10.5155,27.6201
2022-07-16,Middle Africa,Democratic Republic of Congo,Haut-Katanga,Violence against civilians,Attack,1,2,393927,Political violence,707,-10.5155,27.6201
2022-07-23,Middle Africa,Democratic Republic of Congo,Haut-Katanga,Violence against civilians,Attack,1,1,60645,Political violence,707,-10.5155,27.6201
2022-08-13,Middle Africa,Democratic Republic of Congo,Haut-Katanga,Violence against civilians,Attack,1,1,454752,Political violence,707,-10.5155,27.6201
2023-03-18,Middle Africa,Democratic Republic of Congo,Haut-Katanga,Violence against civilians,Attack,1,8,651810,Political violence,707,-10.5155,27.6201
2023-04-29,Middle Africa,Democratic Republic of Congo,Haut-Katanga,Violence against civilians,Attack,1,1,651810,Political violence,707,-10.5155,27.6201
2024-11-30,Middle Africa,Democratic Republic of Congo,Haut-Katanga,Violence against civilians,Attack,1,1,77247,Political violence,707,-10.5155,27.6201
2025-01-11,Middle Africa,Democratic Republic of Congo,Haut-Katanga,Violence against civilians,Attack,1,5,519637,Political violence,707,-10.5155,27.6201
2025-12-13,Middle Africa,Democratic Republic of Congo,Haut-Katanga,Violence against civilians,Attack,2,46,NA,Political violence,707,-10.5155,27.6201
2020-03-07,Middle Africa,Democratic Republic of Congo,Haut-Katanga,Violence against civilians,Sexual violence,1,1,43548,Political violence,707,-10.5155,27.6201
2020-03-28,Middle Africa,Democratic Republic of Congo,Haut-Katanga,Violence against civilians,Sexual violence,1,1,532996,Political violence,707,-10.5155,27.6201
2020-05-02,Middle Africa,Democratic Republic of Congo,Haut-Katanga,Violence against civilians,Sexual violence,1,6,532996,Political violence,707,-10.5155,27.6201
2020-10-03,Middle Africa,Democratic Republic of Congo,Haut-Katanga,Violence against civilians,Sexual violence,1,1,532996,Political violence,707,-10.5155,27.6201
2013-01-26,Middle Africa,Democratic Republic of Congo,Haut-Lomami,Battles,Armed clash,1,4,NA,Political violence,708,-8.09,25.6206
2013-02-16,Middle Africa,Democratic Republic of Congo,Haut-Lomami,Battles,Armed clash,1,2,NA,Political violence,708,-8.09,25.6206
2013-09-28,Middle Africa,Democratic Republic of Congo,Haut-Lomami,Battles,Armed clash,1,2,NA,Political violence,708,-8.09,25.6206
2013-11-16,Middle Africa,Democratic Republic of Congo,Haut-Lomami,Battles,Armed clash,1,1,NA,Political violence,708,-8.09,25.6206
2013-11-30,Middle Africa,Democratic Republic of Congo,Haut-Lomami,Battles,Armed clash,1,3,NA,Political violence,708,-8.09,25.6206
2014-04-05,Middle Africa,Democratic Republic of Congo,Haut-Lomami,Battles,Armed clash,1,3,NA,Political violence,708,-8.09,25.6206
2015-07-18,Middle Africa,Democratic Republic of Congo,Haut-Lomami,Battles,Armed clash,1,7,47971,Political violence,708,-8.09,25.6206
2016-06-11,Middle Africa,Democratic Republic of Congo,Haut-Lomami,Battles,Armed clash,1,11,201622,Political violence,708,-8.09,25.6206
2016-10-15,Middle Africa,Democratic Republic of Congo,Haut-Lomami,Battles,Armed clash,1,2,10822,Political violence,708,-8.09,25.6206
2017-12-16,Middle Africa,Democratic Republic of Congo,Haut-Lomami,Battles,Armed clash,1,1,51576,Political violence,708,-8.09,25.6206
2023-11-11,Middle Africa,Democratic Republic of Congo,Haut-Lomami,Battles,Armed clash,1,4,99839,Political violence,708,-8.09,25.6206
2025-06-28,Middle Africa,Democratic Republic of Congo,Haut-Lomami,Battles,Armed clash,2,2,66325,Political violence,708,-8.09,25.6206
2025-11-22,Middle Africa,Democratic Republic of Congo,Haut-Lomami,Battles,Armed clash,1,4,NA,Political violence,708,-8.09,25.6206
2026-01-10,Middle Africa,Democratic Republic of Congo,Haut-Lomami,Battles,Armed clash,1,11,67278,Political violence,708,-8.09,25.6206
2023-09-23,Middle Africa,Democratic Republic of Congo,Haut-Lomami,Protests,Excessive force against protesters,1,2,27235,Political violence; Demonstrations,708,-8.09,25.6206
2013-06-08,Middle Africa,Democratic Republic of Congo,Haut-Lomami,Riots,Mob violence,1,1,NA,Political violence,708,-8.09,25.6206
2016-09-17,Middle Africa,Democratic Republic of Congo,Haut-Lomami,Riots,Mob violence,1,1,98965,Political violence,708,-8.09,25.6206
2017-05-20,Middle Africa,Democratic Republic of Congo,Haut-Lomami,Riots,Mob violence,1,1,58927,Political violence,708,-8.09,25.6206
2018-06-16,Middle Africa,Democratic Republic of Congo,Haut-Lomami,Riots,Mob violence,1,1,1598,Political violence,708,-8.09,25.6206
2025-01-25,Middle Africa,Democratic Republic of Congo,Haut-Lomami,Riots,Mob violence,1,3,54,Political violence,708,-8.09,25.6206
2025-07-05,Middle Africa,Democratic Republic of Congo,Haut-Lomami,Riots,Mob violence,1,9,58672,Political violence,708,-8.09,25.6206
2023-11-25,Middle Africa,Democratic Republic of Congo,Haut-Lomami,Riots,Violent demonstration,1,1,55523,Demonstrations,708,-8.09,25.6206
2011-12-10,Middle Africa,Democratic Republic of Congo,Haut-Lomami,Violence against civilians,Attack,1,24,NA,Political violence,708,-8.09,25.6206
2014-09-13,Middle Africa,Democratic Republic of Congo,Haut-Lomami,Violence against civilians,Attack,3,3,NA,Political violence,708,-8.09,25.6206
2016-09-17,Middle Africa,Democratic Republic of Congo,Haut-Lomami,Violence against civilians,Attack,1,7,201622,Political violence,708,-8.09,25.6206
2017-03-18,Middle Africa,Democratic Republic of Congo,Haut-Lomami,Violence against civilians,Attack,1,3,1406,Political violence,708,-8.09,25.6206
2018-06-09,Middle Africa,Democratic Republic of Congo,Haut-Lomami,Violence against civilians,Attack,1,2,84532,Political violence,708,-8.09,25.6206
2018-06-16,Middle Africa,Democratic Republic of Congo,Haut-Lomami,Violence against civilians,Attack,1,2,2239,Political violence,708,-8.09,25.6206
2020-05-02,Middle Africa,Democratic Republic of Congo,Haut-Lomami,Violence against civilians,Attack,1,1,NA,Political violence,708,-8.09,25.6206
2021-06-12,Middle Africa,Democratic Republic of Congo,Haut-Lomami,Violence against civilians,Attack,4,23,170945,Political violence,708,-8.09,25.6206
2023-05-27,Middle Africa,Democratic Republic of Congo,Haut-Lomami,Violence against civilians,Attack,1,1,825,Political violence,708,-8.09,25.6206
2024-11-02,Middle Africa,Democratic Republic of Congo,Haut-Lomami,Violence against civilians,Attack,1,2,103259,Political violence,708,-8.09,25.6206
2024-11-23,Middle Africa,Democratic Republic of Congo,Haut-Lomami,Violence against civilians,Attack,2,4,103259,Political violence,708,-8.09,25.6206
2024-12-07,Middle Africa,Democratic Republic of Congo,Haut-Lomami,Violence against civilians,Attack,2,4,103259,Political violence,708,-8.09,25.6206
2023-11-11,Middle Africa,Democratic Republic of Congo,Haut-Lomami,Violence against civilians,Sexual violence,1,1,99839,Political violence,708,-8.09,25.6206
2009-01-03,Middle Africa,Democratic Republic of Congo,Haut-Uele,Battles,Armed clash,9,10,NA,Political violence,709,3.3372,28.7895
2009-01-17,Middle Africa,Democratic Republic of Congo,Haut-Uele,Battles,Armed clash,10,9,NA,Political violence,709,3.3372,28.7895
2009-02-14,Middle Africa,Democratic Republic of Congo,Haut-Uele,Battles,Armed clash,1,9,NA,Political violence,709,3.3372,28.7895
2009-03-07,Middle Africa,Democratic Republic of Congo,Haut-Uele,Battles,Armed clash,1,16,NA,Political violence,709,3.3372,28.7895
2009-04-25,Middle Africa,Democratic Republic of Congo,Haut-Uele,Battles,Armed clash,2,1,NA,Political violence,709,3.3372,28.7895
2009-06-13,Middle Africa,Democratic Republic of Congo,Haut-Uele,Battles,Armed clash,1,1,NA,Political violence,709,3.3372,28.7895
2009-06-27,Middle Africa,Democratic Republic of Congo,Haut-Uele,Battles,Armed clash,1,8,NA,Political violence,709,3.3372,28.7895
2009-08-01,Middle Africa,Democratic Republic of Congo,Haut-Uele,Battles,Armed clash,5,22,NA,Political violence,709,3.3372,28.7895
2009-08-08,Middle Africa,Democratic Republic of Congo,Haut-Uele,Battles,Armed clash,3,16,NA,Political violence,709,3.3372,28.7895
2009-09-26,Middle Africa,Democratic Republic of Congo,Haut-Uele,Battles,Armed clash,2,3,NA,Political violence,709,3.3372,28.7895
2010-02-27,Middle Africa,Democratic Republic of Congo,Haut-Uele,Battles,Armed clash,1,2,NA,Political violence,709,3.3372,28.7895
2010-03-06,Middle Africa,Democratic Republic of Congo,Haut-Uele,Battles,Armed clash,9,10,NA,Political violence,709,3.3372,28.7895
2010-03-13,Middle Africa,Democratic Republic of Congo,Haut-Uele,Battles,Armed clash,6,8,NA,Political violence,709,3.3372,28.7895
2011-01-01,Middle Africa,Democratic Republic of Congo,Haut-Uele,Battles,Armed clash,1,1,NA,Political violence,709,3.3372,28.7895
2011-01-29,Middle Africa,Democratic Republic of Congo,Haut-Uele,Battles,Armed clash,4,7,NA,Political violence,709,3.3372,28.7895
2011-02-05,Middle Africa,Democratic Republic of Congo,Haut-Uele,Battles,Armed clash,1,6,NA,Political violence,709,3.3372,28.7895
2011-02-19,Middle Africa,Democratic Republic of Congo,Haut-Uele,Battles,Armed clash,4,18,NA,Political violence,709,3.3372,28.7895
2011-02-26,Middle Africa,Democratic Republic of Congo,Haut-Uele,Battles,Armed clash,2,3,NA,Political violence,709,3.3372,28.7895
2011-03-05,Middle Africa,Democratic Republic of Congo,Haut-Uele,Battles,Armed clash,1,8,NA,Political violence,709,3.3372,28.7895
2012-03-10,Middle Africa,Democratic Republic of Congo,Haut-Uele,Battles,Armed clash,1,2,NA,Political violence,709,3.3372,28.7895
2012-12-15,Middle Africa,Democratic Republic of Congo,Haut-Uele,Battles,Armed clash,1,2,NA,Political violence,709,3.3372,28.7895
2012-12-29,Middle Africa,Democratic Republic of Congo,Haut-Uele,Battles,Armed clash,1,2,NA,Political violence,709,3.3372,28.7895
2013-05-18,Middle Africa,Democratic Republic of Congo,Haut-Uele,Battles,Armed clash,1,2,NA,Political violence,709,3.3372,28.7895
2013-12-21,Middle Africa,Democratic Republic of Congo,Haut-Uele,Battles,Armed clash,1,5,NA,Political violence,709,3.3372,28.7895
2014-07-26,Middle Africa,Democratic Republic of Congo,Haut-Uele,Battles,Armed clash,1,3,NA,Political violence,709,3.3372,28.7895
2014-11-22,Middle Africa,Democratic Republic of Congo,Haut-Uele,Battles,Armed clash,1,5,NA,Political violence,709,3.3372,28.7895
2015-02-14,Middle Africa,Democratic Republic of Congo,Haut-Uele,Battles,Armed clash,1,2,82710,Political violence,709,3.3372,28.7895
2015-06-13,Middle Africa,Democratic Republic of Congo,Haut-Uele,Battles,Armed clash,1,5,3,Political violence,709,3.3372,28.7895
2015-10-03,Middle Africa,Democratic Republic of Congo,Haut-Uele,Battles,Armed clash,1,4,3,Political violence,709,3.3372,28.7895
2015-10-24,Middle Africa,Democratic Republic of Congo,Haut-Uele,Battles,Armed clash,1,3,3,Political violence,709,3.3372,28.7895
2015-11-14,Middle Africa,Democratic Republic of Congo,Haut-Uele,Battles,Armed clash,1,2,82710,Political violence,709,3.3372,28.7895
2015-12-05,Middle Africa,Democratic Republic of Congo,Haut-Uele,Battles,Armed clash,1,3,1582,Political violence,709,3.3372,28.7895
2016-03-19,Middle Africa,Democratic Republic of Congo,Haut-Uele,Battles,Armed clash,1,2,27,Political violence,709,3.3372,28.7895
2016-03-26,Middle Africa,Democratic Republic of Congo,Haut-Uele,Battles,Armed clash,2,4,30,Political violence,709,3.3372,28.7895
2016-05-07,Middle Africa,Democratic Republic of Congo,Haut-Uele,Battles,Armed clash,1,3,86373,Political violence,709,3.3372,28.7895
2016-09-10,Middle Africa,Democratic Republic of Congo,Haut-Uele,Battles,Armed clash,1,7,120,Political violence,709,3.3372,28.7895
2016-09-24,Middle Africa,Democratic Republic of Congo,Haut-Uele,Battles,Armed clash,1,3,20,Political violence,709,3.3372,28.7895
2016-10-01,Middle Africa,Democratic Republic of Congo,Haut-Uele,Battles,Armed clash,1,6,187503,Political violence,709,3.3372,28.7895
2017-04-22,Middle Africa,Democratic Republic of Congo,Haut-Uele,Battles,Armed clash,1,2,3,Political violence,709,3.3372,28.7895
2017-05-13,Middle Africa,Democratic Republic of Congo,Haut-Uele,Battles,Armed clash,2,2,1683,Political violence,709,3.3372,28.7895
2017-06-10,Middle Africa,Democratic Republic of Congo,Haut-Uele,Battles,Armed clash,2,4,3,Political violence,709,3.3372,28.7895
2017-07-29,Middle Africa,Democratic Republic of Congo,Haut-Uele,Battles,Armed clash,1,1,90932,Political violence,709,3.3372,28.7895
2019-01-12,Middle Africa,Democratic Republic of Congo,Haut-Uele,Battles,Armed clash,1,5,211861,Political violence,709,3.3372,28.7895
2019-01-19,Middle Africa,Democratic Republic of Congo,Haut-Uele,Battles,Armed clash,1,7,1651,Political violence,709,3.3372,28.7895
2019-01-26,Middle Africa,Democratic Republic of Congo,Haut-Uele,Battles,Armed clash,4,10,129887,Political violence,709,3.3372,28.7895
2019-04-06,Middle Africa,Democratic Republic of Congo,Haut-Uele,Battles,Armed clash,1,1,239,Political violence,709,3.3372,28.7895
2020-04-18,Middle Africa,Democratic Republic of Congo,Haut-Uele,Battles,Armed clash,1,1,4932,Political violence,709,3.3372,28.7895
2020-04-25,Middle Africa,Democratic Republic of Congo,Haut-Uele,Battles,Armed clash,1,2,32246,Political violence,709,3.3372,28.7895
2020-05-16,Middle Africa,Democratic Republic of Congo,Haut-Uele,Battles,Armed clash,1,1,833,Political violence,709,3.3372,28.7895
2021-02-06,Middle Africa,Democratic Republic of Congo,Haut-Uele,Battles,Armed clash,1,1,3,Political violence,709,3.3372,28.7895
2021-03-13,Middle Africa,Democratic Republic of Congo,Haut-Uele,Battles,Armed clash,1,2,33809,Political violence,709,3.3372,28.7895
2021-07-10,Middle Africa,Democratic Republic of Congo,Haut-Uele,Battles,Armed clash,2,6,60,Political violence,709,3.3372,28.7895
2021-07-17,Middle Africa,Democratic Republic of Congo,Haut-Uele,Battles,Armed clash,3,6,11362,Political violence,709,3.3372,28.7895
2021-10-23,Middle Africa,Democratic Republic of Congo,Haut-Uele,Battles,Armed clash,1,1,60,Political violence,709,3.3372,28.7895
2021-11-06,Middle Africa,Democratic Republic of Congo,Haut-Uele,Battles,Armed clash,1,3,543,Political violence,709,3.3372,28.7895
2021-12-11,Middle Africa,Democratic Republic of Congo,Haut-Uele,Battles,Armed clash,1,1,60,Political violence,709,3.3372,28.7895
2022-04-09,Middle Africa,Democratic Republic of Congo,Haut-Uele,Battles,Armed clash,1,3,504,Political violence,709,3.3372,28.7895
2022-08-20,Middle Africa,Democratic Republic of Congo,Haut-Uele,Battles,Armed clash,1,3,84,Political violence,709,3.3372,28.7895
2022-09-24,Middle Africa,Democratic Republic of Congo,Haut-Uele,Battles,Armed clash,1,1,35497,Political violence,709,3.3372,28.7895
2022-10-01,Middle Africa,Democratic Republic of Congo,Haut-Uele,Battles,Armed clash,1,1,35497,Political violence,709,3.3372,28.7895
2022-11-19,Middle Africa,Democratic Republic of Congo,Haut-Uele,Battles,Armed clash,1,1,70118,Political violence,709,3.3372,28.7895
2023-02-18,Middle Africa,Democratic Republic of Congo,Haut-Uele,Battles,Armed clash,1,3,4532,Political violence,709,3.3372,28.7895
2023-09-02,Middle Africa,Democratic Republic of Congo,Haut-Uele,Battles,Armed clash,1,4,31867,Political violence,709,3.3372,28.7895
2024-04-06,Middle Africa,Democratic Republic of Congo,Haut-Uele,Battles,Armed clash,1,1,2745,Political violence,709,3.3372,28.7895
2024-07-06,Middle Africa,Democratic Republic of Congo,Haut-Uele,Battles,Armed clash,1,3,33117,Political violence,709,3.3372,28.7895
2025-01-04,Middle Africa,Democratic Republic of Congo,Haut-Uele,Battles,Armed clash,2,3,1137,Political violence,709,3.3372,28.7895
2009-01-24,Middle Africa,Democratic Republic of Congo,Haut-Uele,Battles,Government regains territory,1,10,NA,Political violence,709,3.3372,28.7895
2020-05-09,Middle Africa,Democratic Republic of Congo,Haut-Uele,Riots,Mob violence,1,3,21716,Political violence,709,3.3372,28.7895
2020-09-05,Middle Africa,Democratic Republic of Congo,Haut-Uele,Riots,Mob violence,1,1,68,Political violence,709,3.3372,28.7895
2021-10-23,Middle Africa,Democratic Republic of Congo,Haut-Uele,Riots,Mob violence,1,1,1550,Political violence,709,3.3372,28.7895
2022-11-12,Middle Africa,Democratic Republic of Congo,Haut-Uele,Riots,Mob violence,2,1,57,Political violence,709,3.3372,28.7895
2023-03-25,Middle Africa,Democratic Republic of Congo,Haut-Uele,Riots,Mob violence,1,1,40861,Political violence,709,3.3372,28.7895
2023-04-08,Middle Africa,Democratic Republic of Congo,Haut-Uele,Riots,Mob violence,1,1,58,Political violence,709,3.3372,28.7895
2023-06-03,Middle Africa,Democratic Republic of Congo,Haut-Uele,Riots,Mob violence,1,1,40861,Political violence,709,3.3372,28.7895
2024-06-01,Middle Africa,Democratic Republic of Congo,Haut-Uele,Riots,Mob violence,2,1,1,Political violence,709,3.3372,28.7895
2024-11-09,Middle Africa,Democratic Republic of Congo,Haut-Uele,Riots,Mob violence,1,2,2425,Political violence,709,3.3372,28.7895
2025-01-04,Middle Africa,Democratic Republic of Congo,Haut-Uele,Riots,Mob violence,1,3,23488,Political violence,709,3.3372,28.7895
2025-04-26,Middle Africa,Democratic Republic of Congo,Haut-Uele,Riots,Mob violence,1,1,60,Political violence,709,3.3372,28.7895
2025-05-10,Middle Africa,Democratic Republic of Congo,Haut-Uele,Riots,Mob violence,1,5,60,Political violence,709,3.3372,28.7895
2025-07-05,Middle Africa,Democratic Republic of Congo,Haut-Uele,Riots,Mob violence,1,1,3473,Political violence,709,3.3372,28.7895
2014-11-29,Middle Africa,Democratic Republic of Congo,Haut-Uele,Riots,Violent demonstration,2,3,NA,Demonstrations,709,3.3372,28.7895
2016-03-05,Middle Africa,Democratic Republic of Congo,Haut-Uele,Riots,Violent demonstration,1,2,62,Demonstrations,709,3.3372,28.7895
2016-05-07,Middle Africa,Democratic Republic of Congo,Haut-Uele,Riots,Violent demonstration,1,4,116958,Demonstrations,709,3.3372,28.7895
2021-10-16,Middle Africa,Democratic Republic of Congo,Haut-Uele,Riots,Violent demonstration,1,7,69,Demonstrations,709,3.3372,28.7895
2009-01-03,Middle Africa,Democratic Republic of Congo,Haut-Uele,Violence against civilians,Attack,12,76,NA,Political violence,709,3.3372,28.7895
2009-01-10,Middle Africa,Democratic Republic of Congo,Haut-Uele,Violence against civilians,Attack,13,109,NA,Political violence,709,3.3372,28.7895
2009-01-17,Middle Africa,Democratic Republic of Congo,Haut-Uele,Violence against civilians,Attack,1,100,NA,Political violence,709,3.3372,28.7895
2009-01-24,Middle Africa,Democratic Republic of Congo,Haut-Uele,Violence against civilians,Attack,2,100,NA,Political violence,709,3.3372,28.7895
2009-01-31,Middle Africa,Democratic Republic of Congo,Haut-Uele,Violence against civilians,Attack,4,37,NA,Political violence,709,3.3372,28.7895
2009-02-07,Middle Africa,Democratic Republic of Congo,Haut-Uele,Violence against civilians,Attack,2,6,NA,Political violence,709,3.3372,28.7895
2009-02-28,Middle Africa,Democratic Republic of Congo,Haut-Uele,Violence against civilians,Attack,4,9,NA,Political violence,709,3.3372,28.7895
2009-03-14,Middle Africa,Democratic Republic of Congo,Haut-Uele,Violence against civilians,Attack,1,5,NA,Political violence,709,3.3372,28.7895
2009-03-28,Middle Africa,Democratic Republic of Congo,Haut-Uele,Violence against civilians,Attack,3,2,NA,Political violence,709,3.3372,28.7895
2009-04-18,Middle Africa,Democratic Republic of Congo,Haut-Uele,Violence against civilians,Attack,2,1,NA,Political violence,709,3.3372,28.7895
2009-04-25,Middle Africa,Democratic Republic of Congo,Haut-Uele,Violence against civilians,Attack,2,2,NA,Political violence,709,3.3372,28.7895
2009-05-23,Middle Africa,Democratic Republic of Congo,Haut-Uele,Violence against civilians,Attack,1,7,NA,Political violence,709,3.3372,28.7895
2009-06-27,Middle Africa,Democratic Republic of Congo,Haut-Uele,Violence against civilians,Attack,2,8,NA,Political violence,709,3.3372,28.7895
2009-07-11,Middle Africa,Democratic Republic of Congo,Haut-Uele,Violence against civilians,Attack,2,1,NA,Political violence,709,3.3372,28.7895
2009-08-01,Middle Africa,Democratic Republic of Congo,Haut-Uele,Violence against civilians,Attack,3,3,NA,Political violence,709,3.3372,28.7895
2009-08-29,Middle Africa,Democratic Republic of Congo,Haut-Uele,Violence against civilians,Attack,1,9,NA,Political violence,709,3.3372,28.7895
2009-09-05,Middle Africa,Democratic Republic of Congo,Haut-Uele,Violence against civilians,Attack,11,31,NA,Political violence,709,3.3372,28.7895
2009-09-12,Middle Africa,Democratic Republic of Congo,Haut-Uele,Violence against civilians,Attack,7,17,NA,Political violence,709,3.3372,28.7895
2009-09-19,Middle Africa,Democratic Republic of Congo,Haut-Uele,Violence against civilians,Attack,4,29,NA,Political violence,709,3.3372,28.7895
2009-09-26,Middle Africa,Democratic Republic of Congo,Haut-Uele,Violence against civilians,Attack,7,23,NA,Political violence,709,3.3372,28.7895
2009-10-03,Middle Africa,Democratic Republic of Congo,Haut-Uele,Violence against civilians,Attack,1,6,NA,Political violence,709,3.3372,28.7895
2009-10-24,Middle Africa,Democratic Republic of Congo,Haut-Uele,Violence against civilians,Attack,1,3,NA,Political violence,709,3.3372,28.7895
2009-10-31,Middle Africa,Democratic Republic of Congo,Haut-Uele,Violence against civilians,Attack,1,25,NA,Political violence,709,3.3372,28.7895
2009-11-07,Middle Africa,Democratic Republic of Congo,Haut-Uele,Violence against civilians,Attack,2,1,NA,Political violence,709,3.3372,28.7895
2009-11-21,Middle Africa,Democratic Republic of Congo,Haut-Uele,Violence against civilians,Attack,2,8,NA,Political violence,709,3.3372,28.7895
2009-11-28,Middle Africa,Democratic Republic of Congo,Haut-Uele,Violence against civilians,Attack,2,3,NA,Political violence,709,3.3372,28.7895
2009-12-05,Middle Africa,Democratic Republic of Congo,Haut-Uele,Violence against civilians,Attack,3,8,NA,Political violence,709,3.3372,28.7895
2009-12-12,Middle Africa,Democratic Republic of Congo,Haut-Uele,Violence against civilians,Attack,9,506,NA,Political violence,709,3.3372,28.7895
2009-12-19,Middle Africa,Democratic Republic of Congo,Haut-Uele,Violence against civilians,Attack,2,21,NA,Political violence,709,3.3372,28.7895
2009-12-26,Middle Africa,Democratic Republic of Congo,Haut-Uele,Violence against civilians,Attack,10,19,NA,Political violence,709,3.3372,28.7895
2010-01-02,Middle Africa,Democratic Republic of Congo,Haut-Uele,Violence against civilians,Attack,4,12,NA,Political violence,709,3.3372,28.7895
2010-01-09,Middle Africa,Democratic Republic of Congo,Haut-Uele,Violence against civilians,Attack,4,107,NA,Political violence,709,3.3372,28.7895
2010-01-16,Middle Africa,Democratic Republic of Congo,Haut-Uele,Violence against civilians,Attack,2,2,NA,Political violence,709,3.3372,28.7895
2010-01-23,Middle Africa,Democratic Republic of Congo,Haut-Uele,Violence against civilians,Attack,4,9,NA,Political violence,709,3.3372,28.7895
2010-01-30,Middle Africa,Democratic Republic of Congo,Haut-Uele,Violence against civilians,Attack,13,74,NA,Political violence,709,3.3372,28.7895
2010-02-06,Middle Africa,Democratic Republic of Congo,Haut-Uele,Violence against civilians,Attack,7,25,NA,Political violence,709,3.3372,28.7895
2010-02-13,Middle Africa,Democratic Republic of Congo,Haut-Uele,Violence against civilians,Attack,1,2,NA,Political violence,709,3.3372,28.7895
2010-02-27,Middle Africa,Democratic Republic of Congo,Haut-Uele,Violence against civilians,Attack,9,23,NA,Political violence,709,3.3372,28.7895
2010-03-06,Middle Africa,Democratic Republic of Congo,Haut-Uele,Violence against civilians,Attack,9,9,NA,Political violence,709,3.3372,28.7895
2010-03-13,Middle Africa,Democratic Republic of Congo,Haut-Uele,Violence against civilians,Attack,7,12,NA,Political violence,709,3.3372,28.7895
2010-03-27,Middle Africa,Democratic Republic of Congo,Haut-Uele,Violence against civilians,Attack,1,1,NA,Political violence,709,3.3372,28.7895
2010-04-03,Middle Africa,Democratic Republic of Congo,Haut-Uele,Violence against civilians,Attack,1,2,NA,Political violence,709,3.3372,28.7895
2010-04-10,Middle Africa,Democratic Republic of Congo,Haut-Uele,Violence against civilians,Attack,2,3,NA,Political violence,709,3.3372,28.7895
2010-04-24,Middle Africa,Democratic Republic of Congo,Haut-Uele,Violence against civilians,Attack,1,1,NA,Political violence,709,3.3372,28.7895
2010-05-01,Middle Africa,Democratic Republic of Congo,Haut-Uele,Violence against civilians,Attack,1,3,NA,Political violence,709,3.3372,28.7895
2010-05-15,Middle Africa,Democratic Republic of Congo,Haut-Uele,Violence against civilians,Attack,1,3,NA,Political violence,709,3.3372,28.7895
2010-05-22,Middle Africa,Democratic Republic of Congo,Haut-Uele,Violence against civilians,Attack,1,1,NA,Political violence,709,3.3372,28.7895
2010-05-29,Middle Africa,Democratic Republic of Congo,Haut-Uele,Violence against civilians,Attack,2,3,NA,Political violence,709,3.3372,28.7895
2010-06-19,Middle Africa,Democratic Republic of Congo,Haut-Uele,Violence against civilians,Attack,2,1,NA,Political violence,709,3.3372,28.7895
2010-06-26,Middle Africa,Democratic Republic of Congo,Haut-Uele,Violence against civilians,Attack,1,7,NA,Political violence,709,3.3372,28.7895
2010-07-03,Middle Africa,Democratic Republic of Congo,Haut-Uele,Violence against civilians,Attack,2,4,NA,Political violence,709,3.3372,28.7895
2010-07-17,Middle Africa,Democratic Republic of Congo,Haut-Uele,Violence against civilians,Attack,1,1,NA,Political violence,709,3.3372,28.7895
2010-07-31,Middle Africa,Democratic Republic of Congo,Haut-Uele,Violence against civilians,Attack,1,5,NA,Political violence,709,3.3372,28.7895
2010-08-07,Middle Africa,Democratic Republic of Congo,Haut-Uele,Violence against civilians,Attack,1,1,NA,Political violence,709,3.3372,28.7895
2010-08-14,Middle Africa,Democratic Republic of Congo,Haut-Uele,Violence against civilians,Attack,1,1,NA,Political violence,709,3.3372,28.7895
2010-08-28,Middle Africa,Democratic Republic of Congo,Haut-Uele,Violence against civilians,Attack,1,3,NA,Political violence,709,3.3372,28.7895
2010-09-04,Middle Africa,Democratic Republic of Congo,Haut-Uele,Violence against civilians,Attack,1,3,NA,Political violence,709,3.3372,28.7895
2010-09-18,Middle Africa,Democratic Republic of Congo,Haut-Uele,Violence against civilians,Attack,1,1,NA,Political violence,709,3.3372,28.7895
2011-01-01,Middle Africa,Democratic Republic of Congo,Haut-Uele,Violence against civilians,Attack,3,2,NA,Political violence,709,3.3372,28.7895
2011-01-15,Middle Africa,Democratic Republic of Congo,Haut-Uele,Violence against civilians,Attack,1,1,NA,Political violence,709,3.3372,28.7895
2011-02-12,Middle Africa,Democratic Republic of Congo,Haut-Uele,Violence against civilians,Attack,1,1,NA,Political violence,709,3.3372,28.7895
2011-02-19,Middle Africa,Democratic Republic of Congo,Haut-Uele,Violence against civilians,Attack,5,16,NA,Political violence,709,3.3372,28.7895
2011-04-09,Middle Africa,Democratic Republic of Congo,Haut-Uele,Violence against civilians,Attack,1,2,NA,Political violence,709,3.3372,28.7895
2011-04-16,Middle Africa,Democratic Republic of Congo,Haut-Uele,Violence against civilians,Attack,1,1,NA,Political violence,709,3.3372,28.7895
2011-06-04,Middle Africa,Democratic Republic of Congo,Haut-Uele,Violence against civilians,Attack,1,1,NA,Political violence,709,3.3372,28.7895
2011-06-11,Middle Africa,Democratic Republic of Congo,Haut-Uele,Violence against civilians,Attack,5,4,NA,Political violence,709,3.3372,28.7895
2012-02-04,Middle Africa,Democratic Republic of Congo,Haut-Uele,Violence against civilians,Attack,2,1,NA,Political violence,709,3.3372,28.7895
2012-12-29,Middle Africa,Democratic Republic of Congo,Haut-Uele,Violence against civilians,Attack,1,1,NA,Political violence,709,3.3372,28.7895
2013-03-09,Middle Africa,Democratic Republic of Congo,Haut-Uele,Violence against civilians,Attack,1,6,NA,Political violence,709,3.3372,28.7895
2013-03-30,Middle Africa,Democratic Republic of Congo,Haut-Uele,Violence against civilians,Attack,2,1,NA,Political violence,709,3.3372,28.7895
2013-11-02,Middle Africa,Democratic Republic of Congo,Haut-Uele,Violence against civilians,Attack,3,2,NA,Political violence,709,3.3372,28.7895
2014-02-01,Middle Africa,Democratic Republic of Congo,Haut-Uele,Violence against civilians,Attack,1,1,NA,Political violence,709,3.3372,28.7895
2014-04-12,Middle Africa,Democratic Republic of Congo,Haut-Uele,Violence against civilians,Attack,1,1,NA,Political violence,709,3.3372,28.7895
2014-04-19,Middle Africa,Democratic Republic of Congo,Haut-Uele,Violence against civilians,Attack,1,1,NA,Political violence,709,3.3372,28.7895
2014-05-10,Middle Africa,Democratic Republic of Congo,Haut-Uele,Violence against civilians,Attack,1,1,NA,Political violence,709,3.3372,28.7895
2014-08-09,Middle Africa,Democratic Republic of Congo,Haut-Uele,Violence against civilians,Attack,1,1,NA,Political violence,709,3.3372,28.7895
2015-08-01,Middle Africa,Democratic Republic of Congo,Haut-Uele,Violence against civilians,Attack,3,4,114597,Political violence,709,3.3372,28.7895
2015-08-22,Middle Africa,Democratic Republic of Congo,Haut-Uele,Violence against civilians,Attack,1,1,9180,Political violence,709,3.3372,28.7895
2015-11-14,Middle Africa,Democratic Republic of Congo,Haut-Uele,Violence against civilians,Attack,1,1,82710,Political violence,709,3.3372,28.7895
2015-12-26,Middle Africa,Democratic Republic of Congo,Haut-Uele,Violence against civilians,Attack,1,1,82710,Political violence,709,3.3372,28.7895
2016-03-19,Middle Africa,Democratic Republic of Congo,Haut-Uele,Violence against civilians,Attack,1,1,5,Political violence,709,3.3372,28.7895
2016-09-03,Middle Africa,Democratic Republic of Congo,Haut-Uele,Violence against civilians,Attack,2,10,188335,Political violence,709,3.3372,28.7895
2016-09-24,Middle Africa,Democratic Republic of Congo,Haut-Uele,Violence against civilians,Attack,1,1,120,Political violence,709,3.3372,28.7895
2016-12-31,Middle Africa,Democratic Republic of Congo,Haut-Uele,Violence against civilians,Attack,1,1,12127,Political violence,709,3.3372,28.7895
2017-01-07,Middle Africa,Democratic Republic of Congo,Haut-Uele,Violence against civilians,Attack,1,2,12127,Political violence,709,3.3372,28.7895
2017-07-22,Middle Africa,Democratic Republic of Congo,Haut-Uele,Violence against civilians,Attack,1,2,11,Political violence,709,3.3372,28.7895
2017-07-29,Middle Africa,Democratic Republic of Congo,Haut-Uele,Violence against civilians,Attack,1,1,90932,Political violence,709,3.3372,28.7895
2017-08-05,Middle Africa,Democratic Republic of Congo,Haut-Uele,Violence against civilians,Attack,1,1,90932,Political violence,709,3.3372,28.7895
2018-02-03,Middle Africa,Democratic Republic of Congo,Haut-Uele,Violence against civilians,Attack,1,1,20,Political violence,709,3.3372,28.7895
2018-05-12,Middle Africa,Democratic Republic of Congo,Haut-Uele,Violence against civilians,Attack,1,2,9782,Political violence,709,3.3372,28.7895
2019-08-24,Middle Africa,Democratic Republic of Congo,Haut-Uele,Violence against civilians,Attack,2,2,31338,Political violence,709,3.3372,28.7895
2019-09-14,Middle Africa,Democratic Republic of Congo,Haut-Uele,Violence against civilians,Attack,2,2,32557,Political violence,709,3.3372,28.7895
2019-09-21,Middle Africa,Democratic Republic of Congo,Haut-Uele,Violence against civilians,Attack,1,1,136,Political violence,709,3.3372,28.7895
2020-03-28,Middle Africa,Democratic Republic of Congo,Haut-Uele,Violence against civilians,Attack,1,1,269,Political violence,709,3.3372,28.7895
2020-04-18,Middle Africa,Democratic Republic of Congo,Haut-Uele,Violence against civilians,Attack,1,1,4932,Political violence,709,3.3372,28.7895
2020-04-25,Middle Africa,Democratic Republic of Congo,Haut-Uele,Violence against civilians,Attack,1,3,1432,Political violence,709,3.3372,28.7895
2020-05-09,Middle Africa,Democratic Republic of Congo,Haut-Uele,Violence against civilians,Attack,1,1,6487,Political violence,709,3.3372,28.7895
2020-06-13,Middle Africa,Democratic Republic of Congo,Haut-Uele,Violence against civilians,Attack,1,1,32246,Political violence,709,3.3372,28.7895
2020-12-26,Middle Africa,Democratic Republic of Congo,Haut-Uele,Violence against civilians,Attack,2,2,33352,Political violence,709,3.3372,28.7895
2021-02-06,Middle Africa,Democratic Republic of Congo,Haut-Uele,Violence against civilians,Attack,1,1,34256,Political violence,709,3.3372,28.7895
2021-02-13,Middle Africa,Democratic Republic of Congo,Haut-Uele,Violence against civilians,Attack,1,1,33809,Political violence,709,3.3372,28.7895
2021-05-22,Middle Africa,Democratic Republic of Congo,Haut-Uele,Violence against civilians,Attack,1,1,374,Political violence,709,3.3372,28.7895
2021-06-05,Middle Africa,Democratic Republic of Congo,Haut-Uele,Violence against civilians,Attack,1,1,33809,Political violence,709,3.3372,28.7895
2021-07-03,Middle Africa,Democratic Republic of Congo,Haut-Uele,Violence against civilians,Attack,3,2,1538,Political violence,709,3.3372,28.7895
2022-01-29,Middle Africa,Democratic Republic of Congo,Haut-Uele,Violence against civilians,Attack,1,2,2757,Political violence,709,3.3372,28.7895
2022-02-19,Middle Africa,Democratic Republic of Congo,Haut-Uele,Violence against civilians,Attack,1,1,47,Political violence,709,3.3372,28.7895
2022-05-07,Middle Africa,Democratic Republic of Congo,Haut-Uele,Violence against civilians,Attack,2,1,648,Political violence,709,3.3372,28.7895
2022-08-13,Middle Africa,Democratic Republic of Congo,Haut-Uele,Violence against civilians,Attack,2,1,4170,Political violence,709,3.3372,28.7895
2022-09-24,Middle Africa,Democratic Republic of Congo,Haut-Uele,Violence against civilians,Attack,1,1,35497,Political violence,709,3.3372,28.7895
2022-10-01,Middle Africa,Democratic Republic of Congo,Haut-Uele,Violence against civilians,Attack,2,1,23965,Political violence,709,3.3372,28.7895
2022-10-22,Middle Africa,Democratic Republic of Congo,Haut-Uele,Violence against civilians,Attack,1,2,504,Political violence,709,3.3372,28.7895
2022-11-12,Middle Africa,Democratic Republic of Congo,Haut-Uele,Violence against civilians,Attack,1,2,674,Political violence,709,3.3372,28.7895
2023-01-07,Middle Africa,Democratic Republic of Congo,Haut-Uele,Violence against civilians,Attack,1,1,246627,Political violence,709,3.3372,28.7895
2023-08-12,Middle Africa,Democratic Republic of Congo,Haut-Uele,Violence against civilians,Attack,2,4,29,Political violence,709,3.3372,28.7895
2024-01-27,Middle Africa,Democratic Republic of Congo,Haut-Uele,Violence against civilians,Attack,1,2,204,Political violence,709,3.3372,28.7895
2024-05-25,Middle Africa,Democratic Republic of Congo,Haut-Uele,Violence against civilians,Attack,1,1,527,Political violence,709,3.3372,28.7895
2025-11-29,Middle Africa,Democratic Republic of Congo,Haut-Uele,Violence against civilians,Attack,1,1,23488,Political violence,709,3.3372,28.7895
2011-02-26,Middle Africa,Democratic Republic of Congo,Haut-Uele,Violence against civilians,Sexual violence,1,1,NA,Political violence,709,3.3372,28.7895
2009-01-17,Middle Africa,Democratic Republic of Congo,Ituri,Battles,Armed clash,1,9,NA,Political violence,710,2.1295,29.0513
2009-04-11,Middle Africa,Democratic Republic of Congo,Ituri,Battles,Armed clash,6,3,NA,Political violence,710,2.1295,29.0513
2009-04-18,Middle Africa,Democratic Republic of Congo,Ituri,Battles,Armed clash,1,2,NA,Political violence,710,2.1295,29.0513
2009-07-18,Middle Africa,Democratic Republic of Congo,Ituri,Battles,Armed clash,1,11,NA,Political violence,710,2.1295,29.0513
2009-11-14,Middle Africa,Democratic Republic of Congo,Ituri,Battles,Armed clash,1,100,NA,Political violence,710,2.1295,29.0513
2010-01-09,Middle Africa,Democratic Republic of Congo,Ituri,Battles,Armed clash,1,2,NA,Political violence,710,2.1295,29.0513
2010-06-19,Middle Africa,Democratic Republic of Congo,Ituri,Battles,Armed clash,1,3,NA,Political violence,710,2.1295,29.0513
2011-04-16,Middle Africa,Democratic Republic of Congo,Ituri,Battles,Armed clash,2,2,NA,Political violence,710,2.1295,29.0513
2011-07-02,Middle Africa,Democratic Republic of Congo,Ituri,Battles,Armed clash,1,2,NA,Political violence,710,2.1295,29.0513
2011-07-23,Middle Africa,Democratic Republic of Congo,Ituri,Battles,Armed clash,1,2,NA,Political violence,710,2.1295,29.0513
2011-09-17,Middle Africa,Democratic Republic of Congo,Ituri,Battles,Armed clash,1,1,NA,Political violence,710,2.1295,29.0513
2011-09-24,Middle Africa,Democratic Republic of Congo,Ituri,Battles,Armed clash,2,1,NA,Political violence,710,2.1295,29.0513
2011-10-22,Middle Africa,Democratic Republic of Congo,Ituri,Battles,Armed clash,2,2,NA,Political violence,710,2.1295,29.0513
2012-04-28,Middle Africa,Democratic Republic of Congo,Ituri,Battles,Armed clash,1,10,NA,Political violence,710,2.1295,29.0513
2012-07-07,Middle Africa,Democratic Republic of Congo,Ituri,Battles,Armed clash,2,2,NA,Political violence,710,2.1295,29.0513
2012-07-14,Middle Africa,Democratic Republic of Congo,Ituri,Battles,Armed clash,1,9,NA,Political violence,710,2.1295,29.0513
2012-08-18,Middle Africa,Democratic Republic of Congo,Ituri,Battles,Armed clash,2,2,NA,Political violence,710,2.1295,29.0513
2012-08-25,Middle Africa,Democratic Republic of Congo,Ituri,Battles,Armed clash,1,18,NA,Political violence,710,2.1295,29.0513
2012-09-01,Middle Africa,Democratic Republic of Congo,Ituri,Battles,Armed clash,1,10,NA,Political violence,710,2.1295,29.0513
2012-11-24,Middle Africa,Democratic Republic of Congo,Ituri,Battles,Armed clash,1,2,NA,Political violence,710,2.1295,29.0513
2012-12-15,Middle Africa,Democratic Republic of Congo,Ituri,Battles,Armed clash,1,3,NA,Political violence,710,2.1295,29.0513
2013-01-05,Middle Africa,Democratic Republic of Congo,Ituri,Battles,Armed clash,1,14,NA,Political violence,710,2.1295,29.0513
2013-01-19,Middle Africa,Democratic Republic of Congo,Ituri,Battles,Armed clash,1,1,NA,Political violence,710,2.1295,29.0513
2013-02-16,Middle Africa,Democratic Republic of Congo,Ituri,Battles,Armed clash,1,8,NA,Political violence,710,2.1295,29.0513
2013-03-30,Middle Africa,Democratic Republic of Congo,Ituri,Battles,Armed clash,2,2,NA,Political violence,710,2.1295,29.0513
2013-04-27,Middle Africa,Democratic Republic of Congo,Ituri,Battles,Armed clash,1,4,NA,Political violence,710,2.1295,29.0513
2013-06-01,Middle Africa,Democratic Republic of Congo,Ituri,Battles,Armed clash,1,2,NA,Political violence,710,2.1295,29.0513
2013-08-10,Middle Africa,Democratic Republic of Congo,Ituri,Battles,Armed clash,2,4,NA,Political violence,710,2.1295,29.0513
2013-08-24,Middle Africa,Democratic Republic of Congo,Ituri,Battles,Armed clash,3,1,NA,Political violence,710,2.1295,29.0513
2013-10-19,Middle Africa,Democratic Republic of Congo,Ituri,Battles,Armed clash,2,2,NA,Political violence,710,2.1295,29.0513
2013-10-26,Middle Africa,Democratic Republic of Congo,Ituri,Battles,Armed clash,1,12,NA,Political violence,710,2.1295,29.0513
2013-11-23,Middle Africa,Democratic Republic of Congo,Ituri,Battles,Armed clash,1,3,NA,Political violence,710,2.1295,29.0513
2014-01-25,Middle Africa,Democratic Republic of Congo,Ituri,Battles,Armed clash,1,1,NA,Political violence,710,2.1295,29.0513
2014-04-12,Middle Africa,Democratic Republic of Congo,Ituri,Battles,Armed clash,1,1,NA,Political violence,710,2.1295,29.0513
2014-05-03,Middle Africa,Democratic Republic of Congo,Ituri,Battles,Armed clash,1,1,NA,Political violence,710,2.1295,29.0513
2014-05-17,Middle Africa,Democratic Republic of Congo,Ituri,Battles,Armed clash,1,2,NA,Political violence,710,2.1295,29.0513
2014-05-31,Middle Africa,Democratic Republic of Congo,Ituri,Battles,Armed clash,1,9,NA,Political violence,710,2.1295,29.0513
2014-06-14,Middle Africa,Democratic Republic of Congo,Ituri,Battles,Armed clash,1,1,NA,Political violence,710,2.1295,29.0513
2014-06-21,Middle Africa,Democratic Republic of Congo,Ituri,Battles,Armed clash,5,6,NA,Political violence,710,2.1295,29.0513
2014-06-28,Middle Africa,Democratic Republic of Congo,Ituri,Battles,Armed clash,1,3,NA,Political violence,710,2.1295,29.0513
2014-10-18,Middle Africa,Democratic Republic of Congo,Ituri,Battles,Armed clash,3,2,NA,Political violence,710,2.1295,29.0513
2014-12-13,Middle Africa,Democratic Republic of Congo,Ituri,Battles,Armed clash,1,2,NA,Political violence,710,2.1295,29.0513
2014-12-27,Middle Africa,Democratic Republic of Congo,Ituri,Battles,Armed clash,1,1,193472,Political violence,710,2.1295,29.0513
2015-01-10,Middle Africa,Democratic Republic of Congo,Ituri,Battles,Armed clash,4,20,220396,Political violence,710,2.1295,29.0513
2015-01-17,Middle Africa,Democratic Republic of Congo,Ituri,Battles,Armed clash,1,2,359,Political violence,710,2.1295,29.0513
2015-02-07,Middle Africa,Democratic Republic of Congo,Ituri,Battles,Armed clash,1,1,193472,Political violence,710,2.1295,29.0513
2015-02-28,Middle Africa,Democratic Republic of Congo,Ituri,Battles,Armed clash,1,1,7040,Political violence,710,2.1295,29.0513
2015-04-04,Middle Africa,Democratic Republic of Congo,Ituri,Battles,Armed clash,1,4,4147,Political violence,710,2.1295,29.0513
2015-04-11,Middle Africa,Democratic Republic of Congo,Ituri,Battles,Armed clash,1,23,10346,Political violence,710,2.1295,29.0513
2015-04-18,Middle Africa,Democratic Republic of Congo,Ituri,Battles,Armed clash,1,3,193472,Political violence,710,2.1295,29.0513
2015-04-25,Middle Africa,Democratic Republic of Congo,Ituri,Battles,Armed clash,1,1,74606,Political violence,710,2.1295,29.0513
2015-05-02,Middle Africa,Democratic Republic of Congo,Ituri,Battles,Armed clash,1,10,10346,Political violence,710,2.1295,29.0513
2015-05-09,Middle Africa,Democratic Republic of Congo,Ituri,Battles,Armed clash,3,2,7040,Political violence,710,2.1295,29.0513
2015-05-23,Middle Africa,Democratic Republic of Congo,Ituri,Battles,Armed clash,1,4,74606,Political violence,710,2.1295,29.0513
2015-05-30,Middle Africa,Democratic Republic of Congo,Ituri,Battles,Armed clash,2,1,86870,Political violence,710,2.1295,29.0513
2015-06-06,Middle Africa,Democratic Republic of Congo,Ituri,Battles,Armed clash,7,28,193472,Political violence,710,2.1295,29.0513
2015-06-13,Middle Africa,Democratic Republic of Congo,Ituri,Battles,Armed clash,3,10,193472,Political violence,710,2.1295,29.0513
2015-08-01,Middle Africa,Democratic Republic of Congo,Ituri,Battles,Armed clash,2,1,13859,Political violence,710,2.1295,29.0513
2015-08-08,Middle Africa,Democratic Republic of Congo,Ituri,Battles,Armed clash,1,1,13859,Political violence,710,2.1295,29.0513
2015-08-29,Middle Africa,Democratic Republic of Congo,Ituri,Battles,Armed clash,1,2,193472,Political violence,710,2.1295,29.0513
2015-09-05,Middle Africa,Democratic Republic of Congo,Ituri,Battles,Armed clash,1,2,8829,Political violence,710,2.1295,29.0513
2015-10-03,Middle Africa,Democratic Republic of Congo,Ituri,Battles,Armed clash,2,4,26202,Political violence,710,2.1295,29.0513
2015-10-10,Middle Africa,Democratic Republic of Congo,Ituri,Battles,Armed clash,1,1,74606,Political violence,710,2.1295,29.0513
2015-10-24,Middle Africa,Democratic Republic of Congo,Ituri,Battles,Armed clash,1,4,74606,Political violence,710,2.1295,29.0513
2015-11-07,Middle Africa,Democratic Republic of Congo,Ituri,Battles,Armed clash,1,1,12,Political violence,710,2.1295,29.0513
2016-01-16,Middle Africa,Democratic Republic of Congo,Ituri,Battles,Armed clash,1,4,7261,Political violence,710,2.1295,29.0513
2016-01-30,Middle Africa,Democratic Republic of Congo,Ituri,Battles,Armed clash,1,2,18915,Political violence,710,2.1295,29.0513
2016-02-13,Middle Africa,Democratic Republic of Congo,Ituri,Battles,Armed clash,1,5,661,Political violence,710,2.1295,29.0513
2016-02-20,Middle Africa,Democratic Republic of Congo,Ituri,Battles,Armed clash,1,1,17713,Political violence,710,2.1295,29.0513
2016-02-27,Middle Africa,Democratic Republic of Congo,Ituri,Battles,Armed clash,1,2,370,Political violence,710,2.1295,29.0513
2016-03-19,Middle Africa,Democratic Republic of Congo,Ituri,Battles,Armed clash,4,3,20892,Political violence,710,2.1295,29.0513
2016-04-09,Middle Africa,Democratic Republic of Congo,Ituri,Battles,Armed clash,1,2,18915,Political violence,710,2.1295,29.0513
2016-04-16,Middle Africa,Democratic Republic of Congo,Ituri,Battles,Armed clash,2,12,51458,Political violence,710,2.1295,29.0513
2016-05-14,Middle Africa,Democratic Republic of Congo,Ituri,Battles,Armed clash,1,2,7237,Political violence,710,2.1295,29.0513
2016-05-21,Middle Africa,Democratic Republic of Congo,Ituri,Battles,Armed clash,3,6,26163,Political violence,710,2.1295,29.0513
2016-06-25,Middle Africa,Democratic Republic of Congo,Ituri,Battles,Armed clash,4,12,231993,Political violence,710,2.1295,29.0513
2016-07-16,Middle Africa,Democratic Republic of Congo,Ituri,Battles,Armed clash,1,1,749,Political violence,710,2.1295,29.0513
2016-09-17,Middle Africa,Democratic Republic of Congo,Ituri,Battles,Armed clash,1,2,8434,Political violence,710,2.1295,29.0513
2016-10-15,Middle Africa,Democratic Republic of Congo,Ituri,Battles,Armed clash,2,9,14649,Political violence,710,2.1295,29.0513
2016-10-29,Middle Africa,Democratic Republic of Congo,Ituri,Battles,Armed clash,1,12,77902,Political violence,710,2.1295,29.0513
2016-12-03,Middle Africa,Democratic Republic of Congo,Ituri,Battles,Armed clash,1,2,6523,Political violence,710,2.1295,29.0513
2016-12-24,Middle Africa,Democratic Republic of Congo,Ituri,Battles,Armed clash,1,1,14134,Political violence,710,2.1295,29.0513
2017-02-04,Middle Africa,Democratic Republic of Congo,Ituri,Battles,Armed clash,1,2,53528,Political violence,710,2.1295,29.0513
2017-02-11,Middle Africa,Democratic Republic of Congo,Ituri,Battles,Armed clash,1,2,5313,Political violence,710,2.1295,29.0513
2017-03-04,Middle Africa,Democratic Republic of Congo,Ituri,Battles,Armed clash,1,7,81916,Political violence,710,2.1295,29.0513
2017-03-18,Middle Africa,Democratic Republic of Congo,Ituri,Battles,Armed clash,1,1,20544,Political violence,710,2.1295,29.0513
2017-04-22,Middle Africa,Democratic Republic of Congo,Ituri,Battles,Armed clash,2,4,129575,Political violence,710,2.1295,29.0513
2017-05-06,Middle Africa,Democratic Republic of Congo,Ituri,Battles,Armed clash,1,1,11623,Political violence,710,2.1295,29.0513
2017-06-03,Middle Africa,Democratic Republic of Congo,Ituri,Battles,Armed clash,2,2,413459,Political violence,710,2.1295,29.0513
2017-06-17,Middle Africa,Democratic Republic of Congo,Ituri,Battles,Armed clash,1,10,9326,Political violence,710,2.1295,29.0513
2017-07-08,Middle Africa,Democratic Republic of Congo,Ituri,Battles,Armed clash,3,6,417282,Political violence,710,2.1295,29.0513
2017-10-21,Middle Africa,Democratic Republic of Congo,Ituri,Battles,Armed clash,2,1,76466,Political violence,710,2.1295,29.0513
2017-11-11,Middle Africa,Democratic Republic of Congo,Ituri,Battles,Armed clash,1,1,14679,Political violence,710,2.1295,29.0513
2017-12-16,Middle Africa,Democratic Republic of Congo,Ituri,Battles,Armed clash,2,1,7162,Political violence,710,2.1295,29.0513
2018-02-03,Middle Africa,Democratic Republic of Congo,Ituri,Battles,Armed clash,6,28,104654,Political violence,710,2.1295,29.0513
2018-02-10,Middle Africa,Democratic Republic of Congo,Ituri,Battles,Armed clash,4,45,36748,Political violence,710,2.1295,29.0513
2018-02-17,Middle Africa,Democratic Republic of Congo,Ituri,Battles,Armed clash,1,2,15190,Political violence,710,2.1295,29.0513
2018-02-24,Middle Africa,Democratic Republic of Congo,Ituri,Battles,Armed clash,4,44,44632,Political violence,710,2.1295,29.0513
2018-03-10,Middle Africa,Democratic Republic of Congo,Ituri,Battles,Armed clash,2,11,441257,Political violence,710,2.1295,29.0513
2018-03-17,Middle Africa,Democratic Republic of Congo,Ituri,Battles,Armed clash,3,9,44337,Political violence,710,2.1295,29.0513
2018-03-24,Middle Africa,Democratic Republic of Congo,Ituri,Battles,Armed clash,1,7,7048,Political violence,710,2.1295,29.0513
2018-03-31,Middle Africa,Democratic Republic of Congo,Ituri,Battles,Armed clash,2,7,23521,Political violence,710,2.1295,29.0513
2018-05-05,Middle Africa,Democratic Republic of Congo,Ituri,Battles,Armed clash,1,2,3684,Political violence,710,2.1295,29.0513
2018-05-19,Middle Africa,Democratic Republic of Congo,Ituri,Battles,Armed clash,3,7,34365,Political violence,710,2.1295,29.0513
2018-05-26,Middle Africa,Democratic Republic of Congo,Ituri,Battles,Armed clash,3,2,28902,Political violence,710,2.1295,29.0513
2018-07-14,Middle Africa,Democratic Republic of Congo,Ituri,Battles,Armed clash,1,4,5323,Political violence,710,2.1295,29.0513
2018-08-18,Middle Africa,Democratic Republic of Congo,Ituri,Battles,Armed clash,3,3,13320,Political violence,710,2.1295,29.0513
2018-08-25,Middle Africa,Democratic Republic of Congo,Ituri,Battles,Armed clash,1,2,7048,Political violence,710,2.1295,29.0513
2018-09-15,Middle Africa,Democratic Republic of Congo,Ituri,Battles,Armed clash,4,16,9343,Political violence,710,2.1295,29.0513
2018-09-22,Middle Africa,Democratic Republic of Congo,Ituri,Battles,Armed clash,5,11,79357,Political violence,710,2.1295,29.0513
2018-10-13,Middle Africa,Democratic Republic of Congo,Ituri,Battles,Armed clash,1,3,7678,Political violence,710,2.1295,29.0513
2018-10-27,Middle Africa,Democratic Republic of Congo,Ituri,Battles,Armed clash,5,2,455987,Political violence,710,2.1295,29.0513
2018-11-03,Middle Africa,Democratic Republic of Congo,Ituri,Battles,Armed clash,4,26,20496,Political violence,710,2.1295,29.0513
2018-11-24,Middle Africa,Democratic Republic of Congo,Ituri,Battles,Armed clash,1,6,32585,Political violence,710,2.1295,29.0513
2018-12-01,Middle Africa,Democratic Republic of Congo,Ituri,Battles,Armed clash,3,6,20496,Political violence,710,2.1295,29.0513
2018-12-08,Middle Africa,Democratic Republic of Congo,Ituri,Battles,Armed clash,1,3,249,Political violence,710,2.1295,29.0513
2019-01-05,Middle Africa,Democratic Republic of Congo,Ituri,Battles,Armed clash,1,12,670,Political violence,710,2.1295,29.0513
2019-01-19,Middle Africa,Democratic Republic of Congo,Ituri,Battles,Armed clash,1,8,39597,Political violence,710,2.1295,29.0513
2019-01-26,Middle Africa,Democratic Republic of Congo,Ituri,Battles,Armed clash,1,4,89081,Political violence,710,2.1295,29.0513
2019-02-02,Middle Africa,Democratic Republic of Congo,Ituri,Battles,Armed clash,3,12,116999,Political violence,710,2.1295,29.0513
2019-02-09,Middle Africa,Democratic Republic of Congo,Ituri,Battles,Armed clash,2,9,128678,Political violence,710,2.1295,29.0513
2019-02-16,Middle Africa,Democratic Republic of Congo,Ituri,Battles,Armed clash,1,3,89081,Political violence,710,2.1295,29.0513
2019-02-23,Middle Africa,Democratic Republic of Congo,Ituri,Battles,Armed clash,1,3,89081,Political violence,710,2.1295,29.0513
2019-03-09,Middle Africa,Democratic Republic of Congo,Ituri,Battles,Armed clash,1,3,43421,Political violence,710,2.1295,29.0513
2019-03-30,Middle Africa,Democratic Republic of Congo,Ituri,Battles,Armed clash,2,6,26584,Political violence,710,2.1295,29.0513
2019-04-20,Middle Africa,Democratic Republic of Congo,Ituri,Battles,Armed clash,3,16,13732,Political violence,710,2.1295,29.0513
2019-04-27,Middle Africa,Democratic Republic of Congo,Ituri,Battles,Armed clash,2,8,33122,Political violence,710,2.1295,29.0513
2019-05-04,Middle Africa,Democratic Republic of Congo,Ituri,Battles,Armed clash,4,8,34167,Political violence,710,2.1295,29.0513
2019-05-11,Middle Africa,Democratic Republic of Congo,Ituri,Battles,Armed clash,2,2,26248,Political violence,710,2.1295,29.0513
2019-06-01,Middle Africa,Democratic Republic of Congo,Ituri,Battles,Armed clash,3,6,25354,Political violence,710,2.1295,29.0513
2019-06-08,Middle Africa,Democratic Republic of Congo,Ituri,Battles,Armed clash,1,2,16910,Political violence,710,2.1295,29.0513
2019-06-15,Middle Africa,Democratic Republic of Congo,Ituri,Battles,Armed clash,5,26,37997,Political violence,710,2.1295,29.0513
2019-06-22,Middle Africa,Democratic Republic of Congo,Ituri,Battles,Armed clash,4,42,67914,Political violence,710,2.1295,29.0513
2019-06-29,Middle Africa,Democratic Republic of Congo,Ituri,Battles,Armed clash,3,11,21477,Political violence,710,2.1295,29.0513
2019-07-06,Middle Africa,Democratic Republic of Congo,Ituri,Battles,Armed clash,5,13,120871,Political violence,710,2.1295,29.0513
2019-07-13,Middle Africa,Democratic Republic of Congo,Ituri,Battles,Armed clash,1,23,7509,Political violence,710,2.1295,29.0513
2019-07-20,Middle Africa,Democratic Republic of Congo,Ituri,Battles,Armed clash,2,9,25142,Political violence,710,2.1295,29.0513
2019-07-27,Middle Africa,Democratic Republic of Congo,Ituri,Battles,Armed clash,2,7,76612,Political violence,710,2.1295,29.0513
2019-08-03,Middle Africa,Democratic Republic of Congo,Ituri,Battles,Armed clash,3,18,34410,Political violence,710,2.1295,29.0513
2019-08-10,Middle Africa,Democratic Republic of Congo,Ituri,Battles,Armed clash,1,2,3569,Political violence,710,2.1295,29.0513
2019-08-17,Middle Africa,Democratic Republic of Congo,Ituri,Battles,Armed clash,4,9,58272,Political violence,710,2.1295,29.0513
2019-08-24,Middle Africa,Democratic Republic of Congo,Ituri,Battles,Armed clash,2,27,15893,Political violence,710,2.1295,29.0513
2019-09-14,Middle Africa,Democratic Republic of Congo,Ituri,Battles,Armed clash,2,2,446133,Political violence,710,2.1295,29.0513
2019-10-05,Middle Africa,Democratic Republic of Congo,Ituri,Battles,Armed clash,1,10,88789,Political violence,710,2.1295,29.0513
2019-10-12,Middle Africa,Democratic Republic of Congo,Ituri,Battles,Armed clash,1,4,3961,Political violence,710,2.1295,29.0513
2019-10-26,Middle Africa,Democratic Republic of Congo,Ituri,Battles,Armed clash,5,25,131994,Political violence,710,2.1295,29.0513
2019-11-09,Middle Africa,Democratic Republic of Congo,Ituri,Battles,Armed clash,1,4,5902,Political violence,710,2.1295,29.0513
2019-11-16,Middle Africa,Democratic Republic of Congo,Ituri,Battles,Armed clash,1,2,9268,Political violence,710,2.1295,29.0513
2019-12-14,Middle Africa,Democratic Republic of Congo,Ituri,Battles,Armed clash,1,6,3961,Political violence,710,2.1295,29.0513
2019-12-28,Middle Africa,Democratic Republic of Congo,Ituri,Battles,Armed clash,4,19,510064,Political violence,710,2.1295,29.0513
2020-01-04,Middle Africa,Democratic Republic of Congo,Ituri,Battles,Armed clash,1,16,458148,Political violence,710,2.1295,29.0513
2020-01-11,Middle Africa,Democratic Republic of Congo,Ituri,Battles,Armed clash,2,8,13402,Political violence,710,2.1295,29.0513
2020-01-18,Middle Africa,Democratic Republic of Congo,Ituri,Battles,Armed clash,5,22,78699,Political violence,710,2.1295,29.0513
2020-02-01,Middle Africa,Democratic Republic of Congo,Ituri,Battles,Armed clash,1,1,1397,Political violence,710,2.1295,29.0513
2020-02-08,Middle Africa,Democratic Republic of Congo,Ituri,Battles,Armed clash,2,4,43798,Political violence,710,2.1295,29.0513
2020-02-15,Middle Africa,Democratic Republic of Congo,Ituri,Battles,Armed clash,3,13,543623,Political violence,710,2.1295,29.0513
2020-02-22,Middle Africa,Democratic Republic of Congo,Ituri,Battles,Armed clash,2,9,90721,Political violence,710,2.1295,29.0513
2020-02-29,Middle Africa,Democratic Republic of Congo,Ituri,Battles,Armed clash,2,1,458148,Political violence,710,2.1295,29.0513
2020-03-07,Middle Africa,Democratic Republic of Congo,Ituri,Battles,Armed clash,2,5,43578,Political violence,710,2.1295,29.0513
2020-03-14,Middle Africa,Democratic Republic of Congo,Ituri,Battles,Armed clash,3,25,502887,Political violence,710,2.1295,29.0513
2020-03-21,Middle Africa,Democratic Republic of Congo,Ituri,Battles,Armed clash,4,27,109650,Political violence,710,2.1295,29.0513
2020-03-28,Middle Africa,Democratic Republic of Congo,Ituri,Battles,Armed clash,4,16,197918,Political violence,710,2.1295,29.0513
2020-04-04,Middle Africa,Democratic Republic of Congo,Ituri,Battles,Armed clash,6,74,519663,Political violence,710,2.1295,29.0513
2020-04-11,Middle Africa,Democratic Republic of Congo,Ituri,Battles,Armed clash,4,62,502004,Political violence,710,2.1295,29.0513
2020-04-18,Middle Africa,Democratic Republic of Congo,Ituri,Battles,Armed clash,4,19,91951,Political violence,710,2.1295,29.0513
2020-04-25,Middle Africa,Democratic Republic of Congo,Ituri,Battles,Armed clash,5,32,89113,Political violence,710,2.1295,29.0513
2020-05-02,Middle Africa,Democratic Republic of Congo,Ituri,Battles,Armed clash,3,13,42985,Political violence,710,2.1295,29.0513
2020-05-16,Middle Africa,Democratic Republic of Congo,Ituri,Battles,Armed clash,3,3,64787,Political violence,710,2.1295,29.0513
2020-05-23,Middle Africa,Democratic Republic of Congo,Ituri,Battles,Armed clash,2,18,57745,Political violence,710,2.1295,29.0513
2020-05-30,Middle Africa,Democratic Republic of Congo,Ituri,Battles,Armed clash,3,19,48526,Political violence,710,2.1295,29.0513
2020-06-06,Middle Africa,Democratic Republic of Congo,Ituri,Battles,Armed clash,6,21,65917,Political violence,710,2.1295,29.0513
2020-06-13,Middle Africa,Democratic Republic of Congo,Ituri,Battles,Armed clash,3,9,82285,Political violence,710,2.1295,29.0513
2020-06-20,Middle Africa,Democratic Republic of Congo,Ituri,Battles,Armed clash,3,6,34712,Political violence,710,2.1295,29.0513
2020-06-27,Middle Africa,Democratic Republic of Congo,Ituri,Battles,Armed clash,9,34,509832,Political violence,710,2.1295,29.0513
2020-07-04,Middle Africa,Democratic Republic of Congo,Ituri,Battles,Armed clash,4,19,57636,Political violence,710,2.1295,29.0513
2020-07-11,Middle Africa,Democratic Republic of Congo,Ituri,Battles,Armed clash,2,8,87234,Political violence,710,2.1295,29.0513
2020-07-18,Middle Africa,Democratic Republic of Congo,Ituri,Battles,Armed clash,2,7,87491,Political violence,710,2.1295,29.0513
2020-07-25,Middle Africa,Democratic Republic of Congo,Ituri,Battles,Armed clash,2,9,90629,Political violence,710,2.1295,29.0513
2020-08-01,Middle Africa,Democratic Republic of Congo,Ituri,Battles,Armed clash,2,4,3688,Political violence,710,2.1295,29.0513
2020-08-15,Middle Africa,Democratic Republic of Congo,Ituri,Battles,Armed clash,2,2,9812,Political violence,710,2.1295,29.0513
2020-08-29,Middle Africa,Democratic Republic of Congo,Ituri,Battles,Armed clash,5,15,151005,Political violence,710,2.1295,29.0513
2020-09-05,Middle Africa,Democratic Republic of Congo,Ituri,Battles,Armed clash,4,1,47148,Political violence,710,2.1295,29.0513
2020-09-12,Middle Africa,Democratic Republic of Congo,Ituri,Battles,Armed clash,5,8,354654,Political violence,710,2.1295,29.0513
2020-09-19,Middle Africa,Democratic Republic of Congo,Ituri,Battles,Armed clash,2,5,279060,Political violence,710,2.1295,29.0513
2020-09-26,Middle Africa,Democratic Republic of Congo,Ituri,Battles,Armed clash,2,12,98754,Political violence,710,2.1295,29.0513
2020-10-03,Middle Africa,Democratic Republic of Congo,Ituri,Battles,Armed clash,3,12,41722,Political violence,710,2.1295,29.0513
2020-10-10,Middle Africa,Democratic Republic of Congo,Ituri,Battles,Armed clash,2,2,2324,Political violence,710,2.1295,29.0513
2020-10-17,Middle Africa,Democratic Republic of Congo,Ituri,Battles,Armed clash,5,20,22407,Political violence,710,2.1295,29.0513
2020-10-24,Middle Africa,Democratic Republic of Congo,Ituri,Battles,Armed clash,9,16,312407,Political violence,710,2.1295,29.0513
2020-10-31,Middle Africa,Democratic Republic of Congo,Ituri,Battles,Armed clash,4,9,9031,Political violence,710,2.1295,29.0513
2020-11-07,Middle Africa,Democratic Republic of Congo,Ituri,Battles,Armed clash,1,8,15232,Political violence,710,2.1295,29.0513
2020-11-28,Middle Africa,Democratic Republic of Congo,Ituri,Battles,Armed clash,1,3,92320,Political violence,710,2.1295,29.0513
2020-12-05,Middle Africa,Democratic Republic of Congo,Ituri,Battles,Armed clash,2,4,9011,Political violence,710,2.1295,29.0513
2020-12-12,Middle Africa,Democratic Republic of Congo,Ituri,Battles,Armed clash,2,9,1249,Political violence,710,2.1295,29.0513
2020-12-19,Middle Africa,Democratic Republic of Congo,Ituri,Battles,Armed clash,4,4,46087,Political violence,710,2.1295,29.0513
2020-12-26,Middle Africa,Democratic Republic of Congo,Ituri,Battles,Armed clash,2,2,287268,Political violence,710,2.1295,29.0513
2021-01-02,Middle Africa,Democratic Republic of Congo,Ituri,Battles,Armed clash,7,41,51682,Political violence,710,2.1295,29.0513
2021-01-09,Middle Africa,Democratic Republic of Congo,Ituri,Battles,Armed clash,10,5,334070,Political violence,710,2.1295,29.0513
2021-01-16,Middle Africa,Democratic Republic of Congo,Ituri,Battles,Armed clash,3,12,35444,Political violence,710,2.1295,29.0513
2021-01-23,Middle Africa,Democratic Republic of Congo,Ituri,Battles,Armed clash,1,1,29885,Political violence,710,2.1295,29.0513
2021-01-30,Middle Africa,Democratic Republic of Congo,Ituri,Battles,Armed clash,2,1,47557,Political violence,710,2.1295,29.0513
2021-02-06,Middle Africa,Democratic Republic of Congo,Ituri,Battles,Armed clash,2,3,14671,Political violence,710,2.1295,29.0513
2021-02-13,Middle Africa,Democratic Republic of Congo,Ituri,Battles,Armed clash,4,39,360554,Political violence,710,2.1295,29.0513
2021-02-20,Middle Africa,Democratic Republic of Congo,Ituri,Battles,Armed clash,1,1,21187,Political violence,710,2.1295,29.0513
2021-02-27,Middle Africa,Democratic Republic of Congo,Ituri,Battles,Armed clash,2,14,8070,Political violence,710,2.1295,29.0513
2021-03-06,Middle Africa,Democratic Republic of Congo,Ituri,Battles,Armed clash,3,9,13978,Political violence,710,2.1295,29.0513
2021-03-13,Middle Africa,Democratic Republic of Congo,Ituri,Battles,Armed clash,5,13,36866,Political violence,710,2.1295,29.0513
2021-03-20,Middle Africa,Democratic Republic of Congo,Ituri,Battles,Armed clash,2,19,48780,Political violence,710,2.1295,29.0513
2021-03-27,Middle Africa,Democratic Republic of Congo,Ituri,Battles,Armed clash,4,25,11873,Political violence,710,2.1295,29.0513
2021-04-03,Middle Africa,Democratic Republic of Congo,Ituri,Battles,Armed clash,6,11,11756,Political violence,710,2.1295,29.0513
2021-04-10,Middle Africa,Democratic Republic of Congo,Ituri,Battles,Armed clash,20,74,172572,Political violence,710,2.1295,29.0513
2021-04-17,Middle Africa,Democratic Republic of Congo,Ituri,Battles,Armed clash,8,61,39942,Political violence,710,2.1295,29.0513
2021-04-24,Middle Africa,Democratic Republic of Congo,Ituri,Battles,Armed clash,4,5,283419,Political violence,710,2.1295,29.0513
2021-05-01,Middle Africa,Democratic Republic of Congo,Ituri,Battles,Armed clash,5,15,76388,Political violence,710,2.1295,29.0513
2021-05-08,Middle Africa,Democratic Republic of Congo,Ituri,Battles,Armed clash,14,34,175259,Political violence,710,2.1295,29.0513
2021-05-29,Middle Africa,Democratic Republic of Congo,Ituri,Battles,Armed clash,5,141,38304,Political violence,710,2.1295,29.0513
2021-06-05,Middle Africa,Democratic Republic of Congo,Ituri,Battles,Armed clash,9,28,44024,Political violence,710,2.1295,29.0513
2021-06-12,Middle Africa,Democratic Republic of Congo,Ituri,Battles,Armed clash,10,59,53204,Political violence,710,2.1295,29.0513
2021-06-19,Middle Africa,Democratic Republic of Congo,Ituri,Battles,Armed clash,8,7,86631,Political violence,710,2.1295,29.0513
2021-06-26,Middle Africa,Democratic Republic of Congo,Ituri,Battles,Armed clash,7,24,17156,Political violence,710,2.1295,29.0513
2021-07-03,Middle Africa,Democratic Republic of Congo,Ituri,Battles,Armed clash,9,38,51538,Political violence,710,2.1295,29.0513
2021-07-17,Middle Africa,Democratic Republic of Congo,Ituri,Battles,Armed clash,7,4,88143,Political violence,710,2.1295,29.0513
2021-07-24,Middle Africa,Democratic Republic of Congo,Ituri,Battles,Armed clash,17,42,67829,Political violence,710,2.1295,29.0513
2021-07-31,Middle Africa,Democratic Republic of Congo,Ituri,Battles,Armed clash,6,36,28144,Political violence,710,2.1295,29.0513
2021-08-07,Middle Africa,Democratic Republic of Congo,Ituri,Battles,Armed clash,8,18,33509,Political violence,710,2.1295,29.0513
2021-08-14,Middle Africa,Democratic Republic of Congo,Ituri,Battles,Armed clash,6,31,40370,Political violence,710,2.1295,29.0513
2021-08-21,Middle Africa,Democratic Republic of Congo,Ituri,Battles,Armed clash,4,6,15094,Political violence,710,2.1295,29.0513
2021-08-28,Middle Africa,Democratic Republic of Congo,Ituri,Battles,Armed clash,7,8,332392,Political violence,710,2.1295,29.0513
2021-09-04,Middle Africa,Democratic Republic of Congo,Ituri,Battles,Armed clash,9,85,29283,Political violence,710,2.1295,29.0513
2021-09-11,Middle Africa,Democratic Republic of Congo,Ituri,Battles,Armed clash,14,9,82939,Political violence,710,2.1295,29.0513
2021-09-18,Middle Africa,Democratic Republic of Congo,Ituri,Battles,Armed clash,5,5,36392,Political violence,710,2.1295,29.0513
2021-09-25,Middle Africa,Democratic Republic of Congo,Ituri,Battles,Armed clash,7,4,99400,Political violence,710,2.1295,29.0513
2021-10-02,Middle Africa,Democratic Republic of Congo,Ituri,Battles,Armed clash,22,61,368501,Political violence,710,2.1295,29.0513
2021-10-09,Middle Africa,Democratic Republic of Congo,Ituri,Battles,Armed clash,9,43,11007,Political violence,710,2.1295,29.0513
2021-10-16,Middle Africa,Democratic Republic of Congo,Ituri,Battles,Armed clash,15,27,398891,Political violence,710,2.1295,29.0513
2021-10-23,Middle Africa,Democratic Republic of Congo,Ituri,Battles,Armed clash,23,74,74149,Political violence,710,2.1295,29.0513
2021-10-30,Middle Africa,Democratic Republic of Congo,Ituri,Battles,Armed clash,11,37,53096,Political violence,710,2.1295,29.0513
2021-11-06,Middle Africa,Democratic Republic of Congo,Ituri,Battles,Armed clash,9,31,43869,Political violence,710,2.1295,29.0513
2021-11-13,Middle Africa,Democratic Republic of Congo,Ituri,Battles,Armed clash,7,48,61158,Political violence,710,2.1295,29.0513
2021-11-20,Middle Africa,Democratic Republic of Congo,Ituri,Battles,Armed clash,11,14,434252,Political violence,710,2.1295,29.0513
2021-11-27,Middle Africa,Democratic Republic of Congo,Ituri,Battles,Armed clash,23,82,123607,Political violence,710,2.1295,29.0513
2021-12-04,Middle Africa,Democratic Republic of Congo,Ituri,Battles,Armed clash,14,32,96182,Political violence,710,2.1295,29.0513
2021-12-11,Middle Africa,Democratic Republic of Congo,Ituri,Battles,Armed clash,15,15,76967,Political violence,710,2.1295,29.0513
2021-12-18,Middle Africa,Democratic Republic of Congo,Ituri,Battles,Armed clash,11,13,372055,Political violence,710,2.1295,29.0513
2021-12-25,Middle Africa,Democratic Republic of Congo,Ituri,Battles,Armed clash,2,8,2312,Political violence,710,2.1295,29.0513
2022-01-01,Middle Africa,Democratic Republic of Congo,Ituri,Battles,Armed clash,21,23,221439,Political violence,710,2.1295,29.0513
2022-01-08,Middle Africa,Democratic Republic of Congo,Ituri,Battles,Armed clash,16,16,119213,Political violence,710,2.1295,29.0513
2022-01-15,Middle Africa,Democratic Republic of Congo,Ituri,Battles,Armed clash,21,38,341620,Political violence,710,2.1295,29.0513
2022-01-22,Middle Africa,Democratic Republic of Congo,Ituri,Battles,Armed clash,8,7,17981,Political violence,710,2.1295,29.0513
2022-01-29,Middle Africa,Democratic Republic of Congo,Ituri,Battles,Armed clash,15,74,163969,Political violence,710,2.1295,29.0513
2022-02-05,Middle Africa,Democratic Republic of Congo,Ituri,Battles,Armed clash,23,10,58868,Political violence,710,2.1295,29.0513
2022-02-12,Middle Africa,Democratic Republic of Congo,Ituri,Battles,Armed clash,18,40,42439,Political violence,710,2.1295,29.0513
2022-02-19,Middle Africa,Democratic Republic of Congo,Ituri,Battles,Armed clash,19,49,90940,Political violence,710,2.1295,29.0513
2022-02-26,Middle Africa,Democratic Republic of Congo,Ituri,Battles,Armed clash,17,52,83990,Political violence,710,2.1295,29.0513
2022-03-05,Middle Africa,Democratic Republic of Congo,Ituri,Battles,Armed clash,20,36,58765,Political violence,710,2.1295,29.0513
2022-03-12,Middle Africa,Democratic Republic of Congo,Ituri,Battles,Armed clash,18,26,109403,Political violence,710,2.1295,29.0513
2022-03-19,Middle Africa,Democratic Republic of Congo,Ituri,Battles,Armed clash,14,67,76370,Political violence,710,2.1295,29.0513
2022-03-26,Middle Africa,Democratic Republic of Congo,Ituri,Battles,Armed clash,3,4,571,Political violence,710,2.1295,29.0513
2022-04-02,Middle Africa,Democratic Republic of Congo,Ituri,Battles,Armed clash,4,9,29915,Political violence,710,2.1295,29.0513
2022-04-09,Middle Africa,Democratic Republic of Congo,Ituri,Battles,Armed clash,16,85,49021,Political violence,710,2.1295,29.0513
2022-04-16,Middle Africa,Democratic Republic of Congo,Ituri,Battles,Armed clash,16,19,56355,Political violence,710,2.1295,29.0513
2022-04-23,Middle Africa,Democratic Republic of Congo,Ituri,Battles,Armed clash,8,4,26971,Political violence,710,2.1295,29.0513
2022-04-30,Middle Africa,Democratic Republic of Congo,Ituri,Battles,Armed clash,17,48,38913,Political violence,710,2.1295,29.0513
2022-05-07,Middle Africa,Democratic Republic of Congo,Ituri,Battles,Armed clash,7,44,17603,Political violence,710,2.1295,29.0513
2022-05-14,Middle Africa,Democratic Republic of Congo,Ituri,Battles,Armed clash,12,14,3496,Political violence,710,2.1295,29.0513
2022-05-21,Middle Africa,Democratic Republic of Congo,Ituri,Battles,Armed clash,3,2,4295,Political violence,710,2.1295,29.0513
2022-05-28,Middle Africa,Democratic Republic of Congo,Ituri,Battles,Armed clash,8,12,44877,Political violence,710,2.1295,29.0513
2022-06-04,Middle Africa,Democratic Republic of Congo,Ituri,Battles,Armed clash,10,16,9955,Political violence,710,2.1295,29.0513
2022-06-11,Middle Africa,Democratic Republic of Congo,Ituri,Battles,Armed clash,10,8,NA,Political violence,710,2.1295,29.0513
2022-06-18,Middle Africa,Democratic Republic of Congo,Ituri,Battles,Armed clash,14,20,7718,Political violence,710,2.1295,29.0513
2022-06-25,Middle Africa,Democratic Republic of Congo,Ituri,Battles,Armed clash,2,3,1030,Political violence,710,2.1295,29.0513
2022-07-02,Middle Africa,Democratic Republic of Congo,Ituri,Battles,Armed clash,1,5,1992,Political violence,710,2.1295,29.0513
2022-07-09,Middle Africa,Democratic Republic of Congo,Ituri,Battles,Armed clash,12,44,32216,Political violence,710,2.1295,29.0513
2022-07-16,Middle Africa,Democratic Republic of Congo,Ituri,Battles,Armed clash,6,57,29563,Political violence,710,2.1295,29.0513
2022-07-23,Middle Africa,Democratic Republic of Congo,Ituri,Battles,Armed clash,2,3,10975,Political violence,710,2.1295,29.0513
2022-07-30,Middle Africa,Democratic Republic of Congo,Ituri,Battles,Armed clash,3,17,4577,Political violence,710,2.1295,29.0513
2022-08-06,Middle Africa,Democratic Republic of Congo,Ituri,Battles,Armed clash,18,48,44985,Political violence,710,2.1295,29.0513
2022-08-13,Middle Africa,Democratic Republic of Congo,Ituri,Battles,Armed clash,6,43,120332,Political violence,710,2.1295,29.0513
2022-08-20,Middle Africa,Democratic Republic of Congo,Ituri,Battles,Armed clash,3,3,98987,Political violence,710,2.1295,29.0513
2022-08-27,Middle Africa,Democratic Republic of Congo,Ituri,Battles,Armed clash,6,58,89717,Political violence,710,2.1295,29.0513
2022-09-03,Middle Africa,Democratic Republic of Congo,Ituri,Battles,Armed clash,9,19,55678,Political violence,710,2.1295,29.0513
2022-09-17,Middle Africa,Democratic Republic of Congo,Ituri,Battles,Armed clash,1,3,2651,Political violence,710,2.1295,29.0513
2022-09-24,Middle Africa,Democratic Republic of Congo,Ituri,Battles,Armed clash,6,2,22330,Political violence,710,2.1295,29.0513
2022-10-15,Middle Africa,Democratic Republic of Congo,Ituri,Battles,Armed clash,3,14,20956,Political violence,710,2.1295,29.0513
2022-10-22,Middle Africa,Democratic Republic of Congo,Ituri,Battles,Armed clash,1,1,6743,Political violence,710,2.1295,29.0513
2022-11-05,Middle Africa,Democratic Republic of Congo,Ituri,Battles,Armed clash,1,2,141,Political violence,710,2.1295,29.0513
2022-11-12,Middle Africa,Democratic Republic of Congo,Ituri,Battles,Armed clash,5,6,118441,Political violence,710,2.1295,29.0513
2022-11-19,Middle Africa,Democratic Republic of Congo,Ituri,Battles,Armed clash,6,20,13143,Political violence,710,2.1295,29.0513
2022-11-26,Middle Africa,Democratic Republic of Congo,Ituri,Battles,Armed clash,5,1,32802,Political violence,710,2.1295,29.0513
2022-12-03,Middle Africa,Democratic Republic of Congo,Ituri,Battles,Armed clash,13,10,44957,Political violence,710,2.1295,29.0513
2022-12-10,Middle Africa,Democratic Republic of Congo,Ituri,Battles,Armed clash,16,63,22389,Political violence,710,2.1295,29.0513
2022-12-17,Middle Africa,Democratic Republic of Congo,Ituri,Battles,Armed clash,13,38,16469,Political violence,710,2.1295,29.0513
2022-12-24,Middle Africa,Democratic Republic of Congo,Ituri,Battles,Armed clash,8,6,2682,Political violence,710,2.1295,29.0513
2022-12-31,Middle Africa,Democratic Republic of Congo,Ituri,Battles,Armed clash,3,1,166885,Political violence,710,2.1295,29.0513
2023-01-07,Middle Africa,Democratic Republic of Congo,Ituri,Battles,Armed clash,25,53,131881,Political violence,710,2.1295,29.0513
2023-01-14,Middle Africa,Democratic Republic of Congo,Ituri,Battles,Armed clash,1,3,NA,Political violence,710,2.1295,29.0513
2023-01-21,Middle Africa,Democratic Republic of Congo,Ituri,Battles,Armed clash,7,31,49592,Political violence,710,2.1295,29.0513
2023-01-28,Middle Africa,Democratic Republic of Congo,Ituri,Battles,Armed clash,5,10,143932,Political violence,710,2.1295,29.0513
2023-02-04,Middle Africa,Democratic Republic of Congo,Ituri,Battles,Armed clash,3,9,15504,Political violence,710,2.1295,29.0513
2023-02-11,Middle Africa,Democratic Republic of Congo,Ituri,Battles,Armed clash,3,9,57861,Political violence,710,2.1295,29.0513
2023-02-18,Middle Africa,Democratic Republic of Congo,Ituri,Battles,Armed clash,2,2,27609,Political violence,710,2.1295,29.0513
2023-03-04,Middle Africa,Democratic Republic of Congo,Ituri,Battles,Armed clash,2,9,NA,Political violence,710,2.1295,29.0513
2023-03-11,Middle Africa,Democratic Republic of Congo,Ituri,Battles,Armed clash,7,33,40615,Political violence,710,2.1295,29.0513
2023-03-18,Middle Africa,Democratic Republic of Congo,Ituri,Battles,Armed clash,5,5,13987,Political violence,710,2.1295,29.0513
2023-04-08,Middle Africa,Democratic Republic of Congo,Ituri,Battles,Armed clash,8,78,51334,Political violence,710,2.1295,29.0513
2023-04-15,Middle Africa,Democratic Republic of Congo,Ituri,Battles,Armed clash,4,15,14738,Political violence,710,2.1295,29.0513
2023-04-22,Middle Africa,Democratic Republic of Congo,Ituri,Battles,Armed clash,11,55,16771,Political violence,710,2.1295,29.0513
2023-04-29,Middle Africa,Democratic Republic of Congo,Ituri,Battles,Armed clash,7,51,19238,Political violence,710,2.1295,29.0513
2023-05-13,Middle Africa,Democratic Republic of Congo,Ituri,Battles,Armed clash,3,4,52774,Political violence,710,2.1295,29.0513
2023-06-03,Middle Africa,Democratic Republic of Congo,Ituri,Battles,Armed clash,3,4,20240,Political violence,710,2.1295,29.0513
2023-06-10,Middle Africa,Democratic Republic of Congo,Ituri,Battles,Armed clash,5,16,23150,Political violence,710,2.1295,29.0513
2023-06-17,Middle Africa,Democratic Republic of Congo,Ituri,Battles,Armed clash,6,11,50938,Political violence,710,2.1295,29.0513
2023-06-24,Middle Africa,Democratic Republic of Congo,Ituri,Battles,Armed clash,3,7,5469,Political violence,710,2.1295,29.0513
2023-07-01,Middle Africa,Democratic Republic of Congo,Ituri,Battles,Armed clash,5,2,17513,Political violence,710,2.1295,29.0513
2023-07-08,Middle Africa,Democratic Republic of Congo,Ituri,Battles,Armed clash,3,6,126768,Political violence,710,2.1295,29.0513
2023-07-15,Middle Africa,Democratic Republic of Congo,Ituri,Battles,Armed clash,1,1,394,Political violence,710,2.1295,29.0513
2023-07-22,Middle Africa,Democratic Republic of Congo,Ituri,Battles,Armed clash,3,4,27190,Political violence,710,2.1295,29.0513
2023-07-29,Middle Africa,Democratic Republic of Congo,Ituri,Battles,Armed clash,3,4,48,Political violence,710,2.1295,29.0513
2023-08-12,Middle Africa,Democratic Republic of Congo,Ituri,Battles,Armed clash,6,5,421515,Political violence,710,2.1295,29.0513
2023-08-19,Middle Africa,Democratic Republic of Congo,Ituri,Battles,Armed clash,3,21,25652,Political violence,710,2.1295,29.0513
2023-08-26,Middle Africa,Democratic Republic of Congo,Ituri,Battles,Armed clash,2,23,14296,Political violence,710,2.1295,29.0513
2023-09-02,Middle Africa,Democratic Republic of Congo,Ituri,Battles,Armed clash,2,32,59716,Political violence,710,2.1295,29.0513
2023-09-16,Middle Africa,Democratic Republic of Congo,Ituri,Battles,Armed clash,5,22,12758,Political violence,710,2.1295,29.0513
2023-09-23,Middle Africa,Democratic Republic of Congo,Ituri,Battles,Armed clash,2,8,13517,Political violence,710,2.1295,29.0513
2023-09-30,Middle Africa,Democratic Republic of Congo,Ituri,Battles,Armed clash,3,6,27351,Political violence,710,2.1295,29.0513
2023-10-14,Middle Africa,Democratic Republic of Congo,Ituri,Battles,Armed clash,3,6,19383,Political violence,710,2.1295,29.0513
2023-11-04,Middle Africa,Democratic Republic of Congo,Ituri,Battles,Armed clash,3,4,112657,Political violence,710,2.1295,29.0513
2023-11-11,Middle Africa,Democratic Republic of Congo,Ituri,Battles,Armed clash,2,12,105857,Political violence,710,2.1295,29.0513
2023-12-02,Middle Africa,Democratic Republic of Congo,Ituri,Battles,Armed clash,1,4,8700,Political violence,710,2.1295,29.0513
2023-12-23,Middle Africa,Democratic Republic of Congo,Ituri,Battles,Armed clash,1,10,49922,Political violence,710,2.1295,29.0513
2023-12-30,Middle Africa,Democratic Republic of Congo,Ituri,Battles,Armed clash,3,4,21349,Political violence,710,2.1295,29.0513
2024-01-06,Middle Africa,Democratic Republic of Congo,Ituri,Battles,Armed clash,7,12,112723,Political violence,710,2.1295,29.0513
2024-01-13,Middle Africa,Democratic Republic of Congo,Ituri,Battles,Armed clash,1,9,1776,Political violence,710,2.1295,29.0513
2024-01-20,Middle Africa,Democratic Republic of Congo,Ituri,Battles,Armed clash,1,17,6083,Political violence,710,2.1295,29.0513
2024-01-27,Middle Africa,Democratic Republic of Congo,Ituri,Battles,Armed clash,5,28,120791,Political violence,710,2.1295,29.0513
2024-02-10,Middle Africa,Democratic Republic of Congo,Ituri,Battles,Armed clash,2,5,11606,Political violence,710,2.1295,29.0513
2024-02-17,Middle Africa,Democratic Republic of Congo,Ituri,Battles,Armed clash,3,18,29628,Political violence,710,2.1295,29.0513
2024-02-24,Middle Africa,Democratic Republic of Congo,Ituri,Battles,Armed clash,5,8,54725,Political violence,710,2.1295,29.0513
2024-03-02,Middle Africa,Democratic Republic of Congo,Ituri,Battles,Armed clash,3,9,56178,Political violence,710,2.1295,29.0513
2024-03-23,Middle Africa,Democratic Republic of Congo,Ituri,Battles,Armed clash,2,9,12134,Political violence,710,2.1295,29.0513
2024-04-06,Middle Africa,Democratic Republic of Congo,Ituri,Battles,Armed clash,1,1,5712,Political violence,710,2.1295,29.0513
2024-04-13,Middle Africa,Democratic Republic of Congo,Ituri,Battles,Armed clash,3,7,26759,Political violence,710,2.1295,29.0513
2024-05-04,Middle Africa,Democratic Republic of Congo,Ituri,Battles,Armed clash,1,5,3590,Political violence,710,2.1295,29.0513
2024-05-11,Middle Africa,Democratic Republic of Congo,Ituri,Battles,Armed clash,1,4,11039,Political violence,710,2.1295,29.0513
2024-06-01,Middle Africa,Democratic Republic of Congo,Ituri,Battles,Armed clash,3,11,71722,Political violence,710,2.1295,29.0513
2024-06-08,Middle Africa,Democratic Republic of Congo,Ituri,Battles,Armed clash,1,1,5918,Political violence,710,2.1295,29.0513
2024-06-15,Middle Africa,Democratic Republic of Congo,Ituri,Battles,Armed clash,6,18,53849,Political violence,710,2.1295,29.0513
2024-06-29,Middle Africa,Democratic Republic of Congo,Ituri,Battles,Armed clash,7,25,44553,Political violence,710,2.1295,29.0513
2024-07-13,Middle Africa,Democratic Republic of Congo,Ituri,Battles,Armed clash,2,29,4945,Political violence,710,2.1295,29.0513
2024-07-20,Middle Africa,Democratic Republic of Congo,Ituri,Battles,Armed clash,3,6,2990,Political violence,710,2.1295,29.0513
2024-07-27,Middle Africa,Democratic Republic of Congo,Ituri,Battles,Armed clash,4,9,62581,Political violence,710,2.1295,29.0513
2024-08-10,Middle Africa,Democratic Republic of Congo,Ituri,Battles,Armed clash,3,4,54650,Political violence,710,2.1295,29.0513
2024-08-24,Middle Africa,Democratic Republic of Congo,Ituri,Battles,Armed clash,4,18,369170,Political violence,710,2.1295,29.0513
2024-08-31,Middle Africa,Democratic Republic of Congo,Ituri,Battles,Armed clash,8,16,103396,Political violence,710,2.1295,29.0513
2024-09-07,Middle Africa,Democratic Republic of Congo,Ituri,Battles,Armed clash,3,3,56398,Political violence,710,2.1295,29.0513
2024-09-14,Middle Africa,Democratic Republic of Congo,Ituri,Battles,Armed clash,2,22,35711,Political violence,710,2.1295,29.0513
2024-09-21,Middle Africa,Democratic Republic of Congo,Ituri,Battles,Armed clash,4,6,17221,Political violence,710,2.1295,29.0513
2024-09-28,Middle Africa,Democratic Republic of Congo,Ituri,Battles,Armed clash,2,1,12247,Political violence,710,2.1295,29.0513
2024-10-05,Middle Africa,Democratic Republic of Congo,Ituri,Battles,Armed clash,1,3,100,Political violence,710,2.1295,29.0513
2024-10-12,Middle Africa,Democratic Republic of Congo,Ituri,Battles,Armed clash,1,2,45423,Political violence,710,2.1295,29.0513
2024-10-19,Middle Africa,Democratic Republic of Congo,Ituri,Battles,Armed clash,2,6,3174,Political violence,710,2.1295,29.0513
2024-10-26,Middle Africa,Democratic Republic of Congo,Ituri,Battles,Armed clash,1,2,1618,Political violence,710,2.1295,29.0513
2024-11-16,Middle Africa,Democratic Republic of Congo,Ituri,Battles,Armed clash,1,3,15122,Political violence,710,2.1295,29.0513
2024-12-07,Middle Africa,Democratic Republic of Congo,Ituri,Battles,Armed clash,2,1,22082,Political violence,710,2.1295,29.0513
2024-12-14,Middle Africa,Democratic Republic of Congo,Ituri,Battles,Armed clash,7,26,105701,Political violence,710,2.1295,29.0513
2024-12-21,Middle Africa,Democratic Republic of Congo,Ituri,Battles,Armed clash,1,1,3590,Political violence,710,2.1295,29.0513
2025-01-04,Middle Africa,Democratic Republic of Congo,Ituri,Battles,Armed clash,2,2,8483,Political violence,710,2.1295,29.0513
2025-02-01,Middle Africa,Democratic Republic of Congo,Ituri,Battles,Armed clash,2,4,8748,Political violence,710,2.1295,29.0513
2025-02-08,Middle Africa,Democratic Republic of Congo,Ituri,Battles,Armed clash,3,7,12577,Political violence,710,2.1295,29.0513
2025-02-15,Middle Africa,Democratic Republic of Congo,Ituri,Battles,Armed clash,5,10,58424,Political violence,710,2.1295,29.0513
2025-02-22,Middle Africa,Democratic Republic of Congo,Ituri,Battles,Armed clash,5,11,13874,Political violence,710,2.1295,29.0513
2025-03-01,Middle Africa,Democratic Republic of Congo,Ituri,Battles,Armed clash,4,3,17314,Political violence,710,2.1295,29.0513
2025-03-15,Middle Africa,Democratic Republic of Congo,Ituri,Battles,Armed clash,3,93,17001,Political violence,710,2.1295,29.0513
2025-03-22,Middle Africa,Democratic Republic of Congo,Ituri,Battles,Armed clash,5,12,27362,Political violence,710,2.1295,29.0513
2025-03-29,Middle Africa,Democratic Republic of Congo,Ituri,Battles,Armed clash,1,2,753,Political violence,710,2.1295,29.0513
2025-04-05,Middle Africa,Democratic Republic of Congo,Ituri,Battles,Armed clash,4,3,313935,Political violence,710,2.1295,29.0513
2025-04-12,Middle Africa,Democratic Republic of Congo,Ituri,Battles,Armed clash,7,12,94900,Political violence,710,2.1295,29.0513
2025-04-19,Middle Africa,Democratic Republic of Congo,Ituri,Battles,Armed clash,1,16,11278,Political violence,710,2.1295,29.0513
2025-04-26,Middle Africa,Democratic Republic of Congo,Ituri,Battles,Armed clash,1,3,112623,Political violence,710,2.1295,29.0513
2025-05-03,Middle Africa,Democratic Republic of Congo,Ituri,Battles,Armed clash,3,6,10473,Political violence,710,2.1295,29.0513
2025-05-10,Middle Africa,Democratic Republic of Congo,Ituri,Battles,Armed clash,12,2,163080,Political violence,710,2.1295,29.0513
2025-05-17,Middle Africa,Democratic Republic of Congo,Ituri,Battles,Armed clash,4,8,64237,Political violence,710,2.1295,29.0513
2025-06-14,Middle Africa,Democratic Republic of Congo,Ituri,Battles,Armed clash,2,9,22090,Political violence,710,2.1295,29.0513
2025-06-21,Middle Africa,Democratic Republic of Congo,Ituri,Battles,Armed clash,4,7,13683,Political violence,710,2.1295,29.0513
2025-07-12,Middle Africa,Democratic Republic of Congo,Ituri,Battles,Armed clash,23,20,143696,Political violence,710,2.1295,29.0513
2025-07-19,Middle Africa,Democratic Republic of Congo,Ituri,Battles,Armed clash,10,23,170771,Political violence,710,2.1295,29.0513
2025-07-26,Middle Africa,Democratic Republic of Congo,Ituri,Battles,Armed clash,2,2,55257,Political violence,710,2.1295,29.0513
2025-08-02,Middle Africa,Democratic Republic of Congo,Ituri,Battles,Armed clash,5,14,23150,Political violence,710,2.1295,29.0513
2025-08-09,Middle Africa,Democratic Republic of Congo,Ituri,Battles,Armed clash,7,34,98974,Political violence,710,2.1295,29.0513
2025-08-16,Middle Africa,Democratic Republic of Congo,Ituri,Battles,Armed clash,4,26,52316,Political violence,710,2.1295,29.0513
2025-08-23,Middle Africa,Democratic Republic of Congo,Ituri,Battles,Armed clash,2,3,44192,Political violence,710,2.1295,29.0513
2025-08-30,Middle Africa,Democratic Republic of Congo,Ituri,Battles,Armed clash,5,20,61484,Political violence,710,2.1295,29.0513
2025-09-20,Middle Africa,Democratic Republic of Congo,Ituri,Battles,Armed clash,3,8,26213,Political violence,710,2.1295,29.0513
2025-09-27,Middle Africa,Democratic Republic of Congo,Ituri,Battles,Armed clash,7,3,62928,Political violence,710,2.1295,29.0513
2025-10-04,Middle Africa,Democratic Republic of Congo,Ituri,Battles,Armed clash,8,4,296591,Political violence,710,2.1295,29.0513
2025-10-11,Middle Africa,Democratic Republic of Congo,Ituri,Battles,Armed clash,5,3,33674,Political violence,710,2.1295,29.0513
2025-10-18,Middle Africa,Democratic Republic of Congo,Ituri,Battles,Armed clash,3,3,65925,Political violence,710,2.1295,29.0513
2025-11-08,Middle Africa,Democratic Republic of Congo,Ituri,Battles,Armed clash,1,3,11447,Political violence,710,2.1295,29.0513
2025-11-15,Middle Africa,Democratic Republic of Congo,Ituri,Battles,Armed clash,3,6,2707,Political violence,710,2.1295,29.0513
2025-11-22,Middle Africa,Democratic Republic of Congo,Ituri,Battles,Armed clash,1,3,NA,Political violence,710,2.1295,29.0513
2025-11-29,Middle Africa,Democratic Republic of Congo,Ituri,Battles,Armed clash,11,10,43291,Political violence,710,2.1295,29.0513
2025-12-06,Middle Africa,Democratic Republic of Congo,Ituri,Battles,Armed clash,7,8,36951,Political violence,710,2.1295,29.0513
2025-12-13,Middle Africa,Democratic Republic of Congo,Ituri,Battles,Armed clash,2,2,NA,Political violence,710,2.1295,29.0513
2025-12-20,Middle Africa,Democratic Republic of Congo,Ituri,Battles,Armed clash,10,13,137105,Political violence,710,2.1295,29.0513
2026-01-03,Middle Africa,Democratic Republic of Congo,Ituri,Battles,Armed clash,7,30,133604,Political violence,710,2.1295,29.0513
2026-01-17,Middle Africa,Democratic Republic of Congo,Ituri,Battles,Armed clash,2,14,1037,Political violence,710,2.1295,29.0513
2026-02-07,Middle Africa,Democratic Republic of Congo,Ituri,Battles,Armed clash,5,1,NA,Political violence,710,2.1295,29.0513
2010-08-14,Middle Africa,Democratic Republic of Congo,Ituri,Battles,Government regains territory,1,2,NA,Political violence,710,2.1295,29.0513
2012-12-08,Middle Africa,Democratic Republic of Congo,Ituri,Battles,Government regains territory,2,6,NA,Political violence,710,2.1295,29.0513
2013-08-17,Middle Africa,Democratic Republic of Congo,Ituri,Battles,Government regains territory,1,30,NA,Political violence,710,2.1295,29.0513
2015-04-25,Middle Africa,Democratic Republic of Congo,Ituri,Battles,Government regains territory,1,1,10346,Political violence,710,2.1295,29.0513
2015-05-30,Middle Africa,Democratic Republic of Congo,Ituri,Battles,Government regains territory,1,5,12264,Political violence,710,2.1295,29.0513
2016-03-26,Middle Africa,Democratic Republic of Congo,Ituri,Battles,Government regains territory,1,10,7237,Political violence,710,2.1295,29.0513
2016-08-27,Middle Africa,Democratic Republic of Congo,Ituri,Battles,Government regains territory,1,1,12,Political violence,710,2.1295,29.0513
2017-10-28,Middle Africa,Democratic Republic of Congo,Ituri,Battles,Government regains territory,5,3,9326,Political violence,710,2.1295,29.0513
2018-03-17,Middle Africa,Democratic Republic of Congo,Ituri,Battles,Government regains territory,1,4,7048,Political violence,710,2.1295,29.0513
2019-02-23,Middle Africa,Democratic Republic of Congo,Ituri,Battles,Government regains territory,1,12,89081,Political violence,710,2.1295,29.0513
2019-06-22,Middle Africa,Democratic Republic of Congo,Ituri,Battles,Government regains territory,2,18,11932,Political violence,710,2.1295,29.0513
2019-07-20,Middle Africa,Democratic Republic of Congo,Ituri,Battles,Government regains territory,1,8,22490,Political violence,710,2.1295,29.0513
2019-07-27,Middle Africa,Democratic Republic of Congo,Ituri,Battles,Government regains territory,2,16,3569,Political violence,710,2.1295,29.0513
2020-02-29,Middle Africa,Democratic Republic of Congo,Ituri,Battles,Government regains territory,1,12,458148,Political violence,710,2.1295,29.0513
2020-04-04,Middle Africa,Democratic Republic of Congo,Ituri,Battles,Government regains territory,1,14,9566,Political violence,710,2.1295,29.0513
2020-05-02,Middle Africa,Democratic Republic of Congo,Ituri,Battles,Government regains territory,1,23,11239,Political violence,710,2.1295,29.0513
2020-05-23,Middle Africa,Democratic Republic of Congo,Ituri,Battles,Government regains territory,8,4,65352,Political violence,710,2.1295,29.0513
2020-05-30,Middle Africa,Democratic Republic of Congo,Ituri,Battles,Government regains territory,2,17,47202,Political violence,710,2.1295,29.0513
2020-06-13,Middle Africa,Democratic Republic of Congo,Ituri,Battles,Government regains territory,1,15,10109,Political violence,710,2.1295,29.0513
2020-06-20,Middle Africa,Democratic Republic of Congo,Ituri,Battles,Government regains territory,2,18,16592,Political violence,710,2.1295,29.0513
2020-07-04,Middle Africa,Democratic Republic of Congo,Ituri,Battles,Government regains territory,1,6,9011,Political violence,710,2.1295,29.0513
2020-08-22,Middle Africa,Democratic Republic of Congo,Ituri,Battles,Government regains territory,2,8,7717,Political violence,710,2.1295,29.0513
2020-10-24,Middle Africa,Democratic Republic of Congo,Ituri,Battles,Government regains territory,5,24,20357,Political violence,710,2.1295,29.0513
2020-10-31,Middle Africa,Democratic Republic of Congo,Ituri,Battles,Government regains territory,1,27,1535,Political violence,710,2.1295,29.0513
2020-11-07,Middle Africa,Democratic Republic of Congo,Ituri,Battles,Government regains territory,1,4,997,Political violence,710,2.1295,29.0513
2021-01-16,Middle Africa,Democratic Republic of Congo,Ituri,Battles,Government regains territory,1,13,1352,Political violence,710,2.1295,29.0513
2021-02-27,Middle Africa,Democratic Republic of Congo,Ituri,Battles,Government regains territory,4,19,20967,Political violence,710,2.1295,29.0513
2021-03-06,Middle Africa,Democratic Republic of Congo,Ituri,Battles,Government regains territory,1,9,9550,Political violence,710,2.1295,29.0513
2021-03-20,Middle Africa,Democratic Republic of Congo,Ituri,Battles,Government regains territory,1,16,43391,Political violence,710,2.1295,29.0513
2021-04-10,Middle Africa,Democratic Republic of Congo,Ituri,Battles,Government regains territory,3,18,25681,Political violence,710,2.1295,29.0513
2021-04-17,Middle Africa,Democratic Republic of Congo,Ituri,Battles,Government regains territory,5,39,320428,Political violence,710,2.1295,29.0513
2021-05-01,Middle Africa,Democratic Republic of Congo,Ituri,Battles,Government regains territory,5,13,36189,Political violence,710,2.1295,29.0513
2021-05-15,Middle Africa,Democratic Republic of Congo,Ituri,Battles,Government regains territory,5,6,77329,Political violence,710,2.1295,29.0513
2021-06-26,Middle Africa,Democratic Republic of Congo,Ituri,Battles,Government regains territory,4,25,11134,Political violence,710,2.1295,29.0513
2021-07-31,Middle Africa,Democratic Republic of Congo,Ituri,Battles,Government regains territory,1,1,13096,Political violence,710,2.1295,29.0513
2021-08-14,Middle Africa,Democratic Republic of Congo,Ituri,Battles,Government regains territory,6,17,12910,Political violence,710,2.1295,29.0513
2021-11-20,Middle Africa,Democratic Republic of Congo,Ituri,Battles,Government regains territory,1,19,4105,Political violence,710,2.1295,29.0513
2022-03-26,Middle Africa,Democratic Republic of Congo,Ituri,Battles,Government regains territory,1,10,34110,Political violence,710,2.1295,29.0513
2022-05-07,Middle Africa,Democratic Republic of Congo,Ituri,Battles,Government regains territory,5,19,15209,Political violence,710,2.1295,29.0513
2024-06-29,Middle Africa,Democratic Republic of Congo,Ituri,Battles,Government regains territory,4,12,15163,Political violence,710,2.1295,29.0513
2024-09-07,Middle Africa,Democratic Republic of Congo,Ituri,Battles,Government regains territory,1,10,4191,Political violence,710,2.1295,29.0513
2025-08-02,Middle Africa,Democratic Republic of Congo,Ituri,Battles,Government regains territory,3,9,50739,Political violence,710,2.1295,29.0513
2025-10-25,Middle Africa,Democratic Republic of Congo,Ituri,Battles,Government regains territory,2,6,6839,Political violence,710,2.1295,29.0513
2026-01-10,Middle Africa,Democratic Republic of Congo,Ituri,Battles,Government regains territory,1,12,15812,Political violence,710,2.1295,29.0513
2012-09-01,Middle Africa,Democratic Republic of Congo,Ituri,Battles,Non-state actor overtakes territory,1,5,NA,Political violence,710,2.1295,29.0513
2013-02-02,Middle Africa,Democratic Republic of Congo,Ituri,Battles,Non-state actor overtakes territory,1,6,NA,Political violence,710,2.1295,29.0513
2020-03-14,Middle Africa,Democratic Republic of Congo,Ituri,Battles,Non-state actor overtakes territory,1,1,153,Political violence,710,2.1295,29.0513
2021-02-13,Middle Africa,Democratic Republic of Congo,Ituri,Battles,Non-state actor overtakes territory,1,2,29894,Political violence,710,2.1295,29.0513
2021-04-17,Middle Africa,Democratic Republic of Congo,Ituri,Battles,Non-state actor overtakes territory,1,4,5448,Political violence,710,2.1295,29.0513
2021-07-31,Middle Africa,Democratic Republic of Congo,Ituri,Battles,Non-state actor overtakes territory,1,10,6560,Political violence,710,2.1295,29.0513
2021-07-31,Middle Africa,Democratic Republic of Congo,Ituri,Explosions/Remote violence,Air/drone strike,1,2,13096,Political violence,710,2.1295,29.0513
2021-08-14,Middle Africa,Democratic Republic of Congo,Ituri,Explosions/Remote violence,Air/drone strike,3,7,15247,Political violence,710,2.1295,29.0513
2021-09-04,Middle Africa,Democratic Republic of Congo,Ituri,Explosions/Remote violence,Air/drone strike,1,1,4789,Political violence,710,2.1295,29.0513
2021-11-27,Middle Africa,Democratic Republic of Congo,Ituri,Explosions/Remote violence,Air/drone strike,2,38,38544,Political violence,710,2.1295,29.0513
2021-12-11,Middle Africa,Democratic Republic of Congo,Ituri,Explosions/Remote violence,Air/drone strike,2,15,5368,Political violence,710,2.1295,29.0513
2021-12-25,Middle Africa,Democratic Republic of Congo,Ituri,Explosions/Remote violence,Air/drone strike,2,31,33519,Political violence,710,2.1295,29.0513
2022-01-08,Middle Africa,Democratic Republic of Congo,Ituri,Explosions/Remote violence,Air/drone strike,2,1,4327,Political violence,710,2.1295,29.0513
2022-01-15,Middle Africa,Democratic Republic of Congo,Ituri,Explosions/Remote violence,Air/drone strike,1,1,4682,Political violence,710,2.1295,29.0513
2022-02-12,Middle Africa,Democratic Republic of Congo,Ituri,Explosions/Remote violence,Air/drone strike,1,7,5773,Political violence,710,2.1295,29.0513
2023-09-16,Middle Africa,Democratic Republic of Congo,Ituri,Explosions/Remote violence,Air/drone strike,1,4,103110,Political violence,710,2.1295,29.0513
2025-03-22,Middle Africa,Democratic Republic of Congo,Ituri,Explosions/Remote violence,Air/drone strike,2,6,3158,Political violence,710,2.1295,29.0513
2025-10-04,Middle Africa,Democratic Republic of Congo,Ituri,Explosions/Remote violence,Air/drone strike,2,3,3263,Political violence,710,2.1295,29.0513
2018-10-13,Middle Africa,Democratic Republic of Congo,Ituri,Explosions/Remote violence,Grenade,1,1,3075,Political violence,710,2.1295,29.0513
2021-12-18,Middle Africa,Democratic Republic of Congo,Ituri,Explosions/Remote violence,Grenade,1,1,10442,Political violence,710,2.1295,29.0513
2022-06-18,Middle Africa,Democratic Republic of Congo,Ituri,Explosions/Remote violence,Grenade,1,1,NA,Political violence,710,2.1295,29.0513
2017-03-25,Middle Africa,Democratic Republic of Congo,Ituri,Explosions/Remote violence,Remote explosive/landmine/IED,1,2,6702,Political violence,710,2.1295,29.0513
2021-04-03,Middle Africa,Democratic Republic of Congo,Ituri,Explosions/Remote violence,Remote explosive/landmine/IED,1,1,6298,Political violence,710,2.1295,29.0513
2021-07-10,Middle Africa,Democratic Republic of Congo,Ituri,Explosions/Remote violence,Remote explosive/landmine/IED,1,1,5000,Political violence,710,2.1295,29.0513
2021-07-24,Middle Africa,Democratic Republic of Congo,Ituri,Explosions/Remote violence,Remote explosive/landmine/IED,1,2,2591,Political violence,710,2.1295,29.0513
2021-08-21,Middle Africa,Democratic Republic of Congo,Ituri,Explosions/Remote violence,Remote explosive/landmine/IED,1,3,2530,Political violence,710,2.1295,29.0513
2022-02-12,Middle Africa,Democratic Republic of Congo,Ituri,Explosions/Remote violence,Remote explosive/landmine/IED,1,4,NA,Political violence,710,2.1295,29.0513
2022-06-18,Middle Africa,Democratic Republic of Congo,Ituri,Explosions/Remote violence,Remote explosive/landmine/IED,2,2,28632,Political violence,710,2.1295,29.0513
2023-06-17,Middle Africa,Democratic Republic of Congo,Ituri,Explosions/Remote violence,Remote explosive/landmine/IED,1,1,4284,Political violence,710,2.1295,29.0513
2025-02-01,Middle Africa,Democratic Republic of Congo,Ituri,Explosions/Remote violence,Remote explosive/landmine/IED,1,2,509,Political violence,710,2.1295,29.0513
2025-03-01,Middle Africa,Democratic Republic of Congo,Ituri,Explosions/Remote violence,Remote explosive/landmine/IED,1,1,40297,Political violence,710,2.1295,29.0513
2025-07-12,Middle Africa,Democratic Republic of Congo,Ituri,Explosions/Remote violence,Remote explosive/landmine/IED,1,1,6031,Political violence,710,2.1295,29.0513
2022-12-10,Middle Africa,Democratic Republic of Congo,Ituri,Explosions/Remote violence,Shelling/artillery/missile attack,2,30,NA,Political violence,710,2.1295,29.0513
2025-09-06,Middle Africa,Democratic Republic of Congo,Ituri,Explosions/Remote violence,Shelling/artillery/missile attack,2,1,12318,Political violence,710,2.1295,29.0513
2025-09-27,Middle Africa,Democratic Republic of Congo,Ituri,Explosions/Remote violence,Shelling/artillery/missile attack,1,3,6094,Political violence,710,2.1295,29.0513
2026-02-07,Middle Africa,Democratic Republic of Congo,Ituri,Explosions/Remote violence,Shelling/artillery/missile attack,1,1,NA,Political violence,710,2.1295,29.0513
2017-01-28,Middle Africa,Democratic Republic of Congo,Ituri,Protests,Excessive force against protesters,1,1,265,Political violence; Demonstrations,710,2.1295,29.0513
2021-01-02,Middle Africa,Democratic Republic of Congo,Ituri,Protests,Excessive force against protesters,1,1,758,Political violence; Demonstrations,710,2.1295,29.0513
2021-03-13,Middle Africa,Democratic Republic of Congo,Ituri,Protests,Excessive force against protesters,1,2,7842,Political violence; Demonstrations,710,2.1295,29.0513
2022-04-02,Middle Africa,Democratic Republic of Congo,Ituri,Protests,Excessive force against protesters,1,2,NA,Political violence; Demonstrations,710,2.1295,29.0513
2022-12-03,Middle Africa,Democratic Republic of Congo,Ituri,Protests,Excessive force against protesters,1,1,NA,Political violence; Demonstrations,710,2.1295,29.0513
2013-02-16,Middle Africa,Democratic Republic of Congo,Ituri,Riots,Mob violence,1,1,NA,Political violence,710,2.1295,29.0513
2014-07-05,Middle Africa,Democratic Republic of Congo,Ituri,Riots,Mob violence,4,1,NA,Political violence,710,2.1295,29.0513
2014-11-15,Middle Africa,Democratic Republic of Congo,Ituri,Riots,Mob violence,1,1,NA,Political violence,710,2.1295,29.0513
2014-12-20,Middle Africa,Democratic Republic of Congo,Ituri,Riots,Mob violence,2,3,NA,Political violence,710,2.1295,29.0513
2015-02-07,Middle Africa,Democratic Republic of Congo,Ituri,Riots,Mob violence,1,2,106775,Political violence,710,2.1295,29.0513
2015-10-31,Middle Africa,Democratic Republic of Congo,Ituri,Riots,Mob violence,2,3,28360,Political violence,710,2.1295,29.0513
2016-02-27,Middle Africa,Democratic Republic of Congo,Ituri,Riots,Mob violence,1,1,4941,Political violence,710,2.1295,29.0513
2016-04-09,Middle Africa,Democratic Republic of Congo,Ituri,Riots,Mob violence,1,2,2351,Political violence,710,2.1295,29.0513
2016-08-13,Middle Africa,Democratic Republic of Congo,Ituri,Riots,Mob violence,1,1,119761,Political violence,710,2.1295,29.0513
2017-09-09,Middle Africa,Democratic Republic of Congo,Ituri,Riots,Mob violence,1,1,175519,Political violence,710,2.1295,29.0513
2017-12-23,Middle Africa,Democratic Republic of Congo,Ituri,Riots,Mob violence,1,2,175519,Political violence,710,2.1295,29.0513
2018-01-27,Middle Africa,Democratic Republic of Congo,Ituri,Riots,Mob violence,1,1,31573,Political violence,710,2.1295,29.0513
2018-03-10,Middle Africa,Democratic Republic of Congo,Ituri,Riots,Mob violence,1,1,181874,Political violence,710,2.1295,29.0513
2019-03-23,Middle Africa,Democratic Republic of Congo,Ituri,Riots,Mob violence,1,3,187694,Political violence,710,2.1295,29.0513
2019-04-13,Middle Africa,Democratic Republic of Congo,Ituri,Riots,Mob violence,1,1,6843,Political violence,710,2.1295,29.0513
2020-02-29,Middle Africa,Democratic Republic of Congo,Ituri,Riots,Mob violence,2,3,41311,Political violence,710,2.1295,29.0513
2020-04-11,Middle Africa,Democratic Republic of Congo,Ituri,Riots,Mob violence,1,1,4543,Political violence,710,2.1295,29.0513
2020-05-16,Middle Africa,Democratic Republic of Congo,Ituri,Riots,Mob violence,1,1,40654,Political violence,710,2.1295,29.0513
2020-09-05,Middle Africa,Democratic Republic of Congo,Ituri,Riots,Mob violence,1,1,71240,Political violence,710,2.1295,29.0513
2020-10-03,Middle Africa,Democratic Republic of Congo,Ituri,Riots,Mob violence,1,1,7548,Political violence,710,2.1295,29.0513
2020-12-12,Middle Africa,Democratic Republic of Congo,Ituri,Riots,Mob violence,1,1,2053,Political violence,710,2.1295,29.0513
2020-12-26,Middle Africa,Democratic Republic of Congo,Ituri,Riots,Mob violence,1,1,28862,Political violence,710,2.1295,29.0513
2021-02-13,Middle Africa,Democratic Republic of Congo,Ituri,Riots,Mob violence,3,6,52876,Political violence,710,2.1295,29.0513
2021-02-20,Middle Africa,Democratic Republic of Congo,Ituri,Riots,Mob violence,2,5,53394,Political violence,710,2.1295,29.0513
2021-02-27,Middle Africa,Democratic Republic of Congo,Ituri,Riots,Mob violence,1,2,3144,Political violence,710,2.1295,29.0513
2021-03-27,Middle Africa,Democratic Republic of Congo,Ituri,Riots,Mob violence,1,1,12828,Political violence,710,2.1295,29.0513
2021-04-24,Middle Africa,Democratic Republic of Congo,Ituri,Riots,Mob violence,1,3,67943,Political violence,710,2.1295,29.0513
2021-06-26,Middle Africa,Democratic Republic of Congo,Ituri,Riots,Mob violence,1,8,31740,Political violence,710,2.1295,29.0513
2021-09-04,Middle Africa,Democratic Republic of Congo,Ituri,Riots,Mob violence,1,1,82311,Political violence,710,2.1295,29.0513
2021-11-27,Middle Africa,Democratic Republic of Congo,Ituri,Riots,Mob violence,2,2,45703,Political violence,710,2.1295,29.0513
2021-12-04,Middle Africa,Democratic Republic of Congo,Ituri,Riots,Mob violence,1,4,411,Political violence,710,2.1295,29.0513
2022-01-29,Middle Africa,Democratic Republic of Congo,Ituri,Riots,Mob violence,1,1,868,Political violence,710,2.1295,29.0513
2022-02-05,Middle Africa,Democratic Republic of Congo,Ituri,Riots,Mob violence,1,1,116928,Political violence,710,2.1295,29.0513
2022-04-09,Middle Africa,Democratic Republic of Congo,Ituri,Riots,Mob violence,1,1,36137,Political violence,710,2.1295,29.0513
2022-06-25,Middle Africa,Democratic Republic of Congo,Ituri,Riots,Mob violence,1,1,116928,Political violence,710,2.1295,29.0513
2022-07-09,Middle Africa,Democratic Republic of Congo,Ituri,Riots,Mob violence,2,1,36137,Political violence,710,2.1295,29.0513
2022-07-23,Middle Africa,Democratic Republic of Congo,Ituri,Riots,Mob violence,1,2,36137,Political violence,710,2.1295,29.0513
2022-07-30,Middle Africa,Democratic Republic of Congo,Ituri,Riots,Mob violence,2,1,130296,Political violence,710,2.1295,29.0513
2022-09-10,Middle Africa,Democratic Republic of Congo,Ituri,Riots,Mob violence,1,1,85686,Political violence,710,2.1295,29.0513
2022-10-29,Middle Africa,Democratic Republic of Congo,Ituri,Riots,Mob violence,1,1,116928,Political violence,710,2.1295,29.0513
2022-12-31,Middle Africa,Democratic Republic of Congo,Ituri,Riots,Mob violence,1,3,10483,Political violence,710,2.1295,29.0513
2023-01-07,Middle Africa,Democratic Republic of Congo,Ituri,Riots,Mob violence,1,1,13904,Political violence,710,2.1295,29.0513
2023-04-01,Middle Africa,Democratic Republic of Congo,Ituri,Riots,Mob violence,1,1,513,Political violence,710,2.1295,29.0513
2023-04-15,Middle Africa,Democratic Republic of Congo,Ituri,Riots,Mob violence,2,1,9620,Political violence,710,2.1295,29.0513
2023-04-22,Middle Africa,Democratic Republic of Congo,Ituri,Riots,Mob violence,1,3,32672,Political violence,710,2.1295,29.0513
2023-05-27,Middle Africa,Democratic Republic of Congo,Ituri,Riots,Mob violence,1,1,174958,Political violence,710,2.1295,29.0513
2023-11-11,Middle Africa,Democratic Republic of Congo,Ituri,Riots,Mob violence,1,1,32672,Political violence,710,2.1295,29.0513
2024-03-16,Middle Africa,Democratic Republic of Congo,Ituri,Riots,Mob violence,1,1,218979,Political violence,710,2.1295,29.0513
2024-03-23,Middle Africa,Democratic Republic of Congo,Ituri,Riots,Mob violence,1,1,218979,Political violence,710,2.1295,29.0513
2024-03-30,Middle Africa,Democratic Republic of Congo,Ituri,Riots,Mob violence,1,2,180312,Political violence,710,2.1295,29.0513
2024-08-10,Middle Africa,Democratic Republic of Congo,Ituri,Riots,Mob violence,1,1,92916,Political violence,710,2.1295,29.0513
2024-08-24,Middle Africa,Democratic Republic of Congo,Ituri,Riots,Mob violence,1,1,2802,Political violence,710,2.1295,29.0513
2025-03-01,Middle Africa,Democratic Republic of Congo,Ituri,Riots,Mob violence,1,2,4830,Political violence,710,2.1295,29.0513
2025-05-17,Middle Africa,Democratic Republic of Congo,Ituri,Riots,Mob violence,1,1,2653,Political violence,710,2.1295,29.0513
2025-09-13,Middle Africa,Democratic Republic of Congo,Ituri,Riots,Mob violence,1,1,35422,Political violence,710,2.1295,29.0513
2025-11-08,Middle Africa,Democratic Republic of Congo,Ituri,Riots,Mob violence,1,2,4705,Political violence,710,2.1295,29.0513
2025-12-06,Middle Africa,Democratic Republic of Congo,Ituri,Riots,Mob violence,1,1,83982,Political violence,710,2.1295,29.0513
2025-12-13,Middle Africa,Democratic Republic of Congo,Ituri,Riots,Mob violence,1,1,35422,Political violence,710,2.1295,29.0513
2025-12-27,Middle Africa,Democratic Republic of Congo,Ituri,Riots,Mob violence,1,1,36766,Political violence,710,2.1295,29.0513
2012-12-08,Middle Africa,Democratic Republic of Congo,Ituri,Riots,Violent demonstration,1,3,NA,Demonstrations,710,2.1295,29.0513
2015-05-02,Middle Africa,Democratic Republic of Congo,Ituri,Riots,Violent demonstration,1,1,23490,Demonstrations,710,2.1295,29.0513
2018-04-21,Middle Africa,Democratic Republic of Congo,Ituri,Riots,Violent demonstration,1,2,19220,Demonstrations,710,2.1295,29.0513
2019-06-08,Middle Africa,Democratic Republic of Congo,Ituri,Riots,Violent demonstration,1,2,7664,Demonstrations,710,2.1295,29.0513
2020-07-25,Middle Africa,Democratic Republic of Congo,Ituri,Riots,Violent demonstration,1,2,1386,Demonstrations,710,2.1295,29.0513
2021-02-13,Middle Africa,Democratic Republic of Congo,Ituri,Riots,Violent demonstration,1,2,52876,Demonstrations,710,2.1295,29.0513
2021-09-18,Middle Africa,Democratic Republic of Congo,Ituri,Riots,Violent demonstration,1,1,6768,Demonstrations,710,2.1295,29.0513
2021-10-02,Middle Africa,Democratic Republic of Congo,Ituri,Riots,Violent demonstration,1,1,6181,Demonstrations,710,2.1295,29.0513
2022-01-15,Middle Africa,Democratic Republic of Congo,Ituri,Riots,Violent demonstration,2,2,122681,Demonstrations,710,2.1295,29.0513
2022-02-12,Middle Africa,Democratic Republic of Congo,Ituri,Riots,Violent demonstration,1,1,33799,Demonstrations,710,2.1295,29.0513
2022-06-04,Middle Africa,Democratic Republic of Congo,Ituri,Riots,Violent demonstration,1,3,NA,Demonstrations,710,2.1295,29.0513
2020-12-26,Middle Africa,Democratic Republic of Congo,Ituri,Strategic developments,Other,1,4,NA,Strategic developments,710,2.1295,29.0513
2022-03-19,Middle Africa,Democratic Republic of Congo,Ituri,Strategic developments,Other,1,1,NA,Strategic developments,710,2.1295,29.0513
2022-12-31,Middle Africa,Democratic Republic of Congo,Ituri,Strategic developments,Other,3,2,NA,Strategic developments,710,2.1295,29.0513
2009-05-23,Middle Africa,Democratic Republic of Congo,Ituri,Violence against civilians,Attack,1,2,NA,Political violence,710,2.1295,29.0513
2009-08-08,Middle Africa,Democratic Republic of Congo,Ituri,Violence against civilians,Attack,1,1,NA,Political violence,710,2.1295,29.0513
2010-02-13,Middle Africa,Democratic Republic of Congo,Ituri,Violence against civilians,Attack,1,2,NA,Political violence,710,2.1295,29.0513
2010-05-08,Middle Africa,Democratic Republic of Congo,Ituri,Violence against civilians,Attack,2,3,NA,Political violence,710,2.1295,29.0513
2010-07-10,Middle Africa,Democratic Republic of Congo,Ituri,Violence against civilians,Attack,1,12,NA,Political violence,710,2.1295,29.0513
2011-10-01,Middle Africa,Democratic Republic of Congo,Ituri,Violence against civilians,Attack,5,1,NA,Political violence,710,2.1295,29.0513
2012-07-28,Middle Africa,Democratic Republic of Congo,Ituri,Violence against civilians,Attack,1,5,NA,Political violence,710,2.1295,29.0513
2012-09-01,Middle Africa,Democratic Republic of Congo,Ituri,Violence against civilians,Attack,1,7,NA,Political violence,710,2.1295,29.0513
2012-10-27,Middle Africa,Democratic Republic of Congo,Ituri,Violence against civilians,Attack,1,20,NA,Political violence,710,2.1295,29.0513
2012-12-08,Middle Africa,Democratic Republic of Congo,Ituri,Violence against civilians,Attack,1,3,NA,Political violence,710,2.1295,29.0513
2013-01-05,Middle Africa,Democratic Republic of Congo,Ituri,Violence against civilians,Attack,2,10,NA,Political violence,710,2.1295,29.0513
2013-04-13,Middle Africa,Democratic Republic of Congo,Ituri,Violence against civilians,Attack,1,2,NA,Political violence,710,2.1295,29.0513
2013-08-17,Middle Africa,Democratic Republic of Congo,Ituri,Violence against civilians,Attack,1,19,NA,Political violence,710,2.1295,29.0513
2013-09-28,Middle Africa,Democratic Republic of Congo,Ituri,Violence against civilians,Attack,3,16,NA,Political violence,710,2.1295,29.0513
2013-10-12,Middle Africa,Democratic Republic of Congo,Ituri,Violence against civilians,Attack,1,1,NA,Political violence,710,2.1295,29.0513
2013-10-19,Middle Africa,Democratic Republic of Congo,Ituri,Violence against civilians,Attack,3,3,NA,Political violence,710,2.1295,29.0513
2013-11-09,Middle Africa,Democratic Republic of Congo,Ituri,Violence against civilians,Attack,1,1,NA,Political violence,710,2.1295,29.0513
2014-05-24,Middle Africa,Democratic Republic of Congo,Ituri,Violence against civilians,Attack,4,1,NA,Political violence,710,2.1295,29.0513
2014-05-31,Middle Africa,Democratic Republic of Congo,Ituri,Violence against civilians,Attack,2,3,NA,Political violence,710,2.1295,29.0513
2014-07-26,Middle Africa,Democratic Republic of Congo,Ituri,Violence against civilians,Attack,3,5,NA,Political violence,710,2.1295,29.0513
2014-08-09,Middle Africa,Democratic Republic of Congo,Ituri,Violence against civilians,Attack,1,1,NA,Political violence,710,2.1295,29.0513
2014-08-16,Middle Africa,Democratic Republic of Congo,Ituri,Violence against civilians,Attack,2,1,NA,Political violence,710,2.1295,29.0513
2014-09-13,Middle Africa,Democratic Republic of Congo,Ituri,Violence against civilians,Attack,1,2,NA,Political violence,710,2.1295,29.0513
2014-10-25,Middle Africa,Democratic Republic of Congo,Ituri,Violence against civilians,Attack,1,11,NA,Political violence,710,2.1295,29.0513
2014-11-01,Middle Africa,Democratic Republic of Congo,Ituri,Violence against civilians,Attack,1,2,NA,Political violence,710,2.1295,29.0513
2014-12-13,Middle Africa,Democratic Republic of Congo,Ituri,Violence against civilians,Attack,1,6,NA,Political violence,710,2.1295,29.0513
2014-12-20,Middle Africa,Democratic Republic of Congo,Ituri,Violence against civilians,Attack,2,12,NA,Political violence,710,2.1295,29.0513
2015-01-03,Middle Africa,Democratic Republic of Congo,Ituri,Violence against civilians,Attack,1,4,193472,Political violence,710,2.1295,29.0513
2015-01-31,Middle Africa,Democratic Republic of Congo,Ituri,Violence against civilians,Attack,2,21,250181,Political violence,710,2.1295,29.0513
2015-02-14,Middle Africa,Democratic Republic of Congo,Ituri,Violence against civilians,Attack,2,6,193472,Political violence,710,2.1295,29.0513
2015-03-14,Middle Africa,Democratic Republic of Congo,Ituri,Violence against civilians,Attack,2,3,204904,Political violence,710,2.1295,29.0513
2015-03-28,Middle Africa,Democratic Republic of Congo,Ituri,Violence against civilians,Attack,2,1,5424,Political violence,710,2.1295,29.0513
2015-04-11,Middle Africa,Democratic Republic of Congo,Ituri,Violence against civilians,Attack,2,24,117121,Political violence,710,2.1295,29.0513
2015-04-25,Middle Africa,Democratic Republic of Congo,Ituri,Violence against civilians,Attack,1,1,193472,Political violence,710,2.1295,29.0513
2015-05-02,Middle Africa,Democratic Republic of Congo,Ituri,Violence against civilians,Attack,2,11,254496,Political violence,710,2.1295,29.0513
2015-06-27,Middle Africa,Democratic Republic of Congo,Ituri,Violence against civilians,Attack,1,4,6657,Political violence,710,2.1295,29.0513
2015-08-22,Middle Africa,Democratic Republic of Congo,Ituri,Violence against civilians,Attack,1,1,74606,Political violence,710,2.1295,29.0513
2015-10-03,Middle Africa,Democratic Republic of Congo,Ituri,Violence against civilians,Attack,2,1,194119,Political violence,710,2.1295,29.0513
2015-10-31,Middle Africa,Democratic Republic of Congo,Ituri,Violence against civilians,Attack,1,1,53957,Political violence,710,2.1295,29.0513
2015-11-28,Middle Africa,Democratic Republic of Congo,Ituri,Violence against civilians,Attack,1,1,6746,Political violence,710,2.1295,29.0513
2015-12-19,Middle Africa,Democratic Republic of Congo,Ituri,Violence against civilians,Attack,1,4,4558,Political violence,710,2.1295,29.0513
2016-01-16,Middle Africa,Democratic Republic of Congo,Ituri,Violence against civilians,Attack,2,2,37455,Political violence,710,2.1295,29.0513
2016-02-27,Middle Africa,Democratic Republic of Congo,Ituri,Violence against civilians,Attack,2,2,56241,Political violence,710,2.1295,29.0513
2016-03-05,Middle Africa,Democratic Republic of Congo,Ituri,Violence against civilians,Attack,1,1,7237,Political violence,710,2.1295,29.0513
2016-03-19,Middle Africa,Democratic Republic of Congo,Ituri,Violence against civilians,Attack,2,1,15768,Political violence,710,2.1295,29.0513
2016-04-30,Middle Africa,Democratic Republic of Congo,Ituri,Violence against civilians,Attack,1,9,7900,Political violence,710,2.1295,29.0513
2016-05-14,Middle Africa,Democratic Republic of Congo,Ituri,Violence against civilians,Attack,2,5,7826,Political violence,710,2.1295,29.0513
2016-06-04,Middle Africa,Democratic Republic of Congo,Ituri,Violence against civilians,Attack,1,1,19034,Political violence,710,2.1295,29.0513
2016-06-25,Middle Africa,Democratic Republic of Congo,Ituri,Violence against civilians,Attack,1,1,217859,Political violence,710,2.1295,29.0513
2016-07-23,Middle Africa,Democratic Republic of Congo,Ituri,Violence against civilians,Attack,3,2,19234,Political violence,710,2.1295,29.0513
2016-07-30,Middle Africa,Democratic Republic of Congo,Ituri,Violence against civilians,Attack,1,1,217859,Political violence,710,2.1295,29.0513
2016-11-26,Middle Africa,Democratic Republic of Congo,Ituri,Violence against civilians,Attack,2,1,138749,Political violence,710,2.1295,29.0513
2016-12-24,Middle Africa,Democratic Republic of Congo,Ituri,Violence against civilians,Attack,2,6,6386,Political violence,710,2.1295,29.0513
2017-01-07,Middle Africa,Democratic Republic of Congo,Ituri,Violence against civilians,Attack,1,1,61073,Political violence,710,2.1295,29.0513
2017-02-25,Middle Africa,Democratic Republic of Congo,Ituri,Violence against civilians,Attack,1,1,227364,Political violence,710,2.1295,29.0513
2017-04-22,Middle Africa,Democratic Republic of Congo,Ituri,Violence against civilians,Attack,3,2,66474,Political violence,710,2.1295,29.0513
2017-04-29,Middle Africa,Democratic Republic of Congo,Ituri,Violence against civilians,Attack,2,4,77828,Political violence,710,2.1295,29.0513
2017-06-10,Middle Africa,Democratic Republic of Congo,Ituri,Violence against civilians,Attack,1,1,81916,Political violence,710,2.1295,29.0513
2017-06-17,Middle Africa,Democratic Republic of Congo,Ituri,Violence against civilians,Attack,1,2,413459,Political violence,710,2.1295,29.0513
2017-06-24,Middle Africa,Democratic Republic of Congo,Ituri,Violence against civilians,Attack,1,2,413459,Political violence,710,2.1295,29.0513
2017-07-29,Middle Africa,Democratic Republic of Congo,Ituri,Violence against civilians,Attack,1,2,413459,Political violence,710,2.1295,29.0513
2017-08-19,Middle Africa,Democratic Republic of Congo,Ituri,Violence against civilians,Attack,1,1,38967,Political violence,710,2.1295,29.0513
2017-09-30,Middle Africa,Democratic Republic of Congo,Ituri,Violence against civilians,Attack,1,1,7162,Political violence,710,2.1295,29.0513
2017-12-09,Middle Africa,Democratic Republic of Congo,Ituri,Violence against civilians,Attack,1,4,81916,Political violence,710,2.1295,29.0513
2017-12-16,Middle Africa,Democratic Republic of Congo,Ituri,Violence against civilians,Attack,1,1,7162,Political violence,710,2.1295,29.0513
2017-12-30,Middle Africa,Democratic Republic of Congo,Ituri,Violence against civilians,Attack,1,25,7162,Political violence,710,2.1295,29.0513
2018-01-13,Middle Africa,Democratic Republic of Congo,Ituri,Violence against civilians,Attack,1,25,7434,Political violence,710,2.1295,29.0513
2018-02-10,Middle Africa,Democratic Republic of Congo,Ituri,Violence against civilians,Attack,1,25,7048,Political violence,710,2.1295,29.0513
2018-02-17,Middle Africa,Democratic Republic of Congo,Ituri,Violence against civilians,Attack,1,5,29285,Political violence,710,2.1295,29.0513
2018-02-24,Middle Africa,Democratic Republic of Congo,Ituri,Violence against civilians,Attack,2,26,22238,Political violence,710,2.1295,29.0513
2018-03-03,Middle Africa,Democratic Republic of Congo,Ituri,Violence against civilians,Attack,4,15,22923,Political violence,710,2.1295,29.0513
2018-03-10,Middle Africa,Democratic Republic of Congo,Ituri,Violence against civilians,Attack,2,54,7048,Political violence,710,2.1295,29.0513
2018-03-17,Middle Africa,Democratic Republic of Congo,Ituri,Violence against civilians,Attack,1,1,7048,Political violence,710,2.1295,29.0513
2018-04-07,Middle Africa,Democratic Republic of Congo,Ituri,Violence against civilians,Attack,1,1,9603,Political violence,710,2.1295,29.0513
2018-05-05,Middle Africa,Democratic Republic of Congo,Ituri,Violence against civilians,Attack,2,1,187608,Political violence,710,2.1295,29.0513
2018-05-19,Middle Africa,Democratic Republic of Congo,Ituri,Violence against civilians,Attack,3,4,19669,Political violence,710,2.1295,29.0513
2018-07-07,Middle Africa,Democratic Republic of Congo,Ituri,Violence against civilians,Attack,3,1,62449,Political violence,710,2.1295,29.0513
2018-08-11,Middle Africa,Democratic Republic of Congo,Ituri,Violence against civilians,Attack,1,1,9827,Political violence,710,2.1295,29.0513
2018-08-18,Middle Africa,Democratic Republic of Congo,Ituri,Violence against civilians,Attack,3,3,50110,Political violence,710,2.1295,29.0513
2018-09-01,Middle Africa,Democratic Republic of Congo,Ituri,Violence against civilians,Attack,1,3,29303,Political violence,710,2.1295,29.0513
2018-09-08,Middle Africa,Democratic Republic of Congo,Ituri,Violence against civilians,Attack,1,1,9603,Political violence,710,2.1295,29.0513
2018-12-01,Middle Africa,Democratic Republic of Congo,Ituri,Violence against civilians,Attack,2,2,559,Political violence,710,2.1295,29.0513
2019-02-02,Middle Africa,Democratic Republic of Congo,Ituri,Violence against civilians,Attack,2,6,25484,Political violence,710,2.1295,29.0513
2019-03-16,Middle Africa,Democratic Republic of Congo,Ituri,Violence against civilians,Attack,1,3,4402,Political violence,710,2.1295,29.0513
2019-04-06,Middle Africa,Democratic Republic of Congo,Ituri,Violence against civilians,Attack,1,5,19809,Political violence,710,2.1295,29.0513
2019-04-13,Middle Africa,Democratic Republic of Congo,Ituri,Violence against civilians,Attack,4,8,49079,Political violence,710,2.1295,29.0513
2019-05-11,Middle Africa,Democratic Republic of Congo,Ituri,Violence against civilians,Attack,2,25,1654,Political violence,710,2.1295,29.0513
2019-05-18,Middle Africa,Democratic Republic of Congo,Ituri,Violence against civilians,Attack,2,7,77038,Political violence,710,2.1295,29.0513
2019-05-25,Middle Africa,Democratic Republic of Congo,Ituri,Violence against civilians,Attack,1,3,5322,Political violence,710,2.1295,29.0513
2019-06-01,Middle Africa,Democratic Republic of Congo,Ituri,Violence against civilians,Attack,4,7,97827,Political violence,710,2.1295,29.0513
2019-06-08,Middle Africa,Democratic Republic of Congo,Ituri,Violence against civilians,Attack,15,299,209050,Political violence,710,2.1295,29.0513
2019-06-15,Middle Africa,Democratic Republic of Congo,Ituri,Violence against civilians,Attack,4,14,35989,Political violence,710,2.1295,29.0513
2019-06-29,Middle Africa,Democratic Republic of Congo,Ituri,Violence against civilians,Attack,6,18,43089,Political violence,710,2.1295,29.0513
2019-07-06,Middle Africa,Democratic Republic of Congo,Ituri,Violence against civilians,Attack,2,14,7603,Political violence,710,2.1295,29.0513
2019-07-13,Middle Africa,Democratic Republic of Congo,Ituri,Violence against civilians,Attack,3,10,444767,Political violence,710,2.1295,29.0513
2019-07-20,Middle Africa,Democratic Republic of Congo,Ituri,Violence against civilians,Attack,5,23,25533,Political violence,710,2.1295,29.0513
2019-07-27,Middle Africa,Democratic Republic of Congo,Ituri,Violence against civilians,Attack,2,5,5198,Political violence,710,2.1295,29.0513
2019-08-03,Middle Africa,Democratic Republic of Congo,Ituri,Violence against civilians,Attack,3,18,62120,Political violence,710,2.1295,29.0513
2019-08-24,Middle Africa,Democratic Republic of Congo,Ituri,Violence against civilians,Attack,2,12,82760,Political violence,710,2.1295,29.0513
2019-08-31,Middle Africa,Democratic Republic of Congo,Ituri,Violence against civilians,Attack,1,2,3569,Political violence,710,2.1295,29.0513
2019-09-07,Middle Africa,Democratic Republic of Congo,Ituri,Violence against civilians,Attack,2,7,21689,Political violence,710,2.1295,29.0513
2019-09-14,Middle Africa,Democratic Republic of Congo,Ituri,Violence against civilians,Attack,2,28,3569,Political violence,710,2.1295,29.0513
2019-09-21,Middle Africa,Democratic Republic of Congo,Ituri,Violence against civilians,Attack,1,2,7611,Political violence,710,2.1295,29.0513
2019-10-19,Middle Africa,Democratic Republic of Congo,Ituri,Violence against civilians,Attack,1,2,448,Political violence,710,2.1295,29.0513
2019-10-26,Middle Africa,Democratic Republic of Congo,Ituri,Violence against civilians,Attack,3,3,16030,Political violence,710,2.1295,29.0513
2019-11-02,Middle Africa,Democratic Republic of Congo,Ituri,Violence against civilians,Attack,3,4,74097,Political violence,710,2.1295,29.0513
2019-11-09,Middle Africa,Democratic Republic of Congo,Ituri,Violence against civilians,Attack,1,3,4849,Political violence,710,2.1295,29.0513
2019-11-16,Middle Africa,Democratic Republic of Congo,Ituri,Violence against civilians,Attack,1,3,3961,Political violence,710,2.1295,29.0513
2019-11-23,Middle Africa,Democratic Republic of Congo,Ituri,Violence against civilians,Attack,1,2,43421,Political violence,710,2.1295,29.0513
2019-12-07,Middle Africa,Democratic Republic of Congo,Ituri,Violence against civilians,Attack,2,10,88798,Political violence,710,2.1295,29.0513
2019-12-14,Middle Africa,Democratic Republic of Congo,Ituri,Violence against civilians,Attack,1,24,3961,Political violence,710,2.1295,29.0513
2019-12-28,Middle Africa,Democratic Republic of Congo,Ituri,Violence against civilians,Attack,2,7,467590,Political violence,710,2.1295,29.0513
2020-01-11,Middle Africa,Democratic Republic of Congo,Ituri,Violence against civilians,Attack,1,9,27351,Political violence,710,2.1295,29.0513
2020-01-18,Middle Africa,Democratic Republic of Congo,Ituri,Violence against civilians,Attack,3,9,480729,Political violence,710,2.1295,29.0513
2020-01-25,Middle Africa,Democratic Republic of Congo,Ituri,Violence against civilians,Attack,3,5,27510,Political violence,710,2.1295,29.0513
2020-02-01,Middle Africa,Democratic Republic of Congo,Ituri,Violence against civilians,Attack,4,25,52802,Political violence,710,2.1295,29.0513
2020-02-08,Middle Africa,Democratic Republic of Congo,Ituri,Violence against civilians,Attack,3,12,29903,Political violence,710,2.1295,29.0513
2020-02-15,Middle Africa,Democratic Republic of Congo,Ituri,Violence against civilians,Attack,2,2,25972,Political violence,710,2.1295,29.0513
2020-02-22,Middle Africa,Democratic Republic of Congo,Ituri,Violence against civilians,Attack,4,30,93024,Political violence,710,2.1295,29.0513
2020-02-29,Middle Africa,Democratic Republic of Congo,Ituri,Violence against civilians,Attack,4,24,57859,Political violence,710,2.1295,29.0513
2020-03-07,Middle Africa,Democratic Republic of Congo,Ituri,Violence against civilians,Attack,4,17,44086,Political violence,710,2.1295,29.0513
2020-03-14,Middle Africa,Democratic Republic of Congo,Ituri,Violence against civilians,Attack,3,23,70137,Political violence,710,2.1295,29.0513
2020-03-21,Middle Africa,Democratic Republic of Congo,Ituri,Violence against civilians,Attack,1,1,7227,Political violence,710,2.1295,29.0513
2020-03-28,Middle Africa,Democratic Republic of Congo,Ituri,Violence against civilians,Attack,4,6,21167,Political violence,710,2.1295,29.0513
2020-04-04,Middle Africa,Democratic Republic of Congo,Ituri,Violence against civilians,Attack,2,8,27256,Political violence,710,2.1295,29.0513
2020-04-11,Middle Africa,Democratic Republic of Congo,Ituri,Violence against civilians,Attack,3,26,50274,Political violence,710,2.1295,29.0513
2020-04-18,Middle Africa,Democratic Republic of Congo,Ituri,Violence against civilians,Attack,5,34,70526,Political violence,710,2.1295,29.0513
2020-04-25,Middle Africa,Democratic Republic of Congo,Ituri,Violence against civilians,Attack,4,12,44605,Political violence,710,2.1295,29.0513
2020-05-02,Middle Africa,Democratic Republic of Congo,Ituri,Violence against civilians,Attack,1,1,34464,Political violence,710,2.1295,29.0513
2020-05-09,Middle Africa,Democratic Republic of Congo,Ituri,Violence against civilians,Attack,8,22,51026,Political violence,710,2.1295,29.0513
2020-05-16,Middle Africa,Democratic Republic of Congo,Ituri,Violence against civilians,Attack,4,49,67962,Political violence,710,2.1295,29.0513
2020-05-23,Middle Africa,Democratic Republic of Congo,Ituri,Violence against civilians,Attack,4,48,17722,Political violence,710,2.1295,29.0513
2020-05-30,Middle Africa,Democratic Republic of Congo,Ituri,Violence against civilians,Attack,3,24,50409,Political violence,710,2.1295,29.0513
2020-06-06,Middle Africa,Democratic Republic of Congo,Ituri,Violence against civilians,Attack,1,9,3175,Political violence,710,2.1295,29.0513
2020-06-13,Middle Africa,Democratic Republic of Congo,Ituri,Violence against civilians,Attack,3,12,26652,Political violence,710,2.1295,29.0513
2020-06-20,Middle Africa,Democratic Republic of Congo,Ituri,Violence against civilians,Attack,7,36,100374,Political violence,710,2.1295,29.0513
2020-06-27,Middle Africa,Democratic Republic of Congo,Ituri,Violence against civilians,Attack,9,43,144977,Political violence,710,2.1295,29.0513
2020-07-04,Middle Africa,Democratic Republic of Congo,Ituri,Violence against civilians,Attack,6,35,61521,Political violence,710,2.1295,29.0513
2020-07-11,Middle Africa,Democratic Republic of Congo,Ituri,Violence against civilians,Attack,7,72,83615,Political violence,710,2.1295,29.0513
2020-07-18,Middle Africa,Democratic Republic of Congo,Ituri,Violence against civilians,Attack,11,34,90234,Political violence,710,2.1295,29.0513
2020-07-25,Middle Africa,Democratic Republic of Congo,Ituri,Violence against civilians,Attack,1,6,8481,Political violence,710,2.1295,29.0513
2020-08-01,Middle Africa,Democratic Republic of Congo,Ituri,Violence against civilians,Attack,6,7,113866,Political violence,710,2.1295,29.0513
2020-08-08,Middle Africa,Democratic Republic of Congo,Ituri,Violence against civilians,Attack,3,33,471540,Political violence,710,2.1295,29.0513
2020-08-15,Middle Africa,Democratic Republic of Congo,Ituri,Violence against civilians,Attack,5,15,101832,Political violence,710,2.1295,29.0513
2020-08-22,Middle Africa,Democratic Republic of Congo,Ituri,Violence against civilians,Attack,1,5,7155,Political violence,710,2.1295,29.0513
2020-08-29,Middle Africa,Democratic Republic of Congo,Ituri,Violence against civilians,Attack,6,7,361126,Political violence,710,2.1295,29.0513
2020-09-05,Middle Africa,Democratic Republic of Congo,Ituri,Violence against civilians,Attack,6,42,28179,Political violence,710,2.1295,29.0513
2020-09-19,Middle Africa,Democratic Republic of Congo,Ituri,Violence against civilians,Attack,1,1,12960,Political violence,710,2.1295,29.0513
2020-09-26,Middle Africa,Democratic Republic of Congo,Ituri,Violence against civilians,Attack,7,12,140822,Political violence,710,2.1295,29.0513
2020-10-03,Middle Africa,Democratic Republic of Congo,Ituri,Violence against civilians,Attack,6,15,110697,Political violence,710,2.1295,29.0513
2020-10-10,Middle Africa,Democratic Republic of Congo,Ituri,Violence against civilians,Attack,4,15,171492,Political violence,710,2.1295,29.0513
2020-10-17,Middle Africa,Democratic Republic of Congo,Ituri,Violence against civilians,Attack,3,12,84753,Political violence,710,2.1295,29.0513
2020-10-24,Middle Africa,Democratic Republic of Congo,Ituri,Violence against civilians,Attack,1,1,4710,Political violence,710,2.1295,29.0513
2020-11-07,Middle Africa,Democratic Republic of Congo,Ituri,Violence against civilians,Attack,3,13,86491,Political violence,710,2.1295,29.0513
2020-11-14,Middle Africa,Democratic Republic of Congo,Ituri,Violence against civilians,Attack,3,7,23413,Political violence,710,2.1295,29.0513
2020-11-21,Middle Africa,Democratic Republic of Congo,Ituri,Violence against civilians,Attack,2,5,94115,Political violence,710,2.1295,29.0513
2020-11-28,Middle Africa,Democratic Republic of Congo,Ituri,Violence against civilians,Attack,2,29,7690,Political violence,710,2.1295,29.0513
2020-12-05,Middle Africa,Democratic Republic of Congo,Ituri,Violence against civilians,Attack,1,5,12960,Political violence,710,2.1295,29.0513
2020-12-12,Middle Africa,Democratic Republic of Congo,Ituri,Violence against civilians,Attack,2,6,48484,Political violence,710,2.1295,29.0513
2020-12-19,Middle Africa,Democratic Republic of Congo,Ituri,Violence against civilians,Attack,3,9,13063,Political violence,710,2.1295,29.0513
2020-12-26,Middle Africa,Democratic Republic of Congo,Ituri,Violence against civilians,Attack,2,6,41735,Political violence,710,2.1295,29.0513
2021-01-02,Middle Africa,Democratic Republic of Congo,Ituri,Violence against civilians,Attack,1,2,20873,Political violence,710,2.1295,29.0513
2021-01-09,Middle Africa,Democratic Republic of Congo,Ituri,Violence against civilians,Attack,3,63,300017,Political violence,710,2.1295,29.0513
2021-01-23,Middle Africa,Democratic Republic of Congo,Ituri,Violence against civilians,Attack,1,1,83779,Political violence,710,2.1295,29.0513
2021-02-06,Middle Africa,Democratic Republic of Congo,Ituri,Violence against civilians,Attack,2,3,98487,Political violence,710,2.1295,29.0513
2021-02-13,Middle Africa,Democratic Republic of Congo,Ituri,Violence against civilians,Attack,4,2,60735,Political violence,710,2.1295,29.0513
2021-02-20,Middle Africa,Democratic Republic of Congo,Ituri,Violence against civilians,Attack,7,26,336262,Political violence,710,2.1295,29.0513
2021-02-27,Middle Africa,Democratic Republic of Congo,Ituri,Violence against civilians,Attack,1,8,5402,Political violence,710,2.1295,29.0513
2021-03-06,Middle Africa,Democratic Republic of Congo,Ituri,Violence against civilians,Attack,2,8,7503,Political violence,710,2.1295,29.0513
2021-03-13,Middle Africa,Democratic Republic of Congo,Ituri,Violence against civilians,Attack,3,7,12271,Political violence,710,2.1295,29.0513
2021-03-20,Middle Africa,Democratic Republic of Congo,Ituri,Violence against civilians,Attack,4,19,10181,Political violence,710,2.1295,29.0513
2021-03-27,Middle Africa,Democratic Republic of Congo,Ituri,Violence against civilians,Attack,1,2,7206,Political violence,710,2.1295,29.0513
2021-04-03,Middle Africa,Democratic Republic of Congo,Ituri,Violence against civilians,Attack,25,41,205565,Political violence,710,2.1295,29.0513
2021-04-10,Middle Africa,Democratic Republic of Congo,Ituri,Violence against civilians,Attack,15,46,67195,Political violence,710,2.1295,29.0513
2021-04-17,Middle Africa,Democratic Republic of Congo,Ituri,Violence against civilians,Attack,5,10,34859,Political violence,710,2.1295,29.0513
2021-04-24,Middle Africa,Democratic Republic of Congo,Ituri,Violence against civilians,Attack,7,11,2631,Political violence,710,2.1295,29.0513
2021-05-01,Middle Africa,Democratic Republic of Congo,Ituri,Violence against civilians,Attack,8,21,110920,Political violence,710,2.1295,29.0513
2021-05-08,Middle Africa,Democratic Republic of Congo,Ituri,Violence against civilians,Attack,8,24,46096,Political violence,710,2.1295,29.0513
2021-05-15,Middle Africa,Democratic Republic of Congo,Ituri,Violence against civilians,Attack,10,29,73742,Political violence,710,2.1295,29.0513
2021-05-22,Middle Africa,Democratic Republic of Congo,Ituri,Violence against civilians,Attack,3,4,22182,Political violence,710,2.1295,29.0513
2021-05-29,Middle Africa,Democratic Republic of Congo,Ituri,Violence against civilians,Attack,7,30,9435,Political violence,710,2.1295,29.0513
2021-06-05,Middle Africa,Democratic Republic of Congo,Ituri,Violence against civilians,Attack,9,26,27664,Political violence,710,2.1295,29.0513
2021-06-12,Middle Africa,Democratic Republic of Congo,Ituri,Violence against civilians,Attack,3,6,35276,Political violence,710,2.1295,29.0513
2021-06-19,Middle Africa,Democratic Republic of Congo,Ituri,Violence against civilians,Attack,8,13,20302,Political violence,710,2.1295,29.0513
2021-06-26,Middle Africa,Democratic Republic of Congo,Ituri,Violence against civilians,Attack,12,32,48232,Political violence,710,2.1295,29.0513
2021-07-03,Middle Africa,Democratic Republic of Congo,Ituri,Violence against civilians,Attack,6,20,40900,Political violence,710,2.1295,29.0513
2021-07-10,Middle Africa,Democratic Republic of Congo,Ituri,Violence against civilians,Attack,17,32,127144,Political violence,710,2.1295,29.0513
2021-07-17,Middle Africa,Democratic Republic of Congo,Ituri,Violence against civilians,Attack,6,9,19853,Political violence,710,2.1295,29.0513
2021-07-24,Middle Africa,Democratic Republic of Congo,Ituri,Violence against civilians,Attack,16,32,335104,Political violence,710,2.1295,29.0513
2021-07-31,Middle Africa,Democratic Republic of Congo,Ituri,Violence against civilians,Attack,6,22,360534,Political violence,710,2.1295,29.0513
2021-08-07,Middle Africa,Democratic Republic of Congo,Ituri,Violence against civilians,Attack,4,13,47371,Political violence,710,2.1295,29.0513
2021-08-14,Middle Africa,Democratic Republic of Congo,Ituri,Violence against civilians,Attack,1,2,NA,Political violence,710,2.1295,29.0513
2021-08-21,Middle Africa,Democratic Republic of Congo,Ituri,Violence against civilians,Attack,14,26,361840,Political violence,710,2.1295,29.0513
2021-08-28,Middle Africa,Democratic Republic of Congo,Ituri,Violence against civilians,Attack,8,71,36241,Political violence,710,2.1295,29.0513
2021-09-04,Middle Africa,Democratic Republic of Congo,Ituri,Violence against civilians,Attack,12,31,115928,Political violence,710,2.1295,29.0513
2021-09-11,Middle Africa,Democratic Republic of Congo,Ituri,Violence against civilians,Attack,6,6,7198,Political violence,710,2.1295,29.0513
2021-09-18,Middle Africa,Democratic Republic of Congo,Ituri,Violence against civilians,Attack,6,13,15347,Political violence,710,2.1295,29.0513
2021-09-25,Middle Africa,Democratic Republic of Congo,Ituri,Violence against civilians,Attack,10,38,358612,Political violence,710,2.1295,29.0513
2021-10-02,Middle Africa,Democratic Republic of Congo,Ituri,Violence against civilians,Attack,8,18,228158,Political violence,710,2.1295,29.0513
2021-10-09,Middle Africa,Democratic Republic of Congo,Ituri,Violence against civilians,Attack,5,6,54133,Political violence,710,2.1295,29.0513
2021-10-16,Middle Africa,Democratic Republic of Congo,Ituri,Violence against civilians,Attack,11,32,395714,Political violence,710,2.1295,29.0513
2021-10-23,Middle Africa,Democratic Republic of Congo,Ituri,Violence against civilians,Attack,22,44,34555,Political violence,710,2.1295,29.0513
2021-10-30,Middle Africa,Democratic Republic of Congo,Ituri,Violence against civilians,Attack,20,52,209967,Political violence,710,2.1295,29.0513
2021-11-06,Middle Africa,Democratic Republic of Congo,Ituri,Violence against civilians,Attack,11,18,90395,Political violence,710,2.1295,29.0513
2021-11-13,Middle Africa,Democratic Republic of Congo,Ituri,Violence against civilians,Attack,9,37,90472,Political violence,710,2.1295,29.0513
2021-11-20,Middle Africa,Democratic Republic of Congo,Ituri,Violence against civilians,Attack,21,109,471631,Political violence,710,2.1295,29.0513
2021-11-27,Middle Africa,Democratic Republic of Congo,Ituri,Violence against civilians,Attack,19,82,525642,Political violence,710,2.1295,29.0513
2021-12-04,Middle Africa,Democratic Republic of Congo,Ituri,Violence against civilians,Attack,12,21,169105,Political violence,710,2.1295,29.0513
2021-12-11,Middle Africa,Democratic Republic of Congo,Ituri,Violence against civilians,Attack,21,39,420898,Political violence,710,2.1295,29.0513
2021-12-18,Middle Africa,Democratic Republic of Congo,Ituri,Violence against civilians,Attack,23,68,510827,Political violence,710,2.1295,29.0513
2021-12-25,Middle Africa,Democratic Republic of Congo,Ituri,Violence against civilians,Attack,7,25,16536,Political violence,710,2.1295,29.0513
2022-01-01,Middle Africa,Democratic Republic of Congo,Ituri,Violence against civilians,Attack,21,77,96679,Political violence,710,2.1295,29.0513
2022-01-08,Middle Africa,Democratic Republic of Congo,Ituri,Violence against civilians,Attack,33,74,183302,Political violence,710,2.1295,29.0513
2022-01-15,Middle Africa,Democratic Republic of Congo,Ituri,Violence against civilians,Attack,30,63,201541,Political violence,710,2.1295,29.0513
2022-01-22,Middle Africa,Democratic Republic of Congo,Ituri,Violence against civilians,Attack,17,52,146733,Political violence,710,2.1295,29.0513
2022-01-29,Middle Africa,Democratic Republic of Congo,Ituri,Violence against civilians,Attack,20,35,196026,Political violence,710,2.1295,29.0513
2022-02-05,Middle Africa,Democratic Republic of Congo,Ituri,Violence against civilians,Attack,23,40,410104,Political violence,710,2.1295,29.0513
2022-02-12,Middle Africa,Democratic Republic of Congo,Ituri,Violence against civilians,Attack,21,61,91950,Political violence,710,2.1295,29.0513
2022-02-19,Middle Africa,Democratic Republic of Congo,Ituri,Violence against civilians,Attack,29,44,254661,Political violence,710,2.1295,29.0513
2022-02-26,Middle Africa,Democratic Republic of Congo,Ituri,Violence against civilians,Attack,26,59,299395,Political violence,710,2.1295,29.0513
2022-03-05,Middle Africa,Democratic Republic of Congo,Ituri,Violence against civilians,Attack,12,36,110125,Political violence,710,2.1295,29.0513
2022-03-12,Middle Africa,Democratic Republic of Congo,Ituri,Violence against civilians,Attack,23,123,244212,Political violence,710,2.1295,29.0513
2022-03-19,Middle Africa,Democratic Republic of Congo,Ituri,Violence against civilians,Attack,17,73,70909,Political violence,710,2.1295,29.0513
2022-03-26,Middle Africa,Democratic Republic of Congo,Ituri,Violence against civilians,Attack,14,22,104040,Political violence,710,2.1295,29.0513
2022-04-02,Middle Africa,Democratic Republic of Congo,Ituri,Violence against civilians,Attack,20,58,93010,Political violence,710,2.1295,29.0513
2022-04-09,Middle Africa,Democratic Republic of Congo,Ituri,Violence against civilians,Attack,21,66,44362,Political violence,710,2.1295,29.0513
2022-04-16,Middle Africa,Democratic Republic of Congo,Ituri,Violence against civilians,Attack,13,32,6474,Political violence,710,2.1295,29.0513
2022-04-23,Middle Africa,Democratic Republic of Congo,Ituri,Violence against civilians,Attack,13,22,107539,Political violence,710,2.1295,29.0513
2022-04-30,Middle Africa,Democratic Republic of Congo,Ituri,Violence against civilians,Attack,15,16,14864,Political violence,710,2.1295,29.0513
2022-05-07,Middle Africa,Democratic Republic of Congo,Ituri,Violence against civilians,Attack,24,246,65108,Political violence,710,2.1295,29.0513
2022-05-14,Middle Africa,Democratic Republic of Congo,Ituri,Violence against civilians,Attack,18,59,19619,Political violence,710,2.1295,29.0513
2022-05-21,Middle Africa,Democratic Republic of Congo,Ituri,Violence against civilians,Attack,11,42,27438,Political violence,710,2.1295,29.0513
2022-05-28,Middle Africa,Democratic Republic of Congo,Ituri,Violence against civilians,Attack,9,16,4498,Political violence,710,2.1295,29.0513
2022-06-04,Middle Africa,Democratic Republic of Congo,Ituri,Violence against civilians,Attack,22,53,75215,Political violence,710,2.1295,29.0513
2022-06-11,Middle Africa,Democratic Republic of Congo,Ituri,Violence against civilians,Attack,11,24,4906,Political violence,710,2.1295,29.0513
2022-06-18,Middle Africa,Democratic Republic of Congo,Ituri,Violence against civilians,Attack,7,12,5443,Political violence,710,2.1295,29.0513
2022-06-25,Middle Africa,Democratic Republic of Congo,Ituri,Violence against civilians,Attack,8,20,74098,Political violence,710,2.1295,29.0513
2022-07-02,Middle Africa,Democratic Republic of Congo,Ituri,Violence against civilians,Attack,6,8,17890,Political violence,710,2.1295,29.0513
2022-07-09,Middle Africa,Democratic Republic of Congo,Ituri,Violence against civilians,Attack,12,19,43871,Political violence,710,2.1295,29.0513
2022-07-16,Middle Africa,Democratic Republic of Congo,Ituri,Violence against civilians,Attack,7,8,19034,Political violence,710,2.1295,29.0513
2022-07-23,Middle Africa,Democratic Republic of Congo,Ituri,Violence against civilians,Attack,6,13,104141,Political violence,710,2.1295,29.0513
2022-07-30,Middle Africa,Democratic Republic of Congo,Ituri,Violence against civilians,Attack,6,27,7882,Political violence,710,2.1295,29.0513
2022-08-06,Middle Africa,Democratic Republic of Congo,Ituri,Violence against civilians,Attack,6,17,15029,Political violence,710,2.1295,29.0513
2022-08-13,Middle Africa,Democratic Republic of Congo,Ituri,Violence against civilians,Attack,6,21,111645,Political violence,710,2.1295,29.0513
2022-08-20,Middle Africa,Democratic Republic of Congo,Ituri,Violence against civilians,Attack,4,21,35228,Political violence,710,2.1295,29.0513
2022-08-27,Middle Africa,Democratic Republic of Congo,Ituri,Violence against civilians,Attack,1,10,3376,Political violence,710,2.1295,29.0513
2022-09-03,Middle Africa,Democratic Republic of Congo,Ituri,Violence against civilians,Attack,8,65,158967,Political violence,710,2.1295,29.0513
2022-09-10,Middle Africa,Democratic Republic of Congo,Ituri,Violence against civilians,Attack,2,4,102033,Political violence,710,2.1295,29.0513
2022-09-17,Middle Africa,Democratic Republic of Congo,Ituri,Violence against civilians,Attack,5,25,243411,Political violence,710,2.1295,29.0513
2022-09-24,Middle Africa,Democratic Republic of Congo,Ituri,Violence against civilians,Attack,5,5,103073,Political violence,710,2.1295,29.0513
2022-10-01,Middle Africa,Democratic Republic of Congo,Ituri,Violence against civilians,Attack,5,25,111728,Political violence,710,2.1295,29.0513
2022-10-08,Middle Africa,Democratic Republic of Congo,Ituri,Violence against civilians,Attack,5,28,45850,Political violence,710,2.1295,29.0513
2022-10-15,Middle Africa,Democratic Republic of Congo,Ituri,Violence against civilians,Attack,3,2,119544,Political violence,710,2.1295,29.0513
2022-10-22,Middle Africa,Democratic Republic of Congo,Ituri,Violence against civilians,Attack,4,13,33678,Political violence,710,2.1295,29.0513
2022-10-29,Middle Africa,Democratic Republic of Congo,Ituri,Violence against civilians,Attack,1,2,2346,Political violence,710,2.1295,29.0513
2022-11-05,Middle Africa,Democratic Republic of Congo,Ituri,Violence against civilians,Attack,1,3,3730,Political violence,710,2.1295,29.0513
2022-11-12,Middle Africa,Democratic Republic of Congo,Ituri,Violence against civilians,Attack,5,18,5512,Political violence,710,2.1295,29.0513
2022-11-19,Middle Africa,Democratic Republic of Congo,Ituri,Violence against civilians,Attack,14,101,30617,Political violence,710,2.1295,29.0513
2022-11-26,Middle Africa,Democratic Republic of Congo,Ituri,Violence against civilians,Attack,7,22,74194,Political violence,710,2.1295,29.0513
2022-12-03,Middle Africa,Democratic Republic of Congo,Ituri,Violence against civilians,Attack,16,27,110756,Political violence,710,2.1295,29.0513
2022-12-10,Middle Africa,Democratic Republic of Congo,Ituri,Violence against civilians,Attack,26,87,202024,Political violence,710,2.1295,29.0513
2022-12-17,Middle Africa,Democratic Republic of Congo,Ituri,Violence against civilians,Attack,14,44,55772,Political violence,710,2.1295,29.0513
2022-12-24,Middle Africa,Democratic Republic of Congo,Ituri,Violence against civilians,Attack,13,40,25352,Political violence,710,2.1295,29.0513
2022-12-31,Middle Africa,Democratic Republic of Congo,Ituri,Violence against civilians,Attack,9,12,5288,Political violence,710,2.1295,29.0513
2023-01-07,Middle Africa,Democratic Republic of Congo,Ituri,Violence against civilians,Attack,25,81,64890,Political violence,710,2.1295,29.0513
2023-01-14,Middle Africa,Democratic Republic of Congo,Ituri,Violence against civilians,Attack,25,48,105192,Political violence,710,2.1295,29.0513
2023-01-21,Middle Africa,Democratic Republic of Congo,Ituri,Violence against civilians,Attack,7,15,39926,Political violence,710,2.1295,29.0513
2023-01-28,Middle Africa,Democratic Republic of Congo,Ituri,Violence against civilians,Attack,20,67,76163,Political violence,710,2.1295,29.0513
2023-02-04,Middle Africa,Democratic Republic of Congo,Ituri,Violence against civilians,Attack,7,20,29717,Political violence,710,2.1295,29.0513
2023-02-11,Middle Africa,Democratic Republic of Congo,Ituri,Violence against civilians,Attack,14,58,76329,Political violence,710,2.1295,29.0513
2023-02-18,Middle Africa,Democratic Republic of Congo,Ituri,Violence against civilians,Attack,14,53,219935,Political violence,710,2.1295,29.0513
2023-02-25,Middle Africa,Democratic Republic of Congo,Ituri,Violence against civilians,Attack,5,7,835,Political violence,710,2.1295,29.0513
2023-03-04,Middle Africa,Democratic Republic of Congo,Ituri,Violence against civilians,Attack,8,15,191590,Political violence,710,2.1295,29.0513
2023-03-11,Middle Africa,Democratic Republic of Congo,Ituri,Violence against civilians,Attack,10,25,18411,Political violence,710,2.1295,29.0513
2023-03-18,Middle Africa,Democratic Republic of Congo,Ituri,Violence against civilians,Attack,19,67,81082,Political violence,710,2.1295,29.0513
2023-03-25,Middle Africa,Democratic Republic of Congo,Ituri,Violence against civilians,Attack,12,58,31211,Political violence,710,2.1295,29.0513
2023-04-01,Middle Africa,Democratic Republic of Congo,Ituri,Violence against civilians,Attack,15,48,138864,Political violence,710,2.1295,29.0513
2023-04-08,Middle Africa,Democratic Republic of Congo,Ituri,Violence against civilians,Attack,18,96,140667,Political violence,710,2.1295,29.0513
2023-04-15,Middle Africa,Democratic Republic of Congo,Ituri,Violence against civilians,Attack,17,66,193732,Political violence,710,2.1295,29.0513
2023-04-22,Middle Africa,Democratic Republic of Congo,Ituri,Violence against civilians,Attack,14,31,22919,Political violence,710,2.1295,29.0513
2023-04-29,Middle Africa,Democratic Republic of Congo,Ituri,Violence against civilians,Attack,13,33,87610,Political violence,710,2.1295,29.0513
2023-05-06,Middle Africa,Democratic Republic of Congo,Ituri,Violence against civilians,Attack,7,8,394,Political violence,710,2.1295,29.0513
2023-05-13,Middle Africa,Democratic Republic of Congo,Ituri,Violence against civilians,Attack,12,30,107860,Political violence,710,2.1295,29.0513
2023-05-20,Middle Africa,Democratic Republic of Congo,Ituri,Violence against civilians,Attack,6,7,46577,Political violence,710,2.1295,29.0513
2023-05-27,Middle Africa,Democratic Republic of Congo,Ituri,Violence against civilians,Attack,3,3,14943,Political violence,710,2.1295,29.0513
2023-06-03,Middle Africa,Democratic Republic of Congo,Ituri,Violence against civilians,Attack,8,20,18266,Political violence,710,2.1295,29.0513
2023-06-10,Middle Africa,Democratic Republic of Congo,Ituri,Violence against civilians,Attack,11,77,161847,Political violence,710,2.1295,29.0513
2023-06-17,Middle Africa,Democratic Republic of Congo,Ituri,Violence against civilians,Attack,7,33,22766,Political violence,710,2.1295,29.0513
2023-06-24,Middle Africa,Democratic Republic of Congo,Ituri,Violence against civilians,Attack,9,23,397254,Political violence,710,2.1295,29.0513
2023-07-01,Middle Africa,Democratic Republic of Congo,Ituri,Violence against civilians,Attack,4,12,123036,Political violence,710,2.1295,29.0513
2023-07-08,Middle Africa,Democratic Republic of Congo,Ituri,Violence against civilians,Attack,12,39,23348,Political violence,710,2.1295,29.0513
2023-07-15,Middle Africa,Democratic Republic of Congo,Ituri,Violence against civilians,Attack,10,16,111514,Political violence,710,2.1295,29.0513
2023-07-22,Middle Africa,Democratic Republic of Congo,Ituri,Violence against civilians,Attack,4,17,35744,Political violence,710,2.1295,29.0513
2023-07-29,Middle Africa,Democratic Republic of Congo,Ituri,Violence against civilians,Attack,9,9,409333,Political violence,710,2.1295,29.0513
2023-08-05,Middle Africa,Democratic Republic of Congo,Ituri,Violence against civilians,Attack,6,27,11149,Political violence,710,2.1295,29.0513
2023-08-12,Middle Africa,Democratic Republic of Congo,Ituri,Violence against civilians,Attack,11,23,154875,Political violence,710,2.1295,29.0513
2023-08-19,Middle Africa,Democratic Republic of Congo,Ituri,Violence against civilians,Attack,18,96,305027,Political violence,710,2.1295,29.0513
2023-08-26,Middle Africa,Democratic Republic of Congo,Ituri,Violence against civilians,Attack,5,25,22264,Political violence,710,2.1295,29.0513
2023-09-02,Middle Africa,Democratic Republic of Congo,Ituri,Violence against civilians,Attack,9,42,24163,Political violence,710,2.1295,29.0513
2023-09-09,Middle Africa,Democratic Republic of Congo,Ituri,Violence against civilians,Attack,9,17,9243,Political violence,710,2.1295,29.0513
2023-09-16,Middle Africa,Democratic Republic of Congo,Ituri,Violence against civilians,Attack,4,8,4892,Political violence,710,2.1295,29.0513
2023-09-23,Middle Africa,Democratic Republic of Congo,Ituri,Violence against civilians,Attack,4,6,20715,Political violence,710,2.1295,29.0513
2023-09-30,Middle Africa,Democratic Republic of Congo,Ituri,Violence against civilians,Attack,2,6,NA,Political violence,710,2.1295,29.0513
2023-10-14,Middle Africa,Democratic Republic of Congo,Ituri,Violence against civilians,Attack,4,14,12658,Political violence,710,2.1295,29.0513
2023-10-21,Middle Africa,Democratic Republic of Congo,Ituri,Violence against civilians,Attack,1,1,2655,Political violence,710,2.1295,29.0513
2023-10-28,Middle Africa,Democratic Republic of Congo,Ituri,Violence against civilians,Attack,4,15,112831,Political violence,710,2.1295,29.0513
2023-11-04,Middle Africa,Democratic Republic of Congo,Ituri,Violence against civilians,Attack,8,37,32136,Political violence,710,2.1295,29.0513
2023-11-11,Middle Africa,Democratic Republic of Congo,Ituri,Violence against civilians,Attack,5,9,202777,Political violence,710,2.1295,29.0513
2023-11-18,Middle Africa,Democratic Republic of Congo,Ituri,Violence against civilians,Attack,1,1,2655,Political violence,710,2.1295,29.0513
2023-11-25,Middle Africa,Democratic Republic of Congo,Ituri,Violence against civilians,Attack,1,8,104131,Political violence,710,2.1295,29.0513
2023-12-02,Middle Africa,Democratic Republic of Congo,Ituri,Violence against civilians,Attack,3,18,11355,Political violence,710,2.1295,29.0513
2023-12-09,Middle Africa,Democratic Republic of Congo,Ituri,Violence against civilians,Attack,2,4,2655,Political violence,710,2.1295,29.0513
2023-12-16,Middle Africa,Democratic Republic of Congo,Ituri,Violence against civilians,Attack,2,8,8578,Political violence,710,2.1295,29.0513
2023-12-23,Middle Africa,Democratic Republic of Congo,Ituri,Violence against civilians,Attack,5,14,170636,Political violence,710,2.1295,29.0513
2023-12-30,Middle Africa,Democratic Republic of Congo,Ituri,Violence against civilians,Attack,7,28,95078,Political violence,710,2.1295,29.0513
2024-01-06,Middle Africa,Democratic Republic of Congo,Ituri,Violence against civilians,Attack,7,22,22691,Political violence,710,2.1295,29.0513
2024-01-13,Middle Africa,Democratic Republic of Congo,Ituri,Violence against civilians,Attack,5,12,172775,Political violence,710,2.1295,29.0513
2024-01-20,Middle Africa,Democratic Republic of Congo,Ituri,Violence against civilians,Attack,3,18,58896,Political violence,710,2.1295,29.0513
2024-01-27,Middle Africa,Democratic Republic of Congo,Ituri,Violence against civilians,Attack,5,34,117711,Political violence,710,2.1295,29.0513
2024-02-03,Middle Africa,Democratic Republic of Congo,Ituri,Violence against civilians,Attack,3,20,108318,Political violence,710,2.1295,29.0513
2024-02-10,Middle Africa,Democratic Republic of Congo,Ituri,Violence against civilians,Attack,10,35,60109,Political violence,710,2.1295,29.0513
2024-02-17,Middle Africa,Democratic Republic of Congo,Ituri,Violence against civilians,Attack,8,45,201809,Political violence,710,2.1295,29.0513
2024-02-24,Middle Africa,Democratic Republic of Congo,Ituri,Violence against civilians,Attack,5,9,124613,Political violence,710,2.1295,29.0513
2024-03-02,Middle Africa,Democratic Republic of Congo,Ituri,Violence against civilians,Attack,3,3,56381,Political violence,710,2.1295,29.0513
2024-03-09,Middle Africa,Democratic Republic of Congo,Ituri,Violence against civilians,Attack,1,1,529663,Political violence,710,2.1295,29.0513
2024-03-16,Middle Africa,Democratic Republic of Congo,Ituri,Violence against civilians,Attack,8,20,36819,Political violence,710,2.1295,29.0513
2024-03-23,Middle Africa,Democratic Republic of Congo,Ituri,Violence against civilians,Attack,5,13,77067,Political violence,710,2.1295,29.0513
2024-03-30,Middle Africa,Democratic Republic of Congo,Ituri,Violence against civilians,Attack,6,21,127269,Political violence,710,2.1295,29.0513
2024-04-06,Middle Africa,Democratic Republic of Congo,Ituri,Violence against civilians,Attack,9,82,130839,Political violence,710,2.1295,29.0513
2024-04-13,Middle Africa,Democratic Republic of Congo,Ituri,Violence against civilians,Attack,11,77,149371,Political violence,710,2.1295,29.0513
2024-04-20,Middle Africa,Democratic Republic of Congo,Ituri,Violence against civilians,Attack,1,1,12118,Political violence,710,2.1295,29.0513
2024-04-27,Middle Africa,Democratic Republic of Congo,Ituri,Violence against civilians,Attack,4,24,25385,Political violence,710,2.1295,29.0513
2024-05-04,Middle Africa,Democratic Republic of Congo,Ituri,Violence against civilians,Attack,5,12,146551,Political violence,710,2.1295,29.0513
2024-05-11,Middle Africa,Democratic Republic of Congo,Ituri,Violence against civilians,Attack,11,59,268317,Political violence,710,2.1295,29.0513
2024-05-18,Middle Africa,Democratic Republic of Congo,Ituri,Violence against civilians,Attack,5,14,120255,Political violence,710,2.1295,29.0513
2024-05-25,Middle Africa,Democratic Republic of Congo,Ituri,Violence against civilians,Attack,2,4,6588,Political violence,710,2.1295,29.0513
2024-06-01,Middle Africa,Democratic Republic of Congo,Ituri,Violence against civilians,Attack,8,7,208218,Political violence,710,2.1295,29.0513
2024-06-08,Middle Africa,Democratic Republic of Congo,Ituri,Violence against civilians,Attack,12,71,593704,Political violence,710,2.1295,29.0513
2024-06-15,Middle Africa,Democratic Republic of Congo,Ituri,Violence against civilians,Attack,7,23,59151,Political violence,710,2.1295,29.0513
2024-06-22,Middle Africa,Democratic Republic of Congo,Ituri,Violence against civilians,Attack,5,25,17712,Political violence,710,2.1295,29.0513
2024-06-29,Middle Africa,Democratic Republic of Congo,Ituri,Violence against civilians,Attack,2,6,9075,Political violence,710,2.1295,29.0513
2024-07-06,Middle Africa,Democratic Republic of Congo,Ituri,Violence against civilians,Attack,2,6,368586,Political violence,710,2.1295,29.0513
2024-07-13,Middle Africa,Democratic Republic of Congo,Ituri,Violence against civilians,Attack,4,6,148845,Political violence,710,2.1295,29.0513
2024-07-20,Middle Africa,Democratic Republic of Congo,Ituri,Violence against civilians,Attack,4,18,11103,Political violence,710,2.1295,29.0513
2024-07-27,Middle Africa,Democratic Republic of Congo,Ituri,Violence against civilians,Attack,2,7,4930,Political violence,710,2.1295,29.0513
2024-08-03,Middle Africa,Democratic Republic of Congo,Ituri,Violence against civilians,Attack,1,3,41827,Political violence,710,2.1295,29.0513
2024-08-10,Middle Africa,Democratic Republic of Congo,Ituri,Violence against civilians,Attack,12,56,198344,Political violence,710,2.1295,29.0513
2024-08-17,Middle Africa,Democratic Republic of Congo,Ituri,Violence against civilians,Attack,3,17,62303,Political violence,710,2.1295,29.0513
2024-08-24,Middle Africa,Democratic Republic of Congo,Ituri,Violence against civilians,Attack,3,8,112075,Political violence,710,2.1295,29.0513
2024-08-31,Middle Africa,Democratic Republic of Congo,Ituri,Violence against civilians,Attack,2,5,41374,Political violence,710,2.1295,29.0513
2024-09-07,Middle Africa,Democratic Republic of Congo,Ituri,Violence against civilians,Attack,5,21,157303,Political violence,710,2.1295,29.0513
2024-09-14,Middle Africa,Democratic Republic of Congo,Ituri,Violence against civilians,Attack,7,17,64684,Political violence,710,2.1295,29.0513
2024-09-21,Middle Africa,Democratic Republic of Congo,Ituri,Violence against civilians,Attack,10,15,188515,Political violence,710,2.1295,29.0513
2024-09-28,Middle Africa,Democratic Republic of Congo,Ituri,Violence against civilians,Attack,4,13,17980,Political violence,710,2.1295,29.0513
2024-10-05,Middle Africa,Democratic Republic of Congo,Ituri,Violence against civilians,Attack,6,53,453396,Political violence,710,2.1295,29.0513
2024-10-12,Middle Africa,Democratic Republic of Congo,Ituri,Violence against civilians,Attack,5,15,154471,Political violence,710,2.1295,29.0513
2024-10-19,Middle Africa,Democratic Republic of Congo,Ituri,Violence against civilians,Attack,4,8,173798,Political violence,710,2.1295,29.0513
2024-10-26,Middle Africa,Democratic Republic of Congo,Ituri,Violence against civilians,Attack,8,16,55366,Political violence,710,2.1295,29.0513
2024-11-02,Middle Africa,Democratic Republic of Congo,Ituri,Violence against civilians,Attack,2,10,22665,Political violence,710,2.1295,29.0513
2024-11-09,Middle Africa,Democratic Republic of Congo,Ituri,Violence against civilians,Attack,3,4,44390,Political violence,710,2.1295,29.0513
2024-11-16,Middle Africa,Democratic Republic of Congo,Ituri,Violence against civilians,Attack,2,2,10698,Political violence,710,2.1295,29.0513
2024-11-30,Middle Africa,Democratic Republic of Congo,Ituri,Violence against civilians,Attack,10,15,360898,Political violence,710,2.1295,29.0513
2024-12-07,Middle Africa,Democratic Republic of Congo,Ituri,Violence against civilians,Attack,3,5,19375,Political violence,710,2.1295,29.0513
2024-12-14,Middle Africa,Democratic Republic of Congo,Ituri,Violence against civilians,Attack,15,35,117094,Political violence,710,2.1295,29.0513
2024-12-21,Middle Africa,Democratic Republic of Congo,Ituri,Violence against civilians,Attack,3,8,66795,Political violence,710,2.1295,29.0513
2024-12-28,Middle Africa,Democratic Republic of Congo,Ituri,Violence against civilians,Attack,2,5,9379,Political violence,710,2.1295,29.0513
2025-01-04,Middle Africa,Democratic Republic of Congo,Ituri,Violence against civilians,Attack,7,7,174873,Political violence,710,2.1295,29.0513
2025-01-11,Middle Africa,Democratic Republic of Congo,Ituri,Violence against civilians,Attack,2,1,19882,Political violence,710,2.1295,29.0513
2025-01-18,Middle Africa,Democratic Republic of Congo,Ituri,Violence against civilians,Attack,4,15,15530,Political violence,710,2.1295,29.0513
2025-01-25,Middle Africa,Democratic Republic of Congo,Ituri,Violence against civilians,Attack,5,38,16896,Political violence,710,2.1295,29.0513
2025-02-01,Middle Africa,Democratic Republic of Congo,Ituri,Violence against civilians,Attack,8,22,13167,Political violence,710,2.1295,29.0513
2025-02-08,Middle Africa,Democratic Republic of Congo,Ituri,Violence against civilians,Attack,10,170,67728,Political violence,710,2.1295,29.0513
2025-02-15,Middle Africa,Democratic Republic of Congo,Ituri,Violence against civilians,Attack,6,34,70503,Political violence,710,2.1295,29.0513
2025-02-22,Middle Africa,Democratic Republic of Congo,Ituri,Violence against civilians,Attack,9,33,98294,Political violence,710,2.1295,29.0513
2025-03-01,Middle Africa,Democratic Republic of Congo,Ituri,Violence against civilians,Attack,8,14,76655,Political violence,710,2.1295,29.0513
2025-03-08,Middle Africa,Democratic Republic of Congo,Ituri,Violence against civilians,Attack,3,6,500044,Political violence,710,2.1295,29.0513
2025-03-15,Middle Africa,Democratic Republic of Congo,Ituri,Violence against civilians,Attack,2,1,14259,Political violence,710,2.1295,29.0513
2025-03-22,Middle Africa,Democratic Republic of Congo,Ituri,Violence against civilians,Attack,3,14,35111,Political violence,710,2.1295,29.0513
2025-03-29,Middle Africa,Democratic Republic of Congo,Ituri,Violence against civilians,Attack,2,8,5874,Political violence,710,2.1295,29.0513
2025-04-05,Middle Africa,Democratic Republic of Congo,Ituri,Violence against civilians,Attack,6,11,146594,Political violence,710,2.1295,29.0513
2025-04-12,Middle Africa,Democratic Republic of Congo,Ituri,Violence against civilians,Attack,2,4,224039,Political violence,710,2.1295,29.0513
2025-04-19,Middle Africa,Democratic Republic of Congo,Ituri,Violence against civilians,Attack,1,3,2702,Political violence,710,2.1295,29.0513
2025-04-26,Middle Africa,Democratic Republic of Congo,Ituri,Violence against civilians,Attack,5,4,20354,Political violence,710,2.1295,29.0513
2025-05-03,Middle Africa,Democratic Republic of Congo,Ituri,Violence against civilians,Attack,2,4,18674,Political violence,710,2.1295,29.0513
2025-05-10,Middle Africa,Democratic Republic of Congo,Ituri,Violence against civilians,Attack,3,5,46649,Political violence,710,2.1295,29.0513
2025-05-17,Middle Africa,Democratic Republic of Congo,Ituri,Violence against civilians,Attack,3,2,34504,Political violence,710,2.1295,29.0513
2025-05-24,Middle Africa,Democratic Republic of Congo,Ituri,Violence against civilians,Attack,1,4,16219,Political violence,710,2.1295,29.0513
2025-05-31,Middle Africa,Democratic Republic of Congo,Ituri,Violence against civilians,Attack,1,6,4165,Political violence,710,2.1295,29.0513
2025-06-07,Middle Africa,Democratic Republic of Congo,Ituri,Violence against civilians,Attack,4,11,35813,Political violence,710,2.1295,29.0513
2025-06-14,Middle Africa,Democratic Republic of Congo,Ituri,Violence against civilians,Attack,2,4,15884,Political violence,710,2.1295,29.0513
2025-06-21,Middle Africa,Democratic Republic of Congo,Ituri,Violence against civilians,Attack,2,12,22719,Political violence,710,2.1295,29.0513
2025-06-28,Middle Africa,Democratic Republic of Congo,Ituri,Violence against civilians,Attack,1,2,2899,Political violence,710,2.1295,29.0513
2025-07-05,Middle Africa,Democratic Republic of Congo,Ituri,Violence against civilians,Attack,8,12,24429,Political violence,710,2.1295,29.0513
2025-07-12,Middle Africa,Democratic Republic of Congo,Ituri,Violence against civilians,Attack,6,18,119518,Political violence,710,2.1295,29.0513
2025-07-26,Middle Africa,Democratic Republic of Congo,Ituri,Violence against civilians,Attack,5,49,275912,Political violence,710,2.1295,29.0513
2025-08-02,Middle Africa,Democratic Republic of Congo,Ituri,Violence against civilians,Attack,5,13,249491,Political violence,710,2.1295,29.0513
2025-08-09,Middle Africa,Democratic Republic of Congo,Ituri,Violence against civilians,Attack,15,47,131531,Political violence,710,2.1295,29.0513
2025-08-16,Middle Africa,Democratic Republic of Congo,Ituri,Violence against civilians,Attack,4,10,158257,Political violence,710,2.1295,29.0513
2025-08-23,Middle Africa,Democratic Republic of Congo,Ituri,Violence against civilians,Attack,1,8,27573,Political violence,710,2.1295,29.0513
2025-08-30,Middle Africa,Democratic Republic of Congo,Ituri,Violence against civilians,Attack,4,4,26738,Political violence,710,2.1295,29.0513
2025-09-06,Middle Africa,Democratic Republic of Congo,Ituri,Violence against civilians,Attack,2,4,13186,Political violence,710,2.1295,29.0513
2025-09-13,Middle Africa,Democratic Republic of Congo,Ituri,Violence against civilians,Attack,7,15,31187,Political violence,710,2.1295,29.0513
2025-09-20,Middle Africa,Democratic Republic of Congo,Ituri,Violence against civilians,Attack,2,2,11613,Political violence,710,2.1295,29.0513
2025-09-27,Middle Africa,Democratic Republic of Congo,Ituri,Violence against civilians,Attack,7,16,111238,Political violence,710,2.1295,29.0513
2025-10-04,Middle Africa,Democratic Republic of Congo,Ituri,Violence against civilians,Attack,7,21,68520,Political violence,710,2.1295,29.0513
2025-10-11,Middle Africa,Democratic Republic of Congo,Ituri,Violence against civilians,Attack,6,4,20265,Political violence,710,2.1295,29.0513
2025-10-18,Middle Africa,Democratic Republic of Congo,Ituri,Violence against civilians,Attack,3,3,34866,Political violence,710,2.1295,29.0513
2025-10-25,Middle Africa,Democratic Republic of Congo,Ituri,Violence against civilians,Attack,1,3,19676,Political violence,710,2.1295,29.0513
2025-11-01,Middle Africa,Democratic Republic of Congo,Ituri,Violence against civilians,Attack,2,1,6233,Political violence,710,2.1295,29.0513
2025-11-29,Middle Africa,Democratic Republic of Congo,Ituri,Violence against civilians,Attack,3,2,NA,Political violence,710,2.1295,29.0513
2025-12-06,Middle Africa,Democratic Republic of Congo,Ituri,Violence against civilians,Attack,1,3,406,Political violence,710,2.1295,29.0513
2025-12-13,Middle Africa,Democratic Republic of Congo,Ituri,Violence against civilians,Attack,1,1,6496,Political violence,710,2.1295,29.0513
2026-01-03,Middle Africa,Democratic Republic of Congo,Ituri,Violence against civilians,Attack,4,12,55530,Political violence,710,2.1295,29.0513
2026-01-10,Middle Africa,Democratic Republic of Congo,Ituri,Violence against civilians,Attack,2,9,62106,Political violence,710,2.1295,29.0513
2026-01-17,Middle Africa,Democratic Republic of Congo,Ituri,Violence against civilians,Attack,4,30,18805,Political violence,710,2.1295,29.0513
2026-01-24,Middle Africa,Democratic Republic of Congo,Ituri,Violence against civilians,Attack,5,26,NA,Political violence,710,2.1295,29.0513
2026-01-31,Middle Africa,Democratic Republic of Congo,Ituri,Violence against civilians,Attack,4,4,NA,Political violence,710,2.1295,29.0513
2009-04-18,Middle Africa,Democratic Republic of Congo,Ituri,Violence against civilians,Sexual violence,1,2,NA,Political violence,710,2.1295,29.0513
2012-10-27,Middle Africa,Democratic Republic of Congo,Ituri,Violence against civilians,Sexual violence,7,25,NA,Political violence,710,2.1295,29.0513
2012-11-03,Middle Africa,Democratic Republic of Congo,Ituri,Violence against civilians,Sexual violence,1,1,NA,Political violence,710,2.1295,29.0513
2013-04-06,Middle Africa,Democratic Republic of Congo,Ituri,Violence against civilians,Sexual violence,1,1,NA,Political violence,710,2.1295,29.0513
2014-04-05,Middle Africa,Democratic Republic of Congo,Ituri,Violence against civilians,Sexual violence,2,4,NA,Political violence,710,2.1295,29.0513
2014-07-05,Middle Africa,Democratic Republic of Congo,Ituri,Violence against civilians,Sexual violence,1,6,NA,Political violence,710,2.1295,29.0513
2014-08-09,Middle Africa,Democratic Republic of Congo,Ituri,Violence against civilians,Sexual violence,2,1,NA,Political violence,710,2.1295,29.0513
2014-10-04,Middle Africa,Democratic Republic of Congo,Ituri,Violence against civilians,Sexual violence,1,4,NA,Political violence,710,2.1295,29.0513
2015-02-07,Middle Africa,Democratic Republic of Congo,Ituri,Violence against civilians,Sexual violence,1,2,193472,Political violence,710,2.1295,29.0513
2015-04-11,Middle Africa,Democratic Republic of Congo,Ituri,Violence against civilians,Sexual violence,3,7,189523,Political violence,710,2.1295,29.0513
2015-07-04,Middle Africa,Democratic Republic of Congo,Ituri,Violence against civilians,Sexual violence,1,2,193472,Political violence,710,2.1295,29.0513
2015-09-19,Middle Africa,Democratic Republic of Congo,Ituri,Violence against civilians,Sexual violence,1,2,74606,Political violence,710,2.1295,29.0513
2015-10-24,Middle Africa,Democratic Republic of Congo,Ituri,Violence against civilians,Sexual violence,2,2,196776,Political violence,710,2.1295,29.0513
2016-02-27,Middle Africa,Democratic Republic of Congo,Ituri,Violence against civilians,Sexual violence,1,1,395822,Political violence,710,2.1295,29.0513
2016-03-12,Middle Africa,Democratic Republic of Congo,Ituri,Violence against civilians,Sexual violence,1,10,395822,Political violence,710,2.1295,29.0513
2016-08-20,Middle Africa,Democratic Republic of Congo,Ituri,Violence against civilians,Sexual violence,1,3,77902,Political violence,710,2.1295,29.0513
2017-01-21,Middle Africa,Democratic Republic of Congo,Ituri,Violence against civilians,Sexual violence,1,2,81916,Political violence,710,2.1295,29.0513
2017-05-13,Middle Africa,Democratic Republic of Congo,Ituri,Violence against civilians,Sexual violence,1,1,14679,Political violence,710,2.1295,29.0513
2018-07-07,Middle Africa,Democratic Republic of Congo,Ituri,Violence against civilians,Sexual violence,1,1,15066,Political violence,710,2.1295,29.0513
2019-01-05,Middle Africa,Democratic Republic of Congo,Ituri,Violence against civilians,Sexual violence,1,1,444853,Political violence,710,2.1295,29.0513
2019-02-02,Middle Africa,Democratic Republic of Congo,Ituri,Violence against civilians,Sexual violence,2,2,131232,Political violence,710,2.1295,29.0513
2020-10-03,Middle Africa,Democratic Republic of Congo,Ituri,Violence against civilians,Sexual violence,1,4,31873,Political violence,710,2.1295,29.0513
2020-10-31,Middle Africa,Democratic Republic of Congo,Ituri,Violence against civilians,Sexual violence,1,2,6866,Political violence,710,2.1295,29.0513
2021-02-06,Middle Africa,Democratic Republic of Congo,Ituri,Violence against civilians,Sexual violence,2,3,3217,Political violence,710,2.1295,29.0513
2021-02-20,Middle Africa,Democratic Republic of Congo,Ituri,Violence against civilians,Sexual violence,1,2,2601,Political violence,710,2.1295,29.0513
2021-05-01,Middle Africa,Democratic Republic of Congo,Ituri,Violence against civilians,Sexual violence,1,1,3753,Political violence,710,2.1295,29.0513
2021-08-07,Middle Africa,Democratic Republic of Congo,Ituri,Violence against civilians,Sexual violence,1,1,16561,Political violence,710,2.1295,29.0513
2022-01-08,Middle Africa,Democratic Republic of Congo,Ituri,Violence against civilians,Sexual violence,1,1,5157,Political violence,710,2.1295,29.0513
2022-04-02,Middle Africa,Democratic Republic of Congo,Ituri,Violence against civilians,Sexual violence,1,1,NA,Political violence,710,2.1295,29.0513
2022-04-16,Middle Africa,Democratic Republic of Congo,Ituri,Violence against civilians,Sexual violence,2,10,121644,Political violence,710,2.1295,29.0513
2022-07-30,Middle Africa,Democratic Republic of Congo,Ituri,Violence against civilians,Sexual violence,1,3,1219,Political violence,710,2.1295,29.0513
2024-09-14,Middle Africa,Democratic Republic of Congo,Ituri,Violence against civilians,Sexual violence,3,8,79682,Political violence,710,2.1295,29.0513
2024-12-07,Middle Africa,Democratic Republic of Congo,Ituri,Violence against civilians,Sexual violence,1,1,8812,Political violence,710,2.1295,29.0513
2025-03-08,Middle Africa,Democratic Republic of Congo,Ituri,Violence against civilians,Sexual violence,1,1,2206,Political violence,710,2.1295,29.0513
2025-03-29,Middle Africa,Democratic Republic of Congo,Ituri,Violence against civilians,Sexual violence,1,1,7386,Political violence,710,2.1295,29.0513
2025-04-05,Middle Africa,Democratic Republic of Congo,Ituri,Violence against civilians,Sexual violence,1,2,1098,Political violence,710,2.1295,29.0513
2013-01-19,Middle Africa,Democratic Republic of Congo,Kasai,Battles,Armed clash,1,7,NA,Political violence,711,-4.8941,21.118
2016-11-26,Middle Africa,Democratic Republic of Congo,Kasai,Battles,Armed clash,1,9,405081,Political violence,711,-4.8941,21.118
2016-12-03,Middle Africa,Democratic Republic of Congo,Kasai,Battles,Armed clash,2,19,405081,Political violence,711,-4.8941,21.118
2017-04-08,Middle Africa,Democratic Republic of Congo,Kasai,Battles,Armed clash,2,11,21389,Political violence,711,-4.8941,21.118
2017-04-15,Middle Africa,Democratic Republic of Congo,Kasai,Battles,Armed clash,2,20,20087,Political violence,711,-4.8941,21.118
2017-04-29,Middle Africa,Democratic Republic of Congo,Kasai,Battles,Armed clash,1,10,1302,Political violence,711,-4.8941,21.118
2018-01-27,Middle Africa,Democratic Republic of Congo,Kasai,Battles,Armed clash,2,9,35247,Political violence,711,-4.8941,21.118
2018-03-03,Middle Africa,Democratic Republic of Congo,Kasai,Battles,Armed clash,1,4,32395,Political violence,711,-4.8941,21.118
2018-10-06,Middle Africa,Democratic Republic of Congo,Kasai,Battles,Armed clash,2,10,20913,Political violence,711,-4.8941,21.118
2018-12-29,Middle Africa,Democratic Republic of Congo,Kasai,Battles,Armed clash,1,1,78878,Political violence,711,-4.8941,21.118
2019-02-02,Middle Africa,Democratic Republic of Congo,Kasai,Battles,Armed clash,1,13,451299,Political violence,711,-4.8941,21.118
2019-02-23,Middle Africa,Democratic Republic of Congo,Kasai,Battles,Armed clash,1,19,20135,Political violence,711,-4.8941,21.118
2020-07-04,Middle Africa,Democratic Republic of Congo,Kasai,Battles,Armed clash,1,1,22474,Political violence,711,-4.8941,21.118
2020-08-01,Middle Africa,Democratic Republic of Congo,Kasai,Battles,Armed clash,1,7,37709,Political violence,711,-4.8941,21.118
2021-08-14,Middle Africa,Democratic Republic of Congo,Kasai,Battles,Armed clash,1,2,39055,Political violence,711,-4.8941,21.118
2021-11-27,Middle Africa,Democratic Republic of Congo,Kasai,Battles,Armed clash,1,1,9578,Political violence,711,-4.8941,21.118
2022-01-15,Middle Africa,Democratic Republic of Congo,Kasai,Battles,Armed clash,1,4,1581,Political violence,711,-4.8941,21.118
2023-08-19,Middle Africa,Democratic Republic of Congo,Kasai,Battles,Armed clash,1,1,513706,Political violence,711,-4.8941,21.118
2023-09-09,Middle Africa,Democratic Republic of Congo,Kasai,Battles,Armed clash,2,11,135846,Political violence,711,-4.8941,21.118
2024-06-08,Middle Africa,Democratic Republic of Congo,Kasai,Battles,Armed clash,1,6,197201,Political violence,711,-4.8941,21.118
2025-08-02,Middle Africa,Democratic Republic of Congo,Kasai,Battles,Armed clash,1,1,510,Political violence,711,-4.8941,21.118
2017-03-25,Middle Africa,Democratic Republic of Congo,Kasai,Battles,Non-state actor overtakes territory,1,8,75970,Political violence,711,-4.8941,21.118
2021-01-16,Middle Africa,Democratic Republic of Congo,Kasai,Battles,Non-state actor overtakes territory,1,9,35916,Political violence,711,-4.8941,21.118
2018-12-15,Middle Africa,Democratic Republic of Congo,Kasai,Protests,Excessive force against protesters,1,1,58650,Political violence; Demonstrations,711,-4.8941,21.118
2018-12-15,Middle Africa,Democratic Republic of Congo,Kasai,Riots,Mob violence,1,2,15588,Political violence,711,-4.8941,21.118
2021-03-27,Middle Africa,Democratic Republic of Congo,Kasai,Riots,Mob violence,1,13,16343,Political violence,711,-4.8941,21.118
2022-03-12,Middle Africa,Democratic Republic of Congo,Kasai,Riots,Mob violence,2,1,167482,Political violence,711,-4.8941,21.118
2023-12-16,Middle Africa,Democratic Republic of Congo,Kasai,Riots,Mob violence,2,5,206748,Political violence,711,-4.8941,21.118
2024-09-07,Middle Africa,Democratic Republic of Congo,Kasai,Riots,Mob violence,2,1,188844,Political violence,711,-4.8941,21.118
2025-11-01,Middle Africa,Democratic Republic of Congo,Kasai,Riots,Mob violence,1,10,165481,Political violence,711,-4.8941,21.118
2025-11-29,Middle Africa,Democratic Republic of Congo,Kasai,Riots,Mob violence,1,2,3182,Political violence,711,-4.8941,21.118
2025-12-27,Middle Africa,Democratic Republic of Congo,Kasai,Riots,Mob violence,1,1,19386,Political violence,711,-4.8941,21.118
2026-01-24,Middle Africa,Democratic Republic of Congo,Kasai,Riots,Mob violence,1,2,3334,Political violence,711,-4.8941,21.118
2022-12-03,Middle Africa,Democratic Republic of Congo,Kasai,Strategic developments,Other,1,1,NA,Strategic developments,711,-4.8941,21.118
2010-02-27,Middle Africa,Democratic Republic of Congo,Kasai,Violence against civilians,Attack,1,1,NA,Political violence,711,-4.8941,21.118
2011-11-19,Middle Africa,Democratic Republic of Congo,Kasai,Violence against civilians,Attack,1,1,NA,Political violence,711,-4.8941,21.118
2016-11-19,Middle Africa,Democratic Republic of Congo,Kasai,Violence against civilians,Attack,1,2,990,Political violence,711,-4.8941,21.118
2016-12-03,Middle Africa,Democratic Republic of Congo,Kasai,Violence against civilians,Attack,1,3,19219,Political violence,711,-4.8941,21.118
2017-03-18,Middle Africa,Democratic Republic of Congo,Kasai,Violence against civilians,Attack,2,10,18054,Political violence,711,-4.8941,21.118
2017-03-25,Middle Africa,Democratic Republic of Congo,Kasai,Violence against civilians,Attack,2,11,76512,Political violence,711,-4.8941,21.118
2017-04-08,Middle Africa,Democratic Republic of Congo,Kasai,Violence against civilians,Attack,3,21,25261,Political violence,711,-4.8941,21.118
2017-04-15,Middle Africa,Democratic Republic of Congo,Kasai,Violence against civilians,Attack,3,115,27396,Political violence,711,-4.8941,21.118
2017-05-06,Middle Africa,Democratic Republic of Congo,Kasai,Violence against civilians,Attack,1,10,1977,Political violence,711,-4.8941,21.118
2017-05-13,Middle Africa,Democratic Republic of Congo,Kasai,Violence against civilians,Attack,1,17,20087,Political violence,711,-4.8941,21.118
2017-07-08,Middle Africa,Democratic Republic of Congo,Kasai,Violence against civilians,Attack,2,380,23225,Political violence,711,-4.8941,21.118
2017-07-29,Middle Africa,Democratic Republic of Congo,Kasai,Violence against civilians,Attack,1,4,1302,Political violence,711,-4.8941,21.118
2018-01-06,Middle Africa,Democratic Republic of Congo,Kasai,Violence against civilians,Attack,1,2,35247,Political violence,711,-4.8941,21.118
2018-05-19,Middle Africa,Democratic Republic of Congo,Kasai,Violence against civilians,Attack,1,8,112785,Political violence,711,-4.8941,21.118
2018-11-17,Middle Africa,Democratic Republic of Congo,Kasai,Violence against civilians,Attack,1,5,437061,Political violence,711,-4.8941,21.118
2019-01-05,Middle Africa,Democratic Republic of Congo,Kasai,Violence against civilians,Attack,3,6,174649,Political violence,711,-4.8941,21.118
2019-02-16,Middle Africa,Democratic Republic of Congo,Kasai,Violence against civilians,Attack,1,15,451299,Political violence,711,-4.8941,21.118
2022-10-01,Middle Africa,Democratic Republic of Congo,Kasai,Violence against civilians,Attack,1,1,1784,Political violence,711,-4.8941,21.118
2023-07-08,Middle Africa,Democratic Republic of Congo,Kasai,Violence against civilians,Attack,1,1,513706,Political violence,711,-4.8941,21.118
2024-08-10,Middle Africa,Democratic Republic of Congo,Kasai,Violence against civilians,Attack,1,2,NA,Political violence,711,-4.8941,21.118
2024-10-05,Middle Africa,Democratic Republic of Congo,Kasai,Violence against civilians,Attack,1,1,530086,Political violence,711,-4.8941,21.118
2017-04-15,Middle Africa,Democratic Republic of Congo,Kasai,Violence against civilians,Sexual violence,1,3,4157,Political violence,711,-4.8941,21.118
2017-04-22,Middle Africa,Democratic Republic of Congo,Kasai,Violence against civilians,Sexual violence,1,116,75970,Political violence,711,-4.8941,21.118
2011-12-24,Middle Africa,Democratic Republic of Congo,Kasai-Central,Battles,Armed clash,1,1,NA,Political violence,712,-6.066,22.2643
2012-06-09,Middle Africa,Democratic Republic of Congo,Kasai-Central,Battles,Armed clash,1,2,NA,Political violence,712,-6.066,22.2643
2012-10-27,Middle Africa,Democratic Republic of Congo,Kasai-Central,Battles,Armed clash,1,1,NA,Political violence,712,-6.066,22.2643
2013-10-12,Middle Africa,Democratic Republic of Congo,Kasai-Central,Battles,Armed clash,1,4,NA,Political violence,712,-6.066,22.2643
2014-01-04,Middle Africa,Democratic Republic of Congo,Kasai-Central,Battles,Armed clash,1,1,NA,Political violence,712,-6.066,22.2643
2015-07-04,Middle Africa,Democratic Republic of Congo,Kasai-Central,Battles,Armed clash,1,2,8523,Political violence,712,-6.066,22.2643
2016-06-18,Middle Africa,Democratic Republic of Congo,Kasai-Central,Battles,Armed clash,1,1,8792,Political violence,712,-6.066,22.2643
2016-08-06,Middle Africa,Democratic Republic of Congo,Kasai-Central,Battles,Armed clash,2,29,53783,Political violence,712,-6.066,22.2643
2016-09-17,Middle Africa,Democratic Republic of Congo,Kasai-Central,Battles,Armed clash,1,2,467497,Political violence,712,-6.066,22.2643
2016-11-26,Middle Africa,Democratic Republic of Congo,Kasai-Central,Battles,Armed clash,2,12,3547,Political violence,712,-6.066,22.2643
2016-12-03,Middle Africa,Democratic Republic of Congo,Kasai-Central,Battles,Armed clash,4,4,42942,Political violence,712,-6.066,22.2643
2016-12-10,Middle Africa,Democratic Republic of Congo,Kasai-Central,Battles,Armed clash,2,5,476283,Political violence,712,-6.066,22.2643
2016-12-17,Middle Africa,Democratic Republic of Congo,Kasai-Central,Battles,Armed clash,4,12,561578,Political violence,712,-6.066,22.2643
2016-12-24,Middle Africa,Democratic Republic of Congo,Kasai-Central,Battles,Armed clash,1,4,3547,Political violence,712,-6.066,22.2643
2016-12-31,Middle Africa,Democratic Republic of Congo,Kasai-Central,Battles,Armed clash,1,22,481004,Political violence,712,-6.066,22.2643
2017-01-07,Middle Africa,Democratic Republic of Congo,Kasai-Central,Battles,Armed clash,2,3,491538,Political violence,712,-6.066,22.2643
2017-01-21,Middle Africa,Democratic Republic of Congo,Kasai-Central,Battles,Armed clash,2,4,502238,Political violence,712,-6.066,22.2643
2017-02-04,Middle Africa,Democratic Republic of Congo,Kasai-Central,Battles,Armed clash,7,113,70184,Political violence,712,-6.066,22.2643
2017-03-04,Middle Africa,Democratic Republic of Congo,Kasai-Central,Battles,Armed clash,4,1,491538,Political violence,712,-6.066,22.2643
2017-03-18,Middle Africa,Democratic Republic of Congo,Kasai-Central,Battles,Armed clash,1,42,481004,Political violence,712,-6.066,22.2643
2017-03-25,Middle Africa,Democratic Republic of Congo,Kasai-Central,Battles,Armed clash,1,1,55932,Political violence,712,-6.066,22.2643
2017-04-01,Middle Africa,Democratic Republic of Congo,Kasai-Central,Battles,Armed clash,4,3,76300,Political violence,712,-6.066,22.2643
2017-04-08,Middle Africa,Democratic Republic of Congo,Kasai-Central,Battles,Armed clash,1,18,10534,Political violence,712,-6.066,22.2643
2017-04-22,Middle Africa,Democratic Republic of Congo,Kasai-Central,Battles,Armed clash,4,57,11352,Political violence,712,-6.066,22.2643
2017-12-30,Middle Africa,Democratic Republic of Congo,Kasai-Central,Battles,Armed clash,2,3,582075,Political violence,712,-6.066,22.2643
2018-01-13,Middle Africa,Democratic Republic of Congo,Kasai-Central,Battles,Armed clash,2,7,101071,Political violence,712,-6.066,22.2643
2018-02-24,Middle Africa,Democratic Republic of Congo,Kasai-Central,Battles,Armed clash,1,15,60016,Political violence,712,-6.066,22.2643
2018-04-28,Middle Africa,Democratic Republic of Congo,Kasai-Central,Battles,Armed clash,1,3,9425,Political violence,712,-6.066,22.2643
2018-11-03,Middle Africa,Democratic Republic of Congo,Kasai-Central,Battles,Armed clash,2,19,236932,Political violence,712,-6.066,22.2643
2019-01-19,Middle Africa,Democratic Republic of Congo,Kasai-Central,Battles,Armed clash,1,1,62225,Political violence,712,-6.066,22.2643
2020-08-29,Middle Africa,Democratic Republic of Congo,Kasai-Central,Battles,Armed clash,1,1,9568,Political violence,712,-6.066,22.2643
2022-01-15,Middle Africa,Democratic Republic of Congo,Kasai-Central,Battles,Armed clash,1,1,10247,Political violence,712,-6.066,22.2643
2022-03-05,Middle Africa,Democratic Republic of Congo,Kasai-Central,Battles,Armed clash,1,2,12459,Political violence,712,-6.066,22.2643
2023-09-09,Middle Africa,Democratic Republic of Congo,Kasai-Central,Battles,Armed clash,1,1,11052,Political violence,712,-6.066,22.2643
2024-05-04,Middle Africa,Democratic Republic of Congo,Kasai-Central,Battles,Armed clash,1,30,13301,Political violence,712,-6.066,22.2643
2009-08-01,Middle Africa,Democratic Republic of Congo,Kasai-Central,Battles,Government regains territory,2,54,NA,Political violence,712,-6.066,22.2643
2016-09-17,Middle Africa,Democratic Republic of Congo,Kasai-Central,Battles,Government regains territory,1,7,94081,Political violence,712,-6.066,22.2643
2016-09-17,Middle Africa,Democratic Republic of Congo,Kasai-Central,Battles,Non-state actor overtakes territory,3,21,561578,Political violence,712,-6.066,22.2643
2016-12-31,Middle Africa,Democratic Republic of Congo,Kasai-Central,Battles,Non-state actor overtakes territory,1,4,55932,Political violence,712,-6.066,22.2643
2018-05-05,Middle Africa,Democratic Republic of Congo,Kasai-Central,Explosions/Remote violence,Remote explosive/landmine/IED,1,5,504654,Political violence,712,-6.066,22.2643
2018-06-16,Middle Africa,Democratic Republic of Congo,Kasai-Central,Riots,Mob violence,1,1,10001,Political violence,712,-6.066,22.2643
2019-02-16,Middle Africa,Democratic Republic of Congo,Kasai-Central,Riots,Mob violence,1,1,2748,Political violence,712,-6.066,22.2643
2019-05-04,Middle Africa,Democratic Republic of Congo,Kasai-Central,Riots,Mob violence,1,1,105160,Political violence,712,-6.066,22.2643
2019-05-18,Middle Africa,Democratic Republic of Congo,Kasai-Central,Riots,Mob violence,1,1,105160,Political violence,712,-6.066,22.2643
2019-09-28,Middle Africa,Democratic Republic of Congo,Kasai-Central,Riots,Mob violence,1,1,1071,Political violence,712,-6.066,22.2643
2019-11-02,Middle Africa,Democratic Republic of Congo,Kasai-Central,Riots,Mob violence,2,1,5088,Political violence,712,-6.066,22.2643
2020-12-19,Middle Africa,Democratic Republic of Congo,Kasai-Central,Riots,Mob violence,2,2,178912,Political violence,712,-6.066,22.2643
2023-01-14,Middle Africa,Democratic Republic of Congo,Kasai-Central,Riots,Mob violence,1,2,11316,Political violence,712,-6.066,22.2643
2023-04-22,Middle Africa,Democratic Republic of Congo,Kasai-Central,Riots,Mob violence,2,3,27431,Political violence,712,-6.066,22.2643
2023-07-15,Middle Africa,Democratic Republic of Congo,Kasai-Central,Riots,Mob violence,2,3,198655,Political violence,712,-6.066,22.2643
2023-12-16,Middle Africa,Democratic Republic of Congo,Kasai-Central,Riots,Mob violence,1,1,198655,Political violence,712,-6.066,22.2643
2024-04-20,Middle Africa,Democratic Republic of Congo,Kasai-Central,Riots,Mob violence,1,3,11708,Political violence,712,-6.066,22.2643
2025-01-18,Middle Africa,Democratic Republic of Congo,Kasai-Central,Riots,Mob violence,1,1,213208,Political violence,712,-6.066,22.2643
2025-03-22,Middle Africa,Democratic Republic of Congo,Kasai-Central,Riots,Mob violence,1,1,4682,Political violence,712,-6.066,22.2643
2025-04-19,Middle Africa,Democratic Republic of Congo,Kasai-Central,Riots,Mob violence,1,1,213208,Political violence,712,-6.066,22.2643
2025-09-27,Middle Africa,Democratic Republic of Congo,Kasai-Central,Riots,Mob violence,1,1,213208,Political violence,712,-6.066,22.2643
2019-05-04,Middle Africa,Democratic Republic of Congo,Kasai-Central,Riots,Violent demonstration,1,3,105160,Demonstrations,712,-6.066,22.2643
2022-08-13,Middle Africa,Democratic Republic of Congo,Kasai-Central,Strategic developments,Other,1,1,NA,Strategic developments,712,-6.066,22.2643
2016-10-01,Middle Africa,Democratic Republic of Congo,Kasai-Central,Violence against civilians,Attack,1,3,55309,Political violence,712,-6.066,22.2643
2016-12-10,Middle Africa,Democratic Republic of Congo,Kasai-Central,Violence against civilians,Attack,1,13,467497,Political violence,712,-6.066,22.2643
2016-12-31,Middle Africa,Democratic Republic of Congo,Kasai-Central,Violence against civilians,Attack,1,40,481004,Political violence,712,-6.066,22.2643
2017-01-14,Middle Africa,Democratic Republic of Congo,Kasai-Central,Violence against civilians,Attack,2,4,96654,Political violence,712,-6.066,22.2643
2017-02-11,Middle Africa,Democratic Republic of Congo,Kasai-Central,Violence against civilians,Attack,6,47,642701,Political violence,712,-6.066,22.2643
2017-03-11,Middle Africa,Democratic Republic of Congo,Kasai-Central,Violence against civilians,Attack,5,213,161697,Political violence,712,-6.066,22.2643
2017-03-25,Middle Africa,Democratic Republic of Congo,Kasai-Central,Violence against civilians,Attack,5,117,570395,Political violence,712,-6.066,22.2643
2017-04-01,Middle Africa,Democratic Republic of Congo,Kasai-Central,Violence against civilians,Attack,2,101,494546,Political violence,712,-6.066,22.2643
2017-04-08,Middle Africa,Democratic Republic of Congo,Kasai-Central,Violence against civilians,Attack,1,4,481004,Political violence,712,-6.066,22.2643
2017-04-15,Middle Africa,Democratic Republic of Congo,Kasai-Central,Violence against civilians,Attack,5,14,100861,Political violence,712,-6.066,22.2643
2017-05-06,Middle Africa,Democratic Republic of Congo,Kasai-Central,Violence against civilians,Attack,4,13,171149,Political violence,712,-6.066,22.2643
2017-05-13,Middle Africa,Democratic Republic of Congo,Kasai-Central,Violence against civilians,Attack,2,4,96556,Political violence,712,-6.066,22.2643
2017-06-10,Middle Africa,Democratic Republic of Congo,Kasai-Central,Violence against civilians,Attack,1,12,85204,Political violence,712,-6.066,22.2643
2017-07-15,Middle Africa,Democratic Republic of Congo,Kasai-Central,Violence against civilians,Attack,1,1,85204,Political violence,712,-6.066,22.2643
2017-11-11,Middle Africa,Democratic Republic of Congo,Kasai-Central,Violence against civilians,Attack,1,1,11352,Political violence,712,-6.066,22.2643
2017-11-25,Middle Africa,Democratic Republic of Congo,Kasai-Central,Violence against civilians,Attack,1,15,3707,Political violence,712,-6.066,22.2643
2017-12-30,Middle Africa,Democratic Republic of Congo,Kasai-Central,Violence against civilians,Attack,1,1,498849,Political violence,712,-6.066,22.2643
2018-02-10,Middle Africa,Democratic Republic of Congo,Kasai-Central,Violence against civilians,Attack,1,2,498849,Political violence,712,-6.066,22.2643
2018-03-03,Middle Africa,Democratic Republic of Congo,Kasai-Central,Violence against civilians,Attack,1,2,9425,Political violence,712,-6.066,22.2643
2018-05-05,Middle Africa,Democratic Republic of Congo,Kasai-Central,Violence against civilians,Attack,1,8,9425,Political violence,712,-6.066,22.2643
2018-06-16,Middle Africa,Democratic Republic of Congo,Kasai-Central,Violence against civilians,Attack,1,1,11884,Political violence,712,-6.066,22.2643
2018-07-14,Middle Africa,Democratic Republic of Congo,Kasai-Central,Violence against civilians,Attack,1,1,504654,Political violence,712,-6.066,22.2643
2018-11-17,Middle Africa,Democratic Republic of Congo,Kasai-Central,Violence against civilians,Attack,1,3,231223,Political violence,712,-6.066,22.2643
2021-05-01,Middle Africa,Democratic Republic of Congo,Kasai-Central,Violence against civilians,Attack,1,10,10466,Political violence,712,-6.066,22.2643
2023-06-24,Middle Africa,Democratic Republic of Congo,Kasai-Central,Violence against civilians,Attack,1,1,632217,Political violence,712,-6.066,22.2643
2010-10-23,Middle Africa,Democratic Republic of Congo,Kasai-Central,Violence against civilians,Sexual violence,1,1,NA,Political violence,712,-6.066,22.2643
2017-03-18,Middle Africa,Democratic Republic of Congo,Kasai-Central,Violence against civilians,Sexual violence,1,1,11450,Political violence,712,-6.066,22.2643
2017-06-10,Middle Africa,Democratic Republic of Congo,Kasai-Central,Violence against civilians,Sexual violence,1,60,26050,Political violence,712,-6.066,22.2643
2011-12-03,Middle Africa,Democratic Republic of Congo,Kasai-Oriental,Battles,Armed clash,4,3,NA,Political violence,713,-6.2105,23.5515
2012-03-17,Middle Africa,Democratic Republic of Congo,Kasai-Oriental,Battles,Armed clash,1,4,NA,Political violence,713,-6.2105,23.5515
2012-05-12,Middle Africa,Democratic Republic of Congo,Kasai-Oriental,Battles,Armed clash,1,7,NA,Political violence,713,-6.2105,23.5515
2012-12-15,Middle Africa,Democratic Republic of Congo,Kasai-Oriental,Battles,Armed clash,1,9,NA,Political violence,713,-6.2105,23.5515
2016-10-08,Middle Africa,Democratic Republic of Congo,Kasai-Oriental,Battles,Armed clash,2,20,39315,Political violence,713,-6.2105,23.5515
2017-05-20,Middle Africa,Democratic Republic of Congo,Kasai-Oriental,Battles,Armed clash,1,2,39518,Political violence,713,-6.2105,23.5515
2019-09-07,Middle Africa,Democratic Republic of Congo,Kasai-Oriental,Battles,Armed clash,1,4,62446,Political violence,713,-6.2105,23.5515
2020-08-29,Middle Africa,Democratic Republic of Congo,Kasai-Oriental,Battles,Armed clash,2,8,42008,Political violence,713,-6.2105,23.5515
2020-09-05,Middle Africa,Democratic Republic of Congo,Kasai-Oriental,Battles,Armed clash,1,3,42008,Political violence,713,-6.2105,23.5515
2020-12-05,Middle Africa,Democratic Republic of Congo,Kasai-Oriental,Battles,Armed clash,1,2,10004,Political violence,713,-6.2105,23.5515
2022-03-12,Middle Africa,Democratic Republic of Congo,Kasai-Oriental,Battles,Armed clash,1,2,1017243,Political violence,713,-6.2105,23.5515
2022-07-16,Middle Africa,Democratic Republic of Congo,Kasai-Oriental,Battles,Armed clash,2,4,1036126,Political violence,713,-6.2105,23.5515
2024-02-17,Middle Africa,Democratic Republic of Congo,Kasai-Oriental,Battles,Armed clash,1,3,48373,Political violence,713,-6.2105,23.5515
2024-08-03,Middle Africa,Democratic Republic of Congo,Kasai-Oriental,Battles,Armed clash,1,3,1081551,Political violence,713,-6.2105,23.5515
2024-12-28,Middle Africa,Democratic Republic of Congo,Kasai-Oriental,Battles,Armed clash,2,2,45690,Political violence,713,-6.2105,23.5515
2019-03-16,Middle Africa,Democratic Republic of Congo,Kasai-Oriental,Riots,Mob violence,1,1,127664,Political violence,713,-6.2105,23.5515
2019-11-09,Middle Africa,Democratic Republic of Congo,Kasai-Oriental,Riots,Mob violence,2,1,1729,Political violence,713,-6.2105,23.5515
2020-04-04,Middle Africa,Democratic Republic of Congo,Kasai-Oriental,Riots,Mob violence,1,1,42362,Political violence,713,-6.2105,23.5515
2021-09-18,Middle Africa,Democratic Republic of Congo,Kasai-Oriental,Riots,Mob violence,1,1,43941,Political violence,713,-6.2105,23.5515
2021-10-02,Middle Africa,Democratic Republic of Congo,Kasai-Oriental,Riots,Mob violence,1,1,135270,Political violence,713,-6.2105,23.5515
2022-04-09,Middle Africa,Democratic Republic of Congo,Kasai-Oriental,Riots,Mob violence,1,1,1878,Political violence,713,-6.2105,23.5515
2022-07-23,Middle Africa,Democratic Republic of Congo,Kasai-Oriental,Riots,Mob violence,1,3,34235,Political violence,713,-6.2105,23.5515
2023-01-14,Middle Africa,Democratic Republic of Congo,Kasai-Oriental,Riots,Mob violence,1,1,143292,Political violence,713,-6.2105,23.5515
2023-04-22,Middle Africa,Democratic Republic of Congo,Kasai-Oriental,Riots,Mob violence,1,1,29701,Political violence,713,-6.2105,23.5515
2023-05-20,Middle Africa,Democratic Republic of Congo,Kasai-Oriental,Riots,Mob violence,1,1,143292,Political violence,713,-6.2105,23.5515
2025-04-26,Middle Africa,Democratic Republic of Congo,Kasai-Oriental,Riots,Mob violence,1,1,11237,Political violence,713,-6.2105,23.5515
2025-05-31,Middle Africa,Democratic Republic of Congo,Kasai-Oriental,Riots,Mob violence,1,2,65844,Political violence,713,-6.2105,23.5515
2011-12-03,Middle Africa,Democratic Republic of Congo,Kasai-Oriental,Riots,Violent demonstration,1,1,NA,Demonstrations,713,-6.2105,23.5515
2021-06-12,Middle Africa,Democratic Republic of Congo,Kasai-Oriental,Riots,Violent demonstration,1,1,135270,Demonstrations,713,-6.2105,23.5515
2023-10-28,Middle Africa,Democratic Republic of Congo,Kasai-Oriental,Riots,Violent demonstration,2,1,143292,Demonstrations,713,-6.2105,23.5515
2011-09-10,Middle Africa,Democratic Republic of Congo,Kasai-Oriental,Violence against civilians,Attack,1,1,NA,Political violence,713,-6.2105,23.5515
2012-01-28,Middle Africa,Democratic Republic of Congo,Kasai-Oriental,Violence against civilians,Attack,1,1,NA,Political violence,713,-6.2105,23.5515
2016-11-12,Middle Africa,Democratic Republic of Congo,Kasai-Oriental,Violence against civilians,Attack,1,1,838763,Political violence,713,-6.2105,23.5515
2017-06-03,Middle Africa,Democratic Republic of Congo,Kasai-Oriental,Violence against civilians,Attack,1,1,26063,Political violence,713,-6.2105,23.5515
2018-12-08,Middle Africa,Democratic Republic of Congo,Kasai-Oriental,Violence against civilians,Attack,1,1,915986,Political violence,713,-6.2105,23.5515
2019-01-19,Middle Africa,Democratic Republic of Congo,Kasai-Oriental,Violence against civilians,Attack,1,5,944114,Political violence,713,-6.2105,23.5515
2021-02-20,Middle Africa,Democratic Republic of Congo,Kasai-Oriental,Violence against civilians,Attack,1,1,1004606,Political violence,713,-6.2105,23.5515
2024-02-17,Middle Africa,Democratic Republic of Congo,Kasai-Oriental,Violence against civilians,Attack,1,3,48373,Political violence,713,-6.2105,23.5515
2024-12-28,Middle Africa,Democratic Republic of Congo,Kasai-Oriental,Violence against civilians,Attack,1,2,10176,Political violence,713,-6.2105,23.5515
2011-01-29,Middle Africa,Democratic Republic of Congo,Kinshasa,Battles,Armed clash,1,2,NA,Political violence,714,-4.4792,15.7833
2011-02-26,Middle Africa,Democratic Republic of Congo,Kinshasa,Battles,Armed clash,3,17,NA,Political violence,714,-4.4792,15.7833
2011-12-03,Middle Africa,Democratic Republic of Congo,Kinshasa,Battles,Armed clash,1,3,NA,Political violence,714,-4.4792,15.7833
2013-12-28,Middle Africa,Democratic Republic of Congo,Kinshasa,Battles,Armed clash,2,98,NA,Political violence,714,-4.4792,15.7833
2014-04-12,Middle Africa,Democratic Republic of Congo,Kinshasa,Battles,Armed clash,1,1,NA,Political violence,714,-4.4792,15.7833
2014-07-05,Middle Africa,Democratic Republic of Congo,Kinshasa,Battles,Armed clash,1,1,NA,Political violence,714,-4.4792,15.7833
2014-07-19,Middle Africa,Democratic Republic of Congo,Kinshasa,Battles,Armed clash,1,9,NA,Political violence,714,-4.4792,15.7833
2016-06-25,Middle Africa,Democratic Republic of Congo,Kinshasa,Battles,Armed clash,1,1,678253,Political violence,714,-4.4792,15.7833
2017-02-11,Middle Africa,Democratic Republic of Congo,Kinshasa,Battles,Armed clash,2,3,756161,Political violence,714,-4.4792,15.7833
2017-03-04,Middle Africa,Democratic Republic of Congo,Kinshasa,Battles,Armed clash,1,4,756161,Political violence,714,-4.4792,15.7833
2017-05-13,Middle Africa,Democratic Republic of Congo,Kinshasa,Battles,Armed clash,1,50,275661,Political violence,714,-4.4792,15.7833
2017-06-03,Middle Africa,Democratic Republic of Congo,Kinshasa,Battles,Armed clash,2,5,1584172,Political violence,714,-4.4792,15.7833
2017-06-24,Middle Africa,Democratic Republic of Congo,Kinshasa,Battles,Armed clash,1,1,275661,Political violence,714,-4.4792,15.7833
2017-07-08,Middle Africa,Democratic Republic of Congo,Kinshasa,Battles,Armed clash,1,2,275661,Political violence,714,-4.4792,15.7833
2017-08-05,Middle Africa,Democratic Republic of Congo,Kinshasa,Battles,Armed clash,1,12,275661,Political violence,714,-4.4792,15.7833
2018-01-27,Middle Africa,Democratic Republic of Congo,Kinshasa,Battles,Armed clash,1,2,481723,Political violence,714,-4.4792,15.7833
2018-06-23,Middle Africa,Democratic Republic of Congo,Kinshasa,Battles,Armed clash,1,4,205809,Political violence,714,-4.4792,15.7833
2019-05-25,Middle Africa,Democratic Republic of Congo,Kinshasa,Battles,Armed clash,1,3,80421,Political violence,714,-4.4792,15.7833
2019-11-02,Middle Africa,Democratic Republic of Congo,Kinshasa,Battles,Armed clash,1,1,989598,Political violence,714,-4.4792,15.7833
2020-04-18,Middle Africa,Democratic Republic of Congo,Kinshasa,Battles,Armed clash,1,8,629525,Political violence,714,-4.4792,15.7833
2023-05-06,Middle Africa,Democratic Republic of Congo,Kinshasa,Battles,Armed clash,2,3,144118,Political violence,714,-4.4792,15.7833
2023-06-10,Middle Africa,Democratic Republic of Congo,Kinshasa,Battles,Armed clash,1,4,38641,Political violence,714,-4.4792,15.7833
2023-08-19,Middle Africa,Democratic Republic of Congo,Kinshasa,Battles,Armed clash,1,13,17029,Political violence,714,-4.4792,15.7833
2024-05-18,Middle Africa,Democratic Republic of Congo,Kinshasa,Battles,Armed clash,1,4,258078,Political violence,714,-4.4792,15.7833
2024-06-29,Middle Africa,Democratic Republic of Congo,Kinshasa,Battles,Armed clash,1,1,980702,Political violence,714,-4.4792,15.7833
2025-02-22,Middle Africa,Democratic Republic of Congo,Kinshasa,Battles,Armed clash,2,12,7765,Political violence,714,-4.4792,15.7833
2025-03-15,Middle Africa,Democratic Republic of Congo,Kinshasa,Battles,Armed clash,1,1,168574,Political violence,714,-4.4792,15.7833
2025-08-09,Middle Africa,Democratic Republic of Congo,Kinshasa,Battles,Armed clash,3,4,269869,Political violence,714,-4.4792,15.7833
2025-09-27,Middle Africa,Democratic Republic of Congo,Kinshasa,Battles,Armed clash,1,3,497075,Political violence,714,-4.4792,15.7833
2025-11-01,Middle Africa,Democratic Republic of Congo,Kinshasa,Battles,Armed clash,2,5,10089,Political violence,714,-4.4792,15.7833
2025-11-08,Middle Africa,Democratic Republic of Congo,Kinshasa,Battles,Armed clash,1,9,10089,Political violence,714,-4.4792,15.7833
2026-02-07,Middle Africa,Democratic Republic of Congo,Kinshasa,Battles,Armed clash,1,1,NA,Political violence,714,-4.4792,15.7833
2025-09-06,Middle Africa,Democratic Republic of Congo,Kinshasa,Explosions/Remote violence,Remote explosive/landmine/IED,1,1,121997,Political violence,714,-4.4792,15.7833
2014-05-24,Middle Africa,Democratic Republic of Congo,Kinshasa,Protests,Excessive force against protesters,1,2,NA,Political violence; Demonstrations,714,-4.4792,15.7833
2018-01-20,Middle Africa,Democratic Republic of Congo,Kinshasa,Protests,Excessive force against protesters,1,6,74348,Political violence; Demonstrations,714,-4.4792,15.7833
2018-02-24,Middle Africa,Democratic Republic of Congo,Kinshasa,Protests,Excessive force against protesters,2,3,74348,Political violence; Demonstrations,714,-4.4792,15.7833
2018-11-10,Middle Africa,Democratic Republic of Congo,Kinshasa,Protests,Excessive force against protesters,1,1,74348,Political violence; Demonstrations,714,-4.4792,15.7833
2014-08-09,Middle Africa,Democratic Republic of Congo,Kinshasa,Riots,Mob violence,1,1,NA,Political violence,714,-4.4792,15.7833
2017-05-06,Middle Africa,Democratic Republic of Congo,Kinshasa,Riots,Mob violence,1,1,43505,Political violence,714,-4.4792,15.7833
2019-06-15,Middle Africa,Democratic Republic of Congo,Kinshasa,Riots,Mob violence,1,1,185694,Political violence,714,-4.4792,15.7833
2019-07-27,Middle Africa,Democratic Republic of Congo,Kinshasa,Riots,Mob violence,1,3,185694,Political violence,714,-4.4792,15.7833
2021-05-08,Middle Africa,Democratic Republic of Congo,Kinshasa,Riots,Mob violence,1,3,126199,Political violence,714,-4.4792,15.7833
2021-09-11,Middle Africa,Democratic Republic of Congo,Kinshasa,Riots,Mob violence,1,1,309389,Political violence,714,-4.4792,15.7833
2022-01-08,Middle Africa,Democratic Republic of Congo,Kinshasa,Riots,Mob violence,1,2,96809,Political violence,714,-4.4792,15.7833
2022-07-16,Middle Africa,Democratic Republic of Congo,Kinshasa,Riots,Mob violence,1,1,225145,Political violence,714,-4.4792,15.7833
2023-12-09,Middle Africa,Democratic Republic of Congo,Kinshasa,Riots,Mob violence,5,1,684300,Political violence,714,-4.4792,15.7833
2024-06-29,Middle Africa,Democratic Republic of Congo,Kinshasa,Riots,Mob violence,1,1,242206,Political violence,714,-4.4792,15.7833
2024-08-31,Middle Africa,Democratic Republic of Congo,Kinshasa,Riots,Mob violence,2,609,354620,Political violence,714,-4.4792,15.7833
2024-11-16,Middle Africa,Democratic Republic of Congo,Kinshasa,Riots,Mob violence,1,1,292092,Political violence,714,-4.4792,15.7833
2025-04-05,Middle Africa,Democratic Republic of Congo,Kinshasa,Riots,Mob violence,1,1,276649,Political violence,714,-4.4792,15.7833
2025-06-07,Middle Africa,Democratic Republic of Congo,Kinshasa,Riots,Mob violence,1,1,286234,Political violence,714,-4.4792,15.7833
2025-07-26,Middle Africa,Democratic Republic of Congo,Kinshasa,Riots,Mob violence,1,1,196723,Political violence,714,-4.4792,15.7833
2025-09-20,Middle Africa,Democratic Republic of Congo,Kinshasa,Riots,Mob violence,2,2,242841,Political violence,714,-4.4792,15.7833
2026-01-10,Middle Africa,Democratic Republic of Congo,Kinshasa,Riots,Mob violence,1,1,NA,Political violence,714,-4.4792,15.7833
2026-01-31,Middle Africa,Democratic Republic of Congo,Kinshasa,Riots,Mob violence,2,3,335541,Political violence,714,-4.4792,15.7833
2026-02-07,Middle Africa,Democratic Republic of Congo,Kinshasa,Riots,Mob violence,1,1,NA,Political violence,714,-4.4792,15.7833
2011-01-08,Middle Africa,Democratic Republic of Congo,Kinshasa,Riots,Violent demonstration,1,3,NA,Demonstrations,714,-4.4792,15.7833
2011-04-23,Middle Africa,Democratic Republic of Congo,Kinshasa,Riots,Violent demonstration,1,1,NA,Demonstrations,714,-4.4792,15.7833
2011-07-02,Middle Africa,Democratic Republic of Congo,Kinshasa,Riots,Violent demonstration,1,1,NA,Demonstrations,714,-4.4792,15.7833
2011-11-26,Middle Africa,Democratic Republic of Congo,Kinshasa,Riots,Violent demonstration,1,10,NA,Demonstrations,714,-4.4792,15.7833
2011-12-03,Middle Africa,Democratic Republic of Congo,Kinshasa,Riots,Violent demonstration,3,4,NA,Demonstrations,714,-4.4792,15.7833
2011-12-10,Middle Africa,Democratic Republic of Congo,Kinshasa,Riots,Violent demonstration,1,6,NA,Demonstrations,714,-4.4792,15.7833
2011-12-17,Middle Africa,Democratic Republic of Congo,Kinshasa,Riots,Violent demonstration,1,7,NA,Demonstrations,714,-4.4792,15.7833
2015-01-17,Middle Africa,Democratic Republic of Congo,Kinshasa,Riots,Violent demonstration,8,36,1082347,Demonstrations,714,-4.4792,15.7833
2016-07-30,Middle Africa,Democratic Republic of Congo,Kinshasa,Riots,Violent demonstration,1,1,219556,Demonstrations,714,-4.4792,15.7833
2016-09-17,Middle Africa,Democratic Republic of Congo,Kinshasa,Riots,Violent demonstration,3,55,196797,Demonstrations,714,-4.4792,15.7833
2016-12-17,Middle Africa,Democratic Republic of Congo,Kinshasa,Riots,Violent demonstration,2,25,183188,Demonstrations,714,-4.4792,15.7833
2016-12-31,Middle Africa,Democratic Republic of Congo,Kinshasa,Riots,Violent demonstration,1,1,183188,Demonstrations,714,-4.4792,15.7833
2017-07-15,Middle Africa,Democratic Republic of Congo,Kinshasa,Riots,Violent demonstration,1,2,190120,Demonstrations,714,-4.4792,15.7833
2018-11-10,Middle Africa,Democratic Republic of Congo,Kinshasa,Riots,Violent demonstration,2,2,180270,Demonstrations,714,-4.4792,15.7833
2020-01-04,Middle Africa,Democratic Republic of Congo,Kinshasa,Riots,Violent demonstration,2,1,117241,Demonstrations,714,-4.4792,15.7833
2020-03-28,Middle Africa,Democratic Republic of Congo,Kinshasa,Riots,Violent demonstration,1,4,117241,Demonstrations,714,-4.4792,15.7833
2020-06-06,Middle Africa,Democratic Republic of Congo,Kinshasa,Riots,Violent demonstration,1,3,117241,Demonstrations,714,-4.4792,15.7833
2020-07-04,Middle Africa,Democratic Republic of Congo,Kinshasa,Riots,Violent demonstration,2,3,117241,Demonstrations,714,-4.4792,15.7833
2021-10-16,Middle Africa,Democratic Republic of Congo,Kinshasa,Riots,Violent demonstration,4,1,290686,Demonstrations,714,-4.4792,15.7833
2023-02-25,Middle Africa,Democratic Republic of Congo,Kinshasa,Riots,Violent demonstration,2,1,233700,Demonstrations,714,-4.4792,15.7833
2026-02-07,Middle Africa,Democratic Republic of Congo,Kinshasa,Riots,Violent demonstration,1,3,NA,Demonstrations,714,-4.4792,15.7833
2010-05-29,Middle Africa,Democratic Republic of Congo,Kinshasa,Violence against civilians,Attack,2,1,NA,Political violence,714,-4.4792,15.7833
2010-10-02,Middle Africa,Democratic Republic of Congo,Kinshasa,Violence against civilians,Attack,1,1,NA,Political violence,714,-4.4792,15.7833
2011-11-12,Middle Africa,Democratic Republic of Congo,Kinshasa,Violence against civilians,Attack,1,3,NA,Political violence,714,-4.4792,15.7833
2011-12-10,Middle Africa,Democratic Republic of Congo,Kinshasa,Violence against civilians,Attack,1,1,NA,Political violence,714,-4.4792,15.7833
2012-12-22,Middle Africa,Democratic Republic of Congo,Kinshasa,Violence against civilians,Attack,1,1,NA,Political violence,714,-4.4792,15.7833
2012-12-29,Middle Africa,Democratic Republic of Congo,Kinshasa,Violence against civilians,Attack,1,2,NA,Political violence,714,-4.4792,15.7833
2013-09-07,Middle Africa,Democratic Republic of Congo,Kinshasa,Violence against civilians,Attack,1,1,NA,Political violence,714,-4.4792,15.7833
2013-11-16,Middle Africa,Democratic Republic of Congo,Kinshasa,Violence against civilians,Attack,1,20,NA,Political violence,714,-4.4792,15.7833
2013-11-30,Middle Africa,Democratic Republic of Congo,Kinshasa,Violence against civilians,Attack,1,1,NA,Political violence,714,-4.4792,15.7833
2013-12-07,Middle Africa,Democratic Republic of Congo,Kinshasa,Violence against civilians,Attack,1,1,NA,Political violence,714,-4.4792,15.7833
2014-07-12,Middle Africa,Democratic Republic of Congo,Kinshasa,Violence against civilians,Attack,1,5,NA,Political violence,714,-4.4792,15.7833
2014-08-09,Middle Africa,Democratic Republic of Congo,Kinshasa,Violence against civilians,Attack,1,5,NA,Political violence,714,-4.4792,15.7833
2015-04-04,Middle Africa,Democratic Republic of Congo,Kinshasa,Violence against civilians,Attack,1,420,337130,Political violence,714,-4.4792,15.7833
2016-09-17,Middle Africa,Democratic Republic of Congo,Kinshasa,Violence against civilians,Attack,2,3,183188,Political violence,714,-4.4792,15.7833
2018-05-12,Middle Africa,Democratic Republic of Congo,Kinshasa,Violence against civilians,Attack,1,1,405195,Political violence,714,-4.4792,15.7833
2018-05-19,Middle Africa,Democratic Republic of Congo,Kinshasa,Violence against civilians,Attack,1,1,246818,Political violence,714,-4.4792,15.7833
2018-06-16,Middle Africa,Democratic Republic of Congo,Kinshasa,Violence against civilians,Attack,3,8,1032931,Political violence,714,-4.4792,15.7833
2018-06-23,Middle Africa,Democratic Republic of Congo,Kinshasa,Violence against civilians,Attack,2,5,228753,Political violence,714,-4.4792,15.7833
2018-09-15,Middle Africa,Democratic Republic of Congo,Kinshasa,Violence against civilians,Attack,1,3,205809,Political violence,714,-4.4792,15.7833
2019-03-16,Middle Africa,Democratic Republic of Congo,Kinshasa,Violence against civilians,Attack,1,1,363373,Political violence,714,-4.4792,15.7833
2019-05-11,Middle Africa,Democratic Republic of Congo,Kinshasa,Violence against civilians,Attack,1,48,212017,Political violence,714,-4.4792,15.7833
2019-07-13,Middle Africa,Democratic Republic of Congo,Kinshasa,Violence against civilians,Attack,1,2,1227575,Political violence,714,-4.4792,15.7833
2019-10-26,Middle Africa,Democratic Republic of Congo,Kinshasa,Violence against civilians,Attack,1,1,559817,Political violence,714,-4.4792,15.7833
2020-04-18,Middle Africa,Democratic Republic of Congo,Kinshasa,Violence against civilians,Attack,1,1,121607,Political violence,714,-4.4792,15.7833
2020-05-23,Middle Africa,Democratic Republic of Congo,Kinshasa,Violence against civilians,Attack,1,1,121607,Political violence,714,-4.4792,15.7833
2020-08-15,Middle Africa,Democratic Republic of Congo,Kinshasa,Violence against civilians,Attack,1,1,121607,Political violence,714,-4.4792,15.7833
2020-09-19,Middle Africa,Democratic Republic of Congo,Kinshasa,Violence against civilians,Attack,1,1,121607,Political violence,714,-4.4792,15.7833
2021-07-24,Middle Africa,Democratic Republic of Congo,Kinshasa,Violence against civilians,Attack,1,1,126199,Political violence,714,-4.4792,15.7833
2021-11-13,Middle Africa,Democratic Republic of Congo,Kinshasa,Violence against civilians,Attack,1,1,94081,Political violence,714,-4.4792,15.7833
2022-01-22,Middle Africa,Democratic Republic of Congo,Kinshasa,Violence against civilians,Attack,2,2,482638,Political violence,714,-4.4792,15.7833
2022-07-09,Middle Africa,Democratic Republic of Congo,Kinshasa,Violence against civilians,Attack,1,1,935306,Political violence,714,-4.4792,15.7833
2022-07-16,Middle Africa,Democratic Republic of Congo,Kinshasa,Violence against civilians,Attack,1,2,670659,Political violence,714,-4.4792,15.7833
2022-11-26,Middle Africa,Democratic Republic of Congo,Kinshasa,Violence against civilians,Attack,1,12,158619,Political violence,714,-4.4792,15.7833
2023-02-11,Middle Africa,Democratic Republic of Congo,Kinshasa,Violence against civilians,Attack,1,1,935234,Political violence,714,-4.4792,15.7833
2023-05-06,Middle Africa,Democratic Republic of Congo,Kinshasa,Violence against civilians,Attack,2,9,271342,Political violence,714,-4.4792,15.7833
2023-05-27,Middle Africa,Democratic Republic of Congo,Kinshasa,Violence against civilians,Attack,5,20,18082,Political violence,714,-4.4792,15.7833
2023-06-03,Middle Africa,Democratic Republic of Congo,Kinshasa,Violence against civilians,Attack,1,5,17029,Political violence,714,-4.4792,15.7833
2023-06-10,Middle Africa,Democratic Republic of Congo,Kinshasa,Violence against civilians,Attack,1,1,114809,Political violence,714,-4.4792,15.7833
2023-07-08,Middle Africa,Democratic Republic of Congo,Kinshasa,Violence against civilians,Attack,2,1,463137,Political violence,714,-4.4792,15.7833
2023-07-22,Middle Africa,Democratic Republic of Congo,Kinshasa,Violence against civilians,Attack,1,2,17029,Political violence,714,-4.4792,15.7833
2023-11-11,Middle Africa,Democratic Republic of Congo,Kinshasa,Violence against civilians,Attack,1,9,17029,Political violence,714,-4.4792,15.7833
2023-12-16,Middle Africa,Democratic Republic of Congo,Kinshasa,Violence against civilians,Attack,2,1,209427,Political violence,714,-4.4792,15.7833
2024-04-06,Middle Africa,Democratic Republic of Congo,Kinshasa,Violence against civilians,Attack,1,1,1176387,Political violence,714,-4.4792,15.7833
2024-05-04,Middle Africa,Democratic Republic of Congo,Kinshasa,Violence against civilians,Attack,2,2,554502,Political violence,714,-4.4792,15.7833
2024-05-18,Middle Africa,Democratic Republic of Congo,Kinshasa,Violence against civilians,Attack,1,2,579019,Political violence,714,-4.4792,15.7833
2024-06-29,Middle Africa,Democratic Republic of Congo,Kinshasa,Violence against civilians,Attack,1,1,550844,Political violence,714,-4.4792,15.7833
2024-07-06,Middle Africa,Democratic Republic of Congo,Kinshasa,Violence against civilians,Attack,1,6,246739,Political violence,714,-4.4792,15.7833
2024-08-24,Middle Africa,Democratic Republic of Congo,Kinshasa,Violence against civilians,Attack,1,3,215129,Political violence,714,-4.4792,15.7833
2024-09-07,Middle Africa,Democratic Republic of Congo,Kinshasa,Violence against civilians,Attack,1,1,181644,Political violence,714,-4.4792,15.7833
2025-02-01,Middle Africa,Democratic Republic of Congo,Kinshasa,Violence against civilians,Attack,1,3,7765,Political violence,714,-4.4792,15.7833
2025-03-15,Middle Africa,Democratic Republic of Congo,Kinshasa,Violence against civilians,Attack,1,1,182161,Political violence,714,-4.4792,15.7833
2025-04-26,Middle Africa,Democratic Republic of Congo,Kinshasa,Violence against civilians,Attack,1,1,25579,Political violence,714,-4.4792,15.7833
2025-05-03,Middle Africa,Democratic Republic of Congo,Kinshasa,Violence against civilians,Attack,1,1,121997,Political violence,714,-4.4792,15.7833
2025-06-07,Middle Africa,Democratic Republic of Congo,Kinshasa,Violence against civilians,Attack,1,3,481881,Political violence,714,-4.4792,15.7833
2025-07-19,Middle Africa,Democratic Republic of Congo,Kinshasa,Violence against civilians,Attack,2,2,141957,Political violence,714,-4.4792,15.7833
2025-08-23,Middle Africa,Democratic Republic of Congo,Kinshasa,Violence against civilians,Attack,1,1,188246,Political violence,714,-4.4792,15.7833
2025-09-20,Middle Africa,Democratic Republic of Congo,Kinshasa,Violence against civilians,Attack,1,1,126975,Political violence,714,-4.4792,15.7833
2025-12-13,Middle Africa,Democratic Republic of Congo,Kinshasa,Violence against civilians,Attack,1,2,126975,Political violence,714,-4.4792,15.7833
2026-01-10,Middle Africa,Democratic Republic of Congo,Kinshasa,Violence against civilians,Attack,1,1,131505,Political violence,714,-4.4792,15.7833
2009-07-11,Middle Africa,Democratic Republic of Congo,Kinshasa,Violence against civilians,Sexual violence,1,4,NA,Political violence,714,-4.4792,15.7833
2018-04-28,Middle Africa,Democratic Republic of Congo,Kinshasa,Violence against civilians,Sexual violence,1,4,405195,Political violence,714,-4.4792,15.7833
2018-06-16,Middle Africa,Democratic Republic of Congo,Kinshasa,Violence against civilians,Sexual violence,2,4,491771,Political violence,714,-4.4792,15.7833
2018-09-15,Middle Africa,Democratic Republic of Congo,Kinshasa,Violence against civilians,Sexual violence,1,5,459356,Political violence,714,-4.4792,15.7833
2020-02-29,Middle Africa,Democratic Republic of Congo,Kinshasa,Violence against civilians,Sexual violence,1,1,121607,Political violence,714,-4.4792,15.7833
2021-12-11,Middle Africa,Democratic Republic of Congo,Kinshasa,Violence against civilians,Sexual violence,1,1,94081,Political violence,714,-4.4792,15.7833
2025-07-26,Middle Africa,Democratic Republic of Congo,Kinshasa,Violence against civilians,Sexual violence,1,1,456241,Political violence,714,-4.4792,15.7833
2011-04-30,Middle Africa,Democratic Republic of Congo,Kongo-Central,Battles,Armed clash,5,4,NA,Political violence,715,-5.1431,14.3853
2017-01-21,Middle Africa,Democratic Republic of Congo,Kongo-Central,Battles,Armed clash,1,5,167473,Political violence,715,-5.1431,14.3853
2017-01-28,Middle Africa,Democratic Republic of Congo,Kongo-Central,Battles,Armed clash,2,13,167473,Political violence,715,-5.1431,14.3853
2017-08-05,Middle Africa,Democratic Republic of Congo,Kongo-Central,Battles,Armed clash,2,5,858000,Political violence,715,-5.1431,14.3853
2019-05-11,Middle Africa,Democratic Republic of Congo,Kongo-Central,Battles,Armed clash,2,1,389375,Political violence,715,-5.1431,14.3853
2019-07-20,Middle Africa,Democratic Republic of Congo,Kongo-Central,Battles,Armed clash,2,2,664126,Political violence,715,-5.1431,14.3853
2020-04-11,Middle Africa,Democratic Republic of Congo,Kongo-Central,Battles,Armed clash,1,6,330916,Political violence,715,-5.1431,14.3853
2020-04-18,Middle Africa,Democratic Republic of Congo,Kongo-Central,Battles,Armed clash,1,14,27701,Political violence,715,-5.1431,14.3853
2020-06-13,Middle Africa,Democratic Republic of Congo,Kongo-Central,Battles,Armed clash,1,6,74749,Political violence,715,-5.1431,14.3853
2020-06-20,Middle Africa,Democratic Republic of Congo,Kongo-Central,Battles,Armed clash,1,5,74749,Political violence,715,-5.1431,14.3853
2023-09-09,Middle Africa,Democratic Republic of Congo,Kongo-Central,Battles,Armed clash,1,18,18124,Political violence,715,-5.1431,14.3853
2024-04-27,Middle Africa,Democratic Republic of Congo,Kongo-Central,Battles,Armed clash,1,2,87193,Political violence,715,-5.1431,14.3853
2025-01-11,Middle Africa,Democratic Republic of Congo,Kongo-Central,Battles,Armed clash,1,1,129233,Political violence,715,-5.1431,14.3853
2025-05-03,Middle Africa,Democratic Republic of Congo,Kongo-Central,Battles,Armed clash,1,5,15873,Political violence,715,-5.1431,14.3853
2025-07-19,Middle Africa,Democratic Republic of Congo,Kongo-Central,Battles,Armed clash,1,1,127362,Political violence,715,-5.1431,14.3853
2021-07-17,Middle Africa,Democratic Republic of Congo,Kongo-Central,Explosions/Remote violence,Remote explosive/landmine/IED,1,1,6618,Political violence,715,-5.1431,14.3853
2020-07-04,Middle Africa,Democratic Republic of Congo,Kongo-Central,Protests,Excessive force against protesters,2,1,80590,Political violence; Demonstrations,715,-5.1431,14.3853
2021-02-13,Middle Africa,Democratic Republic of Congo,Kongo-Central,Protests,Excessive force against protesters,1,1,2575,Political violence; Demonstrations,715,-5.1431,14.3853
2015-04-18,Middle Africa,Democratic Republic of Congo,Kongo-Central,Riots,Mob violence,1,1,179158,Political violence,715,-5.1431,14.3853
2018-09-01,Middle Africa,Democratic Republic of Congo,Kongo-Central,Riots,Mob violence,1,1,201806,Political violence,715,-5.1431,14.3853
2020-09-12,Middle Africa,Democratic Republic of Congo,Kongo-Central,Riots,Mob violence,1,1,131893,Political violence,715,-5.1431,14.3853
2021-11-20,Middle Africa,Democratic Republic of Congo,Kongo-Central,Riots,Mob violence,1,1,136070,Political violence,715,-5.1431,14.3853
2022-01-08,Middle Africa,Democratic Republic of Congo,Kongo-Central,Riots,Mob violence,1,3,6963,Political violence,715,-5.1431,14.3853
2022-08-20,Middle Africa,Democratic Republic of Congo,Kongo-Central,Riots,Mob violence,1,1,226286,Political violence,715,-5.1431,14.3853
2022-10-01,Middle Africa,Democratic Republic of Congo,Kongo-Central,Riots,Mob violence,1,1,252289,Political violence,715,-5.1431,14.3853
2022-12-10,Middle Africa,Democratic Republic of Congo,Kongo-Central,Riots,Mob violence,1,2,226286,Political violence,715,-5.1431,14.3853
2023-05-06,Middle Africa,Democratic Republic of Congo,Kongo-Central,Riots,Mob violence,1,1,233319,Political violence,715,-5.1431,14.3853
2023-06-03,Middle Africa,Democratic Republic of Congo,Kongo-Central,Riots,Mob violence,1,1,3729,Political violence,715,-5.1431,14.3853
2023-06-10,Middle Africa,Democratic Republic of Congo,Kongo-Central,Riots,Mob violence,1,1,3729,Political violence,715,-5.1431,14.3853
2024-10-19,Middle Africa,Democratic Republic of Congo,Kongo-Central,Riots,Mob violence,1,1,269018,Political violence,715,-5.1431,14.3853
2025-01-11,Middle Africa,Democratic Republic of Congo,Kongo-Central,Riots,Mob violence,1,1,107134,Political violence,715,-5.1431,14.3853
2025-02-22,Middle Africa,Democratic Republic of Congo,Kongo-Central,Riots,Mob violence,1,2,101700,Political violence,715,-5.1431,14.3853
2025-04-05,Middle Africa,Democratic Republic of Congo,Kongo-Central,Riots,Mob violence,1,1,277635,Political violence,715,-5.1431,14.3853
2025-07-05,Middle Africa,Democratic Republic of Congo,Kongo-Central,Riots,Mob violence,1,3,277635,Political violence,715,-5.1431,14.3853
2025-07-19,Middle Africa,Democratic Republic of Congo,Kongo-Central,Riots,Mob violence,1,1,109951,Political violence,715,-5.1431,14.3853
2025-08-23,Middle Africa,Democratic Republic of Congo,Kongo-Central,Riots,Mob violence,1,4,154558,Political violence,715,-5.1431,14.3853
2016-02-20,Middle Africa,Democratic Republic of Congo,Kongo-Central,Riots,Violent demonstration,1,2,3077,Demonstrations,715,-5.1431,14.3853
2016-12-17,Middle Africa,Democratic Republic of Congo,Kongo-Central,Riots,Violent demonstration,1,3,207415,Demonstrations,715,-5.1431,14.3853
2020-04-11,Middle Africa,Democratic Republic of Congo,Kongo-Central,Riots,Violent demonstration,1,4,599,Demonstrations,715,-5.1431,14.3853
2024-01-27,Middle Africa,Democratic Republic of Congo,Kongo-Central,Riots,Violent demonstration,1,3,98800,Demonstrations,715,-5.1431,14.3853
2024-08-17,Middle Africa,Democratic Republic of Congo,Kongo-Central,Riots,Violent demonstration,1,2,13487,Demonstrations,715,-5.1431,14.3853
2025-09-20,Middle Africa,Democratic Republic of Congo,Kongo-Central,Riots,Violent demonstration,1,2,7567,Demonstrations,715,-5.1431,14.3853
2009-08-08,Middle Africa,Democratic Republic of Congo,Kongo-Central,Violence against civilians,Attack,2,6,NA,Political violence,715,-5.1431,14.3853
2013-05-04,Middle Africa,Democratic Republic of Congo,Kongo-Central,Violence against civilians,Attack,1,7,NA,Political violence,715,-5.1431,14.3853
2015-04-18,Middle Africa,Democratic Republic of Congo,Kongo-Central,Violence against civilians,Attack,2,3,307568,Political violence,715,-5.1431,14.3853
2017-04-29,Middle Africa,Democratic Republic of Congo,Kongo-Central,Violence against civilians,Attack,1,3,526316,Political violence,715,-5.1431,14.3853
2017-12-30,Middle Africa,Democratic Republic of Congo,Kongo-Central,Violence against civilians,Attack,1,10,344103,Political violence,715,-5.1431,14.3853
2018-09-29,Middle Africa,Democratic Republic of Congo,Kongo-Central,Violence against civilians,Attack,1,1,310848,Political violence,715,-5.1431,14.3853
2018-10-27,Middle Africa,Democratic Republic of Congo,Kongo-Central,Violence against civilians,Attack,1,2,3012,Political violence,715,-5.1431,14.3853
2019-09-28,Middle Africa,Democratic Republic of Congo,Kongo-Central,Violence against civilians,Attack,2,2,562812,Political violence,715,-5.1431,14.3853
2020-06-06,Middle Africa,Democratic Republic of Congo,Kongo-Central,Violence against civilians,Attack,1,1,74749,Political violence,715,-5.1431,14.3853
2020-07-25,Middle Africa,Democratic Republic of Congo,Kongo-Central,Violence against civilians,Attack,1,2,102836,Political violence,715,-5.1431,14.3853
2020-08-15,Middle Africa,Democratic Republic of Congo,Kongo-Central,Violence against civilians,Attack,1,1,580807,Political violence,715,-5.1431,14.3853
2020-11-07,Middle Africa,Democratic Republic of Congo,Kongo-Central,Violence against civilians,Attack,1,7,131171,Political violence,715,-5.1431,14.3853
2022-06-25,Middle Africa,Democratic Republic of Congo,Kongo-Central,Violence against civilians,Attack,1,8,NA,Political violence,715,-5.1431,14.3853
2022-11-05,Middle Africa,Democratic Republic of Congo,Kongo-Central,Violence against civilians,Attack,1,1,109953,Political violence,715,-5.1431,14.3853
2023-05-13,Middle Africa,Democratic Republic of Congo,Kongo-Central,Violence against civilians,Attack,1,2,639872,Political violence,715,-5.1431,14.3853
2023-07-01,Middle Africa,Democratic Republic of Congo,Kongo-Central,Violence against civilians,Attack,2,2,121841,Political violence,715,-5.1431,14.3853
2023-10-28,Middle Africa,Democratic Republic of Congo,Kongo-Central,Violence against civilians,Attack,1,1,364042,Political violence,715,-5.1431,14.3853
2023-11-25,Middle Africa,Democratic Republic of Congo,Kongo-Central,Violence against civilians,Attack,1,2,63373,Political violence,715,-5.1431,14.3853
2024-04-20,Middle Africa,Democratic Republic of Congo,Kongo-Central,Violence against civilians,Attack,1,1,209851,Political violence,715,-5.1431,14.3853
2024-11-09,Middle Africa,Democratic Republic of Congo,Kongo-Central,Violence against civilians,Attack,1,1,18779,Political violence,715,-5.1431,14.3853
2025-05-10,Middle Africa,Democratic Republic of Congo,Kongo-Central,Violence against civilians,Attack,1,3,433380,Political violence,715,-5.1431,14.3853
2025-09-20,Middle Africa,Democratic Republic of Congo,Kongo-Central,Violence against civilians,Attack,1,1,10642,Political violence,715,-5.1431,14.3853
2021-10-30,Middle Africa,Democratic Republic of Congo,Kongo-Central,Violence against civilians,Sexual violence,1,2,380041,Political violence,715,-5.1431,14.3853
2023-07-01,Middle Africa,Democratic Republic of Congo,Kongo-Central,Violence against civilians,Sexual violence,1,30,18124,Political violence,715,-5.1431,14.3853
2012-06-23,Middle Africa,Democratic Republic of Congo,Kwango,Battles,Armed clash,1,2,NA,Political violence,716,-6.2108,17.7707
2023-05-06,Middle Africa,Democratic Republic of Congo,Kwango,Battles,Armed clash,1,5,23269,Political violence,716,-6.2108,17.7707
2023-05-13,Middle Africa,Democratic Republic of Congo,Kwango,Battles,Armed clash,1,11,7164,Political violence,716,-6.2108,17.7707
2023-05-20,Middle Africa,Democratic Republic of Congo,Kwango,Battles,Armed clash,1,3,4622,Political violence,716,-6.2108,17.7707
2023-06-03,Middle Africa,Democratic Republic of Congo,Kwango,Battles,Armed clash,1,2,55047,Political violence,716,-6.2108,17.7707
2023-07-08,Middle Africa,Democratic Republic of Congo,Kwango,Battles,Armed clash,1,8,11935,Political violence,716,-6.2108,17.7707
2023-08-12,Middle Africa,Democratic Republic of Congo,Kwango,Battles,Armed clash,1,12,55047,Political violence,716,-6.2108,17.7707
2023-09-16,Middle Africa,Democratic Republic of Congo,Kwango,Battles,Armed clash,1,18,3347,Political violence,716,-6.2108,17.7707
2024-09-14,Middle Africa,Democratic Republic of Congo,Kwango,Battles,Armed clash,1,4,12387,Political violence,716,-6.2108,17.7707
2024-09-21,Middle Africa,Democratic Republic of Congo,Kwango,Battles,Armed clash,1,4,NA,Political violence,716,-6.2108,17.7707
2024-11-16,Middle Africa,Democratic Republic of Congo,Kwango,Battles,Armed clash,1,6,12387,Political violence,716,-6.2108,17.7707
2024-12-07,Middle Africa,Democratic Republic of Congo,Kwango,Battles,Armed clash,3,28,56782,Political violence,716,-6.2108,17.7707
2025-03-15,Middle Africa,Democratic Republic of Congo,Kwango,Battles,Armed clash,1,10,817,Political violence,716,-6.2108,17.7707
2024-08-17,Middle Africa,Democratic Republic of Congo,Kwango,Riots,Mob violence,1,1,8701,Political violence,716,-6.2108,17.7707
2014-10-18,Middle Africa,Democratic Republic of Congo,Kwango,Violence against civilians,Attack,1,1,NA,Political violence,716,-6.2108,17.7707
2020-08-15,Middle Africa,Democratic Republic of Congo,Kwango,Violence against civilians,Attack,1,1,10682,Political violence,716,-6.2108,17.7707
2023-04-01,Middle Africa,Democratic Republic of Congo,Kwango,Violence against civilians,Attack,1,1,23269,Political violence,716,-6.2108,17.7707
2023-05-06,Middle Africa,Democratic Republic of Congo,Kwango,Violence against civilians,Attack,1,10,7164,Political violence,716,-6.2108,17.7707
2023-05-13,Middle Africa,Democratic Republic of Congo,Kwango,Violence against civilians,Attack,1,5,23269,Political violence,716,-6.2108,17.7707
2023-08-05,Middle Africa,Democratic Republic of Congo,Kwango,Violence against civilians,Attack,2,27,56747,Political violence,716,-6.2108,17.7707
2024-01-27,Middle Africa,Democratic Republic of Congo,Kwango,Violence against civilians,Attack,1,7,14865,Political violence,716,-6.2108,17.7707
2024-08-10,Middle Africa,Democratic Republic of Congo,Kwango,Violence against civilians,Attack,1,5,14865,Political violence,716,-6.2108,17.7707
2025-05-17,Middle Africa,Democratic Republic of Congo,Kwango,Violence against civilians,Attack,1,1,40302,Political violence,716,-6.2108,17.7707
2012-05-26,Middle Africa,Democratic Republic of Congo,Kwilu,Battles,Armed clash,1,1,NA,Political violence,717,-4.8097,18.8047
2013-03-09,Middle Africa,Democratic Republic of Congo,Kwilu,Battles,Armed clash,2,4,NA,Political violence,717,-4.8097,18.8047
2013-03-16,Middle Africa,Democratic Republic of Congo,Kwilu,Battles,Armed clash,1,2,NA,Political violence,717,-4.8097,18.8047
2019-07-27,Middle Africa,Democratic Republic of Congo,Kwilu,Battles,Armed clash,1,1,237254,Political violence,717,-4.8097,18.8047
2021-01-02,Middle Africa,Democratic Republic of Congo,Kwilu,Battles,Armed clash,1,2,44082,Political violence,717,-4.8097,18.8047
2021-08-14,Middle Africa,Democratic Republic of Congo,Kwilu,Battles,Armed clash,1,1,5216,Political violence,717,-4.8097,18.8047
2021-10-30,Middle Africa,Democratic Republic of Congo,Kwilu,Battles,Armed clash,1,3,5216,Political violence,717,-4.8097,18.8047
2022-03-05,Middle Africa,Democratic Republic of Congo,Kwilu,Battles,Armed clash,1,1,543279,Political violence,717,-4.8097,18.8047
2023-05-13,Middle Africa,Democratic Republic of Congo,Kwilu,Battles,Armed clash,1,10,38851,Political violence,717,-4.8097,18.8047
2023-09-09,Middle Africa,Democratic Republic of Congo,Kwilu,Battles,Armed clash,1,1,561714,Political violence,717,-4.8097,18.8047
2024-01-06,Middle Africa,Democratic Republic of Congo,Kwilu,Battles,Armed clash,1,1,278871,Political violence,717,-4.8097,18.8047
2024-05-11,Middle Africa,Democratic Republic of Congo,Kwilu,Battles,Armed clash,1,4,16539,Political violence,717,-4.8097,18.8047
2024-09-14,Middle Africa,Democratic Republic of Congo,Kwilu,Battles,Armed clash,1,3,16539,Political violence,717,-4.8097,18.8047
2025-03-29,Middle Africa,Democratic Republic of Congo,Kwilu,Battles,Armed clash,1,19,10038,Political violence,717,-4.8097,18.8047
2026-01-31,Middle Africa,Democratic Republic of Congo,Kwilu,Battles,Armed clash,1,4,NA,Political violence,717,-4.8097,18.8047
2018-12-29,Middle Africa,Democratic Republic of Congo,Kwilu,Protests,Excessive force against protesters,1,1,35086,Political violence; Demonstrations,717,-4.8097,18.8047
2022-12-24,Middle Africa,Democratic Republic of Congo,Kwilu,Protests,Excessive force against protesters,1,1,4604,Political violence; Demonstrations,717,-4.8097,18.8047
2025-03-08,Middle Africa,Democratic Republic of Congo,Kwilu,Protests,Excessive force against protesters,1,1,1509,Political violence; Demonstrations,717,-4.8097,18.8047
2015-03-21,Middle Africa,Democratic Republic of Congo,Kwilu,Riots,Mob violence,1,1,1864,Political violence,717,-4.8097,18.8047
2020-07-04,Middle Africa,Democratic Republic of Congo,Kwilu,Riots,Mob violence,1,1,18442,Political violence,717,-4.8097,18.8047
2022-01-22,Middle Africa,Democratic Republic of Congo,Kwilu,Riots,Mob violence,1,1,100864,Political violence,717,-4.8097,18.8047
2022-02-12,Middle Africa,Democratic Republic of Congo,Kwilu,Riots,Mob violence,1,1,2381,Political violence,717,-4.8097,18.8047
2022-06-11,Middle Africa,Democratic Republic of Congo,Kwilu,Riots,Mob violence,1,1,103349,Political violence,717,-4.8097,18.8047
2022-07-23,Middle Africa,Democratic Republic of Congo,Kwilu,Riots,Mob violence,1,6,103349,Political violence,717,-4.8097,18.8047
2022-08-20,Middle Africa,Democratic Republic of Congo,Kwilu,Riots,Mob violence,1,3,100864,Political violence,717,-4.8097,18.8047
2022-09-24,Middle Africa,Democratic Republic of Congo,Kwilu,Riots,Mob violence,1,2,100864,Political violence,717,-4.8097,18.8047
2022-10-15,Middle Africa,Democratic Republic of Congo,Kwilu,Riots,Mob violence,1,1,100864,Political violence,717,-4.8097,18.8047
2022-11-12,Middle Africa,Democratic Republic of Congo,Kwilu,Riots,Mob violence,1,1,152143,Political violence,717,-4.8097,18.8047
2022-11-26,Middle Africa,Democratic Republic of Congo,Kwilu,Riots,Mob violence,1,1,2381,Political violence,717,-4.8097,18.8047
2022-12-31,Middle Africa,Democratic Republic of Congo,Kwilu,Riots,Mob violence,2,6,39637,Political violence,717,-4.8097,18.8047
2023-02-04,Middle Africa,Democratic Republic of Congo,Kwilu,Riots,Mob violence,1,1,93039,Political violence,717,-4.8097,18.8047
2023-05-06,Middle Africa,Democratic Republic of Congo,Kwilu,Riots,Mob violence,1,1,2469,Political violence,717,-4.8097,18.8047
2023-10-14,Middle Africa,Democratic Republic of Congo,Kwilu,Riots,Mob violence,1,2,31165,Political violence,717,-4.8097,18.8047
2024-04-20,Middle Africa,Democratic Republic of Congo,Kwilu,Riots,Mob violence,1,4,108246,Political violence,717,-4.8097,18.8047
2024-05-11,Middle Africa,Democratic Republic of Congo,Kwilu,Riots,Mob violence,1,1,2561,Political violence,717,-4.8097,18.8047
2024-05-18,Middle Africa,Democratic Republic of Congo,Kwilu,Riots,Mob violence,1,1,2561,Political violence,717,-4.8097,18.8047
2024-09-07,Middle Africa,Democratic Republic of Congo,Kwilu,Riots,Mob violence,1,1,108246,Political violence,717,-4.8097,18.8047
2026-01-03,Middle Africa,Democratic Republic of Congo,Kwilu,Riots,Mob violence,1,3,6388,Political violence,717,-4.8097,18.8047
2026-01-24,Middle Africa,Democratic Republic of Congo,Kwilu,Riots,Mob violence,1,1,NA,Political violence,717,-4.8097,18.8047
2011-04-23,Middle Africa,Democratic Republic of Congo,Kwilu,Riots,Violent demonstration,1,3,NA,Demonstrations,717,-4.8097,18.8047
2016-12-17,Middle Africa,Democratic Republic of Congo,Kwilu,Riots,Violent demonstration,1,2,587,Demonstrations,717,-4.8097,18.8047
2017-04-15,Middle Africa,Democratic Republic of Congo,Kwilu,Riots,Violent demonstration,1,2,76584,Demonstrations,717,-4.8097,18.8047
2017-06-10,Middle Africa,Democratic Republic of Congo,Kwilu,Riots,Violent demonstration,1,1,84964,Demonstrations,717,-4.8097,18.8047
2019-01-05,Middle Africa,Democratic Republic of Congo,Kwilu,Riots,Violent demonstration,1,3,138708,Demonstrations,717,-4.8097,18.8047
2021-06-12,Middle Africa,Democratic Republic of Congo,Kwilu,Riots,Violent demonstration,2,1,102733,Demonstrations,717,-4.8097,18.8047
2014-09-06,Middle Africa,Democratic Republic of Congo,Kwilu,Violence against civilians,Attack,1,1,NA,Political violence,717,-4.8097,18.8047
2022-02-19,Middle Africa,Democratic Republic of Congo,Kwilu,Violence against civilians,Attack,1,1,114935,Political violence,717,-4.8097,18.8047
2022-07-23,Middle Africa,Democratic Republic of Congo,Kwilu,Violence against civilians,Attack,1,1,208986,Political violence,717,-4.8097,18.8047
2022-09-24,Middle Africa,Democratic Republic of Congo,Kwilu,Violence against civilians,Attack,3,1,35557,Political violence,717,-4.8097,18.8047
2022-10-08,Middle Africa,Democratic Republic of Congo,Kwilu,Violence against civilians,Attack,2,16,39769,Political violence,717,-4.8097,18.8047
2022-10-29,Middle Africa,Democratic Republic of Congo,Kwilu,Violence against civilians,Attack,1,16,15542,Political violence,717,-4.8097,18.8047
2022-11-05,Middle Africa,Democratic Republic of Congo,Kwilu,Violence against civilians,Attack,2,9,37472,Political violence,717,-4.8097,18.8047
2022-12-03,Middle Africa,Democratic Republic of Congo,Kwilu,Violence against civilians,Attack,1,13,37472,Political violence,717,-4.8097,18.8047
2023-03-25,Middle Africa,Democratic Republic of Congo,Kwilu,Violence against civilians,Attack,2,14,38851,Political violence,717,-4.8097,18.8047
2023-05-27,Middle Africa,Democratic Republic of Congo,Kwilu,Violence against civilians,Attack,1,2,995,Political violence,717,-4.8097,18.8047
2023-11-25,Middle Africa,Democratic Republic of Congo,Kwilu,Violence against civilians,Attack,1,1,5699,Political violence,717,-4.8097,18.8047
2024-01-06,Middle Africa,Democratic Republic of Congo,Kwilu,Violence against civilians,Attack,1,4,40206,Political violence,717,-4.8097,18.8047
2011-07-16,Middle Africa,Democratic Republic of Congo,Lomami,Battles,Armed clash,1,3,NA,Political violence,718,-6.4042,24.6415
2011-08-06,Middle Africa,Democratic Republic of Congo,Lomami,Battles,Armed clash,1,30,NA,Political violence,718,-6.4042,24.6415
2014-06-28,Middle Africa,Democratic Republic of Congo,Lomami,Battles,Armed clash,1,2,NA,Political violence,718,-6.4042,24.6415
2014-11-22,Middle Africa,Democratic Republic of Congo,Lomami,Battles,Armed clash,1,2,NA,Political violence,718,-6.4042,24.6415
2017-03-11,Middle Africa,Democratic Republic of Congo,Lomami,Battles,Armed clash,2,21,291031,Political violence,718,-6.4042,24.6415
2017-04-08,Middle Africa,Democratic Republic of Congo,Lomami,Battles,Armed clash,1,3,12172,Political violence,718,-6.4042,24.6415
2019-07-27,Middle Africa,Democratic Republic of Congo,Lomami,Battles,Armed clash,1,1,975,Political violence,718,-6.4042,24.6415
2020-05-16,Middle Africa,Democratic Republic of Congo,Lomami,Battles,Armed clash,1,2,22319,Political violence,718,-6.4042,24.6415
2020-05-30,Middle Africa,Democratic Republic of Congo,Lomami,Battles,Armed clash,1,1,56703,Political violence,718,-6.4042,24.6415
2023-08-12,Middle Africa,Democratic Republic of Congo,Lomami,Battles,Armed clash,1,1,32802,Political violence,718,-6.4042,24.6415
2024-11-09,Middle Africa,Democratic Republic of Congo,Lomami,Battles,Armed clash,2,3,128664,Political violence,718,-6.4042,24.6415
2025-07-12,Middle Africa,Democratic Republic of Congo,Lomami,Battles,Armed clash,1,2,35214,Political violence,718,-6.4042,24.6415
2015-08-15,Middle Africa,Democratic Republic of Congo,Lomami,Riots,Mob violence,1,1,6,Political violence,718,-6.4042,24.6415
2021-03-27,Middle Africa,Democratic Republic of Congo,Lomami,Riots,Mob violence,1,2,61081,Political violence,718,-6.4042,24.6415
2021-07-24,Middle Africa,Democratic Republic of Congo,Lomami,Riots,Mob violence,1,2,148475,Political violence,718,-6.4042,24.6415
2022-09-10,Middle Africa,Democratic Republic of Congo,Lomami,Riots,Mob violence,1,1,153197,Political violence,718,-6.4042,24.6415
2023-04-29,Middle Africa,Democratic Republic of Congo,Lomami,Riots,Mob violence,1,1,10614,Political violence,718,-6.4042,24.6415
2024-03-23,Middle Africa,Democratic Republic of Congo,Lomami,Riots,Mob violence,1,1,163327,Political violence,718,-6.4042,24.6415
2024-07-20,Middle Africa,Democratic Republic of Congo,Lomami,Riots,Mob violence,1,1,163327,Political violence,718,-6.4042,24.6415
2025-05-17,Middle Africa,Democratic Republic of Congo,Lomami,Riots,Mob violence,1,2,78113,Political violence,718,-6.4042,24.6415
2025-06-07,Middle Africa,Democratic Republic of Congo,Lomami,Riots,Mob violence,1,2,78113,Political violence,718,-6.4042,24.6415
2025-11-22,Middle Africa,Democratic Republic of Congo,Lomami,Riots,Mob violence,1,3,NA,Political violence,718,-6.4042,24.6415
2013-02-23,Middle Africa,Democratic Republic of Congo,Lomami,Riots,Violent demonstration,3,4,NA,Demonstrations,718,-6.4042,24.6415
2019-08-03,Middle Africa,Democratic Republic of Congo,Lomami,Violence against civilians,Attack,1,2,8691,Political violence,718,-6.4042,24.6415
2022-07-02,Middle Africa,Democratic Republic of Congo,Lomami,Violence against civilians,Attack,1,1,119654,Political violence,718,-6.4042,24.6415
2022-08-13,Middle Africa,Democratic Republic of Congo,Lomami,Violence against civilians,Attack,1,2,344209,Political violence,718,-6.4042,24.6415
2023-06-24,Middle Africa,Democratic Republic of Congo,Lomami,Violence against civilians,Attack,1,1,2675,Political violence,718,-6.4042,24.6415
2024-02-03,Middle Africa,Democratic Republic of Congo,Lomami,Violence against civilians,Attack,1,1,162012,Political violence,718,-6.4042,24.6415
2024-12-28,Middle Africa,Democratic Republic of Congo,Lomami,Violence against civilians,Attack,1,2,380258,Political violence,718,-6.4042,24.6415
2013-09-21,Middle Africa,Democratic Republic of Congo,Lualaba,Battles,Armed clash,2,2,NA,Political violence,719,-9.6828,22.9987
2017-03-25,Middle Africa,Democratic Republic of Congo,Lualaba,Battles,Armed clash,1,18,2871,Political violence,719,-9.6828,22.9987
2017-04-08,Middle Africa,Democratic Republic of Congo,Lualaba,Battles,Armed clash,1,16,495,Political violence,719,-9.6828,22.9987
2017-04-15,Middle Africa,Democratic Republic of Congo,Lualaba,Battles,Armed clash,1,3,846,Political violence,719,-9.6828,22.9987
2018-01-13,Middle Africa,Democratic Republic of Congo,Lualaba,Battles,Armed clash,1,4,2980,Political violence,719,-9.6828,22.9987
2019-08-17,Middle Africa,Democratic Republic of Congo,Lualaba,Battles,Armed clash,1,1,404083,Political violence,719,-9.6828,22.9987
2020-03-28,Middle Africa,Democratic Republic of Congo,Lualaba,Battles,Armed clash,2,2,48109,Political violence,719,-9.6828,22.9987
2020-08-08,Middle Africa,Democratic Republic of Congo,Lualaba,Battles,Armed clash,1,1,1793,Political violence,719,-9.6828,22.9987
2022-01-29,Middle Africa,Democratic Republic of Congo,Lualaba,Battles,Armed clash,1,3,44212,Political violence,719,-9.6828,22.9987
2021-06-05,Middle Africa,Democratic Republic of Congo,Lualaba,Protests,Excessive force against protesters,1,4,1061,Political violence; Demonstrations,719,-9.6828,22.9987
2022-10-22,Middle Africa,Democratic Republic of Congo,Lualaba,Protests,Excessive force against protesters,1,1,4310,Political violence; Demonstrations,719,-9.6828,22.9987
2023-09-09,Middle Africa,Democratic Republic of Congo,Lualaba,Protests,Excessive force against protesters,2,8,775,Political violence; Demonstrations,719,-9.6828,22.9987
2015-09-19,Middle Africa,Democratic Republic of Congo,Lualaba,Riots,Mob violence,1,2,48065,Political violence,719,-9.6828,22.9987
2016-05-14,Middle Africa,Democratic Republic of Congo,Lualaba,Riots,Mob violence,1,1,83503,Political violence,719,-9.6828,22.9987
2020-07-18,Middle Africa,Democratic Republic of Congo,Lualaba,Riots,Mob violence,1,1,23846,Political violence,719,-9.6828,22.9987
2023-12-09,Middle Africa,Democratic Republic of Congo,Lualaba,Riots,Mob violence,4,2,27450,Political violence,719,-9.6828,22.9987
2024-03-16,Middle Africa,Democratic Republic of Congo,Lualaba,Riots,Mob violence,1,1,85813,Political violence,719,-9.6828,22.9987
2024-08-24,Middle Africa,Democratic Republic of Congo,Lualaba,Riots,Mob violence,1,3,80158,Political violence,719,-9.6828,22.9987
2024-09-28,Middle Africa,Democratic Republic of Congo,Lualaba,Riots,Mob violence,1,2,28199,Political violence,719,-9.6828,22.9987
2025-10-18,Middle Africa,Democratic Republic of Congo,Lualaba,Riots,Mob violence,1,2,19,Political violence,719,-9.6828,22.9987
2016-04-16,Middle Africa,Democratic Republic of Congo,Lualaba,Riots,Violent demonstration,1,4,83503,Demonstrations,719,-9.6828,22.9987
2019-08-17,Middle Africa,Democratic Republic of Congo,Lualaba,Riots,Violent demonstration,1,1,22922,Demonstrations,719,-9.6828,22.9987
2020-05-16,Middle Africa,Democratic Republic of Congo,Lualaba,Riots,Violent demonstration,1,1,93901,Demonstrations,719,-9.6828,22.9987
2022-09-17,Middle Africa,Democratic Republic of Congo,Lualaba,Riots,Violent demonstration,1,1,76158,Demonstrations,719,-9.6828,22.9987
2023-04-15,Middle Africa,Democratic Republic of Congo,Lualaba,Riots,Violent demonstration,1,3,1331,Demonstrations,719,-9.6828,22.9987
2024-11-30,Middle Africa,Democratic Republic of Congo,Lualaba,Riots,Violent demonstration,2,1,80158,Demonstrations,719,-9.6828,22.9987
2025-06-28,Middle Africa,Democratic Republic of Congo,Lualaba,Riots,Violent demonstration,1,1,6707,Demonstrations,719,-9.6828,22.9987
2025-12-27,Middle Africa,Democratic Republic of Congo,Lualaba,Riots,Violent demonstration,1,2,106693,Demonstrations,719,-9.6828,22.9987
2013-12-28,Middle Africa,Democratic Republic of Congo,Lualaba,Violence against civilians,Attack,1,108,NA,Political violence,719,-9.6828,22.9987
2014-05-17,Middle Africa,Democratic Republic of Congo,Lualaba,Violence against civilians,Attack,1,1,NA,Political violence,719,-9.6828,22.9987
2016-04-16,Middle Africa,Democratic Republic of Congo,Lualaba,Violence against civilians,Attack,1,2,363755,Political violence,719,-9.6828,22.9987
2017-10-07,Middle Africa,Democratic Republic of Congo,Lualaba,Violence against civilians,Attack,1,1,9803,Political violence,719,-9.6828,22.9987
2019-09-28,Middle Africa,Democratic Republic of Congo,Lualaba,Violence against civilians,Attack,1,4,75070,Political violence,719,-9.6828,22.9987
2020-05-16,Middle Africa,Democratic Republic of Congo,Lualaba,Violence against civilians,Attack,1,2,403010,Political violence,719,-9.6828,22.9987
2022-07-30,Middle Africa,Democratic Republic of Congo,Lualaba,Violence against civilians,Attack,1,3,347907,Political violence,719,-9.6828,22.9987
2022-10-22,Middle Africa,Democratic Republic of Congo,Lualaba,Violence against civilians,Attack,1,1,108118,Political violence,719,-9.6828,22.9987
2023-06-24,Middle Africa,Democratic Republic of Congo,Lualaba,Violence against civilians,Attack,1,2,2243,Political violence,719,-9.6828,22.9987
2024-05-25,Middle Africa,Democratic Republic of Congo,Lualaba,Violence against civilians,Attack,1,1,369600,Political violence,719,-9.6828,22.9987
2024-10-19,Middle Africa,Democratic Republic of Congo,Lualaba,Violence against civilians,Attack,1,1,119803,Political violence,719,-9.6828,22.9987
2025-11-08,Middle Africa,Democratic Republic of Congo,Lualaba,Violence against civilians,Attack,1,1,487016,Political violence,719,-9.6828,22.9987
2018-12-15,Middle Africa,Democratic Republic of Congo,Mai-Ndombe,Battles,Armed clash,2,180,49253,Political violence,720,-2.5584,18.6028
2018-12-22,Middle Africa,Democratic Republic of Congo,Mai-Ndombe,Battles,Armed clash,1,3,31768,Political violence,720,-2.5584,18.6028
2022-07-30,Middle Africa,Democratic Republic of Congo,Mai-Ndombe,Battles,Armed clash,2,5,3822,Political violence,720,-2.5584,18.6028
2022-08-06,Middle Africa,Democratic Republic of Congo,Mai-Ndombe,Battles,Armed clash,1,6,3687,Political violence,720,-2.5584,18.6028
2022-08-13,Middle Africa,Democratic Republic of Congo,Mai-Ndombe,Battles,Armed clash,3,22,17951,Political violence,720,-2.5584,18.6028
2022-09-03,Middle Africa,Democratic Republic of Congo,Mai-Ndombe,Battles,Armed clash,2,12,2732,Political violence,720,-2.5584,18.6028
2022-09-10,Middle Africa,Democratic Republic of Congo,Mai-Ndombe,Battles,Armed clash,1,30,1191,Political violence,720,-2.5584,18.6028
2022-09-17,Middle Africa,Democratic Republic of Congo,Mai-Ndombe,Battles,Armed clash,2,79,15208,Political violence,720,-2.5584,18.6028
2022-11-05,Middle Africa,Democratic Republic of Congo,Mai-Ndombe,Battles,Armed clash,2,20,16766,Political violence,720,-2.5584,18.6028
2022-12-03,Middle Africa,Democratic Republic of Congo,Mai-Ndombe,Battles,Armed clash,1,6,687,Political violence,720,-2.5584,18.6028
2023-03-04,Middle Africa,Democratic Republic of Congo,Mai-Ndombe,Battles,Armed clash,1,15,2680,Political violence,720,-2.5584,18.6028
2023-07-08,Middle Africa,Democratic Republic of Congo,Mai-Ndombe,Battles,Armed clash,2,3,4169,Political violence,720,-2.5584,18.6028
2023-11-18,Middle Africa,Democratic Republic of Congo,Mai-Ndombe,Battles,Armed clash,1,3,14864,Political violence,720,-2.5584,18.6028
2023-12-23,Middle Africa,Democratic Republic of Congo,Mai-Ndombe,Battles,Armed clash,2,6,14864,Political violence,720,-2.5584,18.6028
2023-12-30,Middle Africa,Democratic Republic of Congo,Mai-Ndombe,Battles,Armed clash,3,19,18167,Political violence,720,-2.5584,18.6028
2024-01-20,Middle Africa,Democratic Republic of Congo,Mai-Ndombe,Battles,Armed clash,2,4,15482,Political violence,720,-2.5584,18.6028
2024-01-27,Middle Africa,Democratic Republic of Congo,Mai-Ndombe,Battles,Armed clash,1,1,144,Political violence,720,-2.5584,18.6028
2024-03-02,Middle Africa,Democratic Republic of Congo,Mai-Ndombe,Battles,Armed clash,1,3,2685,Political violence,720,-2.5584,18.6028
2024-07-13,Middle Africa,Democratic Republic of Congo,Mai-Ndombe,Battles,Armed clash,1,52,2763,Political violence,720,-2.5584,18.6028
2024-10-05,Middle Africa,Democratic Republic of Congo,Mai-Ndombe,Battles,Armed clash,1,10,15482,Political violence,720,-2.5584,18.6028
2024-10-12,Middle Africa,Democratic Republic of Congo,Mai-Ndombe,Battles,Armed clash,1,4,2685,Political violence,720,-2.5584,18.6028
2024-11-16,Middle Africa,Democratic Republic of Congo,Mai-Ndombe,Battles,Armed clash,1,11,15482,Political violence,720,-2.5584,18.6028
2025-01-18,Middle Africa,Democratic Republic of Congo,Mai-Ndombe,Battles,Armed clash,1,1,68934,Political violence,720,-2.5584,18.6028
2025-01-25,Middle Africa,Democratic Republic of Congo,Mai-Ndombe,Battles,Armed clash,2,7,16111,Political violence,720,-2.5584,18.6028
2025-02-01,Middle Africa,Democratic Republic of Congo,Mai-Ndombe,Battles,Armed clash,1,6,770,Political violence,720,-2.5584,18.6028
2025-02-08,Middle Africa,Democratic Republic of Congo,Mai-Ndombe,Battles,Armed clash,1,2,16565,Political violence,720,-2.5584,18.6028
2025-02-22,Middle Africa,Democratic Republic of Congo,Mai-Ndombe,Battles,Armed clash,1,3,16111,Political violence,720,-2.5584,18.6028
2025-03-01,Middle Africa,Democratic Republic of Congo,Mai-Ndombe,Battles,Armed clash,1,8,16111,Political violence,720,-2.5584,18.6028
2025-03-22,Middle Africa,Democratic Republic of Congo,Mai-Ndombe,Battles,Armed clash,2,5,68934,Political violence,720,-2.5584,18.6028
2025-04-12,Middle Africa,Democratic Republic of Congo,Mai-Ndombe,Battles,Armed clash,1,1,16111,Political violence,720,-2.5584,18.6028
2025-05-17,Middle Africa,Democratic Republic of Congo,Mai-Ndombe,Battles,Armed clash,1,3,2848,Political violence,720,-2.5584,18.6028
2025-05-24,Middle Africa,Democratic Republic of Congo,Mai-Ndombe,Battles,Armed clash,1,1,2848,Political violence,720,-2.5584,18.6028
2025-08-23,Middle Africa,Democratic Republic of Congo,Mai-Ndombe,Battles,Armed clash,1,6,1021,Political violence,720,-2.5584,18.6028
2025-11-22,Middle Africa,Democratic Republic of Congo,Mai-Ndombe,Battles,Armed clash,1,27,1327,Political violence,720,-2.5584,18.6028
2025-12-13,Middle Africa,Democratic Republic of Congo,Mai-Ndombe,Battles,Armed clash,1,4,16111,Political violence,720,-2.5584,18.6028
2025-12-20,Middle Africa,Democratic Republic of Congo,Mai-Ndombe,Battles,Armed clash,3,46,1105,Political violence,720,-2.5584,18.6028
2023-11-11,Middle Africa,Democratic Republic of Congo,Mai-Ndombe,Battles,Government regains territory,1,7,14864,Political violence,720,-2.5584,18.6028
2025-12-20,Middle Africa,Democratic Republic of Congo,Mai-Ndombe,Battles,Government regains territory,1,14,1105,Political violence,720,-2.5584,18.6028
2022-04-23,Middle Africa,Democratic Republic of Congo,Mai-Ndombe,Riots,Mob violence,1,1,74890,Political violence,720,-2.5584,18.6028
2023-07-15,Middle Africa,Democratic Republic of Congo,Mai-Ndombe,Riots,Mob violence,1,1,52705,Political violence,720,-2.5584,18.6028
2025-10-04,Middle Africa,Democratic Republic of Congo,Mai-Ndombe,Riots,Mob violence,2,4,36829,Political violence,720,-2.5584,18.6028
2025-12-06,Middle Africa,Democratic Republic of Congo,Mai-Ndombe,Riots,Mob violence,1,1,19599,Political violence,720,-2.5584,18.6028
2013-05-11,Middle Africa,Democratic Republic of Congo,Mai-Ndombe,Violence against civilians,Attack,1,2,NA,Political violence,720,-2.5584,18.6028
2018-12-15,Middle Africa,Democratic Republic of Congo,Mai-Ndombe,Violence against civilians,Attack,2,8,41476,Political violence,720,-2.5584,18.6028
2019-03-02,Middle Africa,Democratic Republic of Congo,Mai-Ndombe,Violence against civilians,Attack,1,1,32875,Political violence,720,-2.5584,18.6028
2022-08-13,Middle Africa,Democratic Republic of Congo,Mai-Ndombe,Violence against civilians,Attack,2,2,13819,Political violence,720,-2.5584,18.6028
2022-08-27,Middle Africa,Democratic Republic of Congo,Mai-Ndombe,Violence against civilians,Attack,4,12,19074,Political violence,720,-2.5584,18.6028
2022-09-17,Middle Africa,Democratic Republic of Congo,Mai-Ndombe,Violence against civilians,Attack,2,97,2457,Political violence,720,-2.5584,18.6028
2022-10-08,Middle Africa,Democratic Republic of Congo,Mai-Ndombe,Violence against civilians,Attack,2,15,3056,Political violence,720,-2.5584,18.6028
2022-11-05,Middle Africa,Democratic Republic of Congo,Mai-Ndombe,Violence against civilians,Attack,2,1,16279,Political violence,720,-2.5584,18.6028
2022-11-26,Middle Africa,Democratic Republic of Congo,Mai-Ndombe,Violence against civilians,Attack,2,3,16724,Political violence,720,-2.5584,18.6028
2022-12-17,Middle Africa,Democratic Republic of Congo,Mai-Ndombe,Violence against civilians,Attack,1,4,14264,Political violence,720,-2.5584,18.6028
2022-12-31,Middle Africa,Democratic Republic of Congo,Mai-Ndombe,Violence against civilians,Attack,1,3,2680,Political violence,720,-2.5584,18.6028
2023-02-25,Middle Africa,Democratic Republic of Congo,Mai-Ndombe,Violence against civilians,Attack,1,2,14864,Political violence,720,-2.5584,18.6028
2023-03-04,Middle Africa,Democratic Republic of Congo,Mai-Ndombe,Violence against civilians,Attack,3,5,8898,Political violence,720,-2.5584,18.6028
2023-03-11,Middle Africa,Democratic Republic of Congo,Mai-Ndombe,Violence against civilians,Attack,1,9,841,Political violence,720,-2.5584,18.6028
2023-04-15,Middle Africa,Democratic Republic of Congo,Mai-Ndombe,Violence against civilians,Attack,1,1,607,Political violence,720,-2.5584,18.6028
2023-06-10,Middle Africa,Democratic Republic of Congo,Mai-Ndombe,Violence against civilians,Attack,1,1,4999,Political violence,720,-2.5584,18.6028
2023-06-24,Middle Africa,Democratic Republic of Congo,Mai-Ndombe,Violence against civilians,Attack,1,20,14864,Political violence,720,-2.5584,18.6028
2023-07-08,Middle Africa,Democratic Republic of Congo,Mai-Ndombe,Violence against civilians,Attack,3,9,17458,Political violence,720,-2.5584,18.6028
2023-08-05,Middle Africa,Democratic Republic of Congo,Mai-Ndombe,Violence against civilians,Attack,1,4,14864,Political violence,720,-2.5584,18.6028
2023-08-19,Middle Africa,Democratic Republic of Congo,Mai-Ndombe,Violence against civilians,Attack,1,2,966,Political violence,720,-2.5584,18.6028
2023-11-11,Middle Africa,Democratic Republic of Congo,Mai-Ndombe,Violence against civilians,Attack,1,2,14864,Political violence,720,-2.5584,18.6028
2024-01-06,Middle Africa,Democratic Republic of Congo,Mai-Ndombe,Violence against civilians,Attack,1,3,15482,Political violence,720,-2.5584,18.6028
2024-01-20,Middle Africa,Democratic Republic of Congo,Mai-Ndombe,Violence against civilians,Attack,1,11,1294,Political violence,720,-2.5584,18.6028
2024-02-10,Middle Africa,Democratic Republic of Congo,Mai-Ndombe,Violence against civilians,Attack,1,1,15482,Political violence,720,-2.5584,18.6028
2024-03-23,Middle Africa,Democratic Republic of Congo,Mai-Ndombe,Violence against civilians,Attack,2,5,17774,Political violence,720,-2.5584,18.6028
2024-05-11,Middle Africa,Democratic Republic of Congo,Mai-Ndombe,Violence against civilians,Attack,1,2,15482,Political violence,720,-2.5584,18.6028
2024-07-27,Middle Africa,Democratic Republic of Congo,Mai-Ndombe,Violence against civilians,Attack,2,11,20690,Political violence,720,-2.5584,18.6028
2024-08-24,Middle Africa,Democratic Republic of Congo,Mai-Ndombe,Violence against civilians,Attack,1,2,15482,Political violence,720,-2.5584,18.6028
2024-10-26,Middle Africa,Democratic Republic of Congo,Mai-Ndombe,Violence against civilians,Attack,1,10,15482,Political violence,720,-2.5584,18.6028
2024-12-07,Middle Africa,Democratic Republic of Congo,Mai-Ndombe,Violence against civilians,Attack,1,10,15482,Political violence,720,-2.5584,18.6028
2025-01-25,Middle Africa,Democratic Republic of Congo,Mai-Ndombe,Violence against civilians,Attack,2,15,16111,Political violence,720,-2.5584,18.6028
2025-02-22,Middle Africa,Democratic Republic of Congo,Mai-Ndombe,Violence against civilians,Attack,1,3,16111,Political violence,720,-2.5584,18.6028
2025-05-03,Middle Africa,Democratic Republic of Congo,Mai-Ndombe,Violence against civilians,Attack,1,1,16111,Political violence,720,-2.5584,18.6028
2025-06-07,Middle Africa,Democratic Republic of Congo,Mai-Ndombe,Violence against civilians,Attack,1,1,1068,Political violence,720,-2.5584,18.6028
2025-08-09,Middle Africa,Democratic Republic of Congo,Mai-Ndombe,Violence against civilians,Attack,1,1,3493,Political violence,720,-2.5584,18.6028
2026-01-24,Middle Africa,Democratic Republic of Congo,Mai-Ndombe,Violence against civilians,Attack,1,2,16736,Political violence,720,-2.5584,18.6028
2018-12-15,Middle Africa,Democratic Republic of Congo,Mai-Ndombe,Violence against civilians,Sexual violence,1,348,10474,Political violence,720,-2.5584,18.6028
2011-04-30,Middle Africa,Democratic Republic of Congo,Maniema,Battles,Armed clash,1,1,NA,Political violence,721,-2.4982,25.9526
2011-07-09,Middle Africa,Democratic Republic of Congo,Maniema,Battles,Armed clash,1,5,NA,Political violence,721,-2.4982,25.9526
2011-11-05,Middle Africa,Democratic Republic of Congo,Maniema,Battles,Armed clash,1,5,NA,Political violence,721,-2.4982,25.9526
2013-01-05,Middle Africa,Democratic Republic of Congo,Maniema,Battles,Armed clash,1,6,NA,Political violence,721,-2.4982,25.9526
2013-01-26,Middle Africa,Democratic Republic of Congo,Maniema,Battles,Armed clash,2,2,NA,Political violence,721,-2.4982,25.9526
2013-03-09,Middle Africa,Democratic Republic of Congo,Maniema,Battles,Armed clash,2,1,NA,Political violence,721,-2.4982,25.9526
2013-11-02,Middle Africa,Democratic Republic of Congo,Maniema,Battles,Armed clash,1,1,NA,Political violence,721,-2.4982,25.9526
2014-03-15,Middle Africa,Democratic Republic of Congo,Maniema,Battles,Armed clash,1,3,NA,Political violence,721,-2.4982,25.9526
2014-04-05,Middle Africa,Democratic Republic of Congo,Maniema,Battles,Armed clash,1,8,NA,Political violence,721,-2.4982,25.9526
2014-07-05,Middle Africa,Democratic Republic of Congo,Maniema,Battles,Armed clash,1,1,NA,Political violence,721,-2.4982,25.9526
2014-08-16,Middle Africa,Democratic Republic of Congo,Maniema,Battles,Armed clash,2,15,NA,Political violence,721,-2.4982,25.9526
2014-10-04,Middle Africa,Democratic Republic of Congo,Maniema,Battles,Armed clash,1,10,NA,Political violence,721,-2.4982,25.9526
2014-10-18,Middle Africa,Democratic Republic of Congo,Maniema,Battles,Armed clash,1,3,NA,Political violence,721,-2.4982,25.9526
2014-11-01,Middle Africa,Democratic Republic of Congo,Maniema,Battles,Armed clash,1,2,NA,Political violence,721,-2.4982,25.9526
2015-10-17,Middle Africa,Democratic Republic of Congo,Maniema,Battles,Armed clash,1,3,60668,Political violence,721,-2.4982,25.9526
2017-05-13,Middle Africa,Democratic Republic of Congo,Maniema,Battles,Armed clash,1,3,12333,Political violence,721,-2.4982,25.9526
2017-08-26,Middle Africa,Democratic Republic of Congo,Maniema,Battles,Armed clash,1,10,65360,Political violence,721,-2.4982,25.9526
2017-09-16,Middle Africa,Democratic Republic of Congo,Maniema,Battles,Armed clash,2,2,16200,Political violence,721,-2.4982,25.9526
2018-05-19,Middle Africa,Democratic Republic of Congo,Maniema,Battles,Armed clash,1,30,12858,Political violence,721,-2.4982,25.9526
2018-08-04,Middle Africa,Democratic Republic of Congo,Maniema,Battles,Armed clash,1,4,12858,Political violence,721,-2.4982,25.9526
2019-01-19,Middle Africa,Democratic Republic of Congo,Maniema,Battles,Armed clash,1,1,17284,Political violence,721,-2.4982,25.9526
2019-06-08,Middle Africa,Democratic Republic of Congo,Maniema,Battles,Armed clash,1,3,10933,Political violence,721,-2.4982,25.9526
2019-10-26,Middle Africa,Democratic Republic of Congo,Maniema,Battles,Armed clash,1,2,1406,Political violence,721,-2.4982,25.9526
2019-11-23,Middle Africa,Democratic Republic of Congo,Maniema,Battles,Armed clash,1,4,17284,Political violence,721,-2.4982,25.9526
2020-01-11,Middle Africa,Democratic Republic of Congo,Maniema,Battles,Armed clash,1,7,17816,Political violence,721,-2.4982,25.9526
2020-09-26,Middle Africa,Democratic Republic of Congo,Maniema,Battles,Armed clash,2,3,56621,Political violence,721,-2.4982,25.9526
2021-01-09,Middle Africa,Democratic Republic of Congo,Maniema,Battles,Armed clash,1,2,2783,Political violence,721,-2.4982,25.9526
2021-01-23,Middle Africa,Democratic Republic of Congo,Maniema,Battles,Armed clash,1,1,52499,Political violence,721,-2.4982,25.9526
2021-03-27,Middle Africa,Democratic Republic of Congo,Maniema,Battles,Armed clash,1,1,18381,Political violence,721,-2.4982,25.9526
2021-05-29,Middle Africa,Democratic Republic of Congo,Maniema,Battles,Armed clash,4,3,26921,Political violence,721,-2.4982,25.9526
2021-06-05,Middle Africa,Democratic Republic of Congo,Maniema,Battles,Armed clash,2,1,26921,Political violence,721,-2.4982,25.9526
2021-06-19,Middle Africa,Democratic Republic of Congo,Maniema,Battles,Armed clash,2,18,67441,Political violence,721,-2.4982,25.9526
2021-09-04,Middle Africa,Democratic Republic of Congo,Maniema,Battles,Armed clash,2,2,2390,Political violence,721,-2.4982,25.9526
2021-09-11,Middle Africa,Democratic Republic of Congo,Maniema,Battles,Armed clash,1,2,2747,Political violence,721,-2.4982,25.9526
2021-10-16,Middle Africa,Democratic Republic of Congo,Maniema,Battles,Armed clash,1,6,18381,Political violence,721,-2.4982,25.9526
2021-11-13,Middle Africa,Democratic Republic of Congo,Maniema,Battles,Armed clash,1,1,1602,Political violence,721,-2.4982,25.9526
2021-12-11,Middle Africa,Democratic Republic of Congo,Maniema,Battles,Armed clash,1,1,1880,Political violence,721,-2.4982,25.9526
2022-01-01,Middle Africa,Democratic Republic of Congo,Maniema,Battles,Armed clash,1,4,1953,Political violence,721,-2.4982,25.9526
2022-04-09,Middle Africa,Democratic Republic of Congo,Maniema,Battles,Armed clash,3,14,18960,Political violence,721,-2.4982,25.9526
2022-07-23,Middle Africa,Democratic Republic of Congo,Maniema,Battles,Armed clash,1,1,61224,Political violence,721,-2.4982,25.9526
2022-10-22,Middle Africa,Democratic Republic of Congo,Maniema,Battles,Armed clash,2,6,1953,Political violence,721,-2.4982,25.9526
2022-12-24,Middle Africa,Democratic Republic of Congo,Maniema,Battles,Armed clash,1,1,1125,Political violence,721,-2.4982,25.9526
2023-02-11,Middle Africa,Democratic Republic of Congo,Maniema,Battles,Armed clash,2,2,9201,Political violence,721,-2.4982,25.9526
2023-02-18,Middle Africa,Democratic Republic of Congo,Maniema,Battles,Armed clash,1,1,9201,Political violence,721,-2.4982,25.9526
2023-05-06,Middle Africa,Democratic Republic of Congo,Maniema,Battles,Armed clash,1,2,6589,Political violence,721,-2.4982,25.9526
2023-10-07,Middle Africa,Democratic Republic of Congo,Maniema,Battles,Armed clash,1,3,19578,Political violence,721,-2.4982,25.9526
2024-07-27,Middle Africa,Democratic Republic of Congo,Maniema,Battles,Armed clash,3,5,4445,Political violence,721,-2.4982,25.9526
2024-12-07,Middle Africa,Democratic Republic of Congo,Maniema,Battles,Armed clash,1,5,20196,Political violence,721,-2.4982,25.9526
2025-08-09,Middle Africa,Democratic Republic of Congo,Maniema,Battles,Armed clash,1,9,427149,Political violence,721,-2.4982,25.9526
2025-08-30,Middle Africa,Democratic Republic of Congo,Maniema,Battles,Armed clash,2,9,512170,Political violence,721,-2.4982,25.9526
2025-09-20,Middle Africa,Democratic Republic of Congo,Maniema,Battles,Armed clash,2,2,92899,Political violence,721,-2.4982,25.9526
2025-09-27,Middle Africa,Democratic Republic of Congo,Maniema,Battles,Armed clash,7,3,170361,Political violence,721,-2.4982,25.9526
2025-12-06,Middle Africa,Democratic Republic of Congo,Maniema,Battles,Armed clash,2,6,85021,Political violence,721,-2.4982,25.9526
2014-09-06,Middle Africa,Democratic Republic of Congo,Maniema,Battles,Government regains territory,1,3,NA,Political violence,721,-2.4982,25.9526
2017-11-25,Middle Africa,Democratic Republic of Congo,Maniema,Battles,Government regains territory,3,9,30057,Political violence,721,-2.4982,25.9526
2017-08-05,Middle Africa,Democratic Republic of Congo,Maniema,Battles,Non-state actor overtakes territory,1,6,16200,Political violence,721,-2.4982,25.9526
2020-08-15,Middle Africa,Democratic Republic of Congo,Maniema,Protests,Excessive force against protesters,1,1,39971,Political violence; Demonstrations,721,-2.4982,25.9526
2025-08-23,Middle Africa,Democratic Republic of Congo,Maniema,Protests,Excessive force against protesters,1,1,60899,Political violence; Demonstrations,721,-2.4982,25.9526
2020-09-05,Middle Africa,Democratic Republic of Congo,Maniema,Riots,Mob violence,1,1,137025,Political violence,721,-2.4982,25.9526
2020-10-31,Middle Africa,Democratic Republic of Congo,Maniema,Riots,Mob violence,2,3,137025,Political violence,721,-2.4982,25.9526
2022-11-26,Middle Africa,Democratic Republic of Congo,Maniema,Riots,Mob violence,1,1,141052,Political violence,721,-2.4982,25.9526
2023-02-11,Middle Africa,Democratic Republic of Congo,Maniema,Riots,Mob violence,1,1,148263,Political violence,721,-2.4982,25.9526
2023-05-13,Middle Africa,Democratic Republic of Congo,Maniema,Riots,Mob violence,1,2,615,Political violence,721,-2.4982,25.9526
2025-05-31,Middle Africa,Democratic Republic of Congo,Maniema,Riots,Mob violence,1,4,14757,Political violence,721,-2.4982,25.9526
2025-08-02,Middle Africa,Democratic Republic of Congo,Maniema,Riots,Mob violence,1,1,67451,Political violence,721,-2.4982,25.9526
2021-10-16,Middle Africa,Democratic Republic of Congo,Maniema,Riots,Violent demonstration,1,1,1976,Demonstrations,721,-2.4982,25.9526
2022-06-18,Middle Africa,Democratic Republic of Congo,Maniema,Riots,Violent demonstration,1,1,39443,Demonstrations,721,-2.4982,25.9526
2009-11-21,Middle Africa,Democratic Republic of Congo,Maniema,Violence against civilians,Attack,1,1,NA,Political violence,721,-2.4982,25.9526
2011-02-12,Middle Africa,Democratic Republic of Congo,Maniema,Violence against civilians,Attack,1,2,NA,Political violence,721,-2.4982,25.9526
2011-07-09,Middle Africa,Democratic Republic of Congo,Maniema,Violence against civilians,Attack,1,1,NA,Political violence,721,-2.4982,25.9526
2013-11-23,Middle Africa,Democratic Republic of Congo,Maniema,Violence against civilians,Attack,1,1,NA,Political violence,721,-2.4982,25.9526
2013-12-28,Middle Africa,Democratic Republic of Congo,Maniema,Violence against civilians,Attack,1,108,NA,Political violence,721,-2.4982,25.9526
2016-01-23,Middle Africa,Democratic Republic of Congo,Maniema,Violence against civilians,Attack,1,1,48000,Political violence,721,-2.4982,25.9526
2016-05-14,Middle Africa,Democratic Republic of Congo,Maniema,Violence against civilians,Attack,1,4,9830,Political violence,721,-2.4982,25.9526
2017-04-01,Middle Africa,Democratic Republic of Congo,Maniema,Violence against civilians,Attack,1,1,16200,Political violence,721,-2.4982,25.9526
2018-03-31,Middle Africa,Democratic Republic of Congo,Maniema,Violence against civilians,Attack,1,4,16771,Political violence,721,-2.4982,25.9526
2019-01-26,Middle Africa,Democratic Republic of Congo,Maniema,Violence against civilians,Attack,1,1,351608,Political violence,721,-2.4982,25.9526
2019-07-06,Middle Africa,Democratic Republic of Congo,Maniema,Violence against civilians,Attack,2,2,361574,Political violence,721,-2.4982,25.9526
2020-05-30,Middle Africa,Democratic Republic of Congo,Maniema,Violence against civilians,Attack,1,2,45157,Political violence,721,-2.4982,25.9526
2020-08-15,Middle Africa,Democratic Republic of Congo,Maniema,Violence against civilians,Attack,1,11,2268,Political violence,721,-2.4982,25.9526
2020-09-19,Middle Africa,Democratic Republic of Congo,Maniema,Violence against civilians,Attack,1,2,56621,Political violence,721,-2.4982,25.9526
2021-02-27,Middle Africa,Democratic Republic of Congo,Maniema,Violence against civilians,Attack,2,4,30994,Political violence,721,-2.4982,25.9526
2021-03-27,Middle Africa,Democratic Republic of Congo,Maniema,Violence against civilians,Attack,1,4,2949,Political violence,721,-2.4982,25.9526
2021-06-05,Middle Africa,Democratic Republic of Congo,Maniema,Violence against civilians,Attack,1,12,NA,Political violence,721,-2.4982,25.9526
2021-07-31,Middle Africa,Democratic Republic of Congo,Maniema,Violence against civilians,Attack,1,1,93617,Political violence,721,-2.4982,25.9526
2021-12-04,Middle Africa,Democratic Republic of Congo,Maniema,Violence against civilians,Attack,1,1,2315,Political violence,721,-2.4982,25.9526
2022-01-01,Middle Africa,Democratic Republic of Congo,Maniema,Violence against civilians,Attack,1,1,75133,Political violence,721,-2.4982,25.9526
2022-01-29,Middle Africa,Democratic Republic of Congo,Maniema,Violence against civilians,Attack,1,1,NA,Political violence,721,-2.4982,25.9526
2022-02-19,Middle Africa,Democratic Republic of Congo,Maniema,Violence against civilians,Attack,1,2,18960,Political violence,721,-2.4982,25.9526
2022-07-23,Middle Africa,Democratic Republic of Congo,Maniema,Violence against civilians,Attack,1,1,277777,Political violence,721,-2.4982,25.9526
2022-10-22,Middle Africa,Democratic Republic of Congo,Maniema,Violence against civilians,Attack,1,1,5273,Political violence,721,-2.4982,25.9526
2023-05-06,Middle Africa,Democratic Republic of Congo,Maniema,Violence against civilians,Attack,1,1,400241,Political violence,721,-2.4982,25.9526
2023-11-25,Middle Africa,Democratic Republic of Congo,Maniema,Violence against civilians,Attack,1,1,400241,Political violence,721,-2.4982,25.9526
2023-12-30,Middle Africa,Democratic Republic of Congo,Maniema,Violence against civilians,Attack,1,1,3214,Political violence,721,-2.4982,25.9526
2025-05-17,Middle Africa,Democratic Republic of Congo,Maniema,Violence against civilians,Attack,1,1,901,Political violence,721,-2.4982,25.9526
2025-07-26,Middle Africa,Democratic Republic of Congo,Maniema,Violence against civilians,Attack,2,4,68757,Political violence,721,-2.4982,25.9526
2026-01-03,Middle Africa,Democratic Republic of Congo,Maniema,Violence against civilians,Attack,2,2,NA,Political violence,721,-2.4982,25.9526
2024-05-11,Middle Africa,Democratic Republic of Congo,Maniema,Violence against civilians,Sexual violence,1,2,2520,Political violence,721,-2.4982,25.9526
2011-10-08,Middle Africa,Democratic Republic of Congo,Mongala,Battles,Armed clash,2,2,NA,Political violence,722,2.0294,21.176
2013-09-21,Middle Africa,Democratic Republic of Congo,Mongala,Battles,Armed clash,1,2,NA,Political violence,722,2.0294,21.176
2013-12-28,Middle Africa,Democratic Republic of Congo,Mongala,Battles,Armed clash,3,9,NA,Political violence,722,2.0294,21.176
2014-02-01,Middle Africa,Democratic Republic of Congo,Mongala,Battles,Armed clash,1,3,NA,Political violence,722,2.0294,21.176
2015-01-03,Middle Africa,Democratic Republic of Congo,Mongala,Battles,Armed clash,1,3,187729,Political violence,722,2.0294,21.176
2015-05-16,Middle Africa,Democratic Republic of Congo,Mongala,Battles,Armed clash,1,1,2594,Political violence,722,2.0294,21.176
2016-12-17,Middle Africa,Democratic Republic of Congo,Mongala,Battles,Armed clash,1,19,145970,Political violence,722,2.0294,21.176
2023-07-15,Middle Africa,Democratic Republic of Congo,Mongala,Battles,Armed clash,1,5,17287,Political violence,722,2.0294,21.176
2024-12-07,Middle Africa,Democratic Republic of Congo,Mongala,Battles,Armed clash,2,8,212375,Political violence,722,2.0294,21.176
2016-05-07,Middle Africa,Democratic Republic of Congo,Mongala,Protests,Excessive force against protesters,1,1,10268,Political violence; Demonstrations,722,2.0294,21.176
2017-04-22,Middle Africa,Democratic Republic of Congo,Mongala,Riots,Mob violence,1,1,114747,Political violence,722,2.0294,21.176
2022-12-24,Middle Africa,Democratic Republic of Congo,Mongala,Riots,Mob violence,1,1,107333,Political violence,722,2.0294,21.176
2020-05-02,Middle Africa,Democratic Republic of Congo,Mongala,Riots,Violent demonstration,1,2,19669,Demonstrations,722,2.0294,21.176
2013-09-21,Middle Africa,Democratic Republic of Congo,Mongala,Violence against civilians,Attack,1,3,NA,Political violence,722,2.0294,21.176
2014-08-02,Middle Africa,Democratic Republic of Congo,Mongala,Violence against civilians,Attack,2,3,NA,Political violence,722,2.0294,21.176
2025-11-15,Middle Africa,Democratic Republic of Congo,Mongala,Violence against civilians,Attack,1,20,NA,Political violence,722,2.0294,21.176
2009-01-24,Middle Africa,Democratic Republic of Congo,Nord-Kivu,Battles,Armed clash,5,16,NA,Political violence,723,-0.5508,28.7185
2009-02-07,Middle Africa,Democratic Republic of Congo,Nord-Kivu,Battles,Armed clash,4,160,NA,Political violence,723,-0.5508,28.7185
2009-02-21,Middle Africa,Democratic Republic of Congo,Nord-Kivu,Battles,Armed clash,1,159,NA,Political violence,723,-0.5508,28.7185
2009-04-11,Middle Africa,Democratic Republic of Congo,Nord-Kivu,Battles,Armed clash,13,35,NA,Political violence,723,-0.5508,28.7185
2009-05-09,Middle Africa,Democratic Republic of Congo,Nord-Kivu,Battles,Armed clash,1,2,NA,Political violence,723,-0.5508,28.7185
2009-05-16,Middle Africa,Democratic Republic of Congo,Nord-Kivu,Battles,Armed clash,3,4,NA,Political violence,723,-0.5508,28.7185
2009-05-23,Middle Africa,Democratic Republic of Congo,Nord-Kivu,Battles,Armed clash,1,11,NA,Political violence,723,-0.5508,28.7185
2009-07-11,Middle Africa,Democratic Republic of Congo,Nord-Kivu,Battles,Armed clash,2,1,NA,Political violence,723,-0.5508,28.7185
2009-07-18,Middle Africa,Democratic Republic of Congo,Nord-Kivu,Battles,Armed clash,2,25,NA,Political violence,723,-0.5508,28.7185
2009-07-25,Middle Africa,Democratic Republic of Congo,Nord-Kivu,Battles,Armed clash,3,20,NA,Political violence,723,-0.5508,28.7185
2009-08-08,Middle Africa,Democratic Republic of Congo,Nord-Kivu,Battles,Armed clash,2,3,NA,Political violence,723,-0.5508,28.7185
2009-09-12,Middle Africa,Democratic Republic of Congo,Nord-Kivu,Battles,Armed clash,2,20,NA,Political violence,723,-0.5508,28.7185
2009-09-26,Middle Africa,Democratic Republic of Congo,Nord-Kivu,Battles,Armed clash,1,5,NA,Political violence,723,-0.5508,28.7185
2009-10-24,Middle Africa,Democratic Republic of Congo,Nord-Kivu,Battles,Armed clash,2,18,NA,Political violence,723,-0.5508,28.7185
2009-12-12,Middle Africa,Democratic Republic of Congo,Nord-Kivu,Battles,Armed clash,9,20,NA,Political violence,723,-0.5508,28.7185
2010-02-13,Middle Africa,Democratic Republic of Congo,Nord-Kivu,Battles,Armed clash,1,1,NA,Political violence,723,-0.5508,28.7185
2010-02-27,Middle Africa,Democratic Republic of Congo,Nord-Kivu,Battles,Armed clash,1,24,NA,Political violence,723,-0.5508,28.7185
2010-03-06,Middle Africa,Democratic Republic of Congo,Nord-Kivu,Battles,Armed clash,1,90,NA,Political violence,723,-0.5508,28.7185
2010-04-24,Middle Africa,Democratic Republic of Congo,Nord-Kivu,Battles,Armed clash,2,12,NA,Political violence,723,-0.5508,28.7185
2010-05-22,Middle Africa,Democratic Republic of Congo,Nord-Kivu,Battles,Armed clash,2,2,NA,Political violence,723,-0.5508,28.7185
2010-05-29,Middle Africa,Democratic Republic of Congo,Nord-Kivu,Battles,Armed clash,2,10,NA,Political violence,723,-0.5508,28.7185
2010-06-19,Middle Africa,Democratic Republic of Congo,Nord-Kivu,Battles,Armed clash,2,2,NA,Political violence,723,-0.5508,28.7185
2010-07-10,Middle Africa,Democratic Republic of Congo,Nord-Kivu,Battles,Armed clash,2,47,NA,Political violence,723,-0.5508,28.7185
2010-08-14,Middle Africa,Democratic Republic of Congo,Nord-Kivu,Battles,Armed clash,1,3,NA,Political violence,723,-0.5508,28.7185
2010-08-28,Middle Africa,Democratic Republic of Congo,Nord-Kivu,Battles,Armed clash,1,2,NA,Political violence,723,-0.5508,28.7185
2010-10-23,Middle Africa,Democratic Republic of Congo,Nord-Kivu,Battles,Armed clash,1,8,NA,Political violence,723,-0.5508,28.7185
2010-12-18,Middle Africa,Democratic Republic of Congo,Nord-Kivu,Battles,Armed clash,1,10,NA,Political violence,723,-0.5508,28.7185
2011-01-22,Middle Africa,Democratic Republic of Congo,Nord-Kivu,Battles,Armed clash,3,13,NA,Political violence,723,-0.5508,28.7185
2011-02-05,Middle Africa,Democratic Republic of Congo,Nord-Kivu,Battles,Armed clash,1,3,NA,Political violence,723,-0.5508,28.7185
2011-03-12,Middle Africa,Democratic Republic of Congo,Nord-Kivu,Battles,Armed clash,2,4,NA,Political violence,723,-0.5508,28.7185
2011-03-26,Middle Africa,Democratic Republic of Congo,Nord-Kivu,Battles,Armed clash,4,6,NA,Political violence,723,-0.5508,28.7185
2011-04-02,Middle Africa,Democratic Republic of Congo,Nord-Kivu,Battles,Armed clash,5,8,NA,Political violence,723,-0.5508,28.7185
2011-04-30,Middle Africa,Democratic Republic of Congo,Nord-Kivu,Battles,Armed clash,2,13,NA,Political violence,723,-0.5508,28.7185
2011-05-21,Middle Africa,Democratic Republic of Congo,Nord-Kivu,Battles,Armed clash,1,3,NA,Political violence,723,-0.5508,28.7185
2011-05-28,Middle Africa,Democratic Republic of Congo,Nord-Kivu,Battles,Armed clash,1,1,NA,Political violence,723,-0.5508,28.7185
2011-06-11,Middle Africa,Democratic Republic of Congo,Nord-Kivu,Battles,Armed clash,2,6,NA,Political violence,723,-0.5508,28.7185
2011-06-25,Middle Africa,Democratic Republic of Congo,Nord-Kivu,Battles,Armed clash,1,1,NA,Political violence,723,-0.5508,28.7185
2011-07-16,Middle Africa,Democratic Republic of Congo,Nord-Kivu,Battles,Armed clash,3,5,NA,Political violence,723,-0.5508,28.7185
2011-07-23,Middle Africa,Democratic Republic of Congo,Nord-Kivu,Battles,Armed clash,7,6,NA,Political violence,723,-0.5508,28.7185
2011-07-30,Middle Africa,Democratic Republic of Congo,Nord-Kivu,Battles,Armed clash,1,3,NA,Political violence,723,-0.5508,28.7185
2011-08-06,Middle Africa,Democratic Republic of Congo,Nord-Kivu,Battles,Armed clash,1,1,NA,Political violence,723,-0.5508,28.7185
2011-08-27,Middle Africa,Democratic Republic of Congo,Nord-Kivu,Battles,Armed clash,1,2,NA,Political violence,723,-0.5508,28.7185
2011-09-17,Middle Africa,Democratic Republic of Congo,Nord-Kivu,Battles,Armed clash,3,2,NA,Political violence,723,-0.5508,28.7185
2011-09-24,Middle Africa,Democratic Republic of Congo,Nord-Kivu,Battles,Armed clash,1,1,NA,Political violence,723,-0.5508,28.7185
2011-10-08,Middle Africa,Democratic Republic of Congo,Nord-Kivu,Battles,Armed clash,4,3,NA,Political violence,723,-0.5508,28.7185
2011-10-22,Middle Africa,Democratic Republic of Congo,Nord-Kivu,Battles,Armed clash,1,1,NA,Political violence,723,-0.5508,28.7185
2011-10-29,Middle Africa,Democratic Republic of Congo,Nord-Kivu,Battles,Armed clash,1,12,NA,Political violence,723,-0.5508,28.7185
2011-11-19,Middle Africa,Democratic Republic of Congo,Nord-Kivu,Battles,Armed clash,2,1,NA,Political violence,723,-0.5508,28.7185
2011-11-26,Middle Africa,Democratic Republic of Congo,Nord-Kivu,Battles,Armed clash,1,1,NA,Political violence,723,-0.5508,28.7185
2011-12-03,Middle Africa,Democratic Republic of Congo,Nord-Kivu,Battles,Armed clash,2,2,NA,Political violence,723,-0.5508,28.7185
2011-12-24,Middle Africa,Democratic Republic of Congo,Nord-Kivu,Battles,Armed clash,2,8,NA,Political violence,723,-0.5508,28.7185
2011-12-31,Middle Africa,Democratic Republic of Congo,Nord-Kivu,Battles,Armed clash,2,10,NA,Political violence,723,-0.5508,28.7185
2012-01-07,Middle Africa,Democratic Republic of Congo,Nord-Kivu,Battles,Armed clash,2,1,NA,Political violence,723,-0.5508,28.7185
2012-01-14,Middle Africa,Democratic Republic of Congo,Nord-Kivu,Battles,Armed clash,1,13,NA,Political violence,723,-0.5508,28.7185
2012-01-21,Middle Africa,Democratic Republic of Congo,Nord-Kivu,Battles,Armed clash,1,5,NA,Political violence,723,-0.5508,28.7185
2012-01-28,Middle Africa,Democratic Republic of Congo,Nord-Kivu,Battles,Armed clash,1,4,NA,Political violence,723,-0.5508,28.7185
2012-02-11,Middle Africa,Democratic Republic of Congo,Nord-Kivu,Battles,Armed clash,2,10,NA,Political violence,723,-0.5508,28.7185
2012-03-10,Middle Africa,Democratic Republic of Congo,Nord-Kivu,Battles,Armed clash,2,6,NA,Political violence,723,-0.5508,28.7185
2012-03-24,Middle Africa,Democratic Republic of Congo,Nord-Kivu,Battles,Armed clash,1,6,NA,Political violence,723,-0.5508,28.7185
2012-03-31,Middle Africa,Democratic Republic of Congo,Nord-Kivu,Battles,Armed clash,4,21,NA,Political violence,723,-0.5508,28.7185
2012-04-07,Middle Africa,Democratic Republic of Congo,Nord-Kivu,Battles,Armed clash,3,12,NA,Political violence,723,-0.5508,28.7185
2012-04-21,Middle Africa,Democratic Republic of Congo,Nord-Kivu,Battles,Armed clash,5,15,NA,Political violence,723,-0.5508,28.7185
2012-04-28,Middle Africa,Democratic Republic of Congo,Nord-Kivu,Battles,Armed clash,3,11,NA,Political violence,723,-0.5508,28.7185
2012-05-12,Middle Africa,Democratic Republic of Congo,Nord-Kivu,Battles,Armed clash,2,29,NA,Political violence,723,-0.5508,28.7185
2012-05-19,Middle Africa,Democratic Republic of Congo,Nord-Kivu,Battles,Armed clash,3,25,NA,Political violence,723,-0.5508,28.7185
2012-06-02,Middle Africa,Democratic Republic of Congo,Nord-Kivu,Battles,Armed clash,4,14,NA,Political violence,723,-0.5508,28.7185
2012-06-16,Middle Africa,Democratic Republic of Congo,Nord-Kivu,Battles,Armed clash,2,6,NA,Political violence,723,-0.5508,28.7185
2012-06-30,Middle Africa,Democratic Republic of Congo,Nord-Kivu,Battles,Armed clash,11,15,NA,Political violence,723,-0.5508,28.7185
2012-07-07,Middle Africa,Democratic Republic of Congo,Nord-Kivu,Battles,Armed clash,5,1,NA,Political violence,723,-0.5508,28.7185
2012-07-21,Middle Africa,Democratic Republic of Congo,Nord-Kivu,Battles,Armed clash,11,1,NA,Political violence,723,-0.5508,28.7185
2012-07-28,Middle Africa,Democratic Republic of Congo,Nord-Kivu,Battles,Armed clash,5,2,NA,Political violence,723,-0.5508,28.7185
2012-08-11,Middle Africa,Democratic Republic of Congo,Nord-Kivu,Battles,Armed clash,6,14,NA,Political violence,723,-0.5508,28.7185
2012-08-18,Middle Africa,Democratic Republic of Congo,Nord-Kivu,Battles,Armed clash,12,26,NA,Political violence,723,-0.5508,28.7185
2012-09-15,Middle Africa,Democratic Republic of Congo,Nord-Kivu,Battles,Armed clash,1,3,NA,Political violence,723,-0.5508,28.7185
2012-09-22,Middle Africa,Democratic Republic of Congo,Nord-Kivu,Battles,Armed clash,2,5,NA,Political violence,723,-0.5508,28.7185
2012-10-06,Middle Africa,Democratic Republic of Congo,Nord-Kivu,Battles,Armed clash,3,17,NA,Political violence,723,-0.5508,28.7185
2012-10-20,Middle Africa,Democratic Republic of Congo,Nord-Kivu,Battles,Armed clash,10,2,NA,Political violence,723,-0.5508,28.7185
2012-10-27,Middle Africa,Democratic Republic of Congo,Nord-Kivu,Battles,Armed clash,8,1,NA,Political violence,723,-0.5508,28.7185
2012-11-03,Middle Africa,Democratic Republic of Congo,Nord-Kivu,Battles,Armed clash,2,7,NA,Political violence,723,-0.5508,28.7185
2012-11-10,Middle Africa,Democratic Republic of Congo,Nord-Kivu,Battles,Armed clash,7,12,NA,Political violence,723,-0.5508,28.7185
2012-12-15,Middle Africa,Democratic Republic of Congo,Nord-Kivu,Battles,Armed clash,1,2,NA,Political violence,723,-0.5508,28.7185
2013-01-19,Middle Africa,Democratic Republic of Congo,Nord-Kivu,Battles,Armed clash,8,4,NA,Political violence,723,-0.5508,28.7185
2013-02-02,Middle Africa,Democratic Republic of Congo,Nord-Kivu,Battles,Armed clash,3,1,NA,Political violence,723,-0.5508,28.7185
2013-02-09,Middle Africa,Democratic Republic of Congo,Nord-Kivu,Battles,Armed clash,2,8,NA,Political violence,723,-0.5508,28.7185
2013-02-23,Middle Africa,Democratic Republic of Congo,Nord-Kivu,Battles,Armed clash,11,77,NA,Political violence,723,-0.5508,28.7185
2013-03-02,Middle Africa,Democratic Republic of Congo,Nord-Kivu,Battles,Armed clash,9,31,NA,Political violence,723,-0.5508,28.7185
2013-03-09,Middle Africa,Democratic Republic of Congo,Nord-Kivu,Battles,Armed clash,5,6,NA,Political violence,723,-0.5508,28.7185
2013-03-16,Middle Africa,Democratic Republic of Congo,Nord-Kivu,Battles,Armed clash,6,17,NA,Political violence,723,-0.5508,28.7185
2013-03-23,Middle Africa,Democratic Republic of Congo,Nord-Kivu,Battles,Armed clash,6,28,NA,Political violence,723,-0.5508,28.7185
2013-04-06,Middle Africa,Democratic Republic of Congo,Nord-Kivu,Battles,Armed clash,1,7,NA,Political violence,723,-0.5508,28.7185
2013-05-04,Middle Africa,Democratic Republic of Congo,Nord-Kivu,Battles,Armed clash,3,2,NA,Political violence,723,-0.5508,28.7185
2013-05-11,Middle Africa,Democratic Republic of Congo,Nord-Kivu,Battles,Armed clash,3,26,NA,Political violence,723,-0.5508,28.7185
2013-05-18,Middle Africa,Democratic Republic of Congo,Nord-Kivu,Battles,Armed clash,5,23,NA,Political violence,723,-0.5508,28.7185
2013-05-25,Middle Africa,Democratic Republic of Congo,Nord-Kivu,Battles,Armed clash,2,2,NA,Political violence,723,-0.5508,28.7185
2013-06-01,Middle Africa,Democratic Republic of Congo,Nord-Kivu,Battles,Armed clash,3,150,NA,Political violence,723,-0.5508,28.7185
2013-06-08,Middle Africa,Democratic Republic of Congo,Nord-Kivu,Battles,Armed clash,3,11,NA,Political violence,723,-0.5508,28.7185
2013-06-15,Middle Africa,Democratic Republic of Congo,Nord-Kivu,Battles,Armed clash,7,5,NA,Political violence,723,-0.5508,28.7185
2013-07-06,Middle Africa,Democratic Republic of Congo,Nord-Kivu,Battles,Armed clash,2,2,NA,Political violence,723,-0.5508,28.7185
2013-07-13,Middle Africa,Democratic Republic of Congo,Nord-Kivu,Battles,Armed clash,11,142,NA,Political violence,723,-0.5508,28.7185
2013-07-20,Middle Africa,Democratic Republic of Congo,Nord-Kivu,Battles,Armed clash,5,12,NA,Political violence,723,-0.5508,28.7185
2013-08-17,Middle Africa,Democratic Republic of Congo,Nord-Kivu,Battles,Armed clash,7,14,NA,Political violence,723,-0.5508,28.7185
2013-08-24,Middle Africa,Democratic Republic of Congo,Nord-Kivu,Battles,Armed clash,9,15,NA,Political violence,723,-0.5508,28.7185
2013-09-21,Middle Africa,Democratic Republic of Congo,Nord-Kivu,Battles,Armed clash,2,10,NA,Political violence,723,-0.5508,28.7185
2013-09-28,Middle Africa,Democratic Republic of Congo,Nord-Kivu,Battles,Armed clash,1,8,NA,Political violence,723,-0.5508,28.7185
2013-10-12,Middle Africa,Democratic Republic of Congo,Nord-Kivu,Battles,Armed clash,7,2,NA,Political violence,723,-0.5508,28.7185
2013-12-14,Middle Africa,Democratic Republic of Congo,Nord-Kivu,Battles,Armed clash,1,4,NA,Political violence,723,-0.5508,28.7185
2013-12-28,Middle Africa,Democratic Republic of Congo,Nord-Kivu,Battles,Armed clash,2,1,NA,Political violence,723,-0.5508,28.7185
2014-01-11,Middle Africa,Democratic Republic of Congo,Nord-Kivu,Battles,Armed clash,7,8,NA,Political violence,723,-0.5508,28.7185
2014-01-18,Middle Africa,Democratic Republic of Congo,Nord-Kivu,Battles,Armed clash,3,4,NA,Political violence,723,-0.5508,28.7185
2014-02-08,Middle Africa,Democratic Republic of Congo,Nord-Kivu,Battles,Armed clash,5,12,NA,Political violence,723,-0.5508,28.7185
2014-02-15,Middle Africa,Democratic Republic of Congo,Nord-Kivu,Battles,Armed clash,3,4,NA,Political violence,723,-0.5508,28.7185
2014-03-29,Middle Africa,Democratic Republic of Congo,Nord-Kivu,Battles,Armed clash,1,3,NA,Political violence,723,-0.5508,28.7185
2014-04-05,Middle Africa,Democratic Republic of Congo,Nord-Kivu,Battles,Armed clash,5,5,NA,Political violence,723,-0.5508,28.7185
2014-04-26,Middle Africa,Democratic Republic of Congo,Nord-Kivu,Battles,Armed clash,5,9,NA,Political violence,723,-0.5508,28.7185
2014-05-03,Middle Africa,Democratic Republic of Congo,Nord-Kivu,Battles,Armed clash,3,4,NA,Political violence,723,-0.5508,28.7185
2014-05-17,Middle Africa,Democratic Republic of Congo,Nord-Kivu,Battles,Armed clash,4,3,NA,Political violence,723,-0.5508,28.7185
2014-05-24,Middle Africa,Democratic Republic of Congo,Nord-Kivu,Battles,Armed clash,11,60,NA,Political violence,723,-0.5508,28.7185
2014-06-07,Middle Africa,Democratic Republic of Congo,Nord-Kivu,Battles,Armed clash,5,6,NA,Political violence,723,-0.5508,28.7185
2014-06-21,Middle Africa,Democratic Republic of Congo,Nord-Kivu,Battles,Armed clash,1,1,NA,Political violence,723,-0.5508,28.7185
2014-07-12,Middle Africa,Democratic Republic of Congo,Nord-Kivu,Battles,Armed clash,1,1,NA,Political violence,723,-0.5508,28.7185
2014-07-19,Middle Africa,Democratic Republic of Congo,Nord-Kivu,Battles,Armed clash,2,13,NA,Political violence,723,-0.5508,28.7185
2014-08-09,Middle Africa,Democratic Republic of Congo,Nord-Kivu,Battles,Armed clash,10,35,NA,Political violence,723,-0.5508,28.7185
2014-09-13,Middle Africa,Democratic Republic of Congo,Nord-Kivu,Battles,Armed clash,4,5,NA,Political violence,723,-0.5508,28.7185
2014-09-20,Middle Africa,Democratic Republic of Congo,Nord-Kivu,Battles,Armed clash,2,3,NA,Political violence,723,-0.5508,28.7185
2014-09-27,Middle Africa,Democratic Republic of Congo,Nord-Kivu,Battles,Armed clash,4,4,NA,Political violence,723,-0.5508,28.7185
2014-10-04,Middle Africa,Democratic Republic of Congo,Nord-Kivu,Battles,Armed clash,1,3,NA,Political violence,723,-0.5508,28.7185
2014-10-25,Middle Africa,Democratic Republic of Congo,Nord-Kivu,Battles,Armed clash,2,4,NA,Political violence,723,-0.5508,28.7185
2014-11-01,Middle Africa,Democratic Republic of Congo,Nord-Kivu,Battles,Armed clash,2,3,NA,Political violence,723,-0.5508,28.7185
2014-11-08,Middle Africa,Democratic Republic of Congo,Nord-Kivu,Battles,Armed clash,1,4,NA,Political violence,723,-0.5508,28.7185
2014-12-06,Middle Africa,Democratic Republic of Congo,Nord-Kivu,Battles,Armed clash,1,10,NA,Political violence,723,-0.5508,28.7185
2014-12-13,Middle Africa,Democratic Republic of Congo,Nord-Kivu,Battles,Armed clash,2,10,NA,Political violence,723,-0.5508,28.7185
2015-02-07,Middle Africa,Democratic Republic of Congo,Nord-Kivu,Battles,Armed clash,4,15,42897,Political violence,723,-0.5508,28.7185
2015-02-14,Middle Africa,Democratic Republic of Congo,Nord-Kivu,Battles,Armed clash,2,12,111,Political violence,723,-0.5508,28.7185
2015-02-28,Middle Africa,Democratic Republic of Congo,Nord-Kivu,Battles,Armed clash,9,8,366197,Political violence,723,-0.5508,28.7185
2015-03-07,Middle Africa,Democratic Republic of Congo,Nord-Kivu,Battles,Armed clash,3,3,96221,Political violence,723,-0.5508,28.7185
2015-03-14,Middle Africa,Democratic Republic of Congo,Nord-Kivu,Battles,Armed clash,4,5,103649,Political violence,723,-0.5508,28.7185
2015-04-04,Middle Africa,Democratic Republic of Congo,Nord-Kivu,Battles,Armed clash,3,4,60675,Political violence,723,-0.5508,28.7185
2015-04-11,Middle Africa,Democratic Republic of Congo,Nord-Kivu,Battles,Armed clash,1,2,3431,Political violence,723,-0.5508,28.7185
2015-04-25,Middle Africa,Democratic Republic of Congo,Nord-Kivu,Battles,Armed clash,2,1,294637,Political violence,723,-0.5508,28.7185
2015-05-02,Middle Africa,Democratic Republic of Congo,Nord-Kivu,Battles,Armed clash,4,12,124077,Political violence,723,-0.5508,28.7185
2015-05-09,Middle Africa,Democratic Republic of Congo,Nord-Kivu,Battles,Armed clash,4,27,304664,Political violence,723,-0.5508,28.7185
2015-05-16,Middle Africa,Democratic Republic of Congo,Nord-Kivu,Battles,Armed clash,3,3,288332,Political violence,723,-0.5508,28.7185
2015-05-30,Middle Africa,Democratic Republic of Congo,Nord-Kivu,Battles,Armed clash,4,14,271043,Political violence,723,-0.5508,28.7185
2015-06-13,Middle Africa,Democratic Republic of Congo,Nord-Kivu,Battles,Armed clash,2,8,245385,Political violence,723,-0.5508,28.7185
2015-06-20,Middle Africa,Democratic Republic of Congo,Nord-Kivu,Battles,Armed clash,4,22,363462,Political violence,723,-0.5508,28.7185
2015-07-04,Middle Africa,Democratic Republic of Congo,Nord-Kivu,Battles,Armed clash,3,16,63692,Political violence,723,-0.5508,28.7185
2015-07-25,Middle Africa,Democratic Republic of Congo,Nord-Kivu,Battles,Armed clash,1,2,42947,Political violence,723,-0.5508,28.7185
2015-08-01,Middle Africa,Democratic Republic of Congo,Nord-Kivu,Battles,Armed clash,2,17,8573,Political violence,723,-0.5508,28.7185
2015-08-08,Middle Africa,Democratic Republic of Congo,Nord-Kivu,Battles,Armed clash,2,5,2760,Political violence,723,-0.5508,28.7185
2015-08-15,Middle Africa,Democratic Republic of Congo,Nord-Kivu,Battles,Armed clash,3,7,96082,Political violence,723,-0.5508,28.7185
2015-08-22,Middle Africa,Democratic Republic of Congo,Nord-Kivu,Battles,Armed clash,1,3,227514,Political violence,723,-0.5508,28.7185
2015-08-29,Middle Africa,Democratic Republic of Congo,Nord-Kivu,Battles,Armed clash,3,10,96807,Political violence,723,-0.5508,28.7185
2015-09-05,Middle Africa,Democratic Republic of Congo,Nord-Kivu,Battles,Armed clash,2,9,119278,Political violence,723,-0.5508,28.7185
2015-09-12,Middle Africa,Democratic Republic of Congo,Nord-Kivu,Battles,Armed clash,1,2,7053,Political violence,723,-0.5508,28.7185
2015-09-19,Middle Africa,Democratic Republic of Congo,Nord-Kivu,Battles,Armed clash,10,6,25749,Political violence,723,-0.5508,28.7185
2015-09-26,Middle Africa,Democratic Republic of Congo,Nord-Kivu,Battles,Armed clash,1,1,61244,Political violence,723,-0.5508,28.7185
2015-10-03,Middle Africa,Democratic Republic of Congo,Nord-Kivu,Battles,Armed clash,4,15,287755,Political violence,723,-0.5508,28.7185
2015-10-10,Middle Africa,Democratic Republic of Congo,Nord-Kivu,Battles,Armed clash,2,3,117834,Political violence,723,-0.5508,28.7185
2015-10-17,Middle Africa,Democratic Republic of Congo,Nord-Kivu,Battles,Armed clash,2,14,70026,Political violence,723,-0.5508,28.7185
2015-10-24,Middle Africa,Democratic Republic of Congo,Nord-Kivu,Battles,Armed clash,8,4,351100,Political violence,723,-0.5508,28.7185
2015-11-07,Middle Africa,Democratic Republic of Congo,Nord-Kivu,Battles,Armed clash,2,3,117897,Political violence,723,-0.5508,28.7185
2015-11-14,Middle Africa,Democratic Republic of Congo,Nord-Kivu,Battles,Armed clash,3,10,49152,Political violence,723,-0.5508,28.7185
2015-11-21,Middle Africa,Democratic Republic of Congo,Nord-Kivu,Battles,Armed clash,3,26,49656,Political violence,723,-0.5508,28.7185
2015-11-28,Middle Africa,Democratic Republic of Congo,Nord-Kivu,Battles,Armed clash,5,33,73328,Political violence,723,-0.5508,28.7185
2015-12-12,Middle Africa,Democratic Republic of Congo,Nord-Kivu,Battles,Armed clash,1,4,70089,Political violence,723,-0.5508,28.7185
2015-12-19,Middle Africa,Democratic Republic of Congo,Nord-Kivu,Battles,Armed clash,3,20,259765,Political violence,723,-0.5508,28.7185
2015-12-26,Middle Africa,Democratic Republic of Congo,Nord-Kivu,Battles,Armed clash,3,9,8421,Political violence,723,-0.5508,28.7185
2016-01-02,Middle Africa,Democratic Republic of Congo,Nord-Kivu,Battles,Armed clash,4,5,288636,Political violence,723,-0.5508,28.7185
2016-01-09,Middle Africa,Democratic Republic of Congo,Nord-Kivu,Battles,Armed clash,4,8,257022,Political violence,723,-0.5508,28.7185
2016-01-16,Middle Africa,Democratic Republic of Congo,Nord-Kivu,Battles,Armed clash,2,1,31222,Political violence,723,-0.5508,28.7185
2016-01-30,Middle Africa,Democratic Republic of Congo,Nord-Kivu,Battles,Armed clash,3,4,65931,Political violence,723,-0.5508,28.7185
2016-02-06,Middle Africa,Democratic Republic of Congo,Nord-Kivu,Battles,Armed clash,3,24,76071,Political violence,723,-0.5508,28.7185
2016-02-27,Middle Africa,Democratic Republic of Congo,Nord-Kivu,Battles,Armed clash,2,2,21414,Political violence,723,-0.5508,28.7185
2016-03-12,Middle Africa,Democratic Republic of Congo,Nord-Kivu,Battles,Armed clash,2,9,43961,Political violence,723,-0.5508,28.7185
2016-03-19,Middle Africa,Democratic Republic of Congo,Nord-Kivu,Battles,Armed clash,4,2,511403,Political violence,723,-0.5508,28.7185
2016-03-26,Middle Africa,Democratic Republic of Congo,Nord-Kivu,Battles,Armed clash,4,19,29830,Political violence,723,-0.5508,28.7185
2016-04-02,Middle Africa,Democratic Republic of Congo,Nord-Kivu,Battles,Armed clash,1,1,14444,Political violence,723,-0.5508,28.7185
2016-04-09,Middle Africa,Democratic Republic of Congo,Nord-Kivu,Battles,Armed clash,1,2,586,Political violence,723,-0.5508,28.7185
2016-04-16,Middle Africa,Democratic Republic of Congo,Nord-Kivu,Battles,Armed clash,2,8,50805,Political violence,723,-0.5508,28.7185
2016-04-23,Middle Africa,Democratic Republic of Congo,Nord-Kivu,Battles,Armed clash,1,3,9,Political violence,723,-0.5508,28.7185
2016-04-30,Middle Africa,Democratic Republic of Congo,Nord-Kivu,Battles,Armed clash,5,5,774472,Political violence,723,-0.5508,28.7185
2016-05-14,Middle Africa,Democratic Republic of Congo,Nord-Kivu,Battles,Armed clash,7,3,246870,Political violence,723,-0.5508,28.7185
2016-05-21,Middle Africa,Democratic Republic of Congo,Nord-Kivu,Battles,Armed clash,2,23,229791,Political violence,723,-0.5508,28.7185
2016-05-28,Middle Africa,Democratic Republic of Congo,Nord-Kivu,Battles,Armed clash,2,8,518898,Political violence,723,-0.5508,28.7185
2016-06-11,Middle Africa,Democratic Republic of Congo,Nord-Kivu,Battles,Armed clash,6,76,263002,Political violence,723,-0.5508,28.7185
2016-06-25,Middle Africa,Democratic Republic of Congo,Nord-Kivu,Battles,Armed clash,8,18,303296,Political violence,723,-0.5508,28.7185
2016-07-09,Middle Africa,Democratic Republic of Congo,Nord-Kivu,Battles,Armed clash,13,10,296687,Political violence,723,-0.5508,28.7185
2016-07-30,Middle Africa,Democratic Republic of Congo,Nord-Kivu,Battles,Armed clash,1,7,97990,Political violence,723,-0.5508,28.7185
2016-08-06,Middle Africa,Democratic Republic of Congo,Nord-Kivu,Battles,Armed clash,5,23,317084,Political violence,723,-0.5508,28.7185
2016-08-13,Middle Africa,Democratic Republic of Congo,Nord-Kivu,Battles,Armed clash,1,14,506478,Political violence,723,-0.5508,28.7185
2016-08-27,Middle Africa,Democratic Republic of Congo,Nord-Kivu,Battles,Armed clash,2,8,185058,Political violence,723,-0.5508,28.7185
2016-09-03,Middle Africa,Democratic Republic of Congo,Nord-Kivu,Battles,Armed clash,2,2,44380,Political violence,723,-0.5508,28.7185
2016-09-10,Middle Africa,Democratic Republic of Congo,Nord-Kivu,Battles,Armed clash,1,1,36747,Political violence,723,-0.5508,28.7185
2016-09-17,Middle Africa,Democratic Republic of Congo,Nord-Kivu,Battles,Armed clash,1,7,218445,Political violence,723,-0.5508,28.7185
2016-10-08,Middle Africa,Democratic Republic of Congo,Nord-Kivu,Battles,Armed clash,2,3,41178,Political violence,723,-0.5508,28.7185
2016-10-15,Middle Africa,Democratic Republic of Congo,Nord-Kivu,Battles,Armed clash,3,16,374571,Political violence,723,-0.5508,28.7185
2016-10-22,Middle Africa,Democratic Republic of Congo,Nord-Kivu,Battles,Armed clash,2,7,240989,Political violence,723,-0.5508,28.7185
2016-10-29,Middle Africa,Democratic Republic of Congo,Nord-Kivu,Battles,Armed clash,1,3,189985,Political violence,723,-0.5508,28.7185
2016-11-12,Middle Africa,Democratic Republic of Congo,Nord-Kivu,Battles,Armed clash,1,4,358523,Political violence,723,-0.5508,28.7185
2016-11-26,Middle Africa,Democratic Republic of Congo,Nord-Kivu,Battles,Armed clash,5,15,593711,Political violence,723,-0.5508,28.7185
2016-12-03,Middle Africa,Democratic Republic of Congo,Nord-Kivu,Battles,Armed clash,3,9,59235,Political violence,723,-0.5508,28.7185
2016-12-10,Middle Africa,Democratic Republic of Congo,Nord-Kivu,Battles,Armed clash,2,13,207039,Political violence,723,-0.5508,28.7185
2016-12-17,Middle Africa,Democratic Republic of Congo,Nord-Kivu,Battles,Armed clash,1,8,358523,Political violence,723,-0.5508,28.7185
2016-12-24,Middle Africa,Democratic Republic of Congo,Nord-Kivu,Battles,Armed clash,4,18,222581,Political violence,723,-0.5508,28.7185
2017-01-14,Middle Africa,Democratic Republic of Congo,Nord-Kivu,Battles,Armed clash,3,2,596256,Political violence,723,-0.5508,28.7185
2017-01-28,Middle Africa,Democratic Republic of Congo,Nord-Kivu,Battles,Armed clash,4,4,68886,Political violence,723,-0.5508,28.7185
2017-02-04,Middle Africa,Democratic Republic of Congo,Nord-Kivu,Battles,Armed clash,1,6,5025,Political violence,723,-0.5508,28.7185
2017-02-11,Middle Africa,Democratic Republic of Congo,Nord-Kivu,Battles,Armed clash,1,6,517922,Political violence,723,-0.5508,28.7185
2017-02-18,Middle Africa,Democratic Republic of Congo,Nord-Kivu,Battles,Armed clash,6,18,197445,Political violence,723,-0.5508,28.7185
2017-02-25,Middle Africa,Democratic Republic of Congo,Nord-Kivu,Battles,Armed clash,3,3,61479,Political violence,723,-0.5508,28.7185
2017-03-18,Middle Africa,Democratic Republic of Congo,Nord-Kivu,Battles,Armed clash,1,1,485,Political violence,723,-0.5508,28.7185
2017-03-25,Middle Africa,Democratic Republic of Congo,Nord-Kivu,Battles,Armed clash,2,12,230434,Political violence,723,-0.5508,28.7185
2017-04-15,Middle Africa,Democratic Republic of Congo,Nord-Kivu,Battles,Armed clash,4,8,52418,Political violence,723,-0.5508,28.7185
2017-04-22,Middle Africa,Democratic Republic of Congo,Nord-Kivu,Battles,Armed clash,4,46,233566,Political violence,723,-0.5508,28.7185
2017-04-29,Middle Africa,Democratic Republic of Congo,Nord-Kivu,Battles,Armed clash,1,3,27193,Political violence,723,-0.5508,28.7185
2017-05-06,Middle Africa,Democratic Republic of Congo,Nord-Kivu,Battles,Armed clash,4,20,113236,Political violence,723,-0.5508,28.7185
2017-05-27,Middle Africa,Democratic Republic of Congo,Nord-Kivu,Battles,Armed clash,6,2,164421,Political violence,723,-0.5508,28.7185
2017-06-03,Middle Africa,Democratic Republic of Congo,Nord-Kivu,Battles,Armed clash,4,6,599979,Political violence,723,-0.5508,28.7185
2017-06-10,Middle Africa,Democratic Republic of Congo,Nord-Kivu,Battles,Armed clash,6,32,237745,Political violence,723,-0.5508,28.7185
2017-06-17,Middle Africa,Democratic Republic of Congo,Nord-Kivu,Battles,Armed clash,3,20,238791,Political violence,723,-0.5508,28.7185
2017-06-24,Middle Africa,Democratic Republic of Congo,Nord-Kivu,Battles,Armed clash,5,16,112105,Political violence,723,-0.5508,28.7185
2017-07-01,Middle Africa,Democratic Republic of Congo,Nord-Kivu,Battles,Armed clash,4,1,236317,Political violence,723,-0.5508,28.7185
2017-07-08,Middle Africa,Democratic Republic of Congo,Nord-Kivu,Battles,Armed clash,7,12,148348,Political violence,723,-0.5508,28.7185
2017-07-15,Middle Africa,Democratic Republic of Congo,Nord-Kivu,Battles,Armed clash,5,32,154011,Political violence,723,-0.5508,28.7185
2017-07-22,Middle Africa,Democratic Republic of Congo,Nord-Kivu,Battles,Armed clash,3,4,105559,Political violence,723,-0.5508,28.7185
2017-08-05,Middle Africa,Democratic Republic of Congo,Nord-Kivu,Battles,Armed clash,5,9,116790,Political violence,723,-0.5508,28.7185
2017-08-12,Middle Africa,Democratic Republic of Congo,Nord-Kivu,Battles,Armed clash,1,3,22686,Political violence,723,-0.5508,28.7185
2017-08-19,Middle Africa,Democratic Republic of Congo,Nord-Kivu,Battles,Armed clash,2,4,1034976,Political violence,723,-0.5508,28.7185
2017-08-26,Middle Africa,Democratic Republic of Congo,Nord-Kivu,Battles,Armed clash,6,10,318931,Political violence,723,-0.5508,28.7185
2017-09-02,Middle Africa,Democratic Republic of Congo,Nord-Kivu,Battles,Armed clash,2,3,13019,Political violence,723,-0.5508,28.7185
2017-09-16,Middle Africa,Democratic Republic of Congo,Nord-Kivu,Battles,Armed clash,3,3,222906,Political violence,723,-0.5508,28.7185
2017-09-23,Middle Africa,Democratic Republic of Congo,Nord-Kivu,Battles,Armed clash,2,4,89428,Political violence,723,-0.5508,28.7185
2017-09-30,Middle Africa,Democratic Republic of Congo,Nord-Kivu,Battles,Armed clash,7,30,665478,Political violence,723,-0.5508,28.7185
2017-10-07,Middle Africa,Democratic Republic of Congo,Nord-Kivu,Battles,Armed clash,3,15,306991,Political violence,723,-0.5508,28.7185
2017-10-14,Middle Africa,Democratic Republic of Congo,Nord-Kivu,Battles,Armed clash,6,8,338236,Political violence,723,-0.5508,28.7185
2017-10-28,Middle Africa,Democratic Republic of Congo,Nord-Kivu,Battles,Armed clash,3,1,237107,Political violence,723,-0.5508,28.7185
2017-11-11,Middle Africa,Democratic Republic of Congo,Nord-Kivu,Battles,Armed clash,1,3,480575,Political violence,723,-0.5508,28.7185
2017-11-18,Middle Africa,Democratic Republic of Congo,Nord-Kivu,Battles,Armed clash,2,6,267112,Political violence,723,-0.5508,28.7185
2017-12-02,Middle Africa,Democratic Republic of Congo,Nord-Kivu,Battles,Armed clash,3,61,267174,Political violence,723,-0.5508,28.7185
2017-12-16,Middle Africa,Democratic Republic of Congo,Nord-Kivu,Battles,Armed clash,4,7,459204,Political violence,723,-0.5508,28.7185
2017-12-23,Middle Africa,Democratic Republic of Congo,Nord-Kivu,Battles,Armed clash,11,31,957591,Political violence,723,-0.5508,28.7185
2017-12-30,Middle Africa,Democratic Republic of Congo,Nord-Kivu,Battles,Armed clash,6,12,370130,Political violence,723,-0.5508,28.7185
2018-01-06,Middle Africa,Democratic Republic of Congo,Nord-Kivu,Battles,Armed clash,8,5,433751,Political violence,723,-0.5508,28.7185
2018-01-13,Middle Africa,Democratic Republic of Congo,Nord-Kivu,Battles,Armed clash,6,49,355649,Political violence,723,-0.5508,28.7185
2018-01-20,Middle Africa,Democratic Republic of Congo,Nord-Kivu,Battles,Armed clash,7,14,253559,Political violence,723,-0.5508,28.7185
2018-01-27,Middle Africa,Democratic Republic of Congo,Nord-Kivu,Battles,Armed clash,2,1,75224,Political violence,723,-0.5508,28.7185
2018-02-10,Middle Africa,Democratic Republic of Congo,Nord-Kivu,Battles,Armed clash,4,15,97484,Political violence,723,-0.5508,28.7185
2018-02-17,Middle Africa,Democratic Republic of Congo,Nord-Kivu,Battles,Armed clash,3,11,267112,Political violence,723,-0.5508,28.7185
2018-02-24,Middle Africa,Democratic Republic of Congo,Nord-Kivu,Battles,Armed clash,8,40,444052,Political violence,723,-0.5508,28.7185
2018-03-03,Middle Africa,Democratic Republic of Congo,Nord-Kivu,Battles,Armed clash,4,6,311012,Political violence,723,-0.5508,28.7185
2018-03-10,Middle Africa,Democratic Republic of Congo,Nord-Kivu,Battles,Armed clash,2,7,276247,Political violence,723,-0.5508,28.7185
2018-03-17,Middle Africa,Democratic Republic of Congo,Nord-Kivu,Battles,Armed clash,4,1,73437,Political violence,723,-0.5508,28.7185
2018-03-24,Middle Africa,Democratic Republic of Congo,Nord-Kivu,Battles,Armed clash,3,13,17028,Political violence,723,-0.5508,28.7185
2018-03-31,Middle Africa,Democratic Republic of Congo,Nord-Kivu,Battles,Armed clash,5,14,101302,Political violence,723,-0.5508,28.7185
2018-04-07,Middle Africa,Democratic Republic of Congo,Nord-Kivu,Battles,Armed clash,7,19,220510,Political violence,723,-0.5508,28.7185
2018-04-14,Middle Africa,Democratic Republic of Congo,Nord-Kivu,Battles,Armed clash,12,20,391092,Political violence,723,-0.5508,28.7185
2018-04-21,Middle Africa,Democratic Republic of Congo,Nord-Kivu,Battles,Armed clash,3,3,67934,Political violence,723,-0.5508,28.7185
2018-04-28,Middle Africa,Democratic Republic of Congo,Nord-Kivu,Battles,Armed clash,5,12,311316,Political violence,723,-0.5508,28.7185
2018-05-05,Middle Africa,Democratic Republic of Congo,Nord-Kivu,Battles,Armed clash,3,3,70130,Political violence,723,-0.5508,28.7185
2018-05-12,Middle Africa,Democratic Republic of Congo,Nord-Kivu,Battles,Armed clash,5,15,171414,Political violence,723,-0.5508,28.7185
2018-05-19,Middle Africa,Democratic Republic of Congo,Nord-Kivu,Battles,Armed clash,7,44,323249,Political violence,723,-0.5508,28.7185
2018-05-26,Middle Africa,Democratic Republic of Congo,Nord-Kivu,Battles,Armed clash,12,25,1019168,Political violence,723,-0.5508,28.7185
2018-06-02,Middle Africa,Democratic Republic of Congo,Nord-Kivu,Battles,Armed clash,5,9,357453,Political violence,723,-0.5508,28.7185
2018-06-09,Middle Africa,Democratic Republic of Congo,Nord-Kivu,Battles,Armed clash,18,22,684360,Political violence,723,-0.5508,28.7185
2018-06-16,Middle Africa,Democratic Republic of Congo,Nord-Kivu,Battles,Armed clash,14,11,508134,Political violence,723,-0.5508,28.7185
2018-06-23,Middle Africa,Democratic Republic of Congo,Nord-Kivu,Battles,Armed clash,9,24,525427,Political violence,723,-0.5508,28.7185
2018-06-30,Middle Africa,Democratic Republic of Congo,Nord-Kivu,Battles,Armed clash,18,43,442591,Political violence,723,-0.5508,28.7185
2018-07-07,Middle Africa,Democratic Republic of Congo,Nord-Kivu,Battles,Armed clash,8,12,354599,Political violence,723,-0.5508,28.7185
2018-07-14,Middle Africa,Democratic Republic of Congo,Nord-Kivu,Battles,Armed clash,10,25,308139,Political violence,723,-0.5508,28.7185
2018-07-21,Middle Africa,Democratic Republic of Congo,Nord-Kivu,Battles,Armed clash,4,4,170619,Political violence,723,-0.5508,28.7185
2018-07-28,Middle Africa,Democratic Republic of Congo,Nord-Kivu,Battles,Armed clash,9,4,300740,Political violence,723,-0.5508,28.7185
2018-08-04,Middle Africa,Democratic Republic of Congo,Nord-Kivu,Battles,Armed clash,6,18,276395,Political violence,723,-0.5508,28.7185
2018-08-11,Middle Africa,Democratic Republic of Congo,Nord-Kivu,Battles,Armed clash,1,2,137,Political violence,723,-0.5508,28.7185
2018-08-18,Middle Africa,Democratic Republic of Congo,Nord-Kivu,Battles,Armed clash,4,24,45107,Political violence,723,-0.5508,28.7185
2018-08-25,Middle Africa,Democratic Republic of Congo,Nord-Kivu,Battles,Armed clash,4,5,194601,Political violence,723,-0.5508,28.7185
2018-09-01,Middle Africa,Democratic Republic of Congo,Nord-Kivu,Battles,Armed clash,7,4,314640,Political violence,723,-0.5508,28.7185
2018-09-08,Middle Africa,Democratic Republic of Congo,Nord-Kivu,Battles,Armed clash,5,14,93308,Political violence,723,-0.5508,28.7185
2018-09-15,Middle Africa,Democratic Republic of Congo,Nord-Kivu,Battles,Armed clash,5,8,660550,Political violence,723,-0.5508,28.7185
2018-09-22,Middle Africa,Democratic Republic of Congo,Nord-Kivu,Battles,Armed clash,7,28,300398,Political violence,723,-0.5508,28.7185
2018-09-29,Middle Africa,Democratic Republic of Congo,Nord-Kivu,Battles,Armed clash,5,11,168681,Political violence,723,-0.5508,28.7185
2018-10-06,Middle Africa,Democratic Republic of Congo,Nord-Kivu,Battles,Armed clash,5,8,218306,Political violence,723,-0.5508,28.7185
2018-10-13,Middle Africa,Democratic Republic of Congo,Nord-Kivu,Battles,Armed clash,6,10,227467,Political violence,723,-0.5508,28.7185
2018-10-20,Middle Africa,Democratic Republic of Congo,Nord-Kivu,Battles,Armed clash,8,22,686147,Political violence,723,-0.5508,28.7185
2018-10-27,Middle Africa,Democratic Republic of Congo,Nord-Kivu,Battles,Armed clash,4,4,186547,Political violence,723,-0.5508,28.7185
2018-11-03,Middle Africa,Democratic Republic of Congo,Nord-Kivu,Battles,Armed clash,13,22,311984,Political violence,723,-0.5508,28.7185
2018-11-10,Middle Africa,Democratic Republic of Congo,Nord-Kivu,Battles,Armed clash,5,22,195537,Political violence,723,-0.5508,28.7185
2018-11-17,Middle Africa,Democratic Republic of Congo,Nord-Kivu,Battles,Armed clash,7,8,302265,Political violence,723,-0.5508,28.7185
2018-11-24,Middle Africa,Democratic Republic of Congo,Nord-Kivu,Battles,Armed clash,10,19,344031,Political violence,723,-0.5508,28.7185
2018-12-01,Middle Africa,Democratic Republic of Congo,Nord-Kivu,Battles,Armed clash,6,3,265921,Political violence,723,-0.5508,28.7185
2018-12-08,Middle Africa,Democratic Republic of Congo,Nord-Kivu,Battles,Armed clash,7,4,663347,Political violence,723,-0.5508,28.7185
2018-12-15,Middle Africa,Democratic Republic of Congo,Nord-Kivu,Battles,Armed clash,11,43,301781,Political violence,723,-0.5508,28.7185
2018-12-22,Middle Africa,Democratic Republic of Congo,Nord-Kivu,Battles,Armed clash,3,16,173978,Political violence,723,-0.5508,28.7185
2018-12-29,Middle Africa,Democratic Republic of Congo,Nord-Kivu,Battles,Armed clash,1,2,15285,Political violence,723,-0.5508,28.7185
2019-01-05,Middle Africa,Democratic Republic of Congo,Nord-Kivu,Battles,Armed clash,2,11,28748,Political violence,723,-0.5508,28.7185
2019-01-12,Middle Africa,Democratic Republic of Congo,Nord-Kivu,Battles,Armed clash,3,8,26087,Political violence,723,-0.5508,28.7185
2019-01-19,Middle Africa,Democratic Republic of Congo,Nord-Kivu,Battles,Armed clash,14,68,175952,Political violence,723,-0.5508,28.7185
2019-01-26,Middle Africa,Democratic Republic of Congo,Nord-Kivu,Battles,Armed clash,11,47,334182,Political violence,723,-0.5508,28.7185
2019-02-02,Middle Africa,Democratic Republic of Congo,Nord-Kivu,Battles,Armed clash,16,41,293825,Political violence,723,-0.5508,28.7185
2019-02-09,Middle Africa,Democratic Republic of Congo,Nord-Kivu,Battles,Armed clash,13,20,362206,Political violence,723,-0.5508,28.7185
2019-02-16,Middle Africa,Democratic Republic of Congo,Nord-Kivu,Battles,Armed clash,13,34,306229,Political violence,723,-0.5508,28.7185
2019-02-23,Middle Africa,Democratic Republic of Congo,Nord-Kivu,Battles,Armed clash,10,19,882634,Political violence,723,-0.5508,28.7185
2019-03-02,Middle Africa,Democratic Republic of Congo,Nord-Kivu,Battles,Armed clash,10,18,978200,Political violence,723,-0.5508,28.7185
2019-03-09,Middle Africa,Democratic Republic of Congo,Nord-Kivu,Battles,Armed clash,7,2,447067,Political violence,723,-0.5508,28.7185
2019-03-16,Middle Africa,Democratic Republic of Congo,Nord-Kivu,Battles,Armed clash,4,8,162552,Political violence,723,-0.5508,28.7185
2019-03-23,Middle Africa,Democratic Republic of Congo,Nord-Kivu,Battles,Armed clash,9,18,87506,Political violence,723,-0.5508,28.7185
2019-03-30,Middle Africa,Democratic Republic of Congo,Nord-Kivu,Battles,Armed clash,6,15,170942,Political violence,723,-0.5508,28.7185
2019-04-06,Middle Africa,Democratic Republic of Congo,Nord-Kivu,Battles,Armed clash,8,9,355645,Political violence,723,-0.5508,28.7185
2019-04-13,Middle Africa,Democratic Republic of Congo,Nord-Kivu,Battles,Armed clash,2,5,18144,Political violence,723,-0.5508,28.7185
2019-04-20,Middle Africa,Democratic Republic of Congo,Nord-Kivu,Battles,Armed clash,1,1,296392,Political violence,723,-0.5508,28.7185
2019-04-27,Middle Africa,Democratic Republic of Congo,Nord-Kivu,Battles,Armed clash,5,22,54557,Political violence,723,-0.5508,28.7185
2019-05-04,Middle Africa,Democratic Republic of Congo,Nord-Kivu,Battles,Armed clash,10,18,526762,Political violence,723,-0.5508,28.7185
2019-05-11,Middle Africa,Democratic Republic of Congo,Nord-Kivu,Battles,Armed clash,12,17,843024,Political violence,723,-0.5508,28.7185
2019-05-18,Middle Africa,Democratic Republic of Congo,Nord-Kivu,Battles,Armed clash,8,48,391022,Political violence,723,-0.5508,28.7185
2019-05-25,Middle Africa,Democratic Republic of Congo,Nord-Kivu,Battles,Armed clash,9,37,387730,Political violence,723,-0.5508,28.7185
2019-06-01,Middle Africa,Democratic Republic of Congo,Nord-Kivu,Battles,Armed clash,5,17,345865,Political violence,723,-0.5508,28.7185
2019-06-08,Middle Africa,Democratic Republic of Congo,Nord-Kivu,Battles,Armed clash,5,62,127024,Political violence,723,-0.5508,28.7185
2019-06-15,Middle Africa,Democratic Republic of Congo,Nord-Kivu,Battles,Armed clash,7,29,357730,Political violence,723,-0.5508,28.7185
2019-06-22,Middle Africa,Democratic Republic of Congo,Nord-Kivu,Battles,Armed clash,7,22,306975,Political violence,723,-0.5508,28.7185
2019-06-29,Middle Africa,Democratic Republic of Congo,Nord-Kivu,Battles,Armed clash,5,13,17135,Political violence,723,-0.5508,28.7185
2019-07-06,Middle Africa,Democratic Republic of Congo,Nord-Kivu,Battles,Armed clash,4,7,95865,Political violence,723,-0.5508,28.7185
2019-07-13,Middle Africa,Democratic Republic of Congo,Nord-Kivu,Battles,Armed clash,8,18,208673,Political violence,723,-0.5508,28.7185
2019-07-20,Middle Africa,Democratic Republic of Congo,Nord-Kivu,Battles,Armed clash,5,14,19733,Political violence,723,-0.5508,28.7185
2019-07-27,Middle Africa,Democratic Republic of Congo,Nord-Kivu,Battles,Armed clash,7,6,357230,Political violence,723,-0.5508,28.7185
2019-08-03,Middle Africa,Democratic Republic of Congo,Nord-Kivu,Battles,Armed clash,6,11,415799,Political violence,723,-0.5508,28.7185
2019-08-10,Middle Africa,Democratic Republic of Congo,Nord-Kivu,Battles,Armed clash,5,5,43565,Political violence,723,-0.5508,28.7185
2019-08-17,Middle Africa,Democratic Republic of Congo,Nord-Kivu,Battles,Armed clash,4,9,97779,Political violence,723,-0.5508,28.7185
2019-08-24,Middle Africa,Democratic Republic of Congo,Nord-Kivu,Battles,Armed clash,8,9,403544,Political violence,723,-0.5508,28.7185
2019-08-31,Middle Africa,Democratic Republic of Congo,Nord-Kivu,Battles,Armed clash,4,9,373656,Political violence,723,-0.5508,28.7185
2019-09-14,Middle Africa,Democratic Republic of Congo,Nord-Kivu,Battles,Armed clash,14,23,425010,Political violence,723,-0.5508,28.7185
2019-09-21,Middle Africa,Democratic Republic of Congo,Nord-Kivu,Battles,Armed clash,6,5,101298,Political violence,723,-0.5508,28.7185
2019-09-28,Middle Africa,Democratic Republic of Congo,Nord-Kivu,Battles,Armed clash,12,34,166137,Political violence,723,-0.5508,28.7185
2019-10-05,Middle Africa,Democratic Republic of Congo,Nord-Kivu,Battles,Armed clash,7,19,71344,Political violence,723,-0.5508,28.7185
2019-10-12,Middle Africa,Democratic Republic of Congo,Nord-Kivu,Battles,Armed clash,3,1,80093,Political violence,723,-0.5508,28.7185
2019-10-19,Middle Africa,Democratic Republic of Congo,Nord-Kivu,Battles,Armed clash,6,11,383257,Political violence,723,-0.5508,28.7185
2019-10-26,Middle Africa,Democratic Republic of Congo,Nord-Kivu,Battles,Armed clash,6,93,618613,Political violence,723,-0.5508,28.7185
2019-11-02,Middle Africa,Democratic Republic of Congo,Nord-Kivu,Battles,Armed clash,13,41,299441,Political violence,723,-0.5508,28.7185
2019-11-09,Middle Africa,Democratic Republic of Congo,Nord-Kivu,Battles,Armed clash,15,21,225078,Political violence,723,-0.5508,28.7185
2019-11-16,Middle Africa,Democratic Republic of Congo,Nord-Kivu,Battles,Armed clash,5,11,130370,Political violence,723,-0.5508,28.7185
2019-11-23,Middle Africa,Democratic Republic of Congo,Nord-Kivu,Battles,Armed clash,4,3,248831,Political violence,723,-0.5508,28.7185
2019-11-30,Middle Africa,Democratic Republic of Congo,Nord-Kivu,Battles,Armed clash,8,7,358844,Political violence,723,-0.5508,28.7185
2019-12-07,Middle Africa,Democratic Republic of Congo,Nord-Kivu,Battles,Armed clash,4,15,57071,Political violence,723,-0.5508,28.7185
2019-12-14,Middle Africa,Democratic Republic of Congo,Nord-Kivu,Battles,Armed clash,2,3,217373,Political violence,723,-0.5508,28.7185
2019-12-21,Middle Africa,Democratic Republic of Congo,Nord-Kivu,Battles,Armed clash,2,3,133570,Political violence,723,-0.5508,28.7185
2019-12-28,Middle Africa,Democratic Republic of Congo,Nord-Kivu,Battles,Armed clash,7,9,333636,Political violence,723,-0.5508,28.7185
2020-01-04,Middle Africa,Democratic Republic of Congo,Nord-Kivu,Battles,Armed clash,15,40,389203,Political violence,723,-0.5508,28.7185
2020-01-11,Middle Africa,Democratic Republic of Congo,Nord-Kivu,Battles,Armed clash,4,1,86677,Political violence,723,-0.5508,28.7185
2020-01-18,Middle Africa,Democratic Republic of Congo,Nord-Kivu,Battles,Armed clash,9,30,211786,Political violence,723,-0.5508,28.7185
2020-01-25,Middle Africa,Democratic Republic of Congo,Nord-Kivu,Battles,Armed clash,18,22,530091,Political violence,723,-0.5508,28.7185
2020-02-01,Middle Africa,Democratic Republic of Congo,Nord-Kivu,Battles,Armed clash,7,50,107814,Political violence,723,-0.5508,28.7185
2020-02-08,Middle Africa,Democratic Republic of Congo,Nord-Kivu,Battles,Armed clash,15,37,552817,Political violence,723,-0.5508,28.7185
2020-02-15,Middle Africa,Democratic Republic of Congo,Nord-Kivu,Battles,Armed clash,11,25,333863,Political violence,723,-0.5508,28.7185
2020-02-22,Middle Africa,Democratic Republic of Congo,Nord-Kivu,Battles,Armed clash,6,10,348243,Political violence,723,-0.5508,28.7185
2020-02-29,Middle Africa,Democratic Republic of Congo,Nord-Kivu,Battles,Armed clash,12,26,674695,Political violence,723,-0.5508,28.7185
2020-03-07,Middle Africa,Democratic Republic of Congo,Nord-Kivu,Battles,Armed clash,10,69,292444,Political violence,723,-0.5508,28.7185
2020-03-14,Middle Africa,Democratic Republic of Congo,Nord-Kivu,Battles,Armed clash,7,7,245477,Political violence,723,-0.5508,28.7185
2020-03-21,Middle Africa,Democratic Republic of Congo,Nord-Kivu,Battles,Armed clash,2,2,303870,Political violence,723,-0.5508,28.7185
2020-03-28,Middle Africa,Democratic Republic of Congo,Nord-Kivu,Battles,Armed clash,10,21,554602,Political violence,723,-0.5508,28.7185
2020-04-04,Middle Africa,Democratic Republic of Congo,Nord-Kivu,Battles,Armed clash,6,7,130798,Political violence,723,-0.5508,28.7185
2020-04-11,Middle Africa,Democratic Republic of Congo,Nord-Kivu,Battles,Armed clash,11,65,242273,Political violence,723,-0.5508,28.7185
2020-04-18,Middle Africa,Democratic Republic of Congo,Nord-Kivu,Battles,Armed clash,16,70,344642,Political violence,723,-0.5508,28.7185
2020-04-25,Middle Africa,Democratic Republic of Congo,Nord-Kivu,Battles,Armed clash,9,25,135871,Political violence,723,-0.5508,28.7185
2020-05-02,Middle Africa,Democratic Republic of Congo,Nord-Kivu,Battles,Armed clash,5,7,316162,Political violence,723,-0.5508,28.7185
2020-05-09,Middle Africa,Democratic Republic of Congo,Nord-Kivu,Battles,Armed clash,19,39,149154,Political violence,723,-0.5508,28.7185
2020-05-16,Middle Africa,Democratic Republic of Congo,Nord-Kivu,Battles,Armed clash,13,34,42396,Political violence,723,-0.5508,28.7185
2020-05-23,Middle Africa,Democratic Republic of Congo,Nord-Kivu,Battles,Armed clash,9,67,265259,Political violence,723,-0.5508,28.7185
2020-05-30,Middle Africa,Democratic Republic of Congo,Nord-Kivu,Battles,Armed clash,18,57,477949,Political violence,723,-0.5508,28.7185
2020-06-06,Middle Africa,Democratic Republic of Congo,Nord-Kivu,Battles,Armed clash,7,19,45963,Political violence,723,-0.5508,28.7185
2020-06-13,Middle Africa,Democratic Republic of Congo,Nord-Kivu,Battles,Armed clash,11,15,284555,Political violence,723,-0.5508,28.7185
2020-06-20,Middle Africa,Democratic Republic of Congo,Nord-Kivu,Battles,Armed clash,10,16,69384,Political violence,723,-0.5508,28.7185
2020-06-27,Middle Africa,Democratic Republic of Congo,Nord-Kivu,Battles,Armed clash,15,35,122306,Political violence,723,-0.5508,28.7185
2020-07-04,Middle Africa,Democratic Republic of Congo,Nord-Kivu,Battles,Armed clash,10,19,85292,Political violence,723,-0.5508,28.7185
2020-07-11,Middle Africa,Democratic Republic of Congo,Nord-Kivu,Battles,Armed clash,14,41,82218,Political violence,723,-0.5508,28.7185
2020-07-18,Middle Africa,Democratic Republic of Congo,Nord-Kivu,Battles,Armed clash,14,24,135146,Political violence,723,-0.5508,28.7185
2020-07-25,Middle Africa,Democratic Republic of Congo,Nord-Kivu,Battles,Armed clash,15,49,332534,Political violence,723,-0.5508,28.7185
2020-08-01,Middle Africa,Democratic Republic of Congo,Nord-Kivu,Battles,Armed clash,5,31,59018,Political violence,723,-0.5508,28.7185
2020-08-08,Middle Africa,Democratic Republic of Congo,Nord-Kivu,Battles,Armed clash,15,24,149267,Political violence,723,-0.5508,28.7185
2020-08-15,Middle Africa,Democratic Republic of Congo,Nord-Kivu,Battles,Armed clash,10,18,176574,Political violence,723,-0.5508,28.7185
2020-08-22,Middle Africa,Democratic Republic of Congo,Nord-Kivu,Battles,Armed clash,14,39,205535,Political violence,723,-0.5508,28.7185
2020-08-29,Middle Africa,Democratic Republic of Congo,Nord-Kivu,Battles,Armed clash,12,34,354578,Political violence,723,-0.5508,28.7185
2020-09-05,Middle Africa,Democratic Republic of Congo,Nord-Kivu,Battles,Armed clash,10,1,213696,Political violence,723,-0.5508,28.7185
2020-09-12,Middle Africa,Democratic Republic of Congo,Nord-Kivu,Battles,Armed clash,9,18,82007,Political violence,723,-0.5508,28.7185
2020-09-19,Middle Africa,Democratic Republic of Congo,Nord-Kivu,Battles,Armed clash,6,36,49422,Political violence,723,-0.5508,28.7185
2020-09-26,Middle Africa,Democratic Republic of Congo,Nord-Kivu,Battles,Armed clash,15,24,204740,Political violence,723,-0.5508,28.7185
2020-10-03,Middle Africa,Democratic Republic of Congo,Nord-Kivu,Battles,Armed clash,7,9,23671,Political violence,723,-0.5508,28.7185
2020-10-10,Middle Africa,Democratic Republic of Congo,Nord-Kivu,Battles,Armed clash,16,23,177185,Political violence,723,-0.5508,28.7185
2020-10-17,Middle Africa,Democratic Republic of Congo,Nord-Kivu,Battles,Armed clash,16,44,385288,Political violence,723,-0.5508,28.7185
2020-10-24,Middle Africa,Democratic Republic of Congo,Nord-Kivu,Battles,Armed clash,9,11,466834,Political violence,723,-0.5508,28.7185
2020-10-31,Middle Africa,Democratic Republic of Congo,Nord-Kivu,Battles,Armed clash,4,6,4181,Political violence,723,-0.5508,28.7185
2020-11-07,Middle Africa,Democratic Republic of Congo,Nord-Kivu,Battles,Armed clash,7,8,142266,Political violence,723,-0.5508,28.7185
2020-11-14,Middle Africa,Democratic Republic of Congo,Nord-Kivu,Battles,Armed clash,10,19,305298,Political violence,723,-0.5508,28.7185
2020-11-21,Middle Africa,Democratic Republic of Congo,Nord-Kivu,Battles,Armed clash,17,21,487419,Political violence,723,-0.5508,28.7185
2020-11-28,Middle Africa,Democratic Republic of Congo,Nord-Kivu,Battles,Armed clash,12,6,66170,Political violence,723,-0.5508,28.7185
2020-12-05,Middle Africa,Democratic Republic of Congo,Nord-Kivu,Battles,Armed clash,7,6,372728,Political violence,723,-0.5508,28.7185
2020-12-12,Middle Africa,Democratic Republic of Congo,Nord-Kivu,Battles,Armed clash,16,36,621927,Political violence,723,-0.5508,28.7185
2020-12-19,Middle Africa,Democratic Republic of Congo,Nord-Kivu,Battles,Armed clash,19,43,99316,Political violence,723,-0.5508,28.7185
2020-12-26,Middle Africa,Democratic Republic of Congo,Nord-Kivu,Battles,Armed clash,11,26,108650,Political violence,723,-0.5508,28.7185
2021-01-02,Middle Africa,Democratic Republic of Congo,Nord-Kivu,Battles,Armed clash,7,9,431861,Political violence,723,-0.5508,28.7185
2021-01-09,Middle Africa,Democratic Republic of Congo,Nord-Kivu,Battles,Armed clash,19,34,36187,Political violence,723,-0.5508,28.7185
2021-01-23,Middle Africa,Democratic Republic of Congo,Nord-Kivu,Battles,Armed clash,6,7,11001,Political violence,723,-0.5508,28.7185
2021-01-30,Middle Africa,Democratic Republic of Congo,Nord-Kivu,Battles,Armed clash,13,28,138743,Political violence,723,-0.5508,28.7185
2021-02-06,Middle Africa,Democratic Republic of Congo,Nord-Kivu,Battles,Armed clash,13,30,259775,Political violence,723,-0.5508,28.7185
2021-02-13,Middle Africa,Democratic Republic of Congo,Nord-Kivu,Battles,Armed clash,9,8,378389,Political violence,723,-0.5508,28.7185
2021-02-20,Middle Africa,Democratic Republic of Congo,Nord-Kivu,Battles,Armed clash,20,45,188309,Political violence,723,-0.5508,28.7185
2021-02-27,Middle Africa,Democratic Republic of Congo,Nord-Kivu,Battles,Armed clash,7,13,79996,Political violence,723,-0.5508,28.7185
2021-03-06,Middle Africa,Democratic Republic of Congo,Nord-Kivu,Battles,Armed clash,15,30,141553,Political violence,723,-0.5508,28.7185
2021-03-13,Middle Africa,Democratic Republic of Congo,Nord-Kivu,Battles,Armed clash,24,46,198939,Political violence,723,-0.5508,28.7185
2021-03-20,Middle Africa,Democratic Republic of Congo,Nord-Kivu,Battles,Armed clash,16,23,166107,Political violence,723,-0.5508,28.7185
2021-03-27,Middle Africa,Democratic Republic of Congo,Nord-Kivu,Battles,Armed clash,21,65,483718,Political violence,723,-0.5508,28.7185
2021-04-03,Middle Africa,Democratic Republic of Congo,Nord-Kivu,Battles,Armed clash,26,30,206643,Political violence,723,-0.5508,28.7185
2021-04-10,Middle Africa,Democratic Republic of Congo,Nord-Kivu,Battles,Armed clash,30,25,210105,Political violence,723,-0.5508,28.7185
2021-04-17,Middle Africa,Democratic Republic of Congo,Nord-Kivu,Battles,Armed clash,30,62,973744,Political violence,723,-0.5508,28.7185
2021-04-24,Middle Africa,Democratic Republic of Congo,Nord-Kivu,Battles,Armed clash,14,37,212017,Political violence,723,-0.5508,28.7185
2021-05-01,Middle Africa,Democratic Republic of Congo,Nord-Kivu,Battles,Armed clash,25,41,155447,Political violence,723,-0.5508,28.7185
2021-05-08,Middle Africa,Democratic Republic of Congo,Nord-Kivu,Battles,Armed clash,16,34,39228,Political violence,723,-0.5508,28.7185
2021-05-15,Middle Africa,Democratic Republic of Congo,Nord-Kivu,Battles,Armed clash,10,8,183036,Political violence,723,-0.5508,28.7185
2021-05-22,Middle Africa,Democratic Republic of Congo,Nord-Kivu,Battles,Armed clash,14,12,311872,Political violence,723,-0.5508,28.7185
2021-05-29,Middle Africa,Democratic Republic of Congo,Nord-Kivu,Battles,Armed clash,10,16,37478,Political violence,723,-0.5508,28.7185
2021-06-05,Middle Africa,Democratic Republic of Congo,Nord-Kivu,Battles,Armed clash,21,14,426392,Political violence,723,-0.5508,28.7185
2021-06-12,Middle Africa,Democratic Republic of Congo,Nord-Kivu,Battles,Armed clash,15,18,47858,Political violence,723,-0.5508,28.7185
2021-06-19,Middle Africa,Democratic Republic of Congo,Nord-Kivu,Battles,Armed clash,14,11,96288,Political violence,723,-0.5508,28.7185
2021-06-26,Middle Africa,Democratic Republic of Congo,Nord-Kivu,Battles,Armed clash,7,16,204725,Political violence,723,-0.5508,28.7185
2021-07-03,Middle Africa,Democratic Republic of Congo,Nord-Kivu,Battles,Armed clash,15,15,165776,Political violence,723,-0.5508,28.7185
2021-07-10,Middle Africa,Democratic Republic of Congo,Nord-Kivu,Battles,Armed clash,4,3,5032,Political violence,723,-0.5508,28.7185
2021-07-17,Middle Africa,Democratic Republic of Congo,Nord-Kivu,Battles,Armed clash,7,26,26308,Political violence,723,-0.5508,28.7185
2021-07-24,Middle Africa,Democratic Republic of Congo,Nord-Kivu,Battles,Armed clash,8,20,37939,Political violence,723,-0.5508,28.7185
2021-07-31,Middle Africa,Democratic Republic of Congo,Nord-Kivu,Battles,Armed clash,2,2,5725,Political violence,723,-0.5508,28.7185
2021-08-07,Middle Africa,Democratic Republic of Congo,Nord-Kivu,Battles,Armed clash,12,38,97454,Political violence,723,-0.5508,28.7185
2021-08-14,Middle Africa,Democratic Republic of Congo,Nord-Kivu,Battles,Armed clash,7,27,211892,Political violence,723,-0.5508,28.7185
2021-08-21,Middle Africa,Democratic Republic of Congo,Nord-Kivu,Battles,Armed clash,11,33,179781,Political violence,723,-0.5508,28.7185
2021-08-28,Middle Africa,Democratic Republic of Congo,Nord-Kivu,Battles,Armed clash,13,25,103032,Political violence,723,-0.5508,28.7185
2021-09-04,Middle Africa,Democratic Republic of Congo,Nord-Kivu,Battles,Armed clash,5,10,18858,Political violence,723,-0.5508,28.7185
2021-09-11,Middle Africa,Democratic Republic of Congo,Nord-Kivu,Battles,Armed clash,17,18,422203,Political violence,723,-0.5508,28.7185
2021-09-18,Middle Africa,Democratic Republic of Congo,Nord-Kivu,Battles,Armed clash,21,13,336108,Political violence,723,-0.5508,28.7185
2021-09-25,Middle Africa,Democratic Republic of Congo,Nord-Kivu,Battles,Armed clash,14,21,42126,Political violence,723,-0.5508,28.7185
2021-10-02,Middle Africa,Democratic Republic of Congo,Nord-Kivu,Battles,Armed clash,19,37,140827,Political violence,723,-0.5508,28.7185
2021-10-09,Middle Africa,Democratic Republic of Congo,Nord-Kivu,Battles,Armed clash,16,37,179975,Political violence,723,-0.5508,28.7185
2021-10-16,Middle Africa,Democratic Republic of Congo,Nord-Kivu,Battles,Armed clash,24,33,597429,Political violence,723,-0.5508,28.7185
2021-10-23,Middle Africa,Democratic Republic of Congo,Nord-Kivu,Battles,Armed clash,22,29,142233,Political violence,723,-0.5508,28.7185
2021-10-30,Middle Africa,Democratic Republic of Congo,Nord-Kivu,Battles,Armed clash,22,43,348779,Political violence,723,-0.5508,28.7185
2021-11-06,Middle Africa,Democratic Republic of Congo,Nord-Kivu,Battles,Armed clash,22,32,514916,Political violence,723,-0.5508,28.7185
2021-11-13,Middle Africa,Democratic Republic of Congo,Nord-Kivu,Battles,Armed clash,17,17,353535,Political violence,723,-0.5508,28.7185
2021-11-20,Middle Africa,Democratic Republic of Congo,Nord-Kivu,Battles,Armed clash,25,53,437480,Political violence,723,-0.5508,28.7185
2021-11-27,Middle Africa,Democratic Republic of Congo,Nord-Kivu,Battles,Armed clash,13,18,160534,Political violence,723,-0.5508,28.7185
2021-12-04,Middle Africa,Democratic Republic of Congo,Nord-Kivu,Battles,Armed clash,18,19,315294,Political violence,723,-0.5508,28.7185
2021-12-11,Middle Africa,Democratic Republic of Congo,Nord-Kivu,Battles,Armed clash,9,8,44843,Political violence,723,-0.5508,28.7185
2021-12-18,Middle Africa,Democratic Republic of Congo,Nord-Kivu,Battles,Armed clash,20,41,197413,Political violence,723,-0.5508,28.7185
2021-12-25,Middle Africa,Democratic Republic of Congo,Nord-Kivu,Battles,Armed clash,8,36,102462,Political violence,723,-0.5508,28.7185
2022-01-01,Middle Africa,Democratic Republic of Congo,Nord-Kivu,Battles,Armed clash,20,41,392009,Political violence,723,-0.5508,28.7185
2022-01-08,Middle Africa,Democratic Republic of Congo,Nord-Kivu,Battles,Armed clash,23,65,181986,Political violence,723,-0.5508,28.7185
2022-01-15,Middle Africa,Democratic Republic of Congo,Nord-Kivu,Battles,Armed clash,17,28,90028,Political violence,723,-0.5508,28.7185
2022-01-22,Middle Africa,Democratic Republic of Congo,Nord-Kivu,Battles,Armed clash,23,97,165292,Political violence,723,-0.5508,28.7185
2022-01-29,Middle Africa,Democratic Republic of Congo,Nord-Kivu,Battles,Armed clash,9,19,67737,Political violence,723,-0.5508,28.7185
2022-02-05,Middle Africa,Democratic Republic of Congo,Nord-Kivu,Battles,Armed clash,13,27,128442,Political violence,723,-0.5508,28.7185
2022-02-12,Middle Africa,Democratic Republic of Congo,Nord-Kivu,Battles,Armed clash,16,23,388969,Political violence,723,-0.5508,28.7185
2022-02-19,Middle Africa,Democratic Republic of Congo,Nord-Kivu,Battles,Armed clash,8,9,311668,Political violence,723,-0.5508,28.7185
2022-02-26,Middle Africa,Democratic Republic of Congo,Nord-Kivu,Battles,Armed clash,13,25,279165,Political violence,723,-0.5508,28.7185
2022-03-05,Middle Africa,Democratic Republic of Congo,Nord-Kivu,Battles,Armed clash,6,6,269676,Political violence,723,-0.5508,28.7185
2022-03-12,Middle Africa,Democratic Republic of Congo,Nord-Kivu,Battles,Armed clash,7,16,32170,Political violence,723,-0.5508,28.7185
2022-03-19,Middle Africa,Democratic Republic of Congo,Nord-Kivu,Battles,Armed clash,18,24,301179,Political violence,723,-0.5508,28.7185
2022-03-26,Middle Africa,Democratic Republic of Congo,Nord-Kivu,Battles,Armed clash,15,81,101716,Political violence,723,-0.5508,28.7185
2022-04-02,Middle Africa,Democratic Republic of Congo,Nord-Kivu,Battles,Armed clash,30,91,194598,Political violence,723,-0.5508,28.7185
2022-04-09,Middle Africa,Democratic Republic of Congo,Nord-Kivu,Battles,Armed clash,13,17,56170,Political violence,723,-0.5508,28.7185
2022-04-16,Middle Africa,Democratic Republic of Congo,Nord-Kivu,Battles,Armed clash,17,10,203606,Political violence,723,-0.5508,28.7185
2022-04-23,Middle Africa,Democratic Republic of Congo,Nord-Kivu,Battles,Armed clash,18,11,265089,Political violence,723,-0.5508,28.7185
2022-04-30,Middle Africa,Democratic Republic of Congo,Nord-Kivu,Battles,Armed clash,10,10,59013,Political violence,723,-0.5508,28.7185
2022-05-07,Middle Africa,Democratic Republic of Congo,Nord-Kivu,Battles,Armed clash,14,10,41700,Political violence,723,-0.5508,28.7185
2022-05-14,Middle Africa,Democratic Republic of Congo,Nord-Kivu,Battles,Armed clash,15,20,112840,Political violence,723,-0.5508,28.7185
2022-05-21,Middle Africa,Democratic Republic of Congo,Nord-Kivu,Battles,Armed clash,29,30,143492,Political violence,723,-0.5508,28.7185
2022-05-28,Middle Africa,Democratic Republic of Congo,Nord-Kivu,Battles,Armed clash,10,24,74857,Political violence,723,-0.5508,28.7185
2022-06-04,Middle Africa,Democratic Republic of Congo,Nord-Kivu,Battles,Armed clash,24,21,246449,Political violence,723,-0.5508,28.7185
2022-06-11,Middle Africa,Democratic Republic of Congo,Nord-Kivu,Battles,Armed clash,21,21,129502,Political violence,723,-0.5508,28.7185
2022-06-18,Middle Africa,Democratic Republic of Congo,Nord-Kivu,Battles,Armed clash,36,54,304016,Political violence,723,-0.5508,28.7185
2022-06-25,Middle Africa,Democratic Republic of Congo,Nord-Kivu,Battles,Armed clash,29,47,57000,Political violence,723,-0.5508,28.7185
2022-07-02,Middle Africa,Democratic Republic of Congo,Nord-Kivu,Battles,Armed clash,21,14,283062,Political violence,723,-0.5508,28.7185
2022-07-09,Middle Africa,Democratic Republic of Congo,Nord-Kivu,Battles,Armed clash,11,14,271397,Political violence,723,-0.5508,28.7185
2022-07-16,Middle Africa,Democratic Republic of Congo,Nord-Kivu,Battles,Armed clash,5,5,175411,Political violence,723,-0.5508,28.7185
2022-07-23,Middle Africa,Democratic Republic of Congo,Nord-Kivu,Battles,Armed clash,3,1,30763,Political violence,723,-0.5508,28.7185
2022-07-30,Middle Africa,Democratic Republic of Congo,Nord-Kivu,Battles,Armed clash,15,22,143413,Political violence,723,-0.5508,28.7185
2022-08-06,Middle Africa,Democratic Republic of Congo,Nord-Kivu,Battles,Armed clash,5,10,163225,Political violence,723,-0.5508,28.7185
2022-08-13,Middle Africa,Democratic Republic of Congo,Nord-Kivu,Battles,Armed clash,14,8,194867,Political violence,723,-0.5508,28.7185
2022-08-20,Middle Africa,Democratic Republic of Congo,Nord-Kivu,Battles,Armed clash,8,2,307434,Political violence,723,-0.5508,28.7185
2022-08-27,Middle Africa,Democratic Republic of Congo,Nord-Kivu,Battles,Armed clash,9,16,228127,Political violence,723,-0.5508,28.7185
2022-09-03,Middle Africa,Democratic Republic of Congo,Nord-Kivu,Battles,Armed clash,3,7,14440,Political violence,723,-0.5508,28.7185
2022-09-10,Middle Africa,Democratic Republic of Congo,Nord-Kivu,Battles,Armed clash,5,13,192932,Political violence,723,-0.5508,28.7185
2022-09-17,Middle Africa,Democratic Republic of Congo,Nord-Kivu,Battles,Armed clash,2,3,44873,Political violence,723,-0.5508,28.7185
2022-09-24,Middle Africa,Democratic Republic of Congo,Nord-Kivu,Battles,Armed clash,9,5,28235,Political violence,723,-0.5508,28.7185
2022-10-01,Middle Africa,Democratic Republic of Congo,Nord-Kivu,Battles,Armed clash,5,34,30089,Political violence,723,-0.5508,28.7185
2022-10-08,Middle Africa,Democratic Republic of Congo,Nord-Kivu,Battles,Armed clash,3,1,192798,Political violence,723,-0.5508,28.7185
2022-10-15,Middle Africa,Democratic Republic of Congo,Nord-Kivu,Battles,Armed clash,13,47,292346,Political violence,723,-0.5508,28.7185
2022-10-22,Middle Africa,Democratic Republic of Congo,Nord-Kivu,Battles,Armed clash,29,13,149246,Political violence,723,-0.5508,28.7185
2022-10-29,Middle Africa,Democratic Republic of Congo,Nord-Kivu,Battles,Armed clash,8,3,296369,Political violence,723,-0.5508,28.7185
2022-11-05,Middle Africa,Democratic Republic of Congo,Nord-Kivu,Battles,Armed clash,17,27,43903,Political violence,723,-0.5508,28.7185
2022-11-12,Middle Africa,Democratic Republic of Congo,Nord-Kivu,Battles,Armed clash,33,38,286172,Political violence,723,-0.5508,28.7185
2022-11-19,Middle Africa,Democratic Republic of Congo,Nord-Kivu,Battles,Armed clash,15,26,332590,Political violence,723,-0.5508,28.7185
2022-11-26,Middle Africa,Democratic Republic of Congo,Nord-Kivu,Battles,Armed clash,21,52,249159,Political violence,723,-0.5508,28.7185
2022-12-03,Middle Africa,Democratic Republic of Congo,Nord-Kivu,Battles,Armed clash,15,13,147558,Political violence,723,-0.5508,28.7185
2022-12-10,Middle Africa,Democratic Republic of Congo,Nord-Kivu,Battles,Armed clash,20,19,410664,Political violence,723,-0.5508,28.7185
2022-12-17,Middle Africa,Democratic Republic of Congo,Nord-Kivu,Battles,Armed clash,31,20,289591,Political violence,723,-0.5508,28.7185
2022-12-24,Middle Africa,Democratic Republic of Congo,Nord-Kivu,Battles,Armed clash,17,30,38163,Political violence,723,-0.5508,28.7185
2022-12-31,Middle Africa,Democratic Republic of Congo,Nord-Kivu,Battles,Armed clash,28,16,291392,Political violence,723,-0.5508,28.7185
2023-01-07,Middle Africa,Democratic Republic of Congo,Nord-Kivu,Battles,Armed clash,19,54,110098,Political violence,723,-0.5508,28.7185
2023-01-14,Middle Africa,Democratic Republic of Congo,Nord-Kivu,Battles,Armed clash,11,12,38747,Political violence,723,-0.5508,28.7185
2023-01-21,Middle Africa,Democratic Republic of Congo,Nord-Kivu,Battles,Armed clash,39,30,356889,Political violence,723,-0.5508,28.7185
2023-01-28,Middle Africa,Democratic Republic of Congo,Nord-Kivu,Battles,Armed clash,22,1,186054,Political violence,723,-0.5508,28.7185
2023-02-04,Middle Africa,Democratic Republic of Congo,Nord-Kivu,Battles,Armed clash,21,27,180750,Political violence,723,-0.5508,28.7185
2023-02-11,Middle Africa,Democratic Republic of Congo,Nord-Kivu,Battles,Armed clash,14,5,159643,Political violence,723,-0.5508,28.7185
2023-02-18,Middle Africa,Democratic Republic of Congo,Nord-Kivu,Battles,Armed clash,20,17,178179,Political violence,723,-0.5508,28.7185
2023-02-25,Middle Africa,Democratic Republic of Congo,Nord-Kivu,Battles,Armed clash,18,9,268038,Political violence,723,-0.5508,28.7185
2023-03-04,Middle Africa,Democratic Republic of Congo,Nord-Kivu,Battles,Armed clash,42,13,514953,Political violence,723,-0.5508,28.7185
2023-03-11,Middle Africa,Democratic Republic of Congo,Nord-Kivu,Battles,Armed clash,16,27,173622,Political violence,723,-0.5508,28.7185
2023-03-18,Middle Africa,Democratic Republic of Congo,Nord-Kivu,Battles,Armed clash,14,30,105547,Political violence,723,-0.5508,28.7185
2023-03-25,Middle Africa,Democratic Republic of Congo,Nord-Kivu,Battles,Armed clash,23,36,607336,Political violence,723,-0.5508,28.7185
2023-04-01,Middle Africa,Democratic Republic of Congo,Nord-Kivu,Battles,Armed clash,6,8,239777,Political violence,723,-0.5508,28.7185
2023-04-08,Middle Africa,Democratic Republic of Congo,Nord-Kivu,Battles,Armed clash,9,35,240230,Political violence,723,-0.5508,28.7185
2023-04-15,Middle Africa,Democratic Republic of Congo,Nord-Kivu,Battles,Armed clash,9,8,83359,Political violence,723,-0.5508,28.7185
2023-04-22,Middle Africa,Democratic Republic of Congo,Nord-Kivu,Battles,Armed clash,13,36,22895,Political violence,723,-0.5508,28.7185
2023-04-29,Middle Africa,Democratic Republic of Congo,Nord-Kivu,Battles,Armed clash,8,27,51842,Political violence,723,-0.5508,28.7185
2023-05-06,Middle Africa,Democratic Republic of Congo,Nord-Kivu,Battles,Armed clash,8,17,92376,Political violence,723,-0.5508,28.7185
2023-05-13,Middle Africa,Democratic Republic of Congo,Nord-Kivu,Battles,Armed clash,12,15,246215,Political violence,723,-0.5508,28.7185
2023-05-20,Middle Africa,Democratic Republic of Congo,Nord-Kivu,Battles,Armed clash,10,1,43062,Political violence,723,-0.5508,28.7185
2023-05-27,Middle Africa,Democratic Republic of Congo,Nord-Kivu,Battles,Armed clash,8,17,37925,Political violence,723,-0.5508,28.7185
2023-06-03,Middle Africa,Democratic Republic of Congo,Nord-Kivu,Battles,Armed clash,3,1,17108,Political violence,723,-0.5508,28.7185
2023-06-10,Middle Africa,Democratic Republic of Congo,Nord-Kivu,Battles,Armed clash,4,6,179560,Political violence,723,-0.5508,28.7185
2023-06-17,Middle Africa,Democratic Republic of Congo,Nord-Kivu,Battles,Armed clash,15,3,129860,Political violence,723,-0.5508,28.7185
2023-06-24,Middle Africa,Democratic Republic of Congo,Nord-Kivu,Battles,Armed clash,8,19,31752,Political violence,723,-0.5508,28.7185
2023-07-01,Middle Africa,Democratic Republic of Congo,Nord-Kivu,Battles,Armed clash,23,17,326720,Political violence,723,-0.5508,28.7185
2023-07-08,Middle Africa,Democratic Republic of Congo,Nord-Kivu,Battles,Armed clash,19,21,96313,Political violence,723,-0.5508,28.7185
2023-07-15,Middle Africa,Democratic Republic of Congo,Nord-Kivu,Battles,Armed clash,13,51,70167,Political violence,723,-0.5508,28.7185
2023-07-22,Middle Africa,Democratic Republic of Congo,Nord-Kivu,Battles,Armed clash,13,15,388293,Political violence,723,-0.5508,28.7185
2023-07-29,Middle Africa,Democratic Republic of Congo,Nord-Kivu,Battles,Armed clash,13,26,216697,Political violence,723,-0.5508,28.7185
2023-08-05,Middle Africa,Democratic Republic of Congo,Nord-Kivu,Battles,Armed clash,16,34,40029,Political violence,723,-0.5508,28.7185
2023-08-12,Middle Africa,Democratic Republic of Congo,Nord-Kivu,Battles,Armed clash,4,3,30246,Political violence,723,-0.5508,28.7185
2023-08-19,Middle Africa,Democratic Republic of Congo,Nord-Kivu,Battles,Armed clash,10,10,52995,Political violence,723,-0.5508,28.7185
2023-08-26,Middle Africa,Democratic Republic of Congo,Nord-Kivu,Battles,Armed clash,6,17,101208,Political violence,723,-0.5508,28.7185
2023-09-02,Middle Africa,Democratic Republic of Congo,Nord-Kivu,Battles,Armed clash,17,7,114078,Political violence,723,-0.5508,28.7185
2023-09-09,Middle Africa,Democratic Republic of Congo,Nord-Kivu,Battles,Armed clash,3,1,181568,Political violence,723,-0.5508,28.7185
2023-09-16,Middle Africa,Democratic Republic of Congo,Nord-Kivu,Battles,Armed clash,8,3,193106,Political violence,723,-0.5508,28.7185
2023-09-30,Middle Africa,Democratic Republic of Congo,Nord-Kivu,Battles,Armed clash,22,7,235721,Political violence,723,-0.5508,28.7185
2023-10-07,Middle Africa,Democratic Republic of Congo,Nord-Kivu,Battles,Armed clash,21,21,486935,Political violence,723,-0.5508,28.7185
2023-10-14,Middle Africa,Democratic Republic of Congo,Nord-Kivu,Battles,Armed clash,18,3,350109,Political violence,723,-0.5508,28.7185
2023-10-21,Middle Africa,Democratic Republic of Congo,Nord-Kivu,Battles,Armed clash,26,51,244710,Political violence,723,-0.5508,28.7185
2023-10-28,Middle Africa,Democratic Republic of Congo,Nord-Kivu,Battles,Armed clash,14,3,127948,Political violence,723,-0.5508,28.7185
2023-11-04,Middle Africa,Democratic Republic of Congo,Nord-Kivu,Battles,Armed clash,21,13,370306,Political violence,723,-0.5508,28.7185
2023-11-11,Middle Africa,Democratic Republic of Congo,Nord-Kivu,Battles,Armed clash,13,28,456298,Political violence,723,-0.5508,28.7185
2023-11-18,Middle Africa,Democratic Republic of Congo,Nord-Kivu,Battles,Armed clash,10,8,179668,Political violence,723,-0.5508,28.7185
2023-11-25,Middle Africa,Democratic Republic of Congo,Nord-Kivu,Battles,Armed clash,14,8,356144,Political violence,723,-0.5508,28.7185
2023-12-02,Middle Africa,Democratic Republic of Congo,Nord-Kivu,Battles,Armed clash,13,12,100872,Political violence,723,-0.5508,28.7185
2023-12-16,Middle Africa,Democratic Republic of Congo,Nord-Kivu,Battles,Armed clash,9,4,137099,Political violence,723,-0.5508,28.7185
2023-12-23,Middle Africa,Democratic Republic of Congo,Nord-Kivu,Battles,Armed clash,6,3,247714,Political violence,723,-0.5508,28.7185
2023-12-30,Middle Africa,Democratic Republic of Congo,Nord-Kivu,Battles,Armed clash,6,10,99268,Political violence,723,-0.5508,28.7185
2024-01-06,Middle Africa,Democratic Republic of Congo,Nord-Kivu,Battles,Armed clash,8,54,106894,Political violence,723,-0.5508,28.7185
2024-01-20,Middle Africa,Democratic Republic of Congo,Nord-Kivu,Battles,Armed clash,20,31,404587,Political violence,723,-0.5508,28.7185
2024-01-27,Middle Africa,Democratic Republic of Congo,Nord-Kivu,Battles,Armed clash,33,13,352888,Political violence,723,-0.5508,28.7185
2024-02-03,Middle Africa,Democratic Republic of Congo,Nord-Kivu,Battles,Armed clash,23,3,164463,Political violence,723,-0.5508,28.7185
2024-02-10,Middle Africa,Democratic Republic of Congo,Nord-Kivu,Battles,Armed clash,21,5,178080,Political violence,723,-0.5508,28.7185
2024-02-17,Middle Africa,Democratic Republic of Congo,Nord-Kivu,Battles,Armed clash,14,6,175759,Political violence,723,-0.5508,28.7185
2024-02-24,Middle Africa,Democratic Republic of Congo,Nord-Kivu,Battles,Armed clash,10,3,156160,Political violence,723,-0.5508,28.7185
2024-03-02,Middle Africa,Democratic Republic of Congo,Nord-Kivu,Battles,Armed clash,17,14,489969,Political violence,723,-0.5508,28.7185
2024-03-16,Middle Africa,Democratic Republic of Congo,Nord-Kivu,Battles,Armed clash,15,6,422216,Political violence,723,-0.5508,28.7185
2024-03-23,Middle Africa,Democratic Republic of Congo,Nord-Kivu,Battles,Armed clash,14,10,1215456,Political violence,723,-0.5508,28.7185
2024-03-30,Middle Africa,Democratic Republic of Congo,Nord-Kivu,Battles,Armed clash,16,10,241318,Political violence,723,-0.5508,28.7185
2024-04-06,Middle Africa,Democratic Republic of Congo,Nord-Kivu,Battles,Armed clash,8,4,93803,Political violence,723,-0.5508,28.7185
2024-04-13,Middle Africa,Democratic Republic of Congo,Nord-Kivu,Battles,Armed clash,15,11,195538,Political violence,723,-0.5508,28.7185
2024-04-20,Middle Africa,Democratic Republic of Congo,Nord-Kivu,Battles,Armed clash,7,13,138290,Political violence,723,-0.5508,28.7185
2024-04-27,Middle Africa,Democratic Republic of Congo,Nord-Kivu,Battles,Armed clash,11,6,478840,Political violence,723,-0.5508,28.7185
2024-05-25,Middle Africa,Democratic Republic of Congo,Nord-Kivu,Battles,Armed clash,29,47,353010,Political violence,723,-0.5508,28.7185
2024-06-01,Middle Africa,Democratic Republic of Congo,Nord-Kivu,Battles,Armed clash,18,13,166117,Political violence,723,-0.5508,28.7185
2024-06-08,Middle Africa,Democratic Republic of Congo,Nord-Kivu,Battles,Armed clash,12,5,247210,Political violence,723,-0.5508,28.7185
2024-06-15,Middle Africa,Democratic Republic of Congo,Nord-Kivu,Battles,Armed clash,15,22,456377,Political violence,723,-0.5508,28.7185
2024-06-22,Middle Africa,Democratic Republic of Congo,Nord-Kivu,Battles,Armed clash,12,13,310784,Political violence,723,-0.5508,28.7185
2024-06-29,Middle Africa,Democratic Republic of Congo,Nord-Kivu,Battles,Armed clash,8,4,138620,Political violence,723,-0.5508,28.7185
2024-07-06,Middle Africa,Democratic Republic of Congo,Nord-Kivu,Battles,Armed clash,5,17,116503,Political violence,723,-0.5508,28.7185
2024-07-13,Middle Africa,Democratic Republic of Congo,Nord-Kivu,Battles,Armed clash,16,13,333972,Political violence,723,-0.5508,28.7185
2024-07-27,Middle Africa,Democratic Republic of Congo,Nord-Kivu,Battles,Armed clash,8,6,195513,Political violence,723,-0.5508,28.7185
2024-08-03,Middle Africa,Democratic Republic of Congo,Nord-Kivu,Battles,Armed clash,7,3,101782,Political violence,723,-0.5508,28.7185
2024-08-10,Middle Africa,Democratic Republic of Congo,Nord-Kivu,Battles,Armed clash,5,8,119919,Political violence,723,-0.5508,28.7185
2024-08-17,Middle Africa,Democratic Republic of Congo,Nord-Kivu,Battles,Armed clash,10,11,105544,Political violence,723,-0.5508,28.7185
2024-08-31,Middle Africa,Democratic Republic of Congo,Nord-Kivu,Battles,Armed clash,4,6,26968,Political violence,723,-0.5508,28.7185
2024-09-07,Middle Africa,Democratic Republic of Congo,Nord-Kivu,Battles,Armed clash,10,11,111190,Political violence,723,-0.5508,28.7185
2024-09-14,Middle Africa,Democratic Republic of Congo,Nord-Kivu,Battles,Armed clash,5,7,57452,Political violence,723,-0.5508,28.7185
2024-09-21,Middle Africa,Democratic Republic of Congo,Nord-Kivu,Battles,Armed clash,16,67,205840,Political violence,723,-0.5508,28.7185
2024-09-28,Middle Africa,Democratic Republic of Congo,Nord-Kivu,Battles,Armed clash,5,5,55230,Political violence,723,-0.5508,28.7185
2024-10-05,Middle Africa,Democratic Republic of Congo,Nord-Kivu,Battles,Armed clash,6,14,36627,Political violence,723,-0.5508,28.7185
2024-10-12,Middle Africa,Democratic Republic of Congo,Nord-Kivu,Battles,Armed clash,8,7,227782,Political violence,723,-0.5508,28.7185
2024-10-19,Middle Africa,Democratic Republic of Congo,Nord-Kivu,Battles,Armed clash,9,4,131627,Political violence,723,-0.5508,28.7185
2024-10-26,Middle Africa,Democratic Republic of Congo,Nord-Kivu,Battles,Armed clash,11,3,81218,Political violence,723,-0.5508,28.7185
2024-11-02,Middle Africa,Democratic Republic of Congo,Nord-Kivu,Battles,Armed clash,10,1,265056,Political violence,723,-0.5508,28.7185
2024-11-16,Middle Africa,Democratic Republic of Congo,Nord-Kivu,Battles,Armed clash,7,4,132493,Political violence,723,-0.5508,28.7185
2024-11-30,Middle Africa,Democratic Republic of Congo,Nord-Kivu,Battles,Armed clash,26,12,439490,Political violence,723,-0.5508,28.7185
2024-12-07,Middle Africa,Democratic Republic of Congo,Nord-Kivu,Battles,Armed clash,11,17,165217,Political violence,723,-0.5508,28.7185
2024-12-14,Middle Africa,Democratic Republic of Congo,Nord-Kivu,Battles,Armed clash,14,3,364637,Political violence,723,-0.5508,28.7185
2024-12-21,Middle Africa,Democratic Republic of Congo,Nord-Kivu,Battles,Armed clash,7,8,65617,Political violence,723,-0.5508,28.7185
2025-01-04,Middle Africa,Democratic Republic of Congo,Nord-Kivu,Battles,Armed clash,22,27,399243,Political violence,723,-0.5508,28.7185
2025-01-11,Middle Africa,Democratic Republic of Congo,Nord-Kivu,Battles,Armed clash,28,19,568676,Political violence,723,-0.5508,28.7185
2025-01-18,Middle Africa,Democratic Republic of Congo,Nord-Kivu,Battles,Armed clash,32,31,321139,Political violence,723,-0.5508,28.7185
2025-01-25,Middle Africa,Democratic Republic of Congo,Nord-Kivu,Battles,Armed clash,32,676,593341,Political violence,723,-0.5508,28.7185
2025-02-01,Middle Africa,Democratic Republic of Congo,Nord-Kivu,Battles,Armed clash,3,5,90370,Political violence,723,-0.5508,28.7185
2025-02-08,Middle Africa,Democratic Republic of Congo,Nord-Kivu,Battles,Armed clash,6,14,49207,Political violence,723,-0.5508,28.7185
2025-02-15,Middle Africa,Democratic Republic of Congo,Nord-Kivu,Battles,Armed clash,15,15,245251,Political violence,723,-0.5508,28.7185
2025-03-01,Middle Africa,Democratic Republic of Congo,Nord-Kivu,Battles,Armed clash,17,21,403829,Political violence,723,-0.5508,28.7185
2025-03-08,Middle Africa,Democratic Republic of Congo,Nord-Kivu,Battles,Armed clash,10,13,54406,Political violence,723,-0.5508,28.7185
2025-03-15,Middle Africa,Democratic Republic of Congo,Nord-Kivu,Battles,Armed clash,18,16,116878,Political violence,723,-0.5508,28.7185
2025-03-22,Middle Africa,Democratic Republic of Congo,Nord-Kivu,Battles,Armed clash,10,6,116958,Political violence,723,-0.5508,28.7185
2025-03-29,Middle Africa,Democratic Republic of Congo,Nord-Kivu,Battles,Armed clash,17,16,190782,Political violence,723,-0.5508,28.7185
2025-04-05,Middle Africa,Democratic Republic of Congo,Nord-Kivu,Battles,Armed clash,25,78,429957,Political violence,723,-0.5508,28.7185
2025-04-19,Middle Africa,Democratic Republic of Congo,Nord-Kivu,Battles,Armed clash,10,4,109162,Political violence,723,-0.5508,28.7185
2025-05-03,Middle Africa,Democratic Republic of Congo,Nord-Kivu,Battles,Armed clash,13,1,66940,Political violence,723,-0.5508,28.7185
2025-05-10,Middle Africa,Democratic Republic of Congo,Nord-Kivu,Battles,Armed clash,9,4,174665,Political violence,723,-0.5508,28.7185
2025-05-17,Middle Africa,Democratic Republic of Congo,Nord-Kivu,Battles,Armed clash,16,44,120820,Political violence,723,-0.5508,28.7185
2025-05-24,Middle Africa,Democratic Republic of Congo,Nord-Kivu,Battles,Armed clash,12,12,34326,Political violence,723,-0.5508,28.7185
2025-05-31,Middle Africa,Democratic Republic of Congo,Nord-Kivu,Battles,Armed clash,2,1,48866,Political violence,723,-0.5508,28.7185
2025-06-07,Middle Africa,Democratic Republic of Congo,Nord-Kivu,Battles,Armed clash,16,4,183873,Political violence,723,-0.5508,28.7185
2025-06-14,Middle Africa,Democratic Republic of Congo,Nord-Kivu,Battles,Armed clash,23,10,190025,Political violence,723,-0.5508,28.7185
2025-06-21,Middle Africa,Democratic Republic of Congo,Nord-Kivu,Battles,Armed clash,22,14,245780,Political violence,723,-0.5508,28.7185
2025-06-28,Middle Africa,Democratic Republic of Congo,Nord-Kivu,Battles,Armed clash,16,1,99863,Political violence,723,-0.5508,28.7185
2025-07-05,Middle Africa,Democratic Republic of Congo,Nord-Kivu,Battles,Armed clash,20,29,219175,Political violence,723,-0.5508,28.7185
2025-07-12,Middle Africa,Democratic Republic of Congo,Nord-Kivu,Battles,Armed clash,18,23,148859,Political violence,723,-0.5508,28.7185
2025-07-19,Middle Africa,Democratic Republic of Congo,Nord-Kivu,Battles,Armed clash,19,72,388064,Political violence,723,-0.5508,28.7185
2025-07-26,Middle Africa,Democratic Republic of Congo,Nord-Kivu,Battles,Armed clash,20,1,122036,Political violence,723,-0.5508,28.7185
2025-08-02,Middle Africa,Democratic Republic of Congo,Nord-Kivu,Battles,Armed clash,14,22,62703,Political violence,723,-0.5508,28.7185
2025-08-09,Middle Africa,Democratic Republic of Congo,Nord-Kivu,Battles,Armed clash,11,6,469024,Political violence,723,-0.5508,28.7185
2025-08-16,Middle Africa,Democratic Republic of Congo,Nord-Kivu,Battles,Armed clash,6,3,8930,Political violence,723,-0.5508,28.7185
2025-08-23,Middle Africa,Democratic Republic of Congo,Nord-Kivu,Battles,Armed clash,8,3,107946,Political violence,723,-0.5508,28.7185
2025-08-30,Middle Africa,Democratic Republic of Congo,Nord-Kivu,Battles,Armed clash,18,118,280133,Political violence,723,-0.5508,28.7185
2025-09-06,Middle Africa,Democratic Republic of Congo,Nord-Kivu,Battles,Armed clash,23,26,143733,Political violence,723,-0.5508,28.7185
2025-09-13,Middle Africa,Democratic Republic of Congo,Nord-Kivu,Battles,Armed clash,17,2,128655,Political violence,723,-0.5508,28.7185
2025-09-20,Middle Africa,Democratic Republic of Congo,Nord-Kivu,Battles,Armed clash,15,19,155951,Political violence,723,-0.5508,28.7185
2025-10-11,Middle Africa,Democratic Republic of Congo,Nord-Kivu,Battles,Armed clash,17,14,86559,Political violence,723,-0.5508,28.7185
2025-10-18,Middle Africa,Democratic Republic of Congo,Nord-Kivu,Battles,Armed clash,28,15,211130,Political violence,723,-0.5508,28.7185
2025-10-25,Middle Africa,Democratic Republic of Congo,Nord-Kivu,Battles,Armed clash,19,12,145173,Political violence,723,-0.5508,28.7185
2025-11-01,Middle Africa,Democratic Republic of Congo,Nord-Kivu,Battles,Armed clash,16,45,174289,Political violence,723,-0.5508,28.7185
2025-11-08,Middle Africa,Democratic Republic of Congo,Nord-Kivu,Battles,Armed clash,21,5,451317,Political violence,723,-0.5508,28.7185
2025-11-15,Middle Africa,Democratic Republic of Congo,Nord-Kivu,Battles,Armed clash,11,4,50096,Political violence,723,-0.5508,28.7185
2025-11-29,Middle Africa,Democratic Republic of Congo,Nord-Kivu,Battles,Armed clash,11,11,83582,Political violence,723,-0.5508,28.7185
2025-12-06,Middle Africa,Democratic Republic of Congo,Nord-Kivu,Battles,Armed clash,10,4,20757,Political violence,723,-0.5508,28.7185
2025-12-13,Middle Africa,Democratic Republic of Congo,Nord-Kivu,Battles,Armed clash,10,12,65571,Political violence,723,-0.5508,28.7185
2025-12-20,Middle Africa,Democratic Republic of Congo,Nord-Kivu,Battles,Armed clash,4,3,18366,Political violence,723,-0.5508,28.7185
2025-12-27,Middle Africa,Democratic Republic of Congo,Nord-Kivu,Battles,Armed clash,10,15,62234,Political violence,723,-0.5508,28.7185
2026-01-24,Middle Africa,Democratic Republic of Congo,Nord-Kivu,Battles,Armed clash,6,27,21230,Political violence,723,-0.5508,28.7185
2026-01-31,Middle Africa,Democratic Republic of Congo,Nord-Kivu,Battles,Armed clash,12,7,NA,Political violence,723,-0.5508,28.7185
2009-01-24,Middle Africa,Democratic Republic of Congo,Nord-Kivu,Battles,Government regains territory,5,8,NA,Political violence,723,-0.5508,28.7185
2010-02-20,Middle Africa,Democratic Republic of Congo,Nord-Kivu,Battles,Government regains territory,1,10,NA,Political violence,723,-0.5508,28.7185
2010-02-27,Middle Africa,Democratic Republic of Congo,Nord-Kivu,Battles,Government regains territory,1,15,NA,Political violence,723,-0.5508,28.7185
2010-03-13,Middle Africa,Democratic Republic of Congo,Nord-Kivu,Battles,Government regains territory,1,40,NA,Political violence,723,-0.5508,28.7185
2010-07-31,Middle Africa,Democratic Republic of Congo,Nord-Kivu,Battles,Government regains territory,1,11,NA,Political violence,723,-0.5508,28.7185
2010-11-13,Middle Africa,Democratic Republic of Congo,Nord-Kivu,Battles,Government regains territory,4,20,NA,Political violence,723,-0.5508,28.7185
2012-05-19,Middle Africa,Democratic Republic of Congo,Nord-Kivu,Battles,Government regains territory,2,2,NA,Political violence,723,-0.5508,28.7185
2013-01-19,Middle Africa,Democratic Republic of Congo,Nord-Kivu,Battles,Government regains territory,1,3,NA,Political violence,723,-0.5508,28.7185
2013-07-27,Middle Africa,Democratic Republic of Congo,Nord-Kivu,Battles,Government regains territory,1,1,NA,Political violence,723,-0.5508,28.7185
2013-10-26,Middle Africa,Democratic Republic of Congo,Nord-Kivu,Battles,Government regains territory,4,1,NA,Political violence,723,-0.5508,28.7185
2014-01-04,Middle Africa,Democratic Republic of Congo,Nord-Kivu,Battles,Government regains territory,1,1,NA,Political violence,723,-0.5508,28.7185
2014-01-25,Middle Africa,Democratic Republic of Congo,Nord-Kivu,Battles,Government regains territory,1,33,NA,Political violence,723,-0.5508,28.7185
2014-03-08,Middle Africa,Democratic Republic of Congo,Nord-Kivu,Battles,Government regains territory,4,34,NA,Political violence,723,-0.5508,28.7185
2014-05-24,Middle Africa,Democratic Republic of Congo,Nord-Kivu,Battles,Government regains territory,2,16,NA,Political violence,723,-0.5508,28.7185
2015-01-03,Middle Africa,Democratic Republic of Congo,Nord-Kivu,Battles,Government regains territory,2,16,245444,Political violence,723,-0.5508,28.7185
2015-02-21,Middle Africa,Democratic Republic of Congo,Nord-Kivu,Battles,Government regains territory,2,1,26467,Political violence,723,-0.5508,28.7185
2015-02-28,Middle Africa,Democratic Republic of Congo,Nord-Kivu,Battles,Government regains territory,4,4,139675,Political violence,723,-0.5508,28.7185
2015-04-18,Middle Africa,Democratic Republic of Congo,Nord-Kivu,Battles,Government regains territory,1,6,6943,Political violence,723,-0.5508,28.7185
2015-06-20,Middle Africa,Democratic Republic of Congo,Nord-Kivu,Battles,Government regains territory,2,7,49252,Political violence,723,-0.5508,28.7185
2015-08-01,Middle Africa,Democratic Republic of Congo,Nord-Kivu,Battles,Government regains territory,2,5,83445,Political violence,723,-0.5508,28.7185
2015-10-24,Middle Africa,Democratic Republic of Congo,Nord-Kivu,Battles,Government regains territory,2,2,21037,Political violence,723,-0.5508,28.7185
2015-11-14,Middle Africa,Democratic Republic of Congo,Nord-Kivu,Battles,Government regains territory,1,2,16487,Political violence,723,-0.5508,28.7185
2015-11-28,Middle Africa,Democratic Republic of Congo,Nord-Kivu,Battles,Government regains territory,1,22,20623,Political violence,723,-0.5508,28.7185
2016-01-30,Middle Africa,Democratic Republic of Congo,Nord-Kivu,Battles,Government regains territory,2,2,94034,Political violence,723,-0.5508,28.7185
2016-08-27,Middle Africa,Democratic Republic of Congo,Nord-Kivu,Battles,Government regains territory,2,70,234180,Political violence,723,-0.5508,28.7185
2016-11-19,Middle Africa,Democratic Republic of Congo,Nord-Kivu,Battles,Government regains territory,2,1,20044,Political violence,723,-0.5508,28.7185
2016-12-03,Middle Africa,Democratic Republic of Congo,Nord-Kivu,Battles,Government regains territory,1,1,6715,Political violence,723,-0.5508,28.7185
2016-12-10,Middle Africa,Democratic Republic of Congo,Nord-Kivu,Battles,Government regains territory,2,10,14843,Political violence,723,-0.5508,28.7185
2017-03-25,Middle Africa,Democratic Republic of Congo,Nord-Kivu,Battles,Government regains territory,1,1,51719,Political violence,723,-0.5508,28.7185
2017-08-12,Middle Africa,Democratic Republic of Congo,Nord-Kivu,Battles,Government regains territory,3,2,658,Political violence,723,-0.5508,28.7185
2017-09-30,Middle Africa,Democratic Republic of Congo,Nord-Kivu,Battles,Government regains territory,2,14,47312,Political violence,723,-0.5508,28.7185
2017-10-28,Middle Africa,Democratic Republic of Congo,Nord-Kivu,Battles,Government regains territory,1,10,267112,Political violence,723,-0.5508,28.7185
2018-02-24,Middle Africa,Democratic Republic of Congo,Nord-Kivu,Battles,Government regains territory,1,1,44862,Political violence,723,-0.5508,28.7185
2018-03-03,Middle Africa,Democratic Republic of Congo,Nord-Kivu,Battles,Government regains territory,1,2,22265,Political violence,723,-0.5508,28.7185
2018-08-11,Middle Africa,Democratic Republic of Congo,Nord-Kivu,Battles,Government regains territory,1,5,49476,Political violence,723,-0.5508,28.7185
2018-11-10,Middle Africa,Democratic Republic of Congo,Nord-Kivu,Battles,Government regains territory,1,61,417,Political violence,723,-0.5508,28.7185
2019-01-05,Middle Africa,Democratic Republic of Congo,Nord-Kivu,Battles,Government regains territory,2,3,55841,Political violence,723,-0.5508,28.7185
2019-01-12,Middle Africa,Democratic Republic of Congo,Nord-Kivu,Battles,Government regains territory,1,3,52966,Political violence,723,-0.5508,28.7185
2019-01-19,Middle Africa,Democratic Republic of Congo,Nord-Kivu,Battles,Government regains territory,2,4,59772,Political violence,723,-0.5508,28.7185
2019-06-08,Middle Africa,Democratic Republic of Congo,Nord-Kivu,Battles,Government regains territory,2,4,25060,Political violence,723,-0.5508,28.7185
2019-08-31,Middle Africa,Democratic Republic of Congo,Nord-Kivu,Battles,Government regains territory,1,4,6094,Political violence,723,-0.5508,28.7185
2019-10-05,Middle Africa,Democratic Republic of Congo,Nord-Kivu,Battles,Government regains territory,1,6,5784,Political violence,723,-0.5508,28.7185
2019-11-02,Middle Africa,Democratic Republic of Congo,Nord-Kivu,Battles,Government regains territory,3,24,204944,Political violence,723,-0.5508,28.7185
2019-11-09,Middle Africa,Democratic Republic of Congo,Nord-Kivu,Battles,Government regains territory,6,11,96315,Political violence,723,-0.5508,28.7185
2019-11-16,Middle Africa,Democratic Republic of Congo,Nord-Kivu,Battles,Government regains territory,4,14,285261,Political violence,723,-0.5508,28.7185
2020-01-04,Middle Africa,Democratic Republic of Congo,Nord-Kivu,Battles,Government regains territory,1,70,211649,Political violence,723,-0.5508,28.7185
2020-03-21,Middle Africa,Democratic Republic of Congo,Nord-Kivu,Battles,Government regains territory,1,49,12231,Political violence,723,-0.5508,28.7185
2020-03-28,Middle Africa,Democratic Republic of Congo,Nord-Kivu,Battles,Government regains territory,1,1,37325,Political violence,723,-0.5508,28.7185
2020-04-25,Middle Africa,Democratic Republic of Congo,Nord-Kivu,Battles,Government regains territory,1,31,NA,Political violence,723,-0.5508,28.7185
2020-05-02,Middle Africa,Democratic Republic of Congo,Nord-Kivu,Battles,Government regains territory,1,3,2545,Political violence,723,-0.5508,28.7185
2020-05-23,Middle Africa,Democratic Republic of Congo,Nord-Kivu,Battles,Government regains territory,2,7,22465,Political violence,723,-0.5508,28.7185
2020-07-04,Middle Africa,Democratic Republic of Congo,Nord-Kivu,Battles,Government regains territory,2,2,12784,Political violence,723,-0.5508,28.7185
2020-07-11,Middle Africa,Democratic Republic of Congo,Nord-Kivu,Battles,Government regains territory,3,9,19996,Political violence,723,-0.5508,28.7185
2020-08-01,Middle Africa,Democratic Republic of Congo,Nord-Kivu,Battles,Government regains territory,1,2,384,Political violence,723,-0.5508,28.7185
2020-08-08,Middle Africa,Democratic Republic of Congo,Nord-Kivu,Battles,Government regains territory,2,4,2792,Political violence,723,-0.5508,28.7185
2020-08-22,Middle Africa,Democratic Republic of Congo,Nord-Kivu,Battles,Government regains territory,5,10,33474,Political violence,723,-0.5508,28.7185
2020-09-19,Middle Africa,Democratic Republic of Congo,Nord-Kivu,Battles,Government regains territory,7,17,30392,Political violence,723,-0.5508,28.7185
2020-09-26,Middle Africa,Democratic Republic of Congo,Nord-Kivu,Battles,Government regains territory,5,1,49769,Political violence,723,-0.5508,28.7185
2020-10-03,Middle Africa,Democratic Republic of Congo,Nord-Kivu,Battles,Government regains territory,3,1,20881,Political violence,723,-0.5508,28.7185
2020-10-24,Middle Africa,Democratic Republic of Congo,Nord-Kivu,Battles,Government regains territory,1,1,13678,Political violence,723,-0.5508,28.7185
2020-10-31,Middle Africa,Democratic Republic of Congo,Nord-Kivu,Battles,Government regains territory,2,11,2427,Political violence,723,-0.5508,28.7185
2020-12-05,Middle Africa,Democratic Republic of Congo,Nord-Kivu,Battles,Government regains territory,1,3,3724,Political violence,723,-0.5508,28.7185
2020-12-26,Middle Africa,Democratic Republic of Congo,Nord-Kivu,Battles,Government regains territory,5,37,47002,Political violence,723,-0.5508,28.7185
2021-01-02,Middle Africa,Democratic Republic of Congo,Nord-Kivu,Battles,Government regains territory,2,53,6418,Political violence,723,-0.5508,28.7185
2021-01-23,Middle Africa,Democratic Republic of Congo,Nord-Kivu,Battles,Government regains territory,5,12,24114,Political violence,723,-0.5508,28.7185
2021-02-20,Middle Africa,Democratic Republic of Congo,Nord-Kivu,Battles,Government regains territory,3,3,2312,Political violence,723,-0.5508,28.7185
2021-02-27,Middle Africa,Democratic Republic of Congo,Nord-Kivu,Battles,Government regains territory,2,2,15639,Political violence,723,-0.5508,28.7185
2021-03-06,Middle Africa,Democratic Republic of Congo,Nord-Kivu,Battles,Government regains territory,3,2,7467,Political violence,723,-0.5508,28.7185
2021-05-15,Middle Africa,Democratic Republic of Congo,Nord-Kivu,Battles,Government regains territory,7,11,70439,Political violence,723,-0.5508,28.7185
2021-05-29,Middle Africa,Democratic Republic of Congo,Nord-Kivu,Battles,Government regains territory,1,35,2163,Political violence,723,-0.5508,28.7185
2021-06-19,Middle Africa,Democratic Republic of Congo,Nord-Kivu,Battles,Government regains territory,1,2,6138,Political violence,723,-0.5508,28.7185
2021-08-07,Middle Africa,Democratic Republic of Congo,Nord-Kivu,Battles,Government regains territory,4,47,21493,Political violence,723,-0.5508,28.7185
2021-09-11,Middle Africa,Democratic Republic of Congo,Nord-Kivu,Battles,Government regains territory,8,6,33025,Political violence,723,-0.5508,28.7185
2021-09-25,Middle Africa,Democratic Republic of Congo,Nord-Kivu,Battles,Government regains territory,2,2,854,Political violence,723,-0.5508,28.7185
2021-11-06,Middle Africa,Democratic Republic of Congo,Nord-Kivu,Battles,Government regains territory,11,6,86370,Political violence,723,-0.5508,28.7185
2021-11-20,Middle Africa,Democratic Republic of Congo,Nord-Kivu,Battles,Government regains territory,1,1,2981,Political violence,723,-0.5508,28.7185
2021-12-11,Middle Africa,Democratic Republic of Congo,Nord-Kivu,Battles,Government regains territory,1,100,NA,Political violence,723,-0.5508,28.7185
2022-02-05,Middle Africa,Democratic Republic of Congo,Nord-Kivu,Battles,Government regains territory,1,1,485,Political violence,723,-0.5508,28.7185
2022-03-19,Middle Africa,Democratic Republic of Congo,Nord-Kivu,Battles,Government regains territory,2,3,52643,Political violence,723,-0.5508,28.7185
2022-04-23,Middle Africa,Democratic Republic of Congo,Nord-Kivu,Battles,Government regains territory,5,5,6183,Political violence,723,-0.5508,28.7185
2022-05-07,Middle Africa,Democratic Republic of Congo,Nord-Kivu,Battles,Government regains territory,2,3,15359,Political violence,723,-0.5508,28.7185
2022-05-21,Middle Africa,Democratic Republic of Congo,Nord-Kivu,Battles,Government regains territory,9,4,88490,Political violence,723,-0.5508,28.7185
2022-06-25,Middle Africa,Democratic Republic of Congo,Nord-Kivu,Battles,Government regains territory,5,14,29902,Political violence,723,-0.5508,28.7185
2022-11-19,Middle Africa,Democratic Republic of Congo,Nord-Kivu,Battles,Government regains territory,2,10,15334,Political violence,723,-0.5508,28.7185
2022-12-24,Middle Africa,Democratic Republic of Congo,Nord-Kivu,Battles,Government regains territory,1,8,7727,Political violence,723,-0.5508,28.7185
2023-03-25,Middle Africa,Democratic Republic of Congo,Nord-Kivu,Battles,Government regains territory,1,21,4304,Political violence,723,-0.5508,28.7185
2024-06-01,Middle Africa,Democratic Republic of Congo,Nord-Kivu,Battles,Government regains territory,4,12,8864,Political violence,723,-0.5508,28.7185
2024-06-29,Middle Africa,Democratic Republic of Congo,Nord-Kivu,Battles,Government regains territory,1,4,13526,Political violence,723,-0.5508,28.7185
2025-10-04,Middle Africa,Democratic Republic of Congo,Nord-Kivu,Battles,Government regains territory,2,16,36045,Political violence,723,-0.5508,28.7185
2025-12-27,Middle Africa,Democratic Republic of Congo,Nord-Kivu,Battles,Government regains territory,3,9,23057,Political violence,723,-0.5508,28.7185
2012-04-07,Middle Africa,Democratic Republic of Congo,Nord-Kivu,Battles,Non-state actor overtakes territory,1,2,NA,Political violence,723,-0.5508,28.7185
2012-04-28,Middle Africa,Democratic Republic of Congo,Nord-Kivu,Battles,Non-state actor overtakes territory,4,2,NA,Political violence,723,-0.5508,28.7185
2012-06-30,Middle Africa,Democratic Republic of Congo,Nord-Kivu,Battles,Non-state actor overtakes territory,5,1,NA,Political violence,723,-0.5508,28.7185
2012-07-14,Middle Africa,Democratic Republic of Congo,Nord-Kivu,Battles,Non-state actor overtakes territory,1,3,NA,Political violence,723,-0.5508,28.7185
2012-07-21,Middle Africa,Democratic Republic of Congo,Nord-Kivu,Battles,Non-state actor overtakes territory,3,47,NA,Political violence,723,-0.5508,28.7185
2012-11-17,Middle Africa,Democratic Republic of Congo,Nord-Kivu,Battles,Non-state actor overtakes territory,7,4,NA,Political violence,723,-0.5508,28.7185
2013-03-02,Middle Africa,Democratic Republic of Congo,Nord-Kivu,Battles,Non-state actor overtakes territory,1,26,NA,Political violence,723,-0.5508,28.7185
2013-07-13,Middle Africa,Democratic Republic of Congo,Nord-Kivu,Battles,Non-state actor overtakes territory,2,10,NA,Political violence,723,-0.5508,28.7185
2015-11-21,Middle Africa,Democratic Republic of Congo,Nord-Kivu,Battles,Non-state actor overtakes territory,3,10,44670,Political violence,723,-0.5508,28.7185
2015-11-28,Middle Africa,Democratic Republic of Congo,Nord-Kivu,Battles,Non-state actor overtakes territory,2,22,63570,Political violence,723,-0.5508,28.7185
2015-12-12,Middle Africa,Democratic Republic of Congo,Nord-Kivu,Battles,Non-state actor overtakes territory,1,10,42947,Political violence,723,-0.5508,28.7185
2016-07-16,Middle Africa,Democratic Republic of Congo,Nord-Kivu,Battles,Non-state actor overtakes territory,2,3,39865,Political violence,723,-0.5508,28.7185
2016-12-03,Middle Africa,Democratic Republic of Congo,Nord-Kivu,Battles,Non-state actor overtakes territory,1,2,6715,Political violence,723,-0.5508,28.7185
2017-07-01,Middle Africa,Democratic Republic of Congo,Nord-Kivu,Battles,Non-state actor overtakes territory,1,6,17126,Political violence,723,-0.5508,28.7185
2017-07-08,Middle Africa,Democratic Republic of Congo,Nord-Kivu,Battles,Non-state actor overtakes territory,1,6,17126,Political violence,723,-0.5508,28.7185
2017-07-15,Middle Africa,Democratic Republic of Congo,Nord-Kivu,Battles,Non-state actor overtakes territory,1,7,51719,Political violence,723,-0.5508,28.7185
2017-09-30,Middle Africa,Democratic Republic of Congo,Nord-Kivu,Battles,Non-state actor overtakes territory,4,1,372512,Political violence,723,-0.5508,28.7185
2017-10-14,Middle Africa,Democratic Republic of Congo,Nord-Kivu,Battles,Non-state actor overtakes territory,3,2,92541,Political violence,723,-0.5508,28.7185
2018-08-25,Middle Africa,Democratic Republic of Congo,Nord-Kivu,Battles,Non-state actor overtakes territory,1,5,49476,Political violence,723,-0.5508,28.7185
2019-03-30,Middle Africa,Democratic Republic of Congo,Nord-Kivu,Battles,Non-state actor overtakes territory,1,7,6331,Political violence,723,-0.5508,28.7185
2020-03-14,Middle Africa,Democratic Republic of Congo,Nord-Kivu,Battles,Non-state actor overtakes territory,1,1,8205,Political violence,723,-0.5508,28.7185
2020-03-28,Middle Africa,Democratic Republic of Congo,Nord-Kivu,Battles,Non-state actor overtakes territory,2,12,1940,Political violence,723,-0.5508,28.7185
2020-04-18,Middle Africa,Democratic Republic of Congo,Nord-Kivu,Battles,Non-state actor overtakes territory,1,1,1966,Political violence,723,-0.5508,28.7185
2020-05-09,Middle Africa,Democratic Republic of Congo,Nord-Kivu,Battles,Non-state actor overtakes territory,3,10,21760,Political violence,723,-0.5508,28.7185
2020-05-16,Middle Africa,Democratic Republic of Congo,Nord-Kivu,Battles,Non-state actor overtakes territory,2,3,30132,Political violence,723,-0.5508,28.7185
2020-06-20,Middle Africa,Democratic Republic of Congo,Nord-Kivu,Battles,Non-state actor overtakes territory,9,15,75913,Political violence,723,-0.5508,28.7185
2020-06-27,Middle Africa,Democratic Republic of Congo,Nord-Kivu,Battles,Non-state actor overtakes territory,7,71,23935,Political violence,723,-0.5508,28.7185
2020-07-11,Middle Africa,Democratic Republic of Congo,Nord-Kivu,Battles,Non-state actor overtakes territory,1,17,25610,Political violence,723,-0.5508,28.7185
2020-07-18,Middle Africa,Democratic Republic of Congo,Nord-Kivu,Battles,Non-state actor overtakes territory,3,47,27781,Political violence,723,-0.5508,28.7185
2020-08-01,Middle Africa,Democratic Republic of Congo,Nord-Kivu,Battles,Non-state actor overtakes territory,1,2,32869,Political violence,723,-0.5508,28.7185
2020-10-03,Middle Africa,Democratic Republic of Congo,Nord-Kivu,Battles,Non-state actor overtakes territory,1,1,10452,Political violence,723,-0.5508,28.7185
2020-11-14,Middle Africa,Democratic Republic of Congo,Nord-Kivu,Battles,Non-state actor overtakes territory,3,2,31661,Political violence,723,-0.5508,28.7185
2021-01-30,Middle Africa,Democratic Republic of Congo,Nord-Kivu,Battles,Non-state actor overtakes territory,1,7,53077,Political violence,723,-0.5508,28.7185
2021-03-13,Middle Africa,Democratic Republic of Congo,Nord-Kivu,Battles,Non-state actor overtakes territory,1,1,NA,Political violence,723,-0.5508,28.7185
2021-07-17,Middle Africa,Democratic Republic of Congo,Nord-Kivu,Battles,Non-state actor overtakes territory,1,1,36843,Political violence,723,-0.5508,28.7185
2021-09-11,Middle Africa,Democratic Republic of Congo,Nord-Kivu,Battles,Non-state actor overtakes territory,2,5,2305,Political violence,723,-0.5508,28.7185
2021-11-13,Middle Africa,Democratic Republic of Congo,Nord-Kivu,Battles,Non-state actor overtakes territory,7,5,7637,Political violence,723,-0.5508,28.7185
2021-11-20,Middle Africa,Democratic Republic of Congo,Nord-Kivu,Battles,Non-state actor overtakes territory,1,1,1147,Political violence,723,-0.5508,28.7185
2022-02-12,Middle Africa,Democratic Republic of Congo,Nord-Kivu,Battles,Non-state actor overtakes territory,1,4,92,Political violence,723,-0.5508,28.7185
2022-10-22,Middle Africa,Democratic Republic of Congo,Nord-Kivu,Battles,Non-state actor overtakes territory,4,8,42485,Political violence,723,-0.5508,28.7185
2022-10-29,Middle Africa,Democratic Republic of Congo,Nord-Kivu,Battles,Non-state actor overtakes territory,3,3,179679,Political violence,723,-0.5508,28.7185
2022-11-19,Middle Africa,Democratic Republic of Congo,Nord-Kivu,Battles,Non-state actor overtakes territory,7,2,92168,Political violence,723,-0.5508,28.7185
2022-11-26,Middle Africa,Democratic Republic of Congo,Nord-Kivu,Battles,Non-state actor overtakes territory,2,135,27089,Political violence,723,-0.5508,28.7185
2023-01-21,Middle Africa,Democratic Republic of Congo,Nord-Kivu,Battles,Non-state actor overtakes territory,10,10,107994,Political violence,723,-0.5508,28.7185
2023-02-25,Middle Africa,Democratic Republic of Congo,Nord-Kivu,Battles,Non-state actor overtakes territory,9,2,210475,Political violence,723,-0.5508,28.7185
2023-03-04,Middle Africa,Democratic Republic of Congo,Nord-Kivu,Battles,Non-state actor overtakes territory,9,8,120099,Political violence,723,-0.5508,28.7185
2023-04-15,Middle Africa,Democratic Republic of Congo,Nord-Kivu,Battles,Non-state actor overtakes territory,1,2,20867,Political violence,723,-0.5508,28.7185
2023-06-03,Middle Africa,Democratic Republic of Congo,Nord-Kivu,Battles,Non-state actor overtakes territory,1,2,2034,Political violence,723,-0.5508,28.7185
2023-06-17,Middle Africa,Democratic Republic of Congo,Nord-Kivu,Battles,Non-state actor overtakes territory,2,1,17259,Political violence,723,-0.5508,28.7185
2023-10-21,Middle Africa,Democratic Republic of Congo,Nord-Kivu,Battles,Non-state actor overtakes territory,2,3,60910,Political violence,723,-0.5508,28.7185
2023-11-11,Middle Africa,Democratic Republic of Congo,Nord-Kivu,Battles,Non-state actor overtakes territory,1,1,6188,Political violence,723,-0.5508,28.7185
2023-12-02,Middle Africa,Democratic Republic of Congo,Nord-Kivu,Battles,Non-state actor overtakes territory,2,10,47782,Political violence,723,-0.5508,28.7185
2024-01-20,Middle Africa,Democratic Republic of Congo,Nord-Kivu,Battles,Non-state actor overtakes territory,1,19,16526,Political violence,723,-0.5508,28.7185
2024-06-22,Middle Africa,Democratic Republic of Congo,Nord-Kivu,Battles,Non-state actor overtakes territory,6,4,129377,Political violence,723,-0.5508,28.7185
2024-06-29,Middle Africa,Democratic Republic of Congo,Nord-Kivu,Battles,Non-state actor overtakes territory,6,12,152310,Political violence,723,-0.5508,28.7185
2024-07-27,Middle Africa,Democratic Republic of Congo,Nord-Kivu,Battles,Non-state actor overtakes territory,7,5,131278,Political violence,723,-0.5508,28.7185
2024-10-19,Middle Africa,Democratic Republic of Congo,Nord-Kivu,Battles,Non-state actor overtakes territory,8,3,24442,Political violence,723,-0.5508,28.7185
2024-11-09,Middle Africa,Democratic Republic of Congo,Nord-Kivu,Battles,Non-state actor overtakes territory,1,26,6150,Political violence,723,-0.5508,28.7185
2024-12-28,Middle Africa,Democratic Republic of Congo,Nord-Kivu,Battles,Non-state actor overtakes territory,3,3,29538,Political violence,723,-0.5508,28.7185
2025-01-04,Middle Africa,Democratic Republic of Congo,Nord-Kivu,Battles,Non-state actor overtakes territory,3,12,39712,Political violence,723,-0.5508,28.7185
2025-01-18,Middle Africa,Democratic Republic of Congo,Nord-Kivu,Battles,Non-state actor overtakes territory,4,9,76980,Political violence,723,-0.5508,28.7185
2025-01-25,Middle Africa,Democratic Republic of Congo,Nord-Kivu,Battles,Non-state actor overtakes territory,19,258,711438,Political violence,723,-0.5508,28.7185
2025-05-10,Middle Africa,Democratic Republic of Congo,Nord-Kivu,Battles,Non-state actor overtakes territory,3,3,34880,Political violence,723,-0.5508,28.7185
2025-10-25,Middle Africa,Democratic Republic of Congo,Nord-Kivu,Battles,Non-state actor overtakes territory,1,7,9378,Political violence,723,-0.5508,28.7185
2025-11-01,Middle Africa,Democratic Republic of Congo,Nord-Kivu,Battles,Non-state actor overtakes territory,1,5,6207,Political violence,723,-0.5508,28.7185
2025-11-29,Middle Africa,Democratic Republic of Congo,Nord-Kivu,Battles,Non-state actor overtakes territory,1,2,2843,Political violence,723,-0.5508,28.7185
2009-02-07,Middle Africa,Democratic Republic of Congo,Nord-Kivu,Explosions/Remote violence,Air/drone strike,1,40,NA,Political violence,723,-0.5508,28.7185
2009-09-26,Middle Africa,Democratic Republic of Congo,Nord-Kivu,Explosions/Remote violence,Air/drone strike,1,7,NA,Political violence,723,-0.5508,28.7185
2017-12-16,Middle Africa,Democratic Republic of Congo,Nord-Kivu,Explosions/Remote violence,Air/drone strike,1,100,22508,Political violence,723,-0.5508,28.7185
2022-11-05,Middle Africa,Democratic Republic of Congo,Nord-Kivu,Explosions/Remote violence,Air/drone strike,5,9,18692,Political violence,723,-0.5508,28.7185
2022-11-12,Middle Africa,Democratic Republic of Congo,Nord-Kivu,Explosions/Remote violence,Air/drone strike,2,3,55773,Political violence,723,-0.5508,28.7185
2023-11-25,Middle Africa,Democratic Republic of Congo,Nord-Kivu,Explosions/Remote violence,Air/drone strike,2,6,19295,Political violence,723,-0.5508,28.7185
2024-01-06,Middle Africa,Democratic Republic of Congo,Nord-Kivu,Explosions/Remote violence,Air/drone strike,2,22,12556,Political violence,723,-0.5508,28.7185
2024-01-13,Middle Africa,Democratic Republic of Congo,Nord-Kivu,Explosions/Remote violence,Air/drone strike,4,12,27317,Political violence,723,-0.5508,28.7185
2024-01-27,Middle Africa,Democratic Republic of Congo,Nord-Kivu,Explosions/Remote violence,Air/drone strike,5,20,43333,Political violence,723,-0.5508,28.7185
2024-02-17,Middle Africa,Democratic Republic of Congo,Nord-Kivu,Explosions/Remote violence,Air/drone strike,3,4,92256,Political violence,723,-0.5508,28.7185
2024-12-28,Middle Africa,Democratic Republic of Congo,Nord-Kivu,Explosions/Remote violence,Air/drone strike,1,3,NA,Political violence,723,-0.5508,28.7185
2025-01-18,Middle Africa,Democratic Republic of Congo,Nord-Kivu,Explosions/Remote violence,Air/drone strike,1,1,40034,Political violence,723,-0.5508,28.7185
2025-03-22,Middle Africa,Democratic Republic of Congo,Nord-Kivu,Explosions/Remote violence,Air/drone strike,1,3,58852,Political violence,723,-0.5508,28.7185
2025-09-13,Middle Africa,Democratic Republic of Congo,Nord-Kivu,Explosions/Remote violence,Air/drone strike,4,3,9684,Political violence,723,-0.5508,28.7185
2025-09-20,Middle Africa,Democratic Republic of Congo,Nord-Kivu,Explosions/Remote violence,Air/drone strike,6,3,47855,Political violence,723,-0.5508,28.7185
2025-10-18,Middle Africa,Democratic Republic of Congo,Nord-Kivu,Explosions/Remote violence,Air/drone strike,7,3,48814,Political violence,723,-0.5508,28.7185
2025-12-27,Middle Africa,Democratic Republic of Congo,Nord-Kivu,Explosions/Remote violence,Air/drone strike,1,4,24947,Political violence,723,-0.5508,28.7185
2012-09-22,Middle Africa,Democratic Republic of Congo,Nord-Kivu,Explosions/Remote violence,Grenade,2,3,NA,Political violence,723,-0.5508,28.7185
2012-09-29,Middle Africa,Democratic Republic of Congo,Nord-Kivu,Explosions/Remote violence,Grenade,1,2,NA,Political violence,723,-0.5508,28.7185
2012-10-06,Middle Africa,Democratic Republic of Congo,Nord-Kivu,Explosions/Remote violence,Grenade,1,22,NA,Political violence,723,-0.5508,28.7185
2022-02-19,Middle Africa,Democratic Republic of Congo,Nord-Kivu,Explosions/Remote violence,Grenade,1,1,7501,Political violence,723,-0.5508,28.7185
2022-04-16,Middle Africa,Democratic Republic of Congo,Nord-Kivu,Explosions/Remote violence,Grenade,1,1,NA,Political violence,723,-0.5508,28.7185
2023-09-23,Middle Africa,Democratic Republic of Congo,Nord-Kivu,Explosions/Remote violence,Grenade,1,1,48908,Political violence,723,-0.5508,28.7185
2024-04-06,Middle Africa,Democratic Republic of Congo,Nord-Kivu,Explosions/Remote violence,Grenade,1,5,29899,Political violence,723,-0.5508,28.7185
2024-05-25,Middle Africa,Democratic Republic of Congo,Nord-Kivu,Explosions/Remote violence,Grenade,1,4,8361,Political violence,723,-0.5508,28.7185
2024-08-24,Middle Africa,Democratic Republic of Congo,Nord-Kivu,Explosions/Remote violence,Grenade,1,3,21770,Political violence,723,-0.5508,28.7185
2009-08-08,Middle Africa,Democratic Republic of Congo,Nord-Kivu,Explosions/Remote violence,Remote explosive/landmine/IED,1,16,NA,Political violence,723,-0.5508,28.7185
2013-05-11,Middle Africa,Democratic Republic of Congo,Nord-Kivu,Explosions/Remote violence,Remote explosive/landmine/IED,1,1,NA,Political violence,723,-0.5508,28.7185
2014-01-25,Middle Africa,Democratic Republic of Congo,Nord-Kivu,Explosions/Remote violence,Remote explosive/landmine/IED,1,5,NA,Political violence,723,-0.5508,28.7185
2016-11-05,Middle Africa,Democratic Republic of Congo,Nord-Kivu,Explosions/Remote violence,Remote explosive/landmine/IED,1,1,554937,Political violence,723,-0.5508,28.7185
2019-04-06,Middle Africa,Democratic Republic of Congo,Nord-Kivu,Explosions/Remote violence,Remote explosive/landmine/IED,1,2,66430,Political violence,723,-0.5508,28.7185
2019-07-06,Middle Africa,Democratic Republic of Congo,Nord-Kivu,Explosions/Remote violence,Remote explosive/landmine/IED,1,8,22694,Political violence,723,-0.5508,28.7185
2019-12-28,Middle Africa,Democratic Republic of Congo,Nord-Kivu,Explosions/Remote violence,Remote explosive/landmine/IED,1,5,13263,Political violence,723,-0.5508,28.7185
2020-10-03,Middle Africa,Democratic Republic of Congo,Nord-Kivu,Explosions/Remote violence,Remote explosive/landmine/IED,1,1,133,Political violence,723,-0.5508,28.7185
2021-07-17,Middle Africa,Democratic Republic of Congo,Nord-Kivu,Explosions/Remote violence,Remote explosive/landmine/IED,1,1,2163,Political violence,723,-0.5508,28.7185
2021-08-07,Middle Africa,Democratic Republic of Congo,Nord-Kivu,Explosions/Remote violence,Remote explosive/landmine/IED,1,2,2335,Political violence,723,-0.5508,28.7185
2021-09-11,Middle Africa,Democratic Republic of Congo,Nord-Kivu,Explosions/Remote violence,Remote explosive/landmine/IED,1,1,2758,Political violence,723,-0.5508,28.7185
2021-09-25,Middle Africa,Democratic Republic of Congo,Nord-Kivu,Explosions/Remote violence,Remote explosive/landmine/IED,2,1,4051,Political violence,723,-0.5508,28.7185
2021-10-02,Middle Africa,Democratic Republic of Congo,Nord-Kivu,Explosions/Remote violence,Remote explosive/landmine/IED,1,1,NA,Political violence,723,-0.5508,28.7185
2021-12-25,Middle Africa,Democratic Republic of Congo,Nord-Kivu,Explosions/Remote violence,Remote explosive/landmine/IED,1,8,195704,Political violence,723,-0.5508,28.7185
2022-01-29,Middle Africa,Democratic Republic of Congo,Nord-Kivu,Explosions/Remote violence,Remote explosive/landmine/IED,2,1,86792,Political violence,723,-0.5508,28.7185
2022-04-02,Middle Africa,Democratic Republic of Congo,Nord-Kivu,Explosions/Remote violence,Remote explosive/landmine/IED,1,8,69974,Political violence,723,-0.5508,28.7185
2022-08-06,Middle Africa,Democratic Republic of Congo,Nord-Kivu,Explosions/Remote violence,Remote explosive/landmine/IED,1,2,47057,Political violence,723,-0.5508,28.7185
2022-09-24,Middle Africa,Democratic Republic of Congo,Nord-Kivu,Explosions/Remote violence,Remote explosive/landmine/IED,1,1,73081,Political violence,723,-0.5508,28.7185
2022-10-22,Middle Africa,Democratic Republic of Congo,Nord-Kivu,Explosions/Remote violence,Remote explosive/landmine/IED,1,1,8522,Political violence,723,-0.5508,28.7185
2022-11-12,Middle Africa,Democratic Republic of Congo,Nord-Kivu,Explosions/Remote violence,Remote explosive/landmine/IED,1,1,7351,Political violence,723,-0.5508,28.7185
2022-11-26,Middle Africa,Democratic Republic of Congo,Nord-Kivu,Explosions/Remote violence,Remote explosive/landmine/IED,2,2,1807,Political violence,723,-0.5508,28.7185
2023-01-14,Middle Africa,Democratic Republic of Congo,Nord-Kivu,Explosions/Remote violence,Remote explosive/landmine/IED,1,15,11117,Political violence,723,-0.5508,28.7185
2023-01-21,Middle Africa,Democratic Republic of Congo,Nord-Kivu,Explosions/Remote violence,Remote explosive/landmine/IED,1,3,192225,Political violence,723,-0.5508,28.7185
2023-02-11,Middle Africa,Democratic Republic of Congo,Nord-Kivu,Explosions/Remote violence,Remote explosive/landmine/IED,1,1,2690,Political violence,723,-0.5508,28.7185
2023-02-18,Middle Africa,Democratic Republic of Congo,Nord-Kivu,Explosions/Remote violence,Remote explosive/landmine/IED,1,1,202,Political violence,723,-0.5508,28.7185
2023-02-25,Middle Africa,Democratic Republic of Congo,Nord-Kivu,Explosions/Remote violence,Remote explosive/landmine/IED,1,2,27697,Political violence,723,-0.5508,28.7185
2023-07-15,Middle Africa,Democratic Republic of Congo,Nord-Kivu,Explosions/Remote violence,Remote explosive/landmine/IED,1,9,58040,Political violence,723,-0.5508,28.7185
2023-07-29,Middle Africa,Democratic Republic of Congo,Nord-Kivu,Explosions/Remote violence,Remote explosive/landmine/IED,1,2,3825,Political violence,723,-0.5508,28.7185
2023-10-07,Middle Africa,Democratic Republic of Congo,Nord-Kivu,Explosions/Remote violence,Remote explosive/landmine/IED,1,15,1892,Political violence,723,-0.5508,28.7185
2024-01-20,Middle Africa,Democratic Republic of Congo,Nord-Kivu,Explosions/Remote violence,Remote explosive/landmine/IED,1,1,13007,Political violence,723,-0.5508,28.7185
2024-02-10,Middle Africa,Democratic Republic of Congo,Nord-Kivu,Explosions/Remote violence,Remote explosive/landmine/IED,2,4,151503,Political violence,723,-0.5508,28.7185
2024-02-24,Middle Africa,Democratic Republic of Congo,Nord-Kivu,Explosions/Remote violence,Remote explosive/landmine/IED,2,4,66773,Political violence,723,-0.5508,28.7185
2024-05-04,Middle Africa,Democratic Republic of Congo,Nord-Kivu,Explosions/Remote violence,Remote explosive/landmine/IED,1,2,82081,Political violence,723,-0.5508,28.7185
2024-07-06,Middle Africa,Democratic Republic of Congo,Nord-Kivu,Explosions/Remote violence,Remote explosive/landmine/IED,1,2,3371,Political violence,723,-0.5508,28.7185
2024-08-10,Middle Africa,Democratic Republic of Congo,Nord-Kivu,Explosions/Remote violence,Remote explosive/landmine/IED,1,4,15465,Political violence,723,-0.5508,28.7185
2024-09-07,Middle Africa,Democratic Republic of Congo,Nord-Kivu,Explosions/Remote violence,Remote explosive/landmine/IED,1,3,31498,Political violence,723,-0.5508,28.7185
2025-02-15,Middle Africa,Democratic Republic of Congo,Nord-Kivu,Explosions/Remote violence,Remote explosive/landmine/IED,1,1,19063,Political violence,723,-0.5508,28.7185
2025-04-12,Middle Africa,Democratic Republic of Congo,Nord-Kivu,Explosions/Remote violence,Remote explosive/landmine/IED,2,3,40034,Political violence,723,-0.5508,28.7185
2025-04-26,Middle Africa,Democratic Republic of Congo,Nord-Kivu,Explosions/Remote violence,Remote explosive/landmine/IED,2,2,80713,Political violence,723,-0.5508,28.7185
2025-05-03,Middle Africa,Democratic Republic of Congo,Nord-Kivu,Explosions/Remote violence,Remote explosive/landmine/IED,2,4,37981,Political violence,723,-0.5508,28.7185
2025-07-12,Middle Africa,Democratic Republic of Congo,Nord-Kivu,Explosions/Remote violence,Remote explosive/landmine/IED,1,1,44649,Political violence,723,-0.5508,28.7185
2025-07-19,Middle Africa,Democratic Republic of Congo,Nord-Kivu,Explosions/Remote violence,Remote explosive/landmine/IED,1,1,6588,Political violence,723,-0.5508,28.7185
2025-08-16,Middle Africa,Democratic Republic of Congo,Nord-Kivu,Explosions/Remote violence,Remote explosive/landmine/IED,2,4,36054,Political violence,723,-0.5508,28.7185
2025-09-06,Middle Africa,Democratic Republic of Congo,Nord-Kivu,Explosions/Remote violence,Remote explosive/landmine/IED,1,3,822,Political violence,723,-0.5508,28.7185
2025-10-04,Middle Africa,Democratic Republic of Congo,Nord-Kivu,Explosions/Remote violence,Remote explosive/landmine/IED,1,1,1922,Political violence,723,-0.5508,28.7185
2025-10-11,Middle Africa,Democratic Republic of Congo,Nord-Kivu,Explosions/Remote violence,Remote explosive/landmine/IED,2,2,1867,Political violence,723,-0.5508,28.7185
2025-10-18,Middle Africa,Democratic Republic of Congo,Nord-Kivu,Explosions/Remote violence,Remote explosive/landmine/IED,1,2,17353,Political violence,723,-0.5508,28.7185
2011-01-22,Middle Africa,Democratic Republic of Congo,Nord-Kivu,Explosions/Remote violence,Shelling/artillery/missile attack,1,8,NA,Political violence,723,-0.5508,28.7185
2012-11-17,Middle Africa,Democratic Republic of Congo,Nord-Kivu,Explosions/Remote violence,Shelling/artillery/missile attack,2,3,NA,Political violence,723,-0.5508,28.7185
2013-02-23,Middle Africa,Democratic Republic of Congo,Nord-Kivu,Explosions/Remote violence,Shelling/artillery/missile attack,1,28,NA,Political violence,723,-0.5508,28.7185
2013-05-18,Middle Africa,Democratic Republic of Congo,Nord-Kivu,Explosions/Remote violence,Shelling/artillery/missile attack,2,3,NA,Political violence,723,-0.5508,28.7185
2013-07-20,Middle Africa,Democratic Republic of Congo,Nord-Kivu,Explosions/Remote violence,Shelling/artillery/missile attack,1,15,NA,Political violence,723,-0.5508,28.7185
2013-08-17,Middle Africa,Democratic Republic of Congo,Nord-Kivu,Explosions/Remote violence,Shelling/artillery/missile attack,2,9,NA,Political violence,723,-0.5508,28.7185
2013-08-24,Middle Africa,Democratic Republic of Congo,Nord-Kivu,Explosions/Remote violence,Shelling/artillery/missile attack,5,16,NA,Political violence,723,-0.5508,28.7185
2013-11-02,Middle Africa,Democratic Republic of Congo,Nord-Kivu,Explosions/Remote violence,Shelling/artillery/missile attack,3,4,NA,Political violence,723,-0.5508,28.7185
2015-04-04,Middle Africa,Democratic Republic of Congo,Nord-Kivu,Explosions/Remote violence,Shelling/artillery/missile attack,1,9,7361,Political violence,723,-0.5508,28.7185
2015-10-24,Middle Africa,Democratic Republic of Congo,Nord-Kivu,Explosions/Remote violence,Shelling/artillery/missile attack,1,4,245385,Political violence,723,-0.5508,28.7185
2022-06-04,Middle Africa,Democratic Republic of Congo,Nord-Kivu,Explosions/Remote violence,Shelling/artillery/missile attack,4,6,22968,Political violence,723,-0.5508,28.7185
2022-06-11,Middle Africa,Democratic Republic of Congo,Nord-Kivu,Explosions/Remote violence,Shelling/artillery/missile attack,2,2,NA,Political violence,723,-0.5508,28.7185
2022-06-25,Middle Africa,Democratic Republic of Congo,Nord-Kivu,Explosions/Remote violence,Shelling/artillery/missile attack,5,20,19056,Political violence,723,-0.5508,28.7185
2022-07-02,Middle Africa,Democratic Republic of Congo,Nord-Kivu,Explosions/Remote violence,Shelling/artillery/missile attack,1,1,2661,Political violence,723,-0.5508,28.7185
2022-08-13,Middle Africa,Democratic Republic of Congo,Nord-Kivu,Explosions/Remote violence,Shelling/artillery/missile attack,3,1,7877,Political violence,723,-0.5508,28.7185
2022-10-15,Middle Africa,Democratic Republic of Congo,Nord-Kivu,Explosions/Remote violence,Shelling/artillery/missile attack,1,3,5606,Political violence,723,-0.5508,28.7185
2022-10-29,Middle Africa,Democratic Republic of Congo,Nord-Kivu,Explosions/Remote violence,Shelling/artillery/missile attack,6,3,190269,Political violence,723,-0.5508,28.7185
2022-11-05,Middle Africa,Democratic Republic of Congo,Nord-Kivu,Explosions/Remote violence,Shelling/artillery/missile attack,7,5,37969,Political violence,723,-0.5508,28.7185
2022-11-12,Middle Africa,Democratic Republic of Congo,Nord-Kivu,Explosions/Remote violence,Shelling/artillery/missile attack,3,3,65505,Political violence,723,-0.5508,28.7185
2023-01-14,Middle Africa,Democratic Republic of Congo,Nord-Kivu,Explosions/Remote violence,Shelling/artillery/missile attack,1,3,58263,Political violence,723,-0.5508,28.7185
2023-02-04,Middle Africa,Democratic Republic of Congo,Nord-Kivu,Explosions/Remote violence,Shelling/artillery/missile attack,3,6,12484,Political violence,723,-0.5508,28.7185
2023-02-25,Middle Africa,Democratic Republic of Congo,Nord-Kivu,Explosions/Remote violence,Shelling/artillery/missile attack,3,3,22856,Political violence,723,-0.5508,28.7185
2023-03-04,Middle Africa,Democratic Republic of Congo,Nord-Kivu,Explosions/Remote violence,Shelling/artillery/missile attack,5,1,74478,Political violence,723,-0.5508,28.7185
2023-03-25,Middle Africa,Democratic Republic of Congo,Nord-Kivu,Explosions/Remote violence,Shelling/artillery/missile attack,1,3,3396,Political violence,723,-0.5508,28.7185
2023-07-08,Middle Africa,Democratic Republic of Congo,Nord-Kivu,Explosions/Remote violence,Shelling/artillery/missile attack,1,2,28110,Political violence,723,-0.5508,28.7185
2023-10-28,Middle Africa,Democratic Republic of Congo,Nord-Kivu,Explosions/Remote violence,Shelling/artillery/missile attack,1,2,339,Political violence,723,-0.5508,28.7185
2023-11-04,Middle Africa,Democratic Republic of Congo,Nord-Kivu,Explosions/Remote violence,Shelling/artillery/missile attack,3,5,33100,Political violence,723,-0.5508,28.7185
2023-11-25,Middle Africa,Democratic Republic of Congo,Nord-Kivu,Explosions/Remote violence,Shelling/artillery/missile attack,1,10,11589,Political violence,723,-0.5508,28.7185
2023-12-23,Middle Africa,Democratic Republic of Congo,Nord-Kivu,Explosions/Remote violence,Shelling/artillery/missile attack,1,5,58040,Political violence,723,-0.5508,28.7185
2024-01-13,Middle Africa,Democratic Republic of Congo,Nord-Kivu,Explosions/Remote violence,Shelling/artillery/missile attack,3,13,21787,Political violence,723,-0.5508,28.7185
2024-01-20,Middle Africa,Democratic Republic of Congo,Nord-Kivu,Explosions/Remote violence,Shelling/artillery/missile attack,2,2,16526,Political violence,723,-0.5508,28.7185
2024-01-27,Middle Africa,Democratic Republic of Congo,Nord-Kivu,Explosions/Remote violence,Shelling/artillery/missile attack,7,2,137872,Political violence,723,-0.5508,28.7185
2024-02-03,Middle Africa,Democratic Republic of Congo,Nord-Kivu,Explosions/Remote violence,Shelling/artillery/missile attack,8,7,135367,Political violence,723,-0.5508,28.7185
2024-02-10,Middle Africa,Democratic Republic of Congo,Nord-Kivu,Explosions/Remote violence,Shelling/artillery/missile attack,3,2,107560,Political violence,723,-0.5508,28.7185
2024-02-17,Middle Africa,Democratic Republic of Congo,Nord-Kivu,Explosions/Remote violence,Shelling/artillery/missile attack,1,1,38950,Political violence,723,-0.5508,28.7185
2024-02-24,Middle Africa,Democratic Republic of Congo,Nord-Kivu,Explosions/Remote violence,Shelling/artillery/missile attack,6,6,58041,Political violence,723,-0.5508,28.7185
2024-03-16,Middle Africa,Democratic Republic of Congo,Nord-Kivu,Explosions/Remote violence,Shelling/artillery/missile attack,9,2,265704,Political violence,723,-0.5508,28.7185
2024-03-30,Middle Africa,Democratic Republic of Congo,Nord-Kivu,Explosions/Remote violence,Shelling/artillery/missile attack,4,6,89615,Political violence,723,-0.5508,28.7185
2024-04-06,Middle Africa,Democratic Republic of Congo,Nord-Kivu,Explosions/Remote violence,Shelling/artillery/missile attack,9,6,128261,Political violence,723,-0.5508,28.7185
2024-04-13,Middle Africa,Democratic Republic of Congo,Nord-Kivu,Explosions/Remote violence,Shelling/artillery/missile attack,2,1,36682,Political violence,723,-0.5508,28.7185
2024-04-27,Middle Africa,Democratic Republic of Congo,Nord-Kivu,Explosions/Remote violence,Shelling/artillery/missile attack,5,18,103808,Political violence,723,-0.5508,28.7185
2024-05-04,Middle Africa,Democratic Republic of Congo,Nord-Kivu,Explosions/Remote violence,Shelling/artillery/missile attack,6,4,85071,Political violence,723,-0.5508,28.7185
2024-05-25,Middle Africa,Democratic Republic of Congo,Nord-Kivu,Explosions/Remote violence,Shelling/artillery/missile attack,15,78,289353,Political violence,723,-0.5508,28.7185
2024-06-01,Middle Africa,Democratic Republic of Congo,Nord-Kivu,Explosions/Remote violence,Shelling/artillery/missile attack,8,1,157854,Political violence,723,-0.5508,28.7185
2024-06-08,Middle Africa,Democratic Republic of Congo,Nord-Kivu,Explosions/Remote violence,Shelling/artillery/missile attack,6,6,90749,Political violence,723,-0.5508,28.7185
2024-06-15,Middle Africa,Democratic Republic of Congo,Nord-Kivu,Explosions/Remote violence,Shelling/artillery/missile attack,4,13,83006,Political violence,723,-0.5508,28.7185
2024-06-22,Middle Africa,Democratic Republic of Congo,Nord-Kivu,Explosions/Remote violence,Shelling/artillery/missile attack,4,3,87428,Political violence,723,-0.5508,28.7185
2024-08-10,Middle Africa,Democratic Republic of Congo,Nord-Kivu,Explosions/Remote violence,Shelling/artillery/missile attack,1,1,681,Political violence,723,-0.5508,28.7185
2024-09-07,Middle Africa,Democratic Republic of Congo,Nord-Kivu,Explosions/Remote violence,Shelling/artillery/missile attack,2,3,37034,Political violence,723,-0.5508,28.7185
2024-12-28,Middle Africa,Democratic Republic of Congo,Nord-Kivu,Explosions/Remote violence,Shelling/artillery/missile attack,3,2,69363,Political violence,723,-0.5508,28.7185
2025-01-04,Middle Africa,Democratic Republic of Congo,Nord-Kivu,Explosions/Remote violence,Shelling/artillery/missile attack,2,2,140963,Political violence,723,-0.5508,28.7185
2025-01-11,Middle Africa,Democratic Republic of Congo,Nord-Kivu,Explosions/Remote violence,Shelling/artillery/missile attack,5,2,50917,Political violence,723,-0.5508,28.7185
2025-01-18,Middle Africa,Democratic Republic of Congo,Nord-Kivu,Explosions/Remote violence,Shelling/artillery/missile attack,7,4,126642,Political violence,723,-0.5508,28.7185
2025-01-25,Middle Africa,Democratic Republic of Congo,Nord-Kivu,Explosions/Remote violence,Shelling/artillery/missile attack,7,27,141040,Political violence,723,-0.5508,28.7185
2025-02-08,Middle Africa,Democratic Republic of Congo,Nord-Kivu,Explosions/Remote violence,Shelling/artillery/missile attack,2,14,15920,Political violence,723,-0.5508,28.7185
2025-05-03,Middle Africa,Democratic Republic of Congo,Nord-Kivu,Explosions/Remote violence,Shelling/artillery/missile attack,1,4,28620,Political violence,723,-0.5508,28.7185
2025-05-17,Middle Africa,Democratic Republic of Congo,Nord-Kivu,Explosions/Remote violence,Shelling/artillery/missile attack,1,3,4494,Political violence,723,-0.5508,28.7185
2025-06-21,Middle Africa,Democratic Republic of Congo,Nord-Kivu,Explosions/Remote violence,Shelling/artillery/missile attack,5,2,52872,Political violence,723,-0.5508,28.7185
2025-09-06,Middle Africa,Democratic Republic of Congo,Nord-Kivu,Explosions/Remote violence,Shelling/artillery/missile attack,1,3,2415,Political violence,723,-0.5508,28.7185
2025-09-13,Middle Africa,Democratic Republic of Congo,Nord-Kivu,Explosions/Remote violence,Shelling/artillery/missile attack,2,25,4503,Political violence,723,-0.5508,28.7185
2021-06-26,Middle Africa,Democratic Republic of Congo,Nord-Kivu,Explosions/Remote violence,Suicide bomb,1,1,199459,Political violence,723,-0.5508,28.7185
2021-12-25,Middle Africa,Democratic Republic of Congo,Nord-Kivu,Explosions/Remote violence,Suicide bomb,1,8,195704,Political violence,723,-0.5508,28.7185
2017-11-25,Middle Africa,Democratic Republic of Congo,Nord-Kivu,Protests,Excessive force against protesters,5,1,124685,Political violence; Demonstrations,723,-0.5508,28.7185
2018-10-06,Middle Africa,Democratic Republic of Congo,Nord-Kivu,Protests,Excessive force against protesters,1,1,24312,Political violence; Demonstrations,723,-0.5508,28.7185
2018-11-24,Middle Africa,Democratic Republic of Congo,Nord-Kivu,Protests,Excessive force against protesters,1,2,30746,Political violence; Demonstrations,723,-0.5508,28.7185
2018-12-01,Middle Africa,Democratic Republic of Congo,Nord-Kivu,Protests,Excessive force against protesters,1,1,1464,Political violence; Demonstrations,723,-0.5508,28.7185
2019-05-11,Middle Africa,Democratic Republic of Congo,Nord-Kivu,Protests,Excessive force against protesters,1,1,56336,Political violence; Demonstrations,723,-0.5508,28.7185
2019-08-17,Middle Africa,Democratic Republic of Congo,Nord-Kivu,Protests,Excessive force against protesters,1,1,25217,Political violence; Demonstrations,723,-0.5508,28.7185
2019-11-23,Middle Africa,Democratic Republic of Congo,Nord-Kivu,Protests,Excessive force against protesters,1,3,58747,Political violence; Demonstrations,723,-0.5508,28.7185
2019-11-30,Middle Africa,Democratic Republic of Congo,Nord-Kivu,Protests,Excessive force against protesters,1,1,56336,Political violence; Demonstrations,723,-0.5508,28.7185
2020-05-16,Middle Africa,Democratic Republic of Congo,Nord-Kivu,Protests,Excessive force against protesters,1,1,26116,Political violence; Demonstrations,723,-0.5508,28.7185
2021-03-13,Middle Africa,Democratic Republic of Congo,Nord-Kivu,Protests,Excessive force against protesters,1,1,4731,Political violence; Demonstrations,723,-0.5508,28.7185
2021-04-03,Middle Africa,Democratic Republic of Congo,Nord-Kivu,Protests,Excessive force against protesters,6,4,76369,Political violence; Demonstrations,723,-0.5508,28.7185
2021-04-10,Middle Africa,Democratic Republic of Congo,Nord-Kivu,Protests,Excessive force against protesters,2,14,NA,Political violence; Demonstrations,723,-0.5508,28.7185
2021-11-06,Middle Africa,Democratic Republic of Congo,Nord-Kivu,Protests,Excessive force against protesters,1,1,1799,Political violence; Demonstrations,723,-0.5508,28.7185
2022-01-01,Middle Africa,Democratic Republic of Congo,Nord-Kivu,Protests,Excessive force against protesters,1,1,6014,Political violence; Demonstrations,723,-0.5508,28.7185
2022-01-22,Middle Africa,Democratic Republic of Congo,Nord-Kivu,Protests,Excessive force against protesters,1,1,NA,Political violence; Demonstrations,723,-0.5508,28.7185
2023-08-26,Middle Africa,Democratic Republic of Congo,Nord-Kivu,Protests,Excessive force against protesters,1,51,66462,Political violence; Demonstrations,723,-0.5508,28.7185
2024-01-06,Middle Africa,Democratic Republic of Congo,Nord-Kivu,Protests,Excessive force against protesters,2,5,25261,Political violence; Demonstrations,723,-0.5508,28.7185
2024-04-27,Middle Africa,Democratic Republic of Congo,Nord-Kivu,Protests,Excessive force against protesters,1,1,19790,Political violence; Demonstrations,723,-0.5508,28.7185
2025-09-13,Middle Africa,Democratic Republic of Congo,Nord-Kivu,Protests,Excessive force against protesters,2,2,3293,Political violence; Demonstrations,723,-0.5508,28.7185
2025-10-11,Middle Africa,Democratic Republic of Congo,Nord-Kivu,Protests,Excessive force against protesters,2,2,31529,Political violence; Demonstrations,723,-0.5508,28.7185
2025-12-20,Middle Africa,Democratic Republic of Congo,Nord-Kivu,Protests,Excessive force against protesters,1,1,32466,Political violence; Demonstrations,723,-0.5508,28.7185
2026-01-24,Middle Africa,Democratic Republic of Congo,Nord-Kivu,Protests,Excessive force against protesters,1,2,6417,Political violence; Demonstrations,723,-0.5508,28.7185
2014-10-25,Middle Africa,Democratic Republic of Congo,Nord-Kivu,Riots,Mob violence,1,1,NA,Political violence,723,-0.5508,28.7185
2014-12-13,Middle Africa,Democratic Republic of Congo,Nord-Kivu,Riots,Mob violence,1,2,NA,Political violence,723,-0.5508,28.7185
2014-12-27,Middle Africa,Democratic Republic of Congo,Nord-Kivu,Riots,Mob violence,1,1,NA,Political violence,723,-0.5508,28.7185
2015-01-31,Middle Africa,Democratic Republic of Congo,Nord-Kivu,Riots,Mob violence,1,1,98462,Political violence,723,-0.5508,28.7185
2016-02-27,Middle Africa,Democratic Republic of Congo,Nord-Kivu,Riots,Mob violence,1,6,11659,Political violence,723,-0.5508,28.7185
2016-07-16,Middle Africa,Democratic Republic of Congo,Nord-Kivu,Riots,Mob violence,1,1,22478,Political violence,723,-0.5508,28.7185
2016-08-20,Middle Africa,Democratic Republic of Congo,Nord-Kivu,Riots,Mob violence,1,1,122895,Political violence,723,-0.5508,28.7185
2018-07-28,Middle Africa,Democratic Republic of Congo,Nord-Kivu,Riots,Mob violence,2,1,183613,Political violence,723,-0.5508,28.7185
2018-08-11,Middle Africa,Democratic Republic of Congo,Nord-Kivu,Riots,Mob violence,2,2,75981,Political violence,723,-0.5508,28.7185
2018-09-15,Middle Africa,Democratic Republic of Congo,Nord-Kivu,Riots,Mob violence,1,2,20344,Political violence,723,-0.5508,28.7185
2018-09-22,Middle Africa,Democratic Republic of Congo,Nord-Kivu,Riots,Mob violence,2,1,107632,Political violence,723,-0.5508,28.7185
2018-11-03,Middle Africa,Democratic Republic of Congo,Nord-Kivu,Riots,Mob violence,1,1,75981,Political violence,723,-0.5508,28.7185
2018-12-08,Middle Africa,Democratic Republic of Congo,Nord-Kivu,Riots,Mob violence,1,1,176422,Political violence,723,-0.5508,28.7185
2019-02-02,Middle Africa,Democratic Republic of Congo,Nord-Kivu,Riots,Mob violence,1,1,182176,Political violence,723,-0.5508,28.7185
2019-03-09,Middle Africa,Democratic Republic of Congo,Nord-Kivu,Riots,Mob violence,1,1,36478,Political violence,723,-0.5508,28.7185
2019-03-16,Middle Africa,Democratic Republic of Congo,Nord-Kivu,Riots,Mob violence,1,1,1128,Political violence,723,-0.5508,28.7185
2019-03-30,Middle Africa,Democratic Republic of Congo,Nord-Kivu,Riots,Mob violence,2,1,145679,Political violence,723,-0.5508,28.7185
2019-04-13,Middle Africa,Democratic Republic of Congo,Nord-Kivu,Riots,Mob violence,2,1,154211,Political violence,723,-0.5508,28.7185
2019-04-27,Middle Africa,Democratic Republic of Congo,Nord-Kivu,Riots,Mob violence,1,2,76994,Political violence,723,-0.5508,28.7185
2019-05-04,Middle Africa,Democratic Republic of Congo,Nord-Kivu,Riots,Mob violence,1,2,10338,Political violence,723,-0.5508,28.7185
2019-05-11,Middle Africa,Democratic Republic of Congo,Nord-Kivu,Riots,Mob violence,3,5,130838,Political violence,723,-0.5508,28.7185
2019-06-08,Middle Africa,Democratic Republic of Congo,Nord-Kivu,Riots,Mob violence,1,1,111706,Political violence,723,-0.5508,28.7185
2019-07-20,Middle Africa,Democratic Republic of Congo,Nord-Kivu,Riots,Mob violence,1,1,NA,Political violence,723,-0.5508,28.7185
2019-08-03,Middle Africa,Democratic Republic of Congo,Nord-Kivu,Riots,Mob violence,1,1,1165,Political violence,723,-0.5508,28.7185
2019-08-24,Middle Africa,Democratic Republic of Congo,Nord-Kivu,Riots,Mob violence,2,2,32622,Political violence,723,-0.5508,28.7185
2019-09-07,Middle Africa,Democratic Republic of Congo,Nord-Kivu,Riots,Mob violence,1,1,21101,Political violence,723,-0.5508,28.7185
2019-09-21,Middle Africa,Democratic Republic of Congo,Nord-Kivu,Riots,Mob violence,1,1,664,Political violence,723,-0.5508,28.7185
2019-10-05,Middle Africa,Democratic Republic of Congo,Nord-Kivu,Riots,Mob violence,1,2,15571,Political violence,723,-0.5508,28.7185
2019-10-12,Middle Africa,Democratic Republic of Congo,Nord-Kivu,Riots,Mob violence,1,2,7558,Political violence,723,-0.5508,28.7185
2019-11-30,Middle Africa,Democratic Republic of Congo,Nord-Kivu,Riots,Mob violence,2,3,186444,Political violence,723,-0.5508,28.7185
2019-12-07,Middle Africa,Democratic Republic of Congo,Nord-Kivu,Riots,Mob violence,1,1,116673,Political violence,723,-0.5508,28.7185
2019-12-14,Middle Africa,Democratic Republic of Congo,Nord-Kivu,Riots,Mob violence,1,1,14584,Political violence,723,-0.5508,28.7185
2020-01-11,Middle Africa,Democratic Republic of Congo,Nord-Kivu,Riots,Mob violence,1,1,3118,Political violence,723,-0.5508,28.7185
2020-02-29,Middle Africa,Democratic Republic of Congo,Nord-Kivu,Riots,Mob violence,1,1,142853,Political violence,723,-0.5508,28.7185
2020-03-07,Middle Africa,Democratic Republic of Congo,Nord-Kivu,Riots,Mob violence,3,4,71628,Political violence,723,-0.5508,28.7185
2020-03-21,Middle Africa,Democratic Republic of Congo,Nord-Kivu,Riots,Mob violence,1,3,174140,Political violence,723,-0.5508,28.7185
2020-04-25,Middle Africa,Democratic Republic of Congo,Nord-Kivu,Riots,Mob violence,2,1,243079,Political violence,723,-0.5508,28.7185
2020-05-02,Middle Africa,Democratic Republic of Congo,Nord-Kivu,Riots,Mob violence,3,4,332381,Political violence,723,-0.5508,28.7185
2020-05-09,Middle Africa,Democratic Republic of Congo,Nord-Kivu,Riots,Mob violence,1,1,186716,Political violence,723,-0.5508,28.7185
2020-05-16,Middle Africa,Democratic Republic of Congo,Nord-Kivu,Riots,Mob violence,3,6,210087,Political violence,723,-0.5508,28.7185
2020-05-30,Middle Africa,Democratic Republic of Congo,Nord-Kivu,Riots,Mob violence,3,3,195057,Political violence,723,-0.5508,28.7185
2020-06-13,Middle Africa,Democratic Republic of Congo,Nord-Kivu,Riots,Mob violence,1,1,21941,Political violence,723,-0.5508,28.7185
2020-07-04,Middle Africa,Democratic Republic of Congo,Nord-Kivu,Riots,Mob violence,2,3,187872,Political violence,723,-0.5508,28.7185
2020-08-08,Middle Africa,Democratic Republic of Congo,Nord-Kivu,Riots,Mob violence,2,1,2395,Political violence,723,-0.5508,28.7185
2020-08-22,Middle Africa,Democratic Republic of Congo,Nord-Kivu,Riots,Mob violence,2,2,142881,Political violence,723,-0.5508,28.7185
2020-08-29,Middle Africa,Democratic Republic of Congo,Nord-Kivu,Riots,Mob violence,2,6,95960,Political violence,723,-0.5508,28.7185
2020-09-05,Middle Africa,Democratic Republic of Congo,Nord-Kivu,Riots,Mob violence,2,2,9620,Political violence,723,-0.5508,28.7185
2020-09-12,Middle Africa,Democratic Republic of Congo,Nord-Kivu,Riots,Mob violence,4,7,61772,Political violence,723,-0.5508,28.7185
2020-10-31,Middle Africa,Democratic Republic of Congo,Nord-Kivu,Riots,Mob violence,1,1,9818,Political violence,723,-0.5508,28.7185
2020-11-14,Middle Africa,Democratic Republic of Congo,Nord-Kivu,Riots,Mob violence,2,2,263346,Political violence,723,-0.5508,28.7185
2020-11-21,Middle Africa,Democratic Republic of Congo,Nord-Kivu,Riots,Mob violence,2,1,256888,Political violence,723,-0.5508,28.7185
2020-11-28,Middle Africa,Democratic Republic of Congo,Nord-Kivu,Riots,Mob violence,4,4,267854,Political violence,723,-0.5508,28.7185
2020-12-05,Middle Africa,Democratic Republic of Congo,Nord-Kivu,Riots,Mob violence,1,1,56363,Political violence,723,-0.5508,28.7185
2020-12-12,Middle Africa,Democratic Republic of Congo,Nord-Kivu,Riots,Mob violence,4,5,205854,Political violence,723,-0.5508,28.7185
2020-12-19,Middle Africa,Democratic Republic of Congo,Nord-Kivu,Riots,Mob violence,3,9,10161,Political violence,723,-0.5508,28.7185
2021-01-09,Middle Africa,Democratic Republic of Congo,Nord-Kivu,Riots,Mob violence,2,1,48996,Political violence,723,-0.5508,28.7185
2021-01-16,Middle Africa,Democratic Republic of Congo,Nord-Kivu,Riots,Mob violence,6,8,193124,Political violence,723,-0.5508,28.7185
2021-01-23,Middle Africa,Democratic Republic of Congo,Nord-Kivu,Riots,Mob violence,2,2,6846,Political violence,723,-0.5508,28.7185
2021-01-30,Middle Africa,Democratic Republic of Congo,Nord-Kivu,Riots,Mob violence,8,7,296939,Political violence,723,-0.5508,28.7185
2021-02-06,Middle Africa,Democratic Republic of Congo,Nord-Kivu,Riots,Mob violence,1,1,15045,Political violence,723,-0.5508,28.7185
2021-02-13,Middle Africa,Democratic Republic of Congo,Nord-Kivu,Riots,Mob violence,4,1,57620,Political violence,723,-0.5508,28.7185
2021-02-20,Middle Africa,Democratic Republic of Congo,Nord-Kivu,Riots,Mob violence,1,1,1502,Political violence,723,-0.5508,28.7185
2021-03-06,Middle Africa,Democratic Republic of Congo,Nord-Kivu,Riots,Mob violence,6,14,262791,Political violence,723,-0.5508,28.7185
2021-03-13,Middle Africa,Democratic Republic of Congo,Nord-Kivu,Riots,Mob violence,5,4,212169,Political violence,723,-0.5508,28.7185
2021-03-20,Middle Africa,Democratic Republic of Congo,Nord-Kivu,Riots,Mob violence,3,4,198600,Political violence,723,-0.5508,28.7185
2021-03-27,Middle Africa,Democratic Republic of Congo,Nord-Kivu,Riots,Mob violence,5,5,472230,Political violence,723,-0.5508,28.7185
2021-04-03,Middle Africa,Democratic Republic of Congo,Nord-Kivu,Riots,Mob violence,2,1,135570,Political violence,723,-0.5508,28.7185
2021-05-01,Middle Africa,Democratic Republic of Congo,Nord-Kivu,Riots,Mob violence,2,3,17058,Political violence,723,-0.5508,28.7185
2021-05-15,Middle Africa,Democratic Republic of Congo,Nord-Kivu,Riots,Mob violence,1,1,11155,Political violence,723,-0.5508,28.7185
2021-05-29,Middle Africa,Democratic Republic of Congo,Nord-Kivu,Riots,Mob violence,3,3,139462,Political violence,723,-0.5508,28.7185
2021-06-12,Middle Africa,Democratic Republic of Congo,Nord-Kivu,Riots,Mob violence,2,3,311608,Political violence,723,-0.5508,28.7185
2021-06-19,Middle Africa,Democratic Republic of Congo,Nord-Kivu,Riots,Mob violence,1,1,11271,Political violence,723,-0.5508,28.7185
2021-07-03,Middle Africa,Democratic Republic of Congo,Nord-Kivu,Riots,Mob violence,1,1,147845,Political violence,723,-0.5508,28.7185
2021-07-10,Middle Africa,Democratic Republic of Congo,Nord-Kivu,Riots,Mob violence,1,1,192997,Political violence,723,-0.5508,28.7185
2021-07-17,Middle Africa,Democratic Republic of Congo,Nord-Kivu,Riots,Mob violence,2,4,2517,Political violence,723,-0.5508,28.7185
2021-07-24,Middle Africa,Democratic Republic of Congo,Nord-Kivu,Riots,Mob violence,1,1,11155,Political violence,723,-0.5508,28.7185
2021-07-31,Middle Africa,Democratic Republic of Congo,Nord-Kivu,Riots,Mob violence,2,2,133603,Political violence,723,-0.5508,28.7185
2021-08-07,Middle Africa,Democratic Republic of Congo,Nord-Kivu,Riots,Mob violence,2,1,172630,Political violence,723,-0.5508,28.7185
2021-08-28,Middle Africa,Democratic Republic of Congo,Nord-Kivu,Riots,Mob violence,2,1,142772,Political violence,723,-0.5508,28.7185
2021-09-04,Middle Africa,Democratic Republic of Congo,Nord-Kivu,Riots,Mob violence,2,2,265526,Political violence,723,-0.5508,28.7185
2021-09-18,Middle Africa,Democratic Republic of Congo,Nord-Kivu,Riots,Mob violence,2,2,104768,Political violence,723,-0.5508,28.7185
2021-10-02,Middle Africa,Democratic Republic of Congo,Nord-Kivu,Riots,Mob violence,1,1,65184,Political violence,723,-0.5508,28.7185
2021-10-09,Middle Africa,Democratic Republic of Congo,Nord-Kivu,Riots,Mob violence,2,2,145687,Political violence,723,-0.5508,28.7185
2021-10-16,Middle Africa,Democratic Republic of Congo,Nord-Kivu,Riots,Mob violence,1,2,147845,Political violence,723,-0.5508,28.7185
2021-10-23,Middle Africa,Democratic Republic of Congo,Nord-Kivu,Riots,Mob violence,1,1,5316,Political violence,723,-0.5508,28.7185
2021-10-30,Middle Africa,Democratic Republic of Congo,Nord-Kivu,Riots,Mob violence,2,1,205903,Political violence,723,-0.5508,28.7185
2021-11-06,Middle Africa,Democratic Republic of Congo,Nord-Kivu,Riots,Mob violence,3,9,66983,Political violence,723,-0.5508,28.7185
2021-11-13,Middle Africa,Democratic Republic of Congo,Nord-Kivu,Riots,Mob violence,3,4,232155,Political violence,723,-0.5508,28.7185
2021-11-20,Middle Africa,Democratic Republic of Congo,Nord-Kivu,Riots,Mob violence,5,3,227751,Political violence,723,-0.5508,28.7185
2021-12-04,Middle Africa,Democratic Republic of Congo,Nord-Kivu,Riots,Mob violence,4,1,201675,Political violence,723,-0.5508,28.7185
2021-12-11,Middle Africa,Democratic Republic of Congo,Nord-Kivu,Riots,Mob violence,1,1,78013,Political violence,723,-0.5508,28.7185
2021-12-18,Middle Africa,Democratic Republic of Congo,Nord-Kivu,Riots,Mob violence,4,4,196931,Political violence,723,-0.5508,28.7185
2021-12-25,Middle Africa,Democratic Republic of Congo,Nord-Kivu,Riots,Mob violence,2,3,1465,Political violence,723,-0.5508,28.7185
2022-01-08,Middle Africa,Democratic Republic of Congo,Nord-Kivu,Riots,Mob violence,1,1,12976,Political violence,723,-0.5508,28.7185
2022-01-15,Middle Africa,Democratic Republic of Congo,Nord-Kivu,Riots,Mob violence,1,2,5864,Political violence,723,-0.5508,28.7185
2022-01-29,Middle Africa,Democratic Republic of Congo,Nord-Kivu,Riots,Mob violence,1,1,130335,Political violence,723,-0.5508,28.7185
2022-02-05,Middle Africa,Democratic Republic of Congo,Nord-Kivu,Riots,Mob violence,3,3,136872,Political violence,723,-0.5508,28.7185
2022-02-12,Middle Africa,Democratic Republic of Congo,Nord-Kivu,Riots,Mob violence,2,1,122152,Political violence,723,-0.5508,28.7185
2022-02-19,Middle Africa,Democratic Republic of Congo,Nord-Kivu,Riots,Mob violence,1,1,121283,Political violence,723,-0.5508,28.7185
2022-03-05,Middle Africa,Democratic Republic of Congo,Nord-Kivu,Riots,Mob violence,2,2,71963,Political violence,723,-0.5508,28.7185
2022-03-19,Middle Africa,Democratic Republic of Congo,Nord-Kivu,Riots,Mob violence,3,2,4674,Political violence,723,-0.5508,28.7185
2022-04-02,Middle Africa,Democratic Republic of Congo,Nord-Kivu,Riots,Mob violence,1,1,32770,Political violence,723,-0.5508,28.7185
2022-04-09,Middle Africa,Democratic Republic of Congo,Nord-Kivu,Riots,Mob violence,2,2,613,Political violence,723,-0.5508,28.7185
2022-04-16,Middle Africa,Democratic Republic of Congo,Nord-Kivu,Riots,Mob violence,5,3,95817,Political violence,723,-0.5508,28.7185
2022-04-23,Middle Africa,Democratic Republic of Congo,Nord-Kivu,Riots,Mob violence,3,2,120566,Political violence,723,-0.5508,28.7185
2022-05-07,Middle Africa,Democratic Republic of Congo,Nord-Kivu,Riots,Mob violence,5,5,210045,Political violence,723,-0.5508,28.7185
2022-05-14,Middle Africa,Democratic Republic of Congo,Nord-Kivu,Riots,Mob violence,1,1,45762,Political violence,723,-0.5508,28.7185
2022-05-21,Middle Africa,Democratic Republic of Congo,Nord-Kivu,Riots,Mob violence,2,1,174253,Political violence,723,-0.5508,28.7185
2022-05-28,Middle Africa,Democratic Republic of Congo,Nord-Kivu,Riots,Mob violence,1,1,15019,Political violence,723,-0.5508,28.7185
2022-06-04,Middle Africa,Democratic Republic of Congo,Nord-Kivu,Riots,Mob violence,2,3,63028,Political violence,723,-0.5508,28.7185
2022-06-18,Middle Africa,Democratic Republic of Congo,Nord-Kivu,Riots,Mob violence,2,2,48861,Political violence,723,-0.5508,28.7185
2022-06-25,Middle Africa,Democratic Republic of Congo,Nord-Kivu,Riots,Mob violence,2,2,5580,Political violence,723,-0.5508,28.7185
2022-07-02,Middle Africa,Democratic Republic of Congo,Nord-Kivu,Riots,Mob violence,2,2,9649,Political violence,723,-0.5508,28.7185
2022-07-09,Middle Africa,Democratic Republic of Congo,Nord-Kivu,Riots,Mob violence,2,1,17155,Political violence,723,-0.5508,28.7185
2022-07-16,Middle Africa,Democratic Republic of Congo,Nord-Kivu,Riots,Mob violence,2,2,70290,Political violence,723,-0.5508,28.7185
2022-07-30,Middle Africa,Democratic Republic of Congo,Nord-Kivu,Riots,Mob violence,1,1,35623,Political violence,723,-0.5508,28.7185
2022-08-06,Middle Africa,Democratic Republic of Congo,Nord-Kivu,Riots,Mob violence,1,3,94547,Political violence,723,-0.5508,28.7185
2022-08-27,Middle Africa,Democratic Republic of Congo,Nord-Kivu,Riots,Mob violence,2,1,22999,Political violence,723,-0.5508,28.7185
2022-09-03,Middle Africa,Democratic Republic of Congo,Nord-Kivu,Riots,Mob violence,2,4,64652,Political violence,723,-0.5508,28.7185
2022-09-10,Middle Africa,Democratic Republic of Congo,Nord-Kivu,Riots,Mob violence,2,1,48030,Political violence,723,-0.5508,28.7185
2022-09-17,Middle Africa,Democratic Republic of Congo,Nord-Kivu,Riots,Mob violence,1,2,26867,Political violence,723,-0.5508,28.7185
2022-10-01,Middle Africa,Democratic Republic of Congo,Nord-Kivu,Riots,Mob violence,3,2,122756,Political violence,723,-0.5508,28.7185
2022-10-08,Middle Africa,Democratic Republic of Congo,Nord-Kivu,Riots,Mob violence,1,2,8360,Political violence,723,-0.5508,28.7185
2022-10-15,Middle Africa,Democratic Republic of Congo,Nord-Kivu,Riots,Mob violence,1,2,45101,Political violence,723,-0.5508,28.7185
2022-10-22,Middle Africa,Democratic Republic of Congo,Nord-Kivu,Riots,Mob violence,1,1,19854,Political violence,723,-0.5508,28.7185
2022-10-29,Middle Africa,Democratic Republic of Congo,Nord-Kivu,Riots,Mob violence,4,1,210510,Political violence,723,-0.5508,28.7185
2022-11-05,Middle Africa,Democratic Republic of Congo,Nord-Kivu,Riots,Mob violence,3,2,206546,Political violence,723,-0.5508,28.7185
2022-11-26,Middle Africa,Democratic Republic of Congo,Nord-Kivu,Riots,Mob violence,5,5,246100,Political violence,723,-0.5508,28.7185
2022-12-03,Middle Africa,Democratic Republic of Congo,Nord-Kivu,Riots,Mob violence,3,4,47553,Political violence,723,-0.5508,28.7185
2022-12-17,Middle Africa,Democratic Republic of Congo,Nord-Kivu,Riots,Mob violence,1,1,12703,Political violence,723,-0.5508,28.7185
2022-12-24,Middle Africa,Democratic Republic of Congo,Nord-Kivu,Riots,Mob violence,3,3,61983,Political violence,723,-0.5508,28.7185
2022-12-31,Middle Africa,Democratic Republic of Congo,Nord-Kivu,Riots,Mob violence,1,1,33763,Political violence,723,-0.5508,28.7185
2023-01-14,Middle Africa,Democratic Republic of Congo,Nord-Kivu,Riots,Mob violence,2,2,117416,Political violence,723,-0.5508,28.7185
2023-01-28,Middle Africa,Democratic Republic of Congo,Nord-Kivu,Riots,Mob violence,1,1,117416,Political violence,723,-0.5508,28.7185
2023-03-25,Middle Africa,Democratic Republic of Congo,Nord-Kivu,Riots,Mob violence,2,2,15198,Political violence,723,-0.5508,28.7185
2023-04-08,Middle Africa,Democratic Republic of Congo,Nord-Kivu,Riots,Mob violence,4,5,131952,Political violence,723,-0.5508,28.7185
2023-04-22,Middle Africa,Democratic Republic of Congo,Nord-Kivu,Riots,Mob violence,1,1,86119,Political violence,723,-0.5508,28.7185
2023-04-29,Middle Africa,Democratic Republic of Congo,Nord-Kivu,Riots,Mob violence,1,1,86119,Political violence,723,-0.5508,28.7185
2023-05-27,Middle Africa,Democratic Republic of Congo,Nord-Kivu,Riots,Mob violence,2,2,8301,Political violence,723,-0.5508,28.7185
2023-07-01,Middle Africa,Democratic Republic of Congo,Nord-Kivu,Riots,Mob violence,1,1,2034,Political violence,723,-0.5508,28.7185
2023-07-08,Middle Africa,Democratic Republic of Congo,Nord-Kivu,Riots,Mob violence,2,3,66654,Political violence,723,-0.5508,28.7185
2023-07-15,Middle Africa,Democratic Republic of Congo,Nord-Kivu,Riots,Mob violence,1,1,7537,Political violence,723,-0.5508,28.7185
2023-07-29,Middle Africa,Democratic Republic of Congo,Nord-Kivu,Riots,Mob violence,1,5,69890,Political violence,723,-0.5508,28.7185
2023-08-26,Middle Africa,Democratic Republic of Congo,Nord-Kivu,Riots,Mob violence,2,3,79089,Political violence,723,-0.5508,28.7185
2023-09-16,Middle Africa,Democratic Republic of Congo,Nord-Kivu,Riots,Mob violence,1,1,4621,Political violence,723,-0.5508,28.7185
2023-09-23,Middle Africa,Democratic Republic of Congo,Nord-Kivu,Riots,Mob violence,1,1,15006,Political violence,723,-0.5508,28.7185
2023-10-21,Middle Africa,Democratic Republic of Congo,Nord-Kivu,Riots,Mob violence,1,2,117416,Political violence,723,-0.5508,28.7185
2023-10-28,Middle Africa,Democratic Republic of Congo,Nord-Kivu,Riots,Mob violence,4,3,145281,Political violence,723,-0.5508,28.7185
2023-11-04,Middle Africa,Democratic Republic of Congo,Nord-Kivu,Riots,Mob violence,1,1,59663,Political violence,723,-0.5508,28.7185
2023-11-18,Middle Africa,Democratic Republic of Congo,Nord-Kivu,Riots,Mob violence,2,1,38561,Political violence,723,-0.5508,28.7185
2023-11-25,Middle Africa,Democratic Republic of Congo,Nord-Kivu,Riots,Mob violence,2,3,79731,Political violence,723,-0.5508,28.7185
2023-12-23,Middle Africa,Democratic Republic of Congo,Nord-Kivu,Riots,Mob violence,1,1,2695,Political violence,723,-0.5508,28.7185
2023-12-30,Middle Africa,Democratic Republic of Congo,Nord-Kivu,Riots,Mob violence,1,1,38477,Political violence,723,-0.5508,28.7185
2024-01-06,Middle Africa,Democratic Republic of Congo,Nord-Kivu,Riots,Mob violence,1,1,36866,Political violence,723,-0.5508,28.7185
2024-01-13,Middle Africa,Democratic Republic of Congo,Nord-Kivu,Riots,Mob violence,1,1,37558,Political violence,723,-0.5508,28.7185
2024-01-20,Middle Africa,Democratic Republic of Congo,Nord-Kivu,Riots,Mob violence,2,2,113104,Political violence,723,-0.5508,28.7185
2024-01-27,Middle Africa,Democratic Republic of Congo,Nord-Kivu,Riots,Mob violence,1,1,10488,Political violence,723,-0.5508,28.7185
2024-02-10,Middle Africa,Democratic Republic of Congo,Nord-Kivu,Riots,Mob violence,1,1,413,Political violence,723,-0.5508,28.7185
2024-02-17,Middle Africa,Democratic Republic of Congo,Nord-Kivu,Riots,Mob violence,2,1,35380,Political violence,723,-0.5508,28.7185
2024-03-02,Middle Africa,Democratic Republic of Congo,Nord-Kivu,Riots,Mob violence,2,1,79053,Political violence,723,-0.5508,28.7185
2024-03-23,Middle Africa,Democratic Republic of Congo,Nord-Kivu,Riots,Mob violence,2,1,186283,Political violence,723,-0.5508,28.7185
2024-04-13,Middle Africa,Democratic Republic of Congo,Nord-Kivu,Riots,Mob violence,4,3,203667,Political violence,723,-0.5508,28.7185
2024-04-20,Middle Africa,Democratic Republic of Congo,Nord-Kivu,Riots,Mob violence,2,1,107310,Political violence,723,-0.5508,28.7185
2024-05-18,Middle Africa,Democratic Republic of Congo,Nord-Kivu,Riots,Mob violence,2,2,105404,Political violence,723,-0.5508,28.7185
2024-05-25,Middle Africa,Democratic Republic of Congo,Nord-Kivu,Riots,Mob violence,1,1,29711,Political violence,723,-0.5508,28.7185
2024-06-01,Middle Africa,Democratic Republic of Congo,Nord-Kivu,Riots,Mob violence,1,1,195,Political violence,723,-0.5508,28.7185
2024-06-08,Middle Africa,Democratic Republic of Congo,Nord-Kivu,Riots,Mob violence,2,6,23409,Political violence,723,-0.5508,28.7185
2024-06-15,Middle Africa,Democratic Republic of Congo,Nord-Kivu,Riots,Mob violence,2,6,23409,Political violence,723,-0.5508,28.7185
2024-06-29,Middle Africa,Democratic Republic of Congo,Nord-Kivu,Riots,Mob violence,3,5,197212,Political violence,723,-0.5508,28.7185
2024-07-06,Middle Africa,Democratic Republic of Congo,Nord-Kivu,Riots,Mob violence,3,3,180288,Political violence,723,-0.5508,28.7185
2024-07-13,Middle Africa,Democratic Republic of Congo,Nord-Kivu,Riots,Mob violence,4,3,132947,Political violence,723,-0.5508,28.7185
2024-07-20,Middle Africa,Democratic Republic of Congo,Nord-Kivu,Riots,Mob violence,1,2,10382,Political violence,723,-0.5508,28.7185
2024-07-27,Middle Africa,Democratic Republic of Congo,Nord-Kivu,Riots,Mob violence,3,4,5950,Political violence,723,-0.5508,28.7185
2024-08-17,Middle Africa,Democratic Republic of Congo,Nord-Kivu,Riots,Mob violence,3,2,159915,Political violence,723,-0.5508,28.7185
2024-08-31,Middle Africa,Democratic Republic of Congo,Nord-Kivu,Riots,Mob violence,1,1,56527,Political violence,723,-0.5508,28.7185
2024-09-07,Middle Africa,Democratic Republic of Congo,Nord-Kivu,Riots,Mob violence,3,2,107795,Political violence,723,-0.5508,28.7185
2024-09-28,Middle Africa,Democratic Republic of Congo,Nord-Kivu,Riots,Mob violence,4,3,222379,Political violence,723,-0.5508,28.7185
2024-10-05,Middle Africa,Democratic Republic of Congo,Nord-Kivu,Riots,Mob violence,1,2,76328,Political violence,723,-0.5508,28.7185
2024-10-19,Middle Africa,Democratic Republic of Congo,Nord-Kivu,Riots,Mob violence,2,4,68610,Political violence,723,-0.5508,28.7185
2024-10-26,Middle Africa,Democratic Republic of Congo,Nord-Kivu,Riots,Mob violence,1,1,35613,Political violence,723,-0.5508,28.7185
2024-11-02,Middle Africa,Democratic Republic of Congo,Nord-Kivu,Riots,Mob violence,1,1,29711,Political violence,723,-0.5508,28.7185
2024-11-23,Middle Africa,Democratic Republic of Congo,Nord-Kivu,Riots,Mob violence,2,2,49487,Political violence,723,-0.5508,28.7185
2024-12-07,Middle Africa,Democratic Republic of Congo,Nord-Kivu,Riots,Mob violence,1,2,97343,Political violence,723,-0.5508,28.7185
2025-01-04,Middle Africa,Democratic Republic of Congo,Nord-Kivu,Riots,Mob violence,1,1,28270,Political violence,723,-0.5508,28.7185
2025-01-25,Middle Africa,Democratic Republic of Congo,Nord-Kivu,Riots,Mob violence,7,11,241109,Political violence,723,-0.5508,28.7185
2025-02-01,Middle Africa,Democratic Republic of Congo,Nord-Kivu,Riots,Mob violence,2,5,39386,Political violence,723,-0.5508,28.7185
2025-02-08,Middle Africa,Democratic Republic of Congo,Nord-Kivu,Riots,Mob violence,6,8,89430,Political violence,723,-0.5508,28.7185
2025-02-22,Middle Africa,Democratic Republic of Congo,Nord-Kivu,Riots,Mob violence,1,1,3514,Political violence,723,-0.5508,28.7185
2025-03-22,Middle Africa,Democratic Republic of Congo,Nord-Kivu,Riots,Mob violence,1,2,28270,Political violence,723,-0.5508,28.7185
2025-04-05,Middle Africa,Democratic Republic of Congo,Nord-Kivu,Riots,Mob violence,1,1,28695,Political violence,723,-0.5508,28.7185
2025-04-26,Middle Africa,Democratic Republic of Congo,Nord-Kivu,Riots,Mob violence,2,7,39036,Political violence,723,-0.5508,28.7185
2025-05-03,Middle Africa,Democratic Republic of Congo,Nord-Kivu,Riots,Mob violence,2,2,41581,Political violence,723,-0.5508,28.7185
2025-05-17,Middle Africa,Democratic Republic of Congo,Nord-Kivu,Riots,Mob violence,2,1,56656,Political violence,723,-0.5508,28.7185
2025-05-24,Middle Africa,Democratic Republic of Congo,Nord-Kivu,Riots,Mob violence,1,1,91074,Political violence,723,-0.5508,28.7185
2025-06-07,Middle Africa,Democratic Republic of Congo,Nord-Kivu,Riots,Mob violence,1,1,1276,Political violence,723,-0.5508,28.7185
2025-06-14,Middle Africa,Democratic Republic of Congo,Nord-Kivu,Riots,Mob violence,3,1,135137,Political violence,723,-0.5508,28.7185
2025-06-28,Middle Africa,Democratic Republic of Congo,Nord-Kivu,Riots,Mob violence,1,1,19150,Political violence,723,-0.5508,28.7185
2025-07-12,Middle Africa,Democratic Republic of Congo,Nord-Kivu,Riots,Mob violence,1,1,3064,Political violence,723,-0.5508,28.7185
2025-07-19,Middle Africa,Democratic Republic of Congo,Nord-Kivu,Riots,Mob violence,1,1,9395,Political violence,723,-0.5508,28.7185
2025-07-26,Middle Africa,Democratic Republic of Congo,Nord-Kivu,Riots,Mob violence,1,1,2142,Political violence,723,-0.5508,28.7185
2025-08-02,Middle Africa,Democratic Republic of Congo,Nord-Kivu,Riots,Mob violence,1,1,12792,Political violence,723,-0.5508,28.7185
2025-08-16,Middle Africa,Democratic Republic of Congo,Nord-Kivu,Riots,Mob violence,1,2,66131,Political violence,723,-0.5508,28.7185
2025-08-30,Middle Africa,Democratic Republic of Congo,Nord-Kivu,Riots,Mob violence,3,2,69530,Political violence,723,-0.5508,28.7185
2025-09-13,Middle Africa,Democratic Republic of Congo,Nord-Kivu,Riots,Mob violence,2,1,11642,Political violence,723,-0.5508,28.7185
2025-09-20,Middle Africa,Democratic Republic of Congo,Nord-Kivu,Riots,Mob violence,3,1,147389,Political violence,723,-0.5508,28.7185
2025-10-25,Middle Africa,Democratic Republic of Congo,Nord-Kivu,Riots,Mob violence,1,1,197,Political violence,723,-0.5508,28.7185
2025-11-22,Middle Africa,Democratic Republic of Congo,Nord-Kivu,Riots,Mob violence,1,1,1791,Political violence,723,-0.5508,28.7185
2025-12-13,Middle Africa,Democratic Republic of Congo,Nord-Kivu,Riots,Mob violence,2,2,9358,Political violence,723,-0.5508,28.7185
2011-09-24,Middle Africa,Democratic Republic of Congo,Nord-Kivu,Riots,Violent demonstration,1,1,NA,Demonstrations,723,-0.5508,28.7185
2012-07-21,Middle Africa,Democratic Republic of Congo,Nord-Kivu,Riots,Violent demonstration,1,3,NA,Demonstrations,723,-0.5508,28.7185
2013-04-20,Middle Africa,Democratic Republic of Congo,Nord-Kivu,Riots,Violent demonstration,2,1,NA,Demonstrations,723,-0.5508,28.7185
2013-08-24,Middle Africa,Democratic Republic of Congo,Nord-Kivu,Riots,Violent demonstration,1,2,NA,Demonstrations,723,-0.5508,28.7185
2014-07-19,Middle Africa,Democratic Republic of Congo,Nord-Kivu,Riots,Violent demonstration,1,7,NA,Demonstrations,723,-0.5508,28.7185
2014-10-18,Middle Africa,Democratic Republic of Congo,Nord-Kivu,Riots,Violent demonstration,5,2,NA,Demonstrations,723,-0.5508,28.7185
2014-11-01,Middle Africa,Democratic Republic of Congo,Nord-Kivu,Riots,Violent demonstration,2,1,NA,Demonstrations,723,-0.5508,28.7185
2014-11-08,Middle Africa,Democratic Republic of Congo,Nord-Kivu,Riots,Violent demonstration,2,3,NA,Demonstrations,723,-0.5508,28.7185
2015-01-17,Middle Africa,Democratic Republic of Congo,Nord-Kivu,Riots,Violent demonstration,3,6,275052,Demonstrations,723,-0.5508,28.7185
2015-11-21,Middle Africa,Democratic Republic of Congo,Nord-Kivu,Riots,Violent demonstration,1,1,158421,Demonstrations,723,-0.5508,28.7185
2016-05-21,Middle Africa,Democratic Republic of Congo,Nord-Kivu,Riots,Violent demonstration,1,1,174746,Demonstrations,723,-0.5508,28.7185
2016-08-13,Middle Africa,Democratic Republic of Congo,Nord-Kivu,Riots,Violent demonstration,3,3,115087,Demonstrations,723,-0.5508,28.7185
2017-10-28,Middle Africa,Democratic Republic of Congo,Nord-Kivu,Riots,Violent demonstration,1,5,181614,Demonstrations,723,-0.5508,28.7185
2017-11-18,Middle Africa,Democratic Republic of Congo,Nord-Kivu,Riots,Violent demonstration,1,1,73290,Demonstrations,723,-0.5508,28.7185
2018-10-20,Middle Africa,Democratic Republic of Congo,Nord-Kivu,Riots,Violent demonstration,3,6,128745,Demonstrations,723,-0.5508,28.7185
2018-12-22,Middle Africa,Democratic Republic of Congo,Nord-Kivu,Riots,Violent demonstration,6,1,279498,Demonstrations,723,-0.5508,28.7185
2019-01-12,Middle Africa,Democratic Republic of Congo,Nord-Kivu,Riots,Violent demonstration,1,1,21820,Demonstrations,723,-0.5508,28.7185
2019-06-29,Middle Africa,Democratic Republic of Congo,Nord-Kivu,Riots,Violent demonstration,1,1,182176,Demonstrations,723,-0.5508,28.7185
2019-08-17,Middle Africa,Democratic Republic of Congo,Nord-Kivu,Riots,Violent demonstration,4,4,343522,Demonstrations,723,-0.5508,28.7185
2019-09-07,Middle Africa,Democratic Republic of Congo,Nord-Kivu,Riots,Violent demonstration,1,1,21101,Demonstrations,723,-0.5508,28.7185
2019-10-19,Middle Africa,Democratic Republic of Congo,Nord-Kivu,Riots,Violent demonstration,2,1,22450,Demonstrations,723,-0.5508,28.7185
2019-11-23,Middle Africa,Democratic Republic of Congo,Nord-Kivu,Riots,Violent demonstration,9,11,493312,Demonstrations,723,-0.5508,28.7185
2019-11-30,Middle Africa,Democratic Republic of Congo,Nord-Kivu,Riots,Violent demonstration,3,8,315223,Demonstrations,723,-0.5508,28.7185
2019-12-07,Middle Africa,Democratic Republic of Congo,Nord-Kivu,Riots,Violent demonstration,1,1,168832,Demonstrations,723,-0.5508,28.7185
2019-12-14,Middle Africa,Democratic Republic of Congo,Nord-Kivu,Riots,Violent demonstration,2,1,168832,Demonstrations,723,-0.5508,28.7185
2020-08-08,Middle Africa,Democratic Republic of Congo,Nord-Kivu,Riots,Violent demonstration,1,1,47801,Demonstrations,723,-0.5508,28.7185
2021-01-02,Middle Africa,Democratic Republic of Congo,Nord-Kivu,Riots,Violent demonstration,4,1,300565,Demonstrations,723,-0.5508,28.7185
2021-02-13,Middle Africa,Democratic Republic of Congo,Nord-Kivu,Riots,Violent demonstration,1,2,192997,Demonstrations,723,-0.5508,28.7185
2021-03-13,Middle Africa,Democratic Republic of Congo,Nord-Kivu,Riots,Violent demonstration,2,1,206029,Demonstrations,723,-0.5508,28.7185
2021-04-03,Middle Africa,Democratic Republic of Congo,Nord-Kivu,Riots,Violent demonstration,4,3,331633,Demonstrations,723,-0.5508,28.7185
2021-04-10,Middle Africa,Democratic Republic of Congo,Nord-Kivu,Riots,Violent demonstration,4,4,211598,Demonstrations,723,-0.5508,28.7185
2021-10-30,Middle Africa,Democratic Republic of Congo,Nord-Kivu,Riots,Violent demonstration,1,1,65184,Demonstrations,723,-0.5508,28.7185
2021-12-18,Middle Africa,Democratic Republic of Congo,Nord-Kivu,Riots,Violent demonstration,6,7,140715,Demonstrations,723,-0.5508,28.7185
2022-01-22,Middle Africa,Democratic Republic of Congo,Nord-Kivu,Riots,Violent demonstration,5,1,194797,Demonstrations,723,-0.5508,28.7185
2022-02-26,Middle Africa,Democratic Republic of Congo,Nord-Kivu,Riots,Violent demonstration,1,1,35623,Demonstrations,723,-0.5508,28.7185
2022-07-23,Middle Africa,Democratic Republic of Congo,Nord-Kivu,Riots,Violent demonstration,9,29,363484,Demonstrations,723,-0.5508,28.7185
2022-08-06,Middle Africa,Democratic Republic of Congo,Nord-Kivu,Riots,Violent demonstration,1,7,23519,Demonstrations,723,-0.5508,28.7185
2022-08-20,Middle Africa,Democratic Republic of Congo,Nord-Kivu,Riots,Violent demonstration,4,2,98881,Demonstrations,723,-0.5508,28.7185
2022-09-03,Middle Africa,Democratic Republic of Congo,Nord-Kivu,Riots,Violent demonstration,1,1,113145,Demonstrations,723,-0.5508,28.7185
2022-09-17,Middle Africa,Democratic Republic of Congo,Nord-Kivu,Riots,Violent demonstration,1,1,41905,Demonstrations,723,-0.5508,28.7185
2023-02-04,Middle Africa,Democratic Republic of Congo,Nord-Kivu,Riots,Violent demonstration,12,4,383548,Demonstrations,723,-0.5508,28.7185
2023-02-18,Middle Africa,Democratic Republic of Congo,Nord-Kivu,Riots,Violent demonstration,2,1,86119,Demonstrations,723,-0.5508,28.7185
2023-09-16,Middle Africa,Democratic Republic of Congo,Nord-Kivu,Riots,Violent demonstration,2,1,94166,Demonstrations,723,-0.5508,28.7185
2024-06-15,Middle Africa,Democratic Republic of Congo,Nord-Kivu,Riots,Violent demonstration,4,1,167658,Demonstrations,723,-0.5508,28.7185
2024-06-29,Middle Africa,Democratic Republic of Congo,Nord-Kivu,Riots,Violent demonstration,1,5,22307,Demonstrations,723,-0.5508,28.7185
2024-12-07,Middle Africa,Democratic Republic of Congo,Nord-Kivu,Riots,Violent demonstration,1,2,97343,Demonstrations,723,-0.5508,28.7185
2025-03-22,Middle Africa,Democratic Republic of Congo,Nord-Kivu,Riots,Violent demonstration,1,2,126377,Demonstrations,723,-0.5508,28.7185
2022-12-17,Middle Africa,Democratic Republic of Congo,Nord-Kivu,Strategic developments,Other,1,5,NA,Strategic developments,723,-0.5508,28.7185
2023-02-04,Middle Africa,Democratic Republic of Congo,Nord-Kivu,Strategic developments,Other,6,1,NA,Strategic developments,723,-0.5508,28.7185
2009-01-24,Middle Africa,Democratic Republic of Congo,Nord-Kivu,Violence against civilians,Attack,5,50,NA,Political violence,723,-0.5508,28.7185
2009-02-07,Middle Africa,Democratic Republic of Congo,Nord-Kivu,Violence against civilians,Attack,2,1,NA,Political violence,723,-0.5508,28.7185
2009-02-14,Middle Africa,Democratic Republic of Congo,Nord-Kivu,Violence against civilians,Attack,3,47,NA,Political violence,723,-0.5508,28.7185
2009-03-14,Middle Africa,Democratic Republic of Congo,Nord-Kivu,Violence against civilians,Attack,6,16,NA,Political violence,723,-0.5508,28.7185
2009-03-28,Middle Africa,Democratic Republic of Congo,Nord-Kivu,Violence against civilians,Attack,2,6,NA,Political violence,723,-0.5508,28.7185
2009-04-11,Middle Africa,Democratic Republic of Congo,Nord-Kivu,Violence against civilians,Attack,6,33,NA,Political violence,723,-0.5508,28.7185
2009-04-25,Middle Africa,Democratic Republic of Congo,Nord-Kivu,Violence against civilians,Attack,1,10,NA,Political violence,723,-0.5508,28.7185
2009-05-09,Middle Africa,Democratic Republic of Congo,Nord-Kivu,Violence against civilians,Attack,5,158,NA,Political violence,723,-0.5508,28.7185
2009-05-16,Middle Africa,Democratic Republic of Congo,Nord-Kivu,Violence against civilians,Attack,2,13,NA,Political violence,723,-0.5508,28.7185
2009-07-11,Middle Africa,Democratic Republic of Congo,Nord-Kivu,Violence against civilians,Attack,2,2,NA,Political violence,723,-0.5508,28.7185
2009-07-18,Middle Africa,Democratic Republic of Congo,Nord-Kivu,Violence against civilians,Attack,1,1,NA,Political violence,723,-0.5508,28.7185
2009-08-08,Middle Africa,Democratic Republic of Congo,Nord-Kivu,Violence against civilians,Attack,4,34,NA,Political violence,723,-0.5508,28.7185
2009-09-05,Middle Africa,Democratic Republic of Congo,Nord-Kivu,Violence against civilians,Attack,1,1,NA,Political violence,723,-0.5508,28.7185
2009-10-03,Middle Africa,Democratic Republic of Congo,Nord-Kivu,Violence against civilians,Attack,2,4,NA,Political violence,723,-0.5508,28.7185
2009-10-24,Middle Africa,Democratic Republic of Congo,Nord-Kivu,Violence against civilians,Attack,6,31,NA,Political violence,723,-0.5508,28.7185
2009-11-14,Middle Africa,Democratic Republic of Congo,Nord-Kivu,Violence against civilians,Attack,2,2,NA,Political violence,723,-0.5508,28.7185
2009-11-21,Middle Africa,Democratic Republic of Congo,Nord-Kivu,Violence against civilians,Attack,1,1,NA,Political violence,723,-0.5508,28.7185
2009-11-28,Middle Africa,Democratic Republic of Congo,Nord-Kivu,Violence against civilians,Attack,2,2,NA,Political violence,723,-0.5508,28.7185
2009-12-12,Middle Africa,Democratic Republic of Congo,Nord-Kivu,Violence against civilians,Attack,5,32,NA,Political violence,723,-0.5508,28.7185
2010-02-13,Middle Africa,Democratic Republic of Congo,Nord-Kivu,Violence against civilians,Attack,2,2,NA,Political violence,723,-0.5508,28.7185
2010-04-03,Middle Africa,Democratic Republic of Congo,Nord-Kivu,Violence against civilians,Attack,1,1,NA,Political violence,723,-0.5508,28.7185
2010-05-01,Middle Africa,Democratic Republic of Congo,Nord-Kivu,Violence against civilians,Attack,1,5,NA,Political violence,723,-0.5508,28.7185
2010-05-29,Middle Africa,Democratic Republic of Congo,Nord-Kivu,Violence against civilians,Attack,1,14,NA,Political violence,723,-0.5508,28.7185
2010-06-26,Middle Africa,Democratic Republic of Congo,Nord-Kivu,Violence against civilians,Attack,3,25,NA,Political violence,723,-0.5508,28.7185
2010-07-10,Middle Africa,Democratic Republic of Congo,Nord-Kivu,Violence against civilians,Attack,6,12,NA,Political violence,723,-0.5508,28.7185
2010-08-14,Middle Africa,Democratic Republic of Congo,Nord-Kivu,Violence against civilians,Attack,2,4,NA,Political violence,723,-0.5508,28.7185
2010-10-16,Middle Africa,Democratic Republic of Congo,Nord-Kivu,Violence against civilians,Attack,1,1,NA,Political violence,723,-0.5508,28.7185
2010-11-06,Middle Africa,Democratic Republic of Congo,Nord-Kivu,Violence against civilians,Attack,1,1,NA,Political violence,723,-0.5508,28.7185
2010-11-13,Middle Africa,Democratic Republic of Congo,Nord-Kivu,Violence against civilians,Attack,1,23,NA,Political violence,723,-0.5508,28.7185
2010-11-20,Middle Africa,Democratic Republic of Congo,Nord-Kivu,Violence against civilians,Attack,1,1,NA,Political violence,723,-0.5508,28.7185
2011-01-22,Middle Africa,Democratic Republic of Congo,Nord-Kivu,Violence against civilians,Attack,3,4,NA,Political violence,723,-0.5508,28.7185
2011-01-29,Middle Africa,Democratic Republic of Congo,Nord-Kivu,Violence against civilians,Attack,10,13,NA,Political violence,723,-0.5508,28.7185
2011-02-05,Middle Africa,Democratic Republic of Congo,Nord-Kivu,Violence against civilians,Attack,1,15,NA,Political violence,723,-0.5508,28.7185
2011-02-19,Middle Africa,Democratic Republic of Congo,Nord-Kivu,Violence against civilians,Attack,3,1,NA,Political violence,723,-0.5508,28.7185
2011-02-26,Middle Africa,Democratic Republic of Congo,Nord-Kivu,Violence against civilians,Attack,4,6,NA,Political violence,723,-0.5508,28.7185
2011-03-12,Middle Africa,Democratic Republic of Congo,Nord-Kivu,Violence against civilians,Attack,2,1,NA,Political violence,723,-0.5508,28.7185
2011-03-19,Middle Africa,Democratic Republic of Congo,Nord-Kivu,Violence against civilians,Attack,1,1,NA,Political violence,723,-0.5508,28.7185
2011-04-02,Middle Africa,Democratic Republic of Congo,Nord-Kivu,Violence against civilians,Attack,4,3,NA,Political violence,723,-0.5508,28.7185
2011-04-30,Middle Africa,Democratic Republic of Congo,Nord-Kivu,Violence against civilians,Attack,10,8,NA,Political violence,723,-0.5508,28.7185
2011-05-21,Middle Africa,Democratic Republic of Congo,Nord-Kivu,Violence against civilians,Attack,6,7,NA,Political violence,723,-0.5508,28.7185
2011-05-28,Middle Africa,Democratic Republic of Congo,Nord-Kivu,Violence against civilians,Attack,2,1,NA,Political violence,723,-0.5508,28.7185
2011-06-18,Middle Africa,Democratic Republic of Congo,Nord-Kivu,Violence against civilians,Attack,4,3,NA,Political violence,723,-0.5508,28.7185
2011-07-16,Middle Africa,Democratic Republic of Congo,Nord-Kivu,Violence against civilians,Attack,2,1,NA,Political violence,723,-0.5508,28.7185
2011-09-10,Middle Africa,Democratic Republic of Congo,Nord-Kivu,Violence against civilians,Attack,2,1,NA,Political violence,723,-0.5508,28.7185
2011-12-03,Middle Africa,Democratic Republic of Congo,Nord-Kivu,Violence against civilians,Attack,2,2,NA,Political violence,723,-0.5508,28.7185
2011-12-17,Middle Africa,Democratic Republic of Congo,Nord-Kivu,Violence against civilians,Attack,1,4,NA,Political violence,723,-0.5508,28.7185
2011-12-24,Middle Africa,Democratic Republic of Congo,Nord-Kivu,Violence against civilians,Attack,2,9,NA,Political violence,723,-0.5508,28.7185
2012-01-07,Middle Africa,Democratic Republic of Congo,Nord-Kivu,Violence against civilians,Attack,1,1,NA,Political violence,723,-0.5508,28.7185
2012-02-25,Middle Africa,Democratic Republic of Congo,Nord-Kivu,Violence against civilians,Attack,1,1,NA,Political violence,723,-0.5508,28.7185
2012-03-24,Middle Africa,Democratic Republic of Congo,Nord-Kivu,Violence against civilians,Attack,1,1,NA,Political violence,723,-0.5508,28.7185
2012-05-12,Middle Africa,Democratic Republic of Congo,Nord-Kivu,Violence against civilians,Attack,2,1,NA,Political violence,723,-0.5508,28.7185
2012-05-19,Middle Africa,Democratic Republic of Congo,Nord-Kivu,Violence against civilians,Attack,1,1,NA,Political violence,723,-0.5508,28.7185
2012-06-09,Middle Africa,Democratic Republic of Congo,Nord-Kivu,Violence against civilians,Attack,3,1,NA,Political violence,723,-0.5508,28.7185
2012-06-16,Middle Africa,Democratic Republic of Congo,Nord-Kivu,Violence against civilians,Attack,2,20,NA,Political violence,723,-0.5508,28.7185
2012-06-30,Middle Africa,Democratic Republic of Congo,Nord-Kivu,Violence against civilians,Attack,3,1,NA,Political violence,723,-0.5508,28.7185
2012-07-07,Middle Africa,Democratic Republic of Congo,Nord-Kivu,Violence against civilians,Attack,5,3,NA,Political violence,723,-0.5508,28.7185
2012-07-14,Middle Africa,Democratic Republic of Congo,Nord-Kivu,Violence against civilians,Attack,9,27,NA,Political violence,723,-0.5508,28.7185
2012-07-21,Middle Africa,Democratic Republic of Congo,Nord-Kivu,Violence against civilians,Attack,7,12,NA,Political violence,723,-0.5508,28.7185
2012-08-04,Middle Africa,Democratic Republic of Congo,Nord-Kivu,Violence against civilians,Attack,5,13,NA,Political violence,723,-0.5508,28.7185
2012-08-11,Middle Africa,Democratic Republic of Congo,Nord-Kivu,Violence against civilians,Attack,6,14,NA,Political violence,723,-0.5508,28.7185
2012-08-18,Middle Africa,Democratic Republic of Congo,Nord-Kivu,Violence against civilians,Attack,6,1,NA,Political violence,723,-0.5508,28.7185
2012-08-25,Middle Africa,Democratic Republic of Congo,Nord-Kivu,Violence against civilians,Attack,2,2,NA,Political violence,723,-0.5508,28.7185
2012-09-01,Middle Africa,Democratic Republic of Congo,Nord-Kivu,Violence against civilians,Attack,1,1,NA,Political violence,723,-0.5508,28.7185
2012-09-15,Middle Africa,Democratic Republic of Congo,Nord-Kivu,Violence against civilians,Attack,8,17,NA,Political violence,723,-0.5508,28.7185
2012-09-29,Middle Africa,Democratic Republic of Congo,Nord-Kivu,Violence against civilians,Attack,2,14,NA,Political violence,723,-0.5508,28.7185
2012-10-13,Middle Africa,Democratic Republic of Congo,Nord-Kivu,Violence against civilians,Attack,3,5,NA,Political violence,723,-0.5508,28.7185
2012-10-20,Middle Africa,Democratic Republic of Congo,Nord-Kivu,Violence against civilians,Attack,1,1,NA,Political violence,723,-0.5508,28.7185
2012-10-27,Middle Africa,Democratic Republic of Congo,Nord-Kivu,Violence against civilians,Attack,1,3,NA,Political violence,723,-0.5508,28.7185
2012-11-03,Middle Africa,Democratic Republic of Congo,Nord-Kivu,Violence against civilians,Attack,1,7,NA,Political violence,723,-0.5508,28.7185
2012-11-10,Middle Africa,Democratic Republic of Congo,Nord-Kivu,Violence against civilians,Attack,3,2,NA,Political violence,723,-0.5508,28.7185
2012-11-17,Middle Africa,Democratic Republic of Congo,Nord-Kivu,Violence against civilians,Attack,14,17,NA,Political violence,723,-0.5508,28.7185
2012-11-24,Middle Africa,Democratic Republic of Congo,Nord-Kivu,Violence against civilians,Attack,9,10,NA,Political violence,723,-0.5508,28.7185
2012-12-01,Middle Africa,Democratic Republic of Congo,Nord-Kivu,Violence against civilians,Attack,2,2,NA,Political violence,723,-0.5508,28.7185
2012-12-22,Middle Africa,Democratic Republic of Congo,Nord-Kivu,Violence against civilians,Attack,1,1,NA,Political violence,723,-0.5508,28.7185
2012-12-29,Middle Africa,Democratic Republic of Congo,Nord-Kivu,Violence against civilians,Attack,1,1,NA,Political violence,723,-0.5508,28.7185
2013-01-05,Middle Africa,Democratic Republic of Congo,Nord-Kivu,Violence against civilians,Attack,1,13,NA,Political violence,723,-0.5508,28.7185
2013-01-12,Middle Africa,Democratic Republic of Congo,Nord-Kivu,Violence against civilians,Attack,1,1,NA,Political violence,723,-0.5508,28.7185
2013-01-19,Middle Africa,Democratic Republic of Congo,Nord-Kivu,Violence against civilians,Attack,2,5,NA,Political violence,723,-0.5508,28.7185
2013-01-26,Middle Africa,Democratic Republic of Congo,Nord-Kivu,Violence against civilians,Attack,1,3,NA,Political violence,723,-0.5508,28.7185
2013-02-23,Middle Africa,Democratic Republic of Congo,Nord-Kivu,Violence against civilians,Attack,2,11,NA,Political violence,723,-0.5508,28.7185
2013-03-02,Middle Africa,Democratic Republic of Congo,Nord-Kivu,Violence against civilians,Attack,1,2,NA,Political violence,723,-0.5508,28.7185
2013-03-09,Middle Africa,Democratic Republic of Congo,Nord-Kivu,Violence against civilians,Attack,2,15,NA,Political violence,723,-0.5508,28.7185
2013-04-13,Middle Africa,Democratic Republic of Congo,Nord-Kivu,Violence against civilians,Attack,7,1,NA,Political violence,723,-0.5508,28.7185
2013-04-20,Middle Africa,Democratic Republic of Congo,Nord-Kivu,Violence against civilians,Attack,2,8,NA,Political violence,723,-0.5508,28.7185
2013-04-27,Middle Africa,Democratic Republic of Congo,Nord-Kivu,Violence against civilians,Attack,2,4,NA,Political violence,723,-0.5508,28.7185
2013-05-04,Middle Africa,Democratic Republic of Congo,Nord-Kivu,Violence against civilians,Attack,2,1,NA,Political violence,723,-0.5508,28.7185
2013-05-11,Middle Africa,Democratic Republic of Congo,Nord-Kivu,Violence against civilians,Attack,4,14,NA,Political violence,723,-0.5508,28.7185
2013-05-18,Middle Africa,Democratic Republic of Congo,Nord-Kivu,Violence against civilians,Attack,1,4,NA,Political violence,723,-0.5508,28.7185
2013-06-15,Middle Africa,Democratic Republic of Congo,Nord-Kivu,Violence against civilians,Attack,1,13,NA,Political violence,723,-0.5508,28.7185
2013-06-22,Middle Africa,Democratic Republic of Congo,Nord-Kivu,Violence against civilians,Attack,1,2,NA,Political violence,723,-0.5508,28.7185
2013-06-29,Middle Africa,Democratic Republic of Congo,Nord-Kivu,Violence against civilians,Attack,1,4,NA,Political violence,723,-0.5508,28.7185
2013-07-06,Middle Africa,Democratic Republic of Congo,Nord-Kivu,Violence against civilians,Attack,1,3,NA,Political violence,723,-0.5508,28.7185
2013-07-27,Middle Africa,Democratic Republic of Congo,Nord-Kivu,Violence against civilians,Attack,1,1,NA,Political violence,723,-0.5508,28.7185
2013-08-03,Middle Africa,Democratic Republic of Congo,Nord-Kivu,Violence against civilians,Attack,2,3,NA,Political violence,723,-0.5508,28.7185
2013-09-28,Middle Africa,Democratic Republic of Congo,Nord-Kivu,Violence against civilians,Attack,2,6,NA,Political violence,723,-0.5508,28.7185
2013-10-12,Middle Africa,Democratic Republic of Congo,Nord-Kivu,Violence against civilians,Attack,4,22,NA,Political violence,723,-0.5508,28.7185
2013-10-19,Middle Africa,Democratic Republic of Congo,Nord-Kivu,Violence against civilians,Attack,2,2,NA,Political violence,723,-0.5508,28.7185
2013-11-30,Middle Africa,Democratic Republic of Congo,Nord-Kivu,Violence against civilians,Attack,1,8,NA,Political violence,723,-0.5508,28.7185
2013-12-07,Middle Africa,Democratic Republic of Congo,Nord-Kivu,Violence against civilians,Attack,3,13,NA,Political violence,723,-0.5508,28.7185
2013-12-14,Middle Africa,Democratic Republic of Congo,Nord-Kivu,Violence against civilians,Attack,3,9,NA,Political violence,723,-0.5508,28.7185
2013-12-21,Middle Africa,Democratic Republic of Congo,Nord-Kivu,Violence against civilians,Attack,1,40,NA,Political violence,723,-0.5508,28.7185
2013-12-28,Middle Africa,Democratic Republic of Congo,Nord-Kivu,Violence against civilians,Attack,1,2,NA,Political violence,723,-0.5508,28.7185
2014-02-01,Middle Africa,Democratic Republic of Congo,Nord-Kivu,Violence against civilians,Attack,2,71,NA,Political violence,723,-0.5508,28.7185
2014-04-19,Middle Africa,Democratic Republic of Congo,Nord-Kivu,Violence against civilians,Attack,1,2,NA,Political violence,723,-0.5508,28.7185
2014-05-03,Middle Africa,Democratic Republic of Congo,Nord-Kivu,Violence against civilians,Attack,5,6,NA,Political violence,723,-0.5508,28.7185
2014-05-24,Middle Africa,Democratic Republic of Congo,Nord-Kivu,Violence against civilians,Attack,1,1,NA,Political violence,723,-0.5508,28.7185
2014-05-31,Middle Africa,Democratic Republic of Congo,Nord-Kivu,Violence against civilians,Attack,1,1,NA,Political violence,723,-0.5508,28.7185
2014-06-21,Middle Africa,Democratic Republic of Congo,Nord-Kivu,Violence against civilians,Attack,2,2,NA,Political violence,723,-0.5508,28.7185
2014-07-12,Middle Africa,Democratic Republic of Congo,Nord-Kivu,Violence against civilians,Attack,1,3,NA,Political violence,723,-0.5508,28.7185
2014-07-19,Middle Africa,Democratic Republic of Congo,Nord-Kivu,Violence against civilians,Attack,1,1,NA,Political violence,723,-0.5508,28.7185
2014-08-09,Middle Africa,Democratic Republic of Congo,Nord-Kivu,Violence against civilians,Attack,2,6,NA,Political violence,723,-0.5508,28.7185
2014-09-13,Middle Africa,Democratic Republic of Congo,Nord-Kivu,Violence against civilians,Attack,2,1,NA,Political violence,723,-0.5508,28.7185
2014-09-20,Middle Africa,Democratic Republic of Congo,Nord-Kivu,Violence against civilians,Attack,1,1,NA,Political violence,723,-0.5508,28.7185
2014-09-27,Middle Africa,Democratic Republic of Congo,Nord-Kivu,Violence against civilians,Attack,2,4,NA,Political violence,723,-0.5508,28.7185
2014-10-04,Middle Africa,Democratic Republic of Congo,Nord-Kivu,Violence against civilians,Attack,4,18,NA,Political violence,723,-0.5508,28.7185
2014-10-11,Middle Africa,Democratic Republic of Congo,Nord-Kivu,Violence against civilians,Attack,5,54,NA,Political violence,723,-0.5508,28.7185
2014-10-25,Middle Africa,Democratic Republic of Congo,Nord-Kivu,Violence against civilians,Attack,4,20,NA,Political violence,723,-0.5508,28.7185
2014-11-01,Middle Africa,Democratic Republic of Congo,Nord-Kivu,Violence against civilians,Attack,2,11,NA,Political violence,723,-0.5508,28.7185
2014-11-08,Middle Africa,Democratic Republic of Congo,Nord-Kivu,Violence against civilians,Attack,1,5,NA,Political violence,723,-0.5508,28.7185
2014-11-15,Middle Africa,Democratic Republic of Congo,Nord-Kivu,Violence against civilians,Attack,2,60,NA,Political violence,723,-0.5508,28.7185
2014-11-29,Middle Africa,Democratic Republic of Congo,Nord-Kivu,Violence against civilians,Attack,1,3,NA,Political violence,723,-0.5508,28.7185
2014-12-06,Middle Africa,Democratic Republic of Congo,Nord-Kivu,Violence against civilians,Attack,2,49,NA,Political violence,723,-0.5508,28.7185
2014-12-13,Middle Africa,Democratic Republic of Congo,Nord-Kivu,Violence against civilians,Attack,1,5,NA,Political violence,723,-0.5508,28.7185
2014-12-20,Middle Africa,Democratic Republic of Congo,Nord-Kivu,Violence against civilians,Attack,2,7,NA,Political violence,723,-0.5508,28.7185
2015-01-31,Middle Africa,Democratic Republic of Congo,Nord-Kivu,Violence against civilians,Attack,3,27,130065,Political violence,723,-0.5508,28.7185
2015-02-21,Middle Africa,Democratic Republic of Congo,Nord-Kivu,Violence against civilians,Attack,1,1,34187,Political violence,723,-0.5508,28.7185
2015-03-07,Middle Africa,Democratic Republic of Congo,Nord-Kivu,Violence against civilians,Attack,3,6,96645,Political violence,723,-0.5508,28.7185
2015-03-14,Middle Africa,Democratic Republic of Congo,Nord-Kivu,Violence against civilians,Attack,2,5,258990,Political violence,723,-0.5508,28.7185
2015-03-28,Middle Africa,Democratic Republic of Congo,Nord-Kivu,Violence against civilians,Attack,2,7,58221,Political violence,723,-0.5508,28.7185
2015-04-11,Middle Africa,Democratic Republic of Congo,Nord-Kivu,Violence against civilians,Attack,6,29,97114,Political violence,723,-0.5508,28.7185
2015-04-25,Middle Africa,Democratic Republic of Congo,Nord-Kivu,Violence against civilians,Attack,1,5,32615,Political violence,723,-0.5508,28.7185
2015-05-02,Middle Africa,Democratic Republic of Congo,Nord-Kivu,Violence against civilians,Attack,5,47,320641,Political violence,723,-0.5508,28.7185
2015-05-09,Middle Africa,Democratic Republic of Congo,Nord-Kivu,Violence against civilians,Attack,5,45,70010,Political violence,723,-0.5508,28.7185
2015-05-16,Middle Africa,Democratic Republic of Congo,Nord-Kivu,Violence against civilians,Attack,1,2,245385,Political violence,723,-0.5508,28.7185
2015-05-30,Middle Africa,Democratic Republic of Congo,Nord-Kivu,Violence against civilians,Attack,1,1,245385,Political violence,723,-0.5508,28.7185
2015-06-20,Middle Africa,Democratic Republic of Congo,Nord-Kivu,Violence against civilians,Attack,3,7,79541,Political violence,723,-0.5508,28.7185
2015-07-04,Middle Africa,Democratic Republic of Congo,Nord-Kivu,Violence against civilians,Attack,3,22,43018,Political violence,723,-0.5508,28.7185
2015-07-11,Middle Africa,Democratic Republic of Congo,Nord-Kivu,Violence against civilians,Attack,2,9,271324,Political violence,723,-0.5508,28.7185
2015-07-18,Middle Africa,Democratic Republic of Congo,Nord-Kivu,Violence against civilians,Attack,2,5,294637,Political violence,723,-0.5508,28.7185
2015-08-08,Middle Africa,Democratic Republic of Congo,Nord-Kivu,Violence against civilians,Attack,1,2,529,Political violence,723,-0.5508,28.7185
2015-08-22,Middle Africa,Democratic Republic of Congo,Nord-Kivu,Violence against civilians,Attack,1,1,692,Political violence,723,-0.5508,28.7185
2015-09-05,Middle Africa,Democratic Republic of Congo,Nord-Kivu,Violence against civilians,Attack,2,9,69938,Political violence,723,-0.5508,28.7185
2015-09-12,Middle Africa,Democratic Republic of Congo,Nord-Kivu,Violence against civilians,Attack,2,20,249362,Political violence,723,-0.5508,28.7185
2015-10-03,Middle Africa,Democratic Republic of Congo,Nord-Kivu,Violence against civilians,Attack,3,7,70332,Political violence,723,-0.5508,28.7185
2015-10-10,Middle Africa,Democratic Republic of Congo,Nord-Kivu,Violence against civilians,Attack,2,20,315411,Political violence,723,-0.5508,28.7185
2015-10-17,Middle Africa,Democratic Republic of Congo,Nord-Kivu,Violence against civilians,Attack,3,6,71550,Political violence,723,-0.5508,28.7185
2015-10-31,Middle Africa,Democratic Republic of Congo,Nord-Kivu,Violence against civilians,Attack,3,12,42947,Political violence,723,-0.5508,28.7185
2015-11-14,Middle Africa,Democratic Republic of Congo,Nord-Kivu,Violence against civilians,Attack,1,8,30,Political violence,723,-0.5508,28.7185
2015-12-05,Middle Africa,Democratic Republic of Congo,Nord-Kivu,Violence against civilians,Attack,1,4,47808,Political violence,723,-0.5508,28.7185
2015-12-19,Middle Africa,Democratic Republic of Congo,Nord-Kivu,Violence against civilians,Attack,2,21,64500,Political violence,723,-0.5508,28.7185
2016-01-02,Middle Africa,Democratic Republic of Congo,Nord-Kivu,Violence against civilians,Attack,3,22,48834,Political violence,723,-0.5508,28.7185
2016-01-09,Middle Africa,Democratic Republic of Congo,Nord-Kivu,Violence against civilians,Attack,2,1,44659,Political violence,723,-0.5508,28.7185
2016-01-16,Middle Africa,Democratic Republic of Congo,Nord-Kivu,Violence against civilians,Attack,1,3,7311,Political violence,723,-0.5508,28.7185
2016-01-23,Middle Africa,Democratic Republic of Congo,Nord-Kivu,Violence against civilians,Attack,2,5,99604,Political violence,723,-0.5508,28.7185
2016-01-30,Middle Africa,Democratic Republic of Congo,Nord-Kivu,Violence against civilians,Attack,4,9,113183,Political violence,723,-0.5508,28.7185
2016-02-06,Middle Africa,Democratic Republic of Congo,Nord-Kivu,Violence against civilians,Attack,2,9,113849,Political violence,723,-0.5508,28.7185
2016-02-13,Middle Africa,Democratic Republic of Congo,Nord-Kivu,Violence against civilians,Attack,1,16,NA,Political violence,723,-0.5508,28.7185
2016-02-20,Middle Africa,Democratic Republic of Congo,Nord-Kivu,Violence against civilians,Attack,1,2,231732,Political violence,723,-0.5508,28.7185
2016-02-27,Middle Africa,Democratic Republic of Congo,Nord-Kivu,Violence against civilians,Attack,6,21,57849,Political violence,723,-0.5508,28.7185
2016-03-05,Middle Africa,Democratic Republic of Congo,Nord-Kivu,Violence against civilians,Attack,2,6,62848,Political violence,723,-0.5508,28.7185
2016-03-12,Middle Africa,Democratic Republic of Congo,Nord-Kivu,Violence against civilians,Attack,4,22,104307,Political violence,723,-0.5508,28.7185
2016-03-19,Middle Africa,Democratic Republic of Congo,Nord-Kivu,Violence against civilians,Attack,6,4,518340,Political violence,723,-0.5508,28.7185
2016-03-26,Middle Africa,Democratic Republic of Congo,Nord-Kivu,Violence against civilians,Attack,4,3,254424,Political violence,723,-0.5508,28.7185
2016-04-02,Middle Africa,Democratic Republic of Congo,Nord-Kivu,Violence against civilians,Attack,3,2,62832,Political violence,723,-0.5508,28.7185
2016-04-30,Middle Africa,Democratic Republic of Congo,Nord-Kivu,Violence against civilians,Attack,7,42,108802,Political violence,723,-0.5508,28.7185
2016-05-07,Middle Africa,Democratic Republic of Congo,Nord-Kivu,Violence against civilians,Attack,3,15,54207,Political violence,723,-0.5508,28.7185
2016-05-28,Middle Africa,Democratic Republic of Congo,Nord-Kivu,Violence against civilians,Attack,1,2,218445,Political violence,723,-0.5508,28.7185
2016-06-11,Middle Africa,Democratic Republic of Congo,Nord-Kivu,Violence against civilians,Attack,3,2,53219,Political violence,723,-0.5508,28.7185
2016-07-02,Middle Africa,Democratic Republic of Congo,Nord-Kivu,Violence against civilians,Attack,1,9,97990,Political violence,723,-0.5508,28.7185
2016-07-16,Middle Africa,Democratic Republic of Congo,Nord-Kivu,Violence against civilians,Attack,2,11,26243,Political violence,723,-0.5508,28.7185
2016-07-23,Middle Africa,Democratic Republic of Congo,Nord-Kivu,Violence against civilians,Attack,1,6,11039,Political violence,723,-0.5508,28.7185
2016-07-30,Middle Africa,Democratic Republic of Congo,Nord-Kivu,Violence against civilians,Attack,5,8,129659,Political violence,723,-0.5508,28.7185
2016-08-06,Middle Africa,Democratic Republic of Congo,Nord-Kivu,Violence against civilians,Attack,6,24,58433,Political violence,723,-0.5508,28.7185
2016-08-13,Middle Africa,Democratic Republic of Congo,Nord-Kivu,Violence against civilians,Attack,5,52,252913,Political violence,723,-0.5508,28.7185
2016-08-20,Middle Africa,Democratic Republic of Congo,Nord-Kivu,Violence against civilians,Attack,2,4,602136,Political violence,723,-0.5508,28.7185
2016-09-03,Middle Africa,Democratic Republic of Congo,Nord-Kivu,Violence against civilians,Attack,1,1,218445,Political violence,723,-0.5508,28.7185
2016-09-17,Middle Africa,Democratic Republic of Congo,Nord-Kivu,Violence against civilians,Attack,1,6,218445,Political violence,723,-0.5508,28.7185
2016-09-24,Middle Africa,Democratic Republic of Congo,Nord-Kivu,Violence against civilians,Attack,2,24,259968,Political violence,723,-0.5508,28.7185
2016-10-01,Middle Africa,Democratic Republic of Congo,Nord-Kivu,Violence against civilians,Attack,9,7,136242,Political violence,723,-0.5508,28.7185
2016-10-08,Middle Africa,Democratic Republic of Congo,Nord-Kivu,Violence against civilians,Attack,2,7,37410,Political violence,723,-0.5508,28.7185
2016-10-29,Middle Africa,Democratic Republic of Congo,Nord-Kivu,Violence against civilians,Attack,2,8,102135,Political violence,723,-0.5508,28.7185
2016-11-05,Middle Africa,Democratic Republic of Congo,Nord-Kivu,Violence against civilians,Attack,1,7,61837,Political violence,723,-0.5508,28.7185
2016-11-12,Middle Africa,Democratic Republic of Congo,Nord-Kivu,Violence against civilians,Attack,2,6,73851,Political violence,723,-0.5508,28.7185
2016-11-26,Middle Africa,Democratic Republic of Congo,Nord-Kivu,Violence against civilians,Attack,1,34,14591,Political violence,723,-0.5508,28.7185
2016-12-10,Middle Africa,Democratic Republic of Congo,Nord-Kivu,Violence against civilians,Attack,1,1,6278,Political violence,723,-0.5508,28.7185
2016-12-17,Middle Africa,Democratic Republic of Congo,Nord-Kivu,Violence against civilians,Attack,2,23,7726,Political violence,723,-0.5508,28.7185
2016-12-24,Middle Africa,Democratic Republic of Congo,Nord-Kivu,Violence against civilians,Attack,4,44,251588,Political violence,723,-0.5508,28.7185
2017-01-07,Middle Africa,Democratic Republic of Congo,Nord-Kivu,Violence against civilians,Attack,1,1,47992,Political violence,723,-0.5508,28.7185
2017-01-28,Middle Africa,Democratic Republic of Congo,Nord-Kivu,Violence against civilians,Attack,1,7,10833,Political violence,723,-0.5508,28.7185
2017-02-04,Middle Africa,Democratic Republic of Congo,Nord-Kivu,Violence against civilians,Attack,2,11,564156,Political violence,723,-0.5508,28.7185
2017-02-11,Middle Africa,Democratic Republic of Congo,Nord-Kivu,Violence against civilians,Attack,1,25,5025,Political violence,723,-0.5508,28.7185
2017-02-25,Middle Africa,Democratic Republic of Congo,Nord-Kivu,Violence against civilians,Attack,1,3,14742,Political violence,723,-0.5508,28.7185
2017-03-18,Middle Africa,Democratic Republic of Congo,Nord-Kivu,Violence against civilians,Attack,1,5,10833,Political violence,723,-0.5508,28.7185
2017-04-01,Middle Africa,Democratic Republic of Congo,Nord-Kivu,Violence against civilians,Attack,4,9,53426,Political violence,723,-0.5508,28.7185
2017-04-08,Middle Africa,Democratic Republic of Congo,Nord-Kivu,Violence against civilians,Attack,2,1,227848,Political violence,723,-0.5508,28.7185
2017-04-29,Middle Africa,Democratic Republic of Congo,Nord-Kivu,Violence against civilians,Attack,1,2,27193,Political violence,723,-0.5508,28.7185
2017-05-20,Middle Africa,Democratic Republic of Congo,Nord-Kivu,Violence against civilians,Attack,1,3,53426,Political violence,723,-0.5508,28.7185
2017-05-27,Middle Africa,Democratic Republic of Congo,Nord-Kivu,Violence against civilians,Attack,1,1,34696,Political violence,723,-0.5508,28.7185
2017-06-10,Middle Africa,Democratic Republic of Congo,Nord-Kivu,Violence against civilians,Attack,1,1,200254,Political violence,723,-0.5508,28.7185
2017-06-17,Middle Africa,Democratic Republic of Congo,Nord-Kivu,Violence against civilians,Attack,3,8,608831,Political violence,723,-0.5508,28.7185
2017-07-01,Middle Africa,Democratic Republic of Congo,Nord-Kivu,Violence against civilians,Attack,1,1,6472,Political violence,723,-0.5508,28.7185
2017-07-22,Middle Africa,Democratic Republic of Congo,Nord-Kivu,Violence against civilians,Attack,1,1,554401,Political violence,723,-0.5508,28.7185
2017-08-05,Middle Africa,Democratic Republic of Congo,Nord-Kivu,Violence against civilians,Attack,1,1,554401,Political violence,723,-0.5508,28.7185
2017-08-12,Middle Africa,Democratic Republic of Congo,Nord-Kivu,Violence against civilians,Attack,1,2,11311,Political violence,723,-0.5508,28.7185
2017-09-02,Middle Africa,Democratic Republic of Congo,Nord-Kivu,Violence against civilians,Attack,1,3,200254,Political violence,723,-0.5508,28.7185
2017-09-09,Middle Africa,Democratic Republic of Congo,Nord-Kivu,Violence against civilians,Attack,3,4,15794,Political violence,723,-0.5508,28.7185
2017-09-30,Middle Africa,Democratic Republic of Congo,Nord-Kivu,Violence against civilians,Attack,1,2,47312,Political violence,723,-0.5508,28.7185
2017-10-07,Middle Africa,Democratic Republic of Congo,Nord-Kivu,Violence against civilians,Attack,2,34,84725,Political violence,723,-0.5508,28.7185
2017-11-18,Middle Africa,Democratic Republic of Congo,Nord-Kivu,Violence against civilians,Attack,2,6,126106,Political violence,723,-0.5508,28.7185
2017-12-02,Middle Africa,Democratic Republic of Congo,Nord-Kivu,Violence against civilians,Attack,3,5,282649,Political violence,723,-0.5508,28.7185
2017-12-23,Middle Africa,Democratic Republic of Congo,Nord-Kivu,Violence against civilians,Attack,7,14,374309,Political violence,723,-0.5508,28.7185
2017-12-30,Middle Africa,Democratic Republic of Congo,Nord-Kivu,Violence against civilians,Attack,6,7,603065,Political violence,723,-0.5508,28.7185
2018-01-06,Middle Africa,Democratic Republic of Congo,Nord-Kivu,Violence against civilians,Attack,4,9,102845,Political violence,723,-0.5508,28.7185
2018-01-13,Middle Africa,Democratic Republic of Congo,Nord-Kivu,Violence against civilians,Attack,1,3,28680,Political violence,723,-0.5508,28.7185
2018-01-20,Middle Africa,Democratic Republic of Congo,Nord-Kivu,Violence against civilians,Attack,2,4,25443,Political violence,723,-0.5508,28.7185
2018-01-27,Middle Africa,Democratic Republic of Congo,Nord-Kivu,Violence against civilians,Attack,1,3,239268,Political violence,723,-0.5508,28.7185
2018-02-03,Middle Africa,Democratic Republic of Congo,Nord-Kivu,Violence against civilians,Attack,1,5,18909,Political violence,723,-0.5508,28.7185
2018-02-10,Middle Africa,Democratic Republic of Congo,Nord-Kivu,Violence against civilians,Attack,2,3,152609,Political violence,723,-0.5508,28.7185
2018-02-17,Middle Africa,Democratic Republic of Congo,Nord-Kivu,Violence against civilians,Attack,4,16,156442,Political violence,723,-0.5508,28.7185
2018-02-24,Middle Africa,Democratic Republic of Congo,Nord-Kivu,Violence against civilians,Attack,1,1,117182,Political violence,723,-0.5508,28.7185
2018-03-03,Middle Africa,Democratic Republic of Congo,Nord-Kivu,Violence against civilians,Attack,11,43,423514,Political violence,723,-0.5508,28.7185
2018-03-10,Middle Africa,Democratic Republic of Congo,Nord-Kivu,Violence against civilians,Attack,7,12,308126,Political violence,723,-0.5508,28.7185
2018-03-17,Middle Africa,Democratic Republic of Congo,Nord-Kivu,Violence against civilians,Attack,3,2,94842,Political violence,723,-0.5508,28.7185
2018-03-24,Middle Africa,Democratic Republic of Congo,Nord-Kivu,Violence against civilians,Attack,3,2,437490,Political violence,723,-0.5508,28.7185
2018-03-31,Middle Africa,Democratic Republic of Congo,Nord-Kivu,Violence against civilians,Attack,3,5,203794,Political violence,723,-0.5508,28.7185
2018-04-07,Middle Africa,Democratic Republic of Congo,Nord-Kivu,Violence against civilians,Attack,4,4,251454,Political violence,723,-0.5508,28.7185
2018-04-14,Middle Africa,Democratic Republic of Congo,Nord-Kivu,Violence against civilians,Attack,9,18,309540,Political violence,723,-0.5508,28.7185
2018-04-21,Middle Africa,Democratic Republic of Congo,Nord-Kivu,Violence against civilians,Attack,3,2,91260,Political violence,723,-0.5508,28.7185
2018-04-28,Middle Africa,Democratic Republic of Congo,Nord-Kivu,Violence against civilians,Attack,6,18,741687,Political violence,723,-0.5508,28.7185
2018-05-05,Middle Africa,Democratic Republic of Congo,Nord-Kivu,Violence against civilians,Attack,11,8,556891,Political violence,723,-0.5508,28.7185
2018-05-12,Middle Africa,Democratic Republic of Congo,Nord-Kivu,Violence against civilians,Attack,4,4,221406,Political violence,723,-0.5508,28.7185
2018-05-19,Middle Africa,Democratic Republic of Congo,Nord-Kivu,Violence against civilians,Attack,5,15,766767,Political violence,723,-0.5508,28.7185
2018-05-26,Middle Africa,Democratic Republic of Congo,Nord-Kivu,Violence against civilians,Attack,9,13,741531,Political violence,723,-0.5508,28.7185
2018-06-02,Middle Africa,Democratic Republic of Congo,Nord-Kivu,Violence against civilians,Attack,5,10,224001,Political violence,723,-0.5508,28.7185
2018-06-09,Middle Africa,Democratic Republic of Congo,Nord-Kivu,Violence against civilians,Attack,6,6,862835,Political violence,723,-0.5508,28.7185
2018-06-16,Middle Africa,Democratic Republic of Congo,Nord-Kivu,Violence against civilians,Attack,12,14,877556,Political violence,723,-0.5508,28.7185
2018-06-23,Middle Africa,Democratic Republic of Congo,Nord-Kivu,Violence against civilians,Attack,8,9,759309,Political violence,723,-0.5508,28.7185
2018-06-30,Middle Africa,Democratic Republic of Congo,Nord-Kivu,Violence against civilians,Attack,3,1,150319,Political violence,723,-0.5508,28.7185
2018-07-07,Middle Africa,Democratic Republic of Congo,Nord-Kivu,Violence against civilians,Attack,8,24,289665,Political violence,723,-0.5508,28.7185
2018-07-14,Middle Africa,Democratic Republic of Congo,Nord-Kivu,Violence against civilians,Attack,3,7,176882,Political violence,723,-0.5508,28.7185
2018-07-21,Middle Africa,Democratic Republic of Congo,Nord-Kivu,Violence against civilians,Attack,11,15,345892,Political violence,723,-0.5508,28.7185
2018-07-28,Middle Africa,Democratic Republic of Congo,Nord-Kivu,Violence against civilians,Attack,4,18,273254,Political violence,723,-0.5508,28.7185
2018-08-04,Middle Africa,Democratic Republic of Congo,Nord-Kivu,Violence against civilians,Attack,7,25,333147,Political violence,723,-0.5508,28.7185
2018-08-11,Middle Africa,Democratic Republic of Congo,Nord-Kivu,Violence against civilians,Attack,8,12,235898,Political violence,723,-0.5508,28.7185
2018-08-18,Middle Africa,Democratic Republic of Congo,Nord-Kivu,Violence against civilians,Attack,11,10,310022,Political violence,723,-0.5508,28.7185
2018-08-25,Middle Africa,Democratic Republic of Congo,Nord-Kivu,Violence against civilians,Attack,10,9,203028,Political violence,723,-0.5508,28.7185
2018-09-01,Middle Africa,Democratic Republic of Congo,Nord-Kivu,Violence against civilians,Attack,1,1,55648,Political violence,723,-0.5508,28.7185
2018-09-08,Middle Africa,Democratic Republic of Congo,Nord-Kivu,Violence against civilians,Attack,6,8,327895,Political violence,723,-0.5508,28.7185
2018-09-15,Middle Africa,Democratic Republic of Congo,Nord-Kivu,Violence against civilians,Attack,9,9,749539,Political violence,723,-0.5508,28.7185
2018-09-22,Middle Africa,Democratic Republic of Congo,Nord-Kivu,Violence against civilians,Attack,4,4,166382,Political violence,723,-0.5508,28.7185
2018-09-29,Middle Africa,Democratic Republic of Congo,Nord-Kivu,Violence against civilians,Attack,7,5,346170,Political violence,723,-0.5508,28.7185
2018-10-06,Middle Africa,Democratic Republic of Congo,Nord-Kivu,Violence against civilians,Attack,4,22,105195,Political violence,723,-0.5508,28.7185
2018-10-13,Middle Africa,Democratic Republic of Congo,Nord-Kivu,Violence against civilians,Attack,7,5,256112,Political violence,723,-0.5508,28.7185
2018-10-20,Middle Africa,Democratic Republic of Congo,Nord-Kivu,Violence against civilians,Attack,8,19,731581,Political violence,723,-0.5508,28.7185
2018-10-27,Middle Africa,Democratic Republic of Congo,Nord-Kivu,Violence against civilians,Attack,6,14,310778,Political violence,723,-0.5508,28.7185
2018-11-03,Middle Africa,Democratic Republic of Congo,Nord-Kivu,Violence against civilians,Attack,9,21,302689,Political violence,723,-0.5508,28.7185
2018-11-10,Middle Africa,Democratic Republic of Congo,Nord-Kivu,Violence against civilians,Attack,11,30,375484,Political violence,723,-0.5508,28.7185
2018-11-17,Middle Africa,Democratic Republic of Congo,Nord-Kivu,Violence against civilians,Attack,5,3,33110,Political violence,723,-0.5508,28.7185
2018-11-24,Middle Africa,Democratic Republic of Congo,Nord-Kivu,Violence against civilians,Attack,3,4,232530,Political violence,723,-0.5508,28.7185
2018-12-01,Middle Africa,Democratic Republic of Congo,Nord-Kivu,Violence against civilians,Attack,9,50,186693,Political violence,723,-0.5508,28.7185
2018-12-08,Middle Africa,Democratic Republic of Congo,Nord-Kivu,Violence against civilians,Attack,9,17,634753,Political violence,723,-0.5508,28.7185
2018-12-15,Middle Africa,Democratic Republic of Congo,Nord-Kivu,Violence against civilians,Attack,10,15,289743,Political violence,723,-0.5508,28.7185
2018-12-22,Middle Africa,Democratic Republic of Congo,Nord-Kivu,Violence against civilians,Attack,5,2,13421,Political violence,723,-0.5508,28.7185
2019-01-05,Middle Africa,Democratic Republic of Congo,Nord-Kivu,Violence against civilians,Attack,5,24,100856,Political violence,723,-0.5508,28.7185
2019-01-12,Middle Africa,Democratic Republic of Congo,Nord-Kivu,Violence against civilians,Attack,2,1,30197,Political violence,723,-0.5508,28.7185
2019-01-19,Middle Africa,Democratic Republic of Congo,Nord-Kivu,Violence against civilians,Attack,7,10,268655,Political violence,723,-0.5508,28.7185
2019-01-26,Middle Africa,Democratic Republic of Congo,Nord-Kivu,Violence against civilians,Attack,3,3,44416,Political violence,723,-0.5508,28.7185
2019-02-02,Middle Africa,Democratic Republic of Congo,Nord-Kivu,Violence against civilians,Attack,8,8,58646,Political violence,723,-0.5508,28.7185
2019-02-09,Middle Africa,Democratic Republic of Congo,Nord-Kivu,Violence against civilians,Attack,5,9,48030,Political violence,723,-0.5508,28.7185
2019-02-16,Middle Africa,Democratic Republic of Congo,Nord-Kivu,Violence against civilians,Attack,8,20,646583,Political violence,723,-0.5508,28.7185
2019-02-23,Middle Africa,Democratic Republic of Congo,Nord-Kivu,Violence against civilians,Attack,5,9,312661,Political violence,723,-0.5508,28.7185
2019-03-02,Middle Africa,Democratic Republic of Congo,Nord-Kivu,Violence against civilians,Attack,8,23,800604,Political violence,723,-0.5508,28.7185
2019-03-09,Middle Africa,Democratic Republic of Congo,Nord-Kivu,Violence against civilians,Attack,1,1,5400,Political violence,723,-0.5508,28.7185
2019-03-16,Middle Africa,Democratic Republic of Congo,Nord-Kivu,Violence against civilians,Attack,5,5,759528,Political violence,723,-0.5508,28.7185
2019-03-23,Middle Africa,Democratic Republic of Congo,Nord-Kivu,Violence against civilians,Attack,9,8,271426,Political violence,723,-0.5508,28.7185
2019-03-30,Middle Africa,Democratic Republic of Congo,Nord-Kivu,Violence against civilians,Attack,4,6,20957,Political violence,723,-0.5508,28.7185
2019-04-06,Middle Africa,Democratic Republic of Congo,Nord-Kivu,Violence against civilians,Attack,5,8,99906,Political violence,723,-0.5508,28.7185
2019-04-13,Middle Africa,Democratic Republic of Congo,Nord-Kivu,Violence against civilians,Attack,2,3,321190,Political violence,723,-0.5508,28.7185
2019-04-20,Middle Africa,Democratic Republic of Congo,Nord-Kivu,Violence against civilians,Attack,2,1,4801,Political violence,723,-0.5508,28.7185
2019-04-27,Middle Africa,Democratic Republic of Congo,Nord-Kivu,Violence against civilians,Attack,3,15,225597,Political violence,723,-0.5508,28.7185
2019-05-04,Middle Africa,Democratic Republic of Congo,Nord-Kivu,Violence against civilians,Attack,3,2,125346,Political violence,723,-0.5508,28.7185
2019-05-11,Middle Africa,Democratic Republic of Congo,Nord-Kivu,Violence against civilians,Attack,6,6,508327,Political violence,723,-0.5508,28.7185
2019-05-18,Middle Africa,Democratic Republic of Congo,Nord-Kivu,Violence against civilians,Attack,4,1,596549,Political violence,723,-0.5508,28.7185
2019-05-25,Middle Africa,Democratic Republic of Congo,Nord-Kivu,Violence against civilians,Attack,6,18,156791,Political violence,723,-0.5508,28.7185
2019-06-01,Middle Africa,Democratic Republic of Congo,Nord-Kivu,Violence against civilians,Attack,3,1,222411,Political violence,723,-0.5508,28.7185
2019-06-08,Middle Africa,Democratic Republic of Congo,Nord-Kivu,Violence against civilians,Attack,1,1,172246,Political violence,723,-0.5508,28.7185
2019-06-15,Middle Africa,Democratic Republic of Congo,Nord-Kivu,Violence against civilians,Attack,3,22,70840,Political violence,723,-0.5508,28.7185
2019-06-22,Middle Africa,Democratic Republic of Congo,Nord-Kivu,Violence against civilians,Attack,4,4,208858,Political violence,723,-0.5508,28.7185
2019-06-29,Middle Africa,Democratic Republic of Congo,Nord-Kivu,Violence against civilians,Attack,6,6,324611,Political violence,723,-0.5508,28.7185
2019-07-06,Middle Africa,Democratic Republic of Congo,Nord-Kivu,Violence against civilians,Attack,6,4,167332,Political violence,723,-0.5508,28.7185
2019-07-13,Middle Africa,Democratic Republic of Congo,Nord-Kivu,Violence against civilians,Attack,13,23,1023114,Political violence,723,-0.5508,28.7185
2019-07-20,Middle Africa,Democratic Republic of Congo,Nord-Kivu,Violence against civilians,Attack,11,42,779223,Political violence,723,-0.5508,28.7185
2019-07-27,Middle Africa,Democratic Republic of Congo,Nord-Kivu,Violence against civilians,Attack,13,31,692344,Political violence,723,-0.5508,28.7185
2019-08-03,Middle Africa,Democratic Republic of Congo,Nord-Kivu,Violence against civilians,Attack,15,27,635460,Political violence,723,-0.5508,28.7185
2019-08-10,Middle Africa,Democratic Republic of Congo,Nord-Kivu,Violence against civilians,Attack,4,6,245197,Political violence,723,-0.5508,28.7185
2019-08-17,Middle Africa,Democratic Republic of Congo,Nord-Kivu,Violence against civilians,Attack,5,4,562834,Political violence,723,-0.5508,28.7185
2019-08-24,Middle Africa,Democratic Republic of Congo,Nord-Kivu,Violence against civilians,Attack,8,9,162055,Political violence,723,-0.5508,28.7185
2019-08-31,Middle Africa,Democratic Republic of Congo,Nord-Kivu,Violence against civilians,Attack,2,2,219600,Political violence,723,-0.5508,28.7185
2019-09-07,Middle Africa,Democratic Republic of Congo,Nord-Kivu,Violence against civilians,Attack,2,3,132502,Political violence,723,-0.5508,28.7185
2019-09-14,Middle Africa,Democratic Republic of Congo,Nord-Kivu,Violence against civilians,Attack,4,4,60691,Political violence,723,-0.5508,28.7185
2019-09-21,Middle Africa,Democratic Republic of Congo,Nord-Kivu,Violence against civilians,Attack,5,14,286718,Political violence,723,-0.5508,28.7185
2019-09-28,Middle Africa,Democratic Republic of Congo,Nord-Kivu,Violence against civilians,Attack,10,15,469196,Political violence,723,-0.5508,28.7185
2019-10-05,Middle Africa,Democratic Republic of Congo,Nord-Kivu,Violence against civilians,Attack,2,2,25387,Political violence,723,-0.5508,28.7185
2019-10-12,Middle Africa,Democratic Republic of Congo,Nord-Kivu,Violence against civilians,Attack,11,21,446745,Political violence,723,-0.5508,28.7185
2019-10-26,Middle Africa,Democratic Republic of Congo,Nord-Kivu,Violence against civilians,Attack,10,22,347137,Political violence,723,-0.5508,28.7185
2019-11-02,Middle Africa,Democratic Republic of Congo,Nord-Kivu,Violence against civilians,Attack,5,25,45888,Political violence,723,-0.5508,28.7185
2019-11-09,Middle Africa,Democratic Republic of Congo,Nord-Kivu,Violence against civilians,Attack,13,47,359742,Political violence,723,-0.5508,28.7185
2019-11-16,Middle Africa,Democratic Republic of Congo,Nord-Kivu,Violence against civilians,Attack,10,68,353886,Political violence,723,-0.5508,28.7185
2019-11-23,Middle Africa,Democratic Republic of Congo,Nord-Kivu,Violence against civilians,Attack,13,71,286639,Political violence,723,-0.5508,28.7185
2019-11-30,Middle Africa,Democratic Republic of Congo,Nord-Kivu,Violence against civilians,Attack,8,59,338691,Political violence,723,-0.5508,28.7185
2019-12-07,Middle Africa,Democratic Republic of Congo,Nord-Kivu,Violence against civilians,Attack,4,16,345535,Political violence,723,-0.5508,28.7185
2019-12-14,Middle Africa,Democratic Republic of Congo,Nord-Kivu,Violence against civilians,Attack,9,58,639718,Political violence,723,-0.5508,28.7185
2019-12-21,Middle Africa,Democratic Republic of Congo,Nord-Kivu,Violence against civilians,Attack,10,14,370399,Political violence,723,-0.5508,28.7185
2019-12-28,Middle Africa,Democratic Republic of Congo,Nord-Kivu,Violence against civilians,Attack,5,38,414061,Political violence,723,-0.5508,28.7185
2020-01-04,Middle Africa,Democratic Republic of Congo,Nord-Kivu,Violence against civilians,Attack,9,6,441577,Political violence,723,-0.5508,28.7185
2020-01-11,Middle Africa,Democratic Republic of Congo,Nord-Kivu,Violence against civilians,Attack,9,15,213174,Political violence,723,-0.5508,28.7185
2020-01-18,Middle Africa,Democratic Republic of Congo,Nord-Kivu,Violence against civilians,Attack,14,32,903175,Political violence,723,-0.5508,28.7185
2020-01-25,Middle Africa,Democratic Republic of Congo,Nord-Kivu,Violence against civilians,Attack,16,89,372124,Political violence,723,-0.5508,28.7185
2020-02-01,Middle Africa,Democratic Republic of Congo,Nord-Kivu,Violence against civilians,Attack,17,98,446863,Political violence,723,-0.5508,28.7185
2020-02-08,Middle Africa,Democratic Republic of Congo,Nord-Kivu,Violence against civilians,Attack,10,35,331962,Political violence,723,-0.5508,28.7185
2020-02-15,Middle Africa,Democratic Republic of Congo,Nord-Kivu,Violence against civilians,Attack,10,26,235051,Political violence,723,-0.5508,28.7185
2020-02-22,Middle Africa,Democratic Republic of Congo,Nord-Kivu,Violence against civilians,Attack,4,11,367898,Political violence,723,-0.5508,28.7185
2020-02-29,Middle Africa,Democratic Republic of Congo,Nord-Kivu,Violence against civilians,Attack,3,7,42146,Political violence,723,-0.5508,28.7185
2020-03-07,Middle Africa,Democratic Republic of Congo,Nord-Kivu,Violence against civilians,Attack,6,5,170761,Political violence,723,-0.5508,28.7185
2020-03-14,Middle Africa,Democratic Republic of Congo,Nord-Kivu,Violence against civilians,Attack,5,6,497748,Political violence,723,-0.5508,28.7185
2020-03-21,Middle Africa,Democratic Republic of Congo,Nord-Kivu,Violence against civilians,Attack,4,4,59624,Political violence,723,-0.5508,28.7185
2020-03-28,Middle Africa,Democratic Republic of Congo,Nord-Kivu,Violence against civilians,Attack,6,6,524125,Political violence,723,-0.5508,28.7185
2020-04-04,Middle Africa,Democratic Republic of Congo,Nord-Kivu,Violence against civilians,Attack,12,22,120667,Political violence,723,-0.5508,28.7185
2020-04-11,Middle Africa,Democratic Republic of Congo,Nord-Kivu,Violence against civilians,Attack,11,18,319867,Political violence,723,-0.5508,28.7185
2020-04-18,Middle Africa,Democratic Republic of Congo,Nord-Kivu,Violence against civilians,Attack,7,9,83175,Political violence,723,-0.5508,28.7185
2020-04-25,Middle Africa,Democratic Republic of Congo,Nord-Kivu,Violence against civilians,Attack,14,28,389273,Political violence,723,-0.5508,28.7185
2020-05-02,Middle Africa,Democratic Republic of Congo,Nord-Kivu,Violence against civilians,Attack,16,18,466400,Political violence,723,-0.5508,28.7185
2020-05-09,Middle Africa,Democratic Republic of Congo,Nord-Kivu,Violence against civilians,Attack,6,26,334023,Political violence,723,-0.5508,28.7185
2020-05-16,Middle Africa,Democratic Republic of Congo,Nord-Kivu,Violence against civilians,Attack,13,43,278676,Political violence,723,-0.5508,28.7185
2020-05-23,Middle Africa,Democratic Republic of Congo,Nord-Kivu,Violence against civilians,Attack,8,29,450328,Political violence,723,-0.5508,28.7185
2020-05-30,Middle Africa,Democratic Republic of Congo,Nord-Kivu,Violence against civilians,Attack,12,42,112889,Political violence,723,-0.5508,28.7185
2020-06-06,Middle Africa,Democratic Republic of Congo,Nord-Kivu,Violence against civilians,Attack,10,16,119590,Political violence,723,-0.5508,28.7185
2020-06-13,Middle Africa,Democratic Republic of Congo,Nord-Kivu,Violence against civilians,Attack,8,38,246840,Political violence,723,-0.5508,28.7185
2020-06-20,Middle Africa,Democratic Republic of Congo,Nord-Kivu,Violence against civilians,Attack,5,8,289558,Political violence,723,-0.5508,28.7185
2020-06-27,Middle Africa,Democratic Republic of Congo,Nord-Kivu,Violence against civilians,Attack,6,8,268010,Political violence,723,-0.5508,28.7185
2020-07-04,Middle Africa,Democratic Republic of Congo,Nord-Kivu,Violence against civilians,Attack,9,31,42739,Political violence,723,-0.5508,28.7185
2020-07-11,Middle Africa,Democratic Republic of Congo,Nord-Kivu,Violence against civilians,Attack,4,5,44611,Political violence,723,-0.5508,28.7185
2020-07-18,Middle Africa,Democratic Republic of Congo,Nord-Kivu,Violence against civilians,Attack,5,14,230094,Political violence,723,-0.5508,28.7185
2020-07-25,Middle Africa,Democratic Republic of Congo,Nord-Kivu,Violence against civilians,Attack,4,12,5064,Political violence,723,-0.5508,28.7185
2020-08-01,Middle Africa,Democratic Republic of Congo,Nord-Kivu,Violence against civilians,Attack,4,5,10931,Political violence,723,-0.5508,28.7185
2020-08-08,Middle Africa,Democratic Republic of Congo,Nord-Kivu,Violence against civilians,Attack,9,13,150021,Political violence,723,-0.5508,28.7185
2020-08-15,Middle Africa,Democratic Republic of Congo,Nord-Kivu,Violence against civilians,Attack,5,30,269852,Political violence,723,-0.5508,28.7185
2020-08-22,Middle Africa,Democratic Republic of Congo,Nord-Kivu,Violence against civilians,Attack,6,43,147391,Political violence,723,-0.5508,28.7185
2020-08-29,Middle Africa,Democratic Republic of Congo,Nord-Kivu,Violence against civilians,Attack,14,13,178112,Political violence,723,-0.5508,28.7185
2020-09-05,Middle Africa,Democratic Republic of Congo,Nord-Kivu,Violence against civilians,Attack,8,24,324208,Political violence,723,-0.5508,28.7185
2020-09-12,Middle Africa,Democratic Republic of Congo,Nord-Kivu,Violence against civilians,Attack,15,29,447795,Political violence,723,-0.5508,28.7185
2020-09-19,Middle Africa,Democratic Republic of Congo,Nord-Kivu,Violence against civilians,Attack,8,33,318315,Political violence,723,-0.5508,28.7185
2020-09-26,Middle Africa,Democratic Republic of Congo,Nord-Kivu,Violence against civilians,Attack,9,19,278552,Political violence,723,-0.5508,28.7185
2020-10-03,Middle Africa,Democratic Republic of Congo,Nord-Kivu,Violence against civilians,Attack,6,18,149808,Political violence,723,-0.5508,28.7185
2020-10-10,Middle Africa,Democratic Republic of Congo,Nord-Kivu,Violence against civilians,Attack,8,11,194304,Political violence,723,-0.5508,28.7185
2020-10-17,Middle Africa,Democratic Republic of Congo,Nord-Kivu,Violence against civilians,Attack,8,48,726172,Political violence,723,-0.5508,28.7185
2020-10-24,Middle Africa,Democratic Republic of Congo,Nord-Kivu,Violence against civilians,Attack,11,161,354344,Political violence,723,-0.5508,28.7185
2020-10-31,Middle Africa,Democratic Republic of Congo,Nord-Kivu,Violence against civilians,Attack,15,32,915042,Political violence,723,-0.5508,28.7185
2020-11-07,Middle Africa,Democratic Republic of Congo,Nord-Kivu,Violence against civilians,Attack,8,23,29236,Political violence,723,-0.5508,28.7185
2020-11-14,Middle Africa,Democratic Republic of Congo,Nord-Kivu,Violence against civilians,Attack,13,78,352141,Political violence,723,-0.5508,28.7185
2020-11-21,Middle Africa,Democratic Republic of Congo,Nord-Kivu,Violence against civilians,Attack,11,12,129794,Political violence,723,-0.5508,28.7185
2020-11-28,Middle Africa,Democratic Republic of Congo,Nord-Kivu,Violence against civilians,Attack,8,12,481303,Political violence,723,-0.5508,28.7185
2020-12-05,Middle Africa,Democratic Republic of Congo,Nord-Kivu,Violence against civilians,Attack,8,11,212350,Political violence,723,-0.5508,28.7185
2020-12-12,Middle Africa,Democratic Republic of Congo,Nord-Kivu,Violence against civilians,Attack,7,25,56240,Political violence,723,-0.5508,28.7185
2020-12-19,Middle Africa,Democratic Republic of Congo,Nord-Kivu,Violence against civilians,Attack,8,8,98948,Political violence,723,-0.5508,28.7185
2020-12-26,Middle Africa,Democratic Republic of Congo,Nord-Kivu,Violence against civilians,Attack,8,38,106534,Political violence,723,-0.5508,28.7185
2021-01-02,Middle Africa,Democratic Republic of Congo,Nord-Kivu,Violence against civilians,Attack,10,66,342178,Political violence,723,-0.5508,28.7185
2021-01-09,Middle Africa,Democratic Republic of Congo,Nord-Kivu,Violence against civilians,Attack,10,13,460259,Political violence,723,-0.5508,28.7185
2021-01-16,Middle Africa,Democratic Republic of Congo,Nord-Kivu,Violence against civilians,Attack,10,12,200415,Political violence,723,-0.5508,28.7185
2021-01-23,Middle Africa,Democratic Republic of Congo,Nord-Kivu,Violence against civilians,Attack,6,5,308575,Political violence,723,-0.5508,28.7185
2021-01-30,Middle Africa,Democratic Republic of Congo,Nord-Kivu,Violence against civilians,Attack,9,19,144066,Political violence,723,-0.5508,28.7185
2021-02-06,Middle Africa,Democratic Republic of Congo,Nord-Kivu,Violence against civilians,Attack,9,27,141962,Political violence,723,-0.5508,28.7185
2021-02-13,Middle Africa,Democratic Republic of Congo,Nord-Kivu,Violence against civilians,Attack,13,25,112665,Political violence,723,-0.5508,28.7185
2021-02-20,Middle Africa,Democratic Republic of Congo,Nord-Kivu,Violence against civilians,Attack,11,30,53899,Political violence,723,-0.5508,28.7185
2021-02-27,Middle Africa,Democratic Republic of Congo,Nord-Kivu,Violence against civilians,Attack,2,2,334692,Political violence,723,-0.5508,28.7185
2021-03-06,Middle Africa,Democratic Republic of Congo,Nord-Kivu,Violence against civilians,Attack,6,18,208920,Political violence,723,-0.5508,28.7185
2021-03-13,Middle Africa,Democratic Republic of Congo,Nord-Kivu,Violence against civilians,Attack,16,79,285990,Political violence,723,-0.5508,28.7185
2021-03-20,Middle Africa,Democratic Republic of Congo,Nord-Kivu,Violence against civilians,Attack,16,29,255234,Political violence,723,-0.5508,28.7185
2021-03-27,Middle Africa,Democratic Republic of Congo,Nord-Kivu,Violence against civilians,Attack,6,53,25584,Political violence,723,-0.5508,28.7185
2021-04-03,Middle Africa,Democratic Republic of Congo,Nord-Kivu,Violence against civilians,Attack,17,49,28582,Political violence,723,-0.5508,28.7185
2021-04-10,Middle Africa,Democratic Republic of Congo,Nord-Kivu,Violence against civilians,Attack,10,14,207204,Political violence,723,-0.5508,28.7185
2021-04-17,Middle Africa,Democratic Republic of Congo,Nord-Kivu,Violence against civilians,Attack,11,28,182083,Political violence,723,-0.5508,28.7185
2021-04-24,Middle Africa,Democratic Republic of Congo,Nord-Kivu,Violence against civilians,Attack,13,39,51039,Political violence,723,-0.5508,28.7185
2021-05-01,Middle Africa,Democratic Republic of Congo,Nord-Kivu,Violence against civilians,Attack,16,38,339880,Political violence,723,-0.5508,28.7185
2021-05-08,Middle Africa,Democratic Republic of Congo,Nord-Kivu,Violence against civilians,Attack,9,13,108596,Political violence,723,-0.5508,28.7185
2021-05-15,Middle Africa,Democratic Republic of Congo,Nord-Kivu,Violence against civilians,Attack,6,5,151505,Political violence,723,-0.5508,28.7185
2021-05-22,Middle Africa,Democratic Republic of Congo,Nord-Kivu,Violence against civilians,Attack,18,57,72520,Political violence,723,-0.5508,28.7185
2021-05-29,Middle Africa,Democratic Republic of Congo,Nord-Kivu,Violence against civilians,Attack,14,43,50828,Political violence,723,-0.5508,28.7185
2021-06-05,Middle Africa,Democratic Republic of Congo,Nord-Kivu,Violence against civilians,Attack,12,25,219435,Political violence,723,-0.5508,28.7185
2021-06-12,Middle Africa,Democratic Republic of Congo,Nord-Kivu,Violence against civilians,Attack,11,11,351574,Political violence,723,-0.5508,28.7185
2021-06-19,Middle Africa,Democratic Republic of Congo,Nord-Kivu,Violence against civilians,Attack,4,3,21822,Political violence,723,-0.5508,28.7185
2021-06-26,Middle Africa,Democratic Republic of Congo,Nord-Kivu,Violence against civilians,Attack,6,7,30341,Political violence,723,-0.5508,28.7185
2021-07-03,Middle Africa,Democratic Republic of Congo,Nord-Kivu,Violence against civilians,Attack,11,13,120005,Political violence,723,-0.5508,28.7185
2021-07-10,Middle Africa,Democratic Republic of Congo,Nord-Kivu,Violence against civilians,Attack,13,21,156862,Political violence,723,-0.5508,28.7185
2021-07-17,Middle Africa,Democratic Republic of Congo,Nord-Kivu,Violence against civilians,Attack,6,6,151988,Political violence,723,-0.5508,28.7185
2021-07-24,Middle Africa,Democratic Republic of Congo,Nord-Kivu,Violence against civilians,Attack,12,41,227043,Political violence,723,-0.5508,28.7185
2021-07-31,Middle Africa,Democratic Republic of Congo,Nord-Kivu,Violence against civilians,Attack,7,37,322120,Political violence,723,-0.5508,28.7185
2021-08-07,Middle Africa,Democratic Republic of Congo,Nord-Kivu,Violence against civilians,Attack,6,7,328221,Political violence,723,-0.5508,28.7185
2021-08-14,Middle Africa,Democratic Republic of Congo,Nord-Kivu,Violence against civilians,Attack,13,21,95149,Political violence,723,-0.5508,28.7185
2021-08-21,Middle Africa,Democratic Republic of Congo,Nord-Kivu,Violence against civilians,Attack,5,25,70190,Political violence,723,-0.5508,28.7185
2021-08-28,Middle Africa,Democratic Republic of Congo,Nord-Kivu,Violence against civilians,Attack,20,26,519338,Political violence,723,-0.5508,28.7185
2021-09-04,Middle Africa,Democratic Republic of Congo,Nord-Kivu,Violence against civilians,Attack,10,27,166581,Political violence,723,-0.5508,28.7185
2021-09-11,Middle Africa,Democratic Republic of Congo,Nord-Kivu,Violence against civilians,Attack,20,34,516248,Political violence,723,-0.5508,28.7185
2021-09-18,Middle Africa,Democratic Republic of Congo,Nord-Kivu,Violence against civilians,Attack,13,20,239388,Political violence,723,-0.5508,28.7185
2021-09-25,Middle Africa,Democratic Republic of Congo,Nord-Kivu,Violence against civilians,Attack,8,9,163569,Political violence,723,-0.5508,28.7185
2021-10-02,Middle Africa,Democratic Republic of Congo,Nord-Kivu,Violence against civilians,Attack,4,2,57062,Political violence,723,-0.5508,28.7185
2021-10-09,Middle Africa,Democratic Republic of Congo,Nord-Kivu,Violence against civilians,Attack,15,39,274258,Political violence,723,-0.5508,28.7185
2021-10-16,Middle Africa,Democratic Republic of Congo,Nord-Kivu,Violence against civilians,Attack,16,39,149085,Political violence,723,-0.5508,28.7185
2021-10-23,Middle Africa,Democratic Republic of Congo,Nord-Kivu,Violence against civilians,Attack,14,70,219476,Political violence,723,-0.5508,28.7185
2021-10-30,Middle Africa,Democratic Republic of Congo,Nord-Kivu,Violence against civilians,Attack,14,27,580282,Political violence,723,-0.5508,28.7185
2021-11-06,Middle Africa,Democratic Republic of Congo,Nord-Kivu,Violence against civilians,Attack,13,34,565045,Political violence,723,-0.5508,28.7185
2021-11-13,Middle Africa,Democratic Republic of Congo,Nord-Kivu,Violence against civilians,Attack,14,42,226366,Political violence,723,-0.5508,28.7185
2021-11-20,Middle Africa,Democratic Republic of Congo,Nord-Kivu,Violence against civilians,Attack,15,29,297649,Political violence,723,-0.5508,28.7185
2021-11-27,Middle Africa,Democratic Republic of Congo,Nord-Kivu,Violence against civilians,Attack,6,9,104390,Political violence,723,-0.5508,28.7185
2021-12-04,Middle Africa,Democratic Republic of Congo,Nord-Kivu,Violence against civilians,Attack,15,28,187706,Political violence,723,-0.5508,28.7185
2021-12-11,Middle Africa,Democratic Republic of Congo,Nord-Kivu,Violence against civilians,Attack,15,19,722524,Political violence,723,-0.5508,28.7185
2021-12-18,Middle Africa,Democratic Republic of Congo,Nord-Kivu,Violence against civilians,Attack,7,6,139075,Political violence,723,-0.5508,28.7185
2021-12-25,Middle Africa,Democratic Republic of Congo,Nord-Kivu,Violence against civilians,Attack,11,20,52222,Political violence,723,-0.5508,28.7185
2022-01-01,Middle Africa,Democratic Republic of Congo,Nord-Kivu,Violence against civilians,Attack,16,39,153948,Political violence,723,-0.5508,28.7185
2022-01-08,Middle Africa,Democratic Republic of Congo,Nord-Kivu,Violence against civilians,Attack,16,25,288965,Political violence,723,-0.5508,28.7185
2022-01-15,Middle Africa,Democratic Republic of Congo,Nord-Kivu,Violence against civilians,Attack,12,12,569001,Political violence,723,-0.5508,28.7185
2022-01-22,Middle Africa,Democratic Republic of Congo,Nord-Kivu,Violence against civilians,Attack,18,24,422430,Political violence,723,-0.5508,28.7185
2022-01-29,Middle Africa,Democratic Republic of Congo,Nord-Kivu,Violence against civilians,Attack,16,20,324433,Political violence,723,-0.5508,28.7185
2022-02-05,Middle Africa,Democratic Republic of Congo,Nord-Kivu,Violence against civilians,Attack,29,54,511524,Political violence,723,-0.5508,28.7185
2022-02-12,Middle Africa,Democratic Republic of Congo,Nord-Kivu,Violence against civilians,Attack,22,40,613501,Political violence,723,-0.5508,28.7185
2022-02-19,Middle Africa,Democratic Republic of Congo,Nord-Kivu,Violence against civilians,Attack,7,9,103000,Political violence,723,-0.5508,28.7185
2022-02-26,Middle Africa,Democratic Republic of Congo,Nord-Kivu,Violence against civilians,Attack,23,66,170018,Political violence,723,-0.5508,28.7185
2022-03-05,Middle Africa,Democratic Republic of Congo,Nord-Kivu,Violence against civilians,Attack,15,57,189170,Political violence,723,-0.5508,28.7185
2022-03-12,Middle Africa,Democratic Republic of Congo,Nord-Kivu,Violence against civilians,Attack,15,25,206760,Political violence,723,-0.5508,28.7185
2022-03-19,Middle Africa,Democratic Republic of Congo,Nord-Kivu,Violence against civilians,Attack,18,54,403387,Political violence,723,-0.5508,28.7185
2022-03-26,Middle Africa,Democratic Republic of Congo,Nord-Kivu,Violence against civilians,Attack,9,12,33503,Political violence,723,-0.5508,28.7185
2022-04-02,Middle Africa,Democratic Republic of Congo,Nord-Kivu,Violence against civilians,Attack,18,27,428887,Political violence,723,-0.5508,28.7185
2022-04-09,Middle Africa,Democratic Republic of Congo,Nord-Kivu,Violence against civilians,Attack,16,45,99656,Political violence,723,-0.5508,28.7185
2022-04-16,Middle Africa,Democratic Republic of Congo,Nord-Kivu,Violence against civilians,Attack,11,20,45945,Political violence,723,-0.5508,28.7185
2022-04-23,Middle Africa,Democratic Republic of Congo,Nord-Kivu,Violence against civilians,Attack,9,18,75882,Political violence,723,-0.5508,28.7185
2022-04-30,Middle Africa,Democratic Republic of Congo,Nord-Kivu,Violence against civilians,Attack,13,12,33638,Political violence,723,-0.5508,28.7185
2022-05-07,Middle Africa,Democratic Republic of Congo,Nord-Kivu,Violence against civilians,Attack,13,10,149231,Political violence,723,-0.5508,28.7185
2022-05-14,Middle Africa,Democratic Republic of Congo,Nord-Kivu,Violence against civilians,Attack,13,16,183085,Political violence,723,-0.5508,28.7185
2022-05-21,Middle Africa,Democratic Republic of Congo,Nord-Kivu,Violence against civilians,Attack,7,42,24333,Political violence,723,-0.5508,28.7185
2022-05-28,Middle Africa,Democratic Republic of Congo,Nord-Kivu,Violence against civilians,Attack,9,15,68335,Political violence,723,-0.5508,28.7185
2022-06-04,Middle Africa,Democratic Republic of Congo,Nord-Kivu,Violence against civilians,Attack,18,33,137619,Political violence,723,-0.5508,28.7185
2022-06-11,Middle Africa,Democratic Republic of Congo,Nord-Kivu,Violence against civilians,Attack,21,62,107454,Political violence,723,-0.5508,28.7185
2022-06-18,Middle Africa,Democratic Republic of Congo,Nord-Kivu,Violence against civilians,Attack,17,31,202678,Political violence,723,-0.5508,28.7185
2022-06-25,Middle Africa,Democratic Republic of Congo,Nord-Kivu,Violence against civilians,Attack,22,98,76794,Political violence,723,-0.5508,28.7185
2022-07-02,Middle Africa,Democratic Republic of Congo,Nord-Kivu,Violence against civilians,Attack,17,35,530108,Political violence,723,-0.5508,28.7185
2022-07-09,Middle Africa,Democratic Republic of Congo,Nord-Kivu,Violence against civilians,Attack,9,25,208594,Political violence,723,-0.5508,28.7185
2022-07-16,Middle Africa,Democratic Republic of Congo,Nord-Kivu,Violence against civilians,Attack,4,5,91713,Political violence,723,-0.5508,28.7185
2022-07-23,Middle Africa,Democratic Republic of Congo,Nord-Kivu,Violence against civilians,Attack,6,28,173435,Political violence,723,-0.5508,28.7185
2022-07-30,Middle Africa,Democratic Republic of Congo,Nord-Kivu,Violence against civilians,Attack,3,11,48714,Political violence,723,-0.5508,28.7185
2022-08-06,Middle Africa,Democratic Republic of Congo,Nord-Kivu,Violence against civilians,Attack,12,28,160350,Political violence,723,-0.5508,28.7185
2022-08-13,Middle Africa,Democratic Republic of Congo,Nord-Kivu,Violence against civilians,Attack,2,1,46320,Political violence,723,-0.5508,28.7185
2022-08-20,Middle Africa,Democratic Republic of Congo,Nord-Kivu,Violence against civilians,Attack,4,8,27016,Political violence,723,-0.5508,28.7185
2022-08-27,Middle Africa,Democratic Republic of Congo,Nord-Kivu,Violence against civilians,Attack,4,9,192300,Political violence,723,-0.5508,28.7185
2022-09-03,Middle Africa,Democratic Republic of Congo,Nord-Kivu,Violence against civilians,Attack,8,23,34868,Political violence,723,-0.5508,28.7185
2022-09-10,Middle Africa,Democratic Republic of Congo,Nord-Kivu,Violence against civilians,Attack,7,7,222357,Political violence,723,-0.5508,28.7185
2022-09-17,Middle Africa,Democratic Republic of Congo,Nord-Kivu,Violence against civilians,Attack,7,10,164755,Political violence,723,-0.5508,28.7185
2022-09-24,Middle Africa,Democratic Republic of Congo,Nord-Kivu,Violence against civilians,Attack,7,19,211499,Political violence,723,-0.5508,28.7185
2022-10-01,Middle Africa,Democratic Republic of Congo,Nord-Kivu,Violence against civilians,Attack,6,8,100878,Political violence,723,-0.5508,28.7185
2022-10-08,Middle Africa,Democratic Republic of Congo,Nord-Kivu,Violence against civilians,Attack,5,15,117032,Political violence,723,-0.5508,28.7185
2022-10-15,Middle Africa,Democratic Republic of Congo,Nord-Kivu,Violence against civilians,Attack,9,26,119517,Political violence,723,-0.5508,28.7185
2022-10-22,Middle Africa,Democratic Republic of Congo,Nord-Kivu,Violence against civilians,Attack,2,4,7137,Political violence,723,-0.5508,28.7185
2022-10-29,Middle Africa,Democratic Republic of Congo,Nord-Kivu,Violence against civilians,Attack,5,11,60103,Political violence,723,-0.5508,28.7185
2022-11-05,Middle Africa,Democratic Republic of Congo,Nord-Kivu,Violence against civilians,Attack,5,25,23323,Political violence,723,-0.5508,28.7185
2022-11-12,Middle Africa,Democratic Republic of Congo,Nord-Kivu,Violence against civilians,Attack,4,5,203181,Political violence,723,-0.5508,28.7185
2022-11-19,Middle Africa,Democratic Republic of Congo,Nord-Kivu,Violence against civilians,Attack,10,54,66984,Political violence,723,-0.5508,28.7185
2022-11-26,Middle Africa,Democratic Republic of Congo,Nord-Kivu,Violence against civilians,Attack,11,64,53766,Political violence,723,-0.5508,28.7185
2022-12-03,Middle Africa,Democratic Republic of Congo,Nord-Kivu,Violence against civilians,Attack,13,16,212764,Political violence,723,-0.5508,28.7185
2022-12-10,Middle Africa,Democratic Republic of Congo,Nord-Kivu,Violence against civilians,Attack,15,51,37383,Political violence,723,-0.5508,28.7185
2022-12-17,Middle Africa,Democratic Republic of Congo,Nord-Kivu,Violence against civilians,Attack,21,25,327854,Political violence,723,-0.5508,28.7185
2022-12-24,Middle Africa,Democratic Republic of Congo,Nord-Kivu,Violence against civilians,Attack,9,9,202448,Political violence,723,-0.5508,28.7185
2022-12-31,Middle Africa,Democratic Republic of Congo,Nord-Kivu,Violence against civilians,Attack,6,6,13920,Political violence,723,-0.5508,28.7185
2023-01-07,Middle Africa,Democratic Republic of Congo,Nord-Kivu,Violence against civilians,Attack,9,10,17243,Political violence,723,-0.5508,28.7185
2023-01-14,Middle Africa,Democratic Republic of Congo,Nord-Kivu,Violence against civilians,Attack,8,10,137132,Political violence,723,-0.5508,28.7185
2023-01-21,Middle Africa,Democratic Republic of Congo,Nord-Kivu,Violence against civilians,Attack,5,27,159012,Political violence,723,-0.5508,28.7185
2023-01-28,Middle Africa,Democratic Republic of Congo,Nord-Kivu,Violence against civilians,Attack,8,19,139436,Political violence,723,-0.5508,28.7185
2023-02-04,Middle Africa,Democratic Republic of Congo,Nord-Kivu,Violence against civilians,Attack,5,13,101637,Political violence,723,-0.5508,28.7185
2023-02-11,Middle Africa,Democratic Republic of Congo,Nord-Kivu,Violence against civilians,Attack,3,5,28001,Political violence,723,-0.5508,28.7185
2023-02-18,Middle Africa,Democratic Republic of Congo,Nord-Kivu,Violence against civilians,Attack,12,17,94244,Political violence,723,-0.5508,28.7185
2023-02-25,Middle Africa,Democratic Republic of Congo,Nord-Kivu,Violence against civilians,Attack,11,49,82025,Political violence,723,-0.5508,28.7185
2023-03-04,Middle Africa,Democratic Republic of Congo,Nord-Kivu,Violence against civilians,Attack,13,78,123703,Political violence,723,-0.5508,28.7185
2023-03-11,Middle Africa,Democratic Republic of Congo,Nord-Kivu,Violence against civilians,Attack,16,85,97292,Political violence,723,-0.5508,28.7185
2023-03-18,Middle Africa,Democratic Republic of Congo,Nord-Kivu,Violence against civilians,Attack,6,18,163580,Political violence,723,-0.5508,28.7185
2023-03-25,Middle Africa,Democratic Republic of Congo,Nord-Kivu,Violence against civilians,Attack,7,21,156120,Political violence,723,-0.5508,28.7185
2023-04-01,Middle Africa,Democratic Republic of Congo,Nord-Kivu,Violence against civilians,Attack,7,47,73905,Political violence,723,-0.5508,28.7185
2023-04-08,Middle Africa,Democratic Republic of Congo,Nord-Kivu,Violence against civilians,Attack,13,16,272311,Political violence,723,-0.5508,28.7185
2023-04-15,Middle Africa,Democratic Republic of Congo,Nord-Kivu,Violence against civilians,Attack,9,26,39470,Political violence,723,-0.5508,28.7185
2023-04-22,Middle Africa,Democratic Republic of Congo,Nord-Kivu,Violence against civilians,Attack,10,81,101516,Political violence,723,-0.5508,28.7185
2023-04-29,Middle Africa,Democratic Republic of Congo,Nord-Kivu,Violence against civilians,Attack,10,19,218759,Political violence,723,-0.5508,28.7185
2023-05-06,Middle Africa,Democratic Republic of Congo,Nord-Kivu,Violence against civilians,Attack,9,9,100168,Political violence,723,-0.5508,28.7185
2023-05-13,Middle Africa,Democratic Republic of Congo,Nord-Kivu,Violence against civilians,Attack,13,32,116737,Political violence,723,-0.5508,28.7185
2023-05-20,Middle Africa,Democratic Republic of Congo,Nord-Kivu,Violence against civilians,Attack,9,27,228505,Political violence,723,-0.5508,28.7185
2023-05-27,Middle Africa,Democratic Republic of Congo,Nord-Kivu,Violence against civilians,Attack,5,30,86165,Political violence,723,-0.5508,28.7185
2023-06-03,Middle Africa,Democratic Republic of Congo,Nord-Kivu,Violence against civilians,Attack,11,24,265808,Political violence,723,-0.5508,28.7185
2023-06-10,Middle Africa,Democratic Republic of Congo,Nord-Kivu,Violence against civilians,Attack,9,20,83990,Political violence,723,-0.5508,28.7185
2023-06-17,Middle Africa,Democratic Republic of Congo,Nord-Kivu,Violence against civilians,Attack,11,21,396028,Political violence,723,-0.5508,28.7185
2023-06-24,Middle Africa,Democratic Republic of Congo,Nord-Kivu,Violence against civilians,Attack,14,31,367706,Political violence,723,-0.5508,28.7185
2023-07-01,Middle Africa,Democratic Republic of Congo,Nord-Kivu,Violence against civilians,Attack,13,29,64853,Political violence,723,-0.5508,28.7185
2023-07-08,Middle Africa,Democratic Republic of Congo,Nord-Kivu,Violence against civilians,Attack,10,17,94736,Political violence,723,-0.5508,28.7185
2023-07-15,Middle Africa,Democratic Republic of Congo,Nord-Kivu,Violence against civilians,Attack,15,42,114874,Political violence,723,-0.5508,28.7185
2023-07-22,Middle Africa,Democratic Republic of Congo,Nord-Kivu,Violence against civilians,Attack,5,5,65759,Political violence,723,-0.5508,28.7185
2023-07-29,Middle Africa,Democratic Republic of Congo,Nord-Kivu,Violence against civilians,Attack,6,16,157291,Political violence,723,-0.5508,28.7185
2023-08-05,Middle Africa,Democratic Republic of Congo,Nord-Kivu,Violence against civilians,Attack,7,15,308682,Political violence,723,-0.5508,28.7185
2023-08-12,Middle Africa,Democratic Republic of Congo,Nord-Kivu,Violence against civilians,Attack,11,19,312466,Political violence,723,-0.5508,28.7185
2023-08-19,Middle Africa,Democratic Republic of Congo,Nord-Kivu,Violence against civilians,Attack,6,35,153941,Political violence,723,-0.5508,28.7185
2023-08-26,Middle Africa,Democratic Republic of Congo,Nord-Kivu,Violence against civilians,Attack,6,5,81587,Political violence,723,-0.5508,28.7185
2023-09-02,Middle Africa,Democratic Republic of Congo,Nord-Kivu,Violence against civilians,Attack,6,7,194988,Political violence,723,-0.5508,28.7185
2023-09-09,Middle Africa,Democratic Republic of Congo,Nord-Kivu,Violence against civilians,Attack,5,4,145147,Political violence,723,-0.5508,28.7185
2023-09-16,Middle Africa,Democratic Republic of Congo,Nord-Kivu,Violence against civilians,Attack,17,30,320463,Political violence,723,-0.5508,28.7185
2023-09-23,Middle Africa,Democratic Republic of Congo,Nord-Kivu,Violence against civilians,Attack,13,40,225962,Political violence,723,-0.5508,28.7185
2023-09-30,Middle Africa,Democratic Republic of Congo,Nord-Kivu,Violence against civilians,Attack,7,99,88770,Political violence,723,-0.5508,28.7185
2023-10-07,Middle Africa,Democratic Republic of Congo,Nord-Kivu,Violence against civilians,Attack,5,8,135718,Political violence,723,-0.5508,28.7185
2023-10-14,Middle Africa,Democratic Republic of Congo,Nord-Kivu,Violence against civilians,Attack,2,3,44725,Political violence,723,-0.5508,28.7185
2023-10-21,Middle Africa,Democratic Republic of Congo,Nord-Kivu,Violence against civilians,Attack,10,118,197594,Political violence,723,-0.5508,28.7185
2023-10-28,Middle Africa,Democratic Republic of Congo,Nord-Kivu,Violence against civilians,Attack,9,37,266782,Political violence,723,-0.5508,28.7185
2023-11-04,Middle Africa,Democratic Republic of Congo,Nord-Kivu,Violence against civilians,Attack,5,21,211800,Political violence,723,-0.5508,28.7185
2023-11-11,Middle Africa,Democratic Republic of Congo,Nord-Kivu,Violence against civilians,Attack,7,93,305793,Political violence,723,-0.5508,28.7185
2023-11-18,Middle Africa,Democratic Republic of Congo,Nord-Kivu,Violence against civilians,Attack,5,24,48585,Political violence,723,-0.5508,28.7185
2023-11-25,Middle Africa,Democratic Republic of Congo,Nord-Kivu,Violence against civilians,Attack,2,16,63013,Political violence,723,-0.5508,28.7185
2023-12-02,Middle Africa,Democratic Republic of Congo,Nord-Kivu,Violence against civilians,Attack,1,1,22886,Political violence,723,-0.5508,28.7185
2023-12-09,Middle Africa,Democratic Republic of Congo,Nord-Kivu,Violence against civilians,Attack,7,27,113258,Political violence,723,-0.5508,28.7185
2023-12-16,Middle Africa,Democratic Republic of Congo,Nord-Kivu,Violence against civilians,Attack,5,13,53555,Political violence,723,-0.5508,28.7185
2023-12-23,Middle Africa,Democratic Republic of Congo,Nord-Kivu,Violence against civilians,Attack,15,64,531032,Political violence,723,-0.5508,28.7185
2023-12-30,Middle Africa,Democratic Republic of Congo,Nord-Kivu,Violence against civilians,Attack,9,29,345195,Political violence,723,-0.5508,28.7185
2024-01-13,Middle Africa,Democratic Republic of Congo,Nord-Kivu,Violence against civilians,Attack,5,12,12312,Political violence,723,-0.5508,28.7185
2024-01-20,Middle Africa,Democratic Republic of Congo,Nord-Kivu,Violence against civilians,Attack,8,34,161883,Political violence,723,-0.5508,28.7185
2024-01-27,Middle Africa,Democratic Republic of Congo,Nord-Kivu,Violence against civilians,Attack,18,111,417194,Political violence,723,-0.5508,28.7185
2024-02-03,Middle Africa,Democratic Republic of Congo,Nord-Kivu,Violence against civilians,Attack,3,2,59450,Political violence,723,-0.5508,28.7185
2024-02-10,Middle Africa,Democratic Republic of Congo,Nord-Kivu,Violence against civilians,Attack,3,9,84359,Political violence,723,-0.5508,28.7185
2024-02-17,Middle Africa,Democratic Republic of Congo,Nord-Kivu,Violence against civilians,Attack,10,23,304060,Political violence,723,-0.5508,28.7185
2024-02-24,Middle Africa,Democratic Republic of Congo,Nord-Kivu,Violence against civilians,Attack,8,18,61514,Political violence,723,-0.5508,28.7185
2024-03-02,Middle Africa,Democratic Republic of Congo,Nord-Kivu,Violence against civilians,Attack,3,16,44016,Political violence,723,-0.5508,28.7185
2024-03-09,Middle Africa,Democratic Republic of Congo,Nord-Kivu,Violence against civilians,Attack,4,5,299586,Political violence,723,-0.5508,28.7185
2024-03-16,Middle Africa,Democratic Republic of Congo,Nord-Kivu,Violence against civilians,Attack,2,6,6280,Political violence,723,-0.5508,28.7185
2024-03-23,Middle Africa,Democratic Republic of Congo,Nord-Kivu,Violence against civilians,Attack,7,60,434730,Political violence,723,-0.5508,28.7185
2024-03-30,Middle Africa,Democratic Republic of Congo,Nord-Kivu,Violence against civilians,Attack,8,52,469633,Political violence,723,-0.5508,28.7185
2024-04-06,Middle Africa,Democratic Republic of Congo,Nord-Kivu,Violence against civilians,Attack,10,76,307156,Political violence,723,-0.5508,28.7185
2024-04-13,Middle Africa,Democratic Republic of Congo,Nord-Kivu,Violence against civilians,Attack,15,34,692514,Political violence,723,-0.5508,28.7185
2024-04-20,Middle Africa,Democratic Republic of Congo,Nord-Kivu,Violence against civilians,Attack,3,8,272349,Political violence,723,-0.5508,28.7185
2024-04-27,Middle Africa,Democratic Republic of Congo,Nord-Kivu,Violence against civilians,Attack,2,8,65553,Political violence,723,-0.5508,28.7185
2024-05-04,Middle Africa,Democratic Republic of Congo,Nord-Kivu,Violence against civilians,Attack,5,27,47303,Political violence,723,-0.5508,28.7185
2024-05-11,Middle Africa,Democratic Republic of Congo,Nord-Kivu,Violence against civilians,Attack,1,1,970,Political violence,723,-0.5508,28.7185
2024-05-18,Middle Africa,Democratic Republic of Congo,Nord-Kivu,Violence against civilians,Attack,4,7,79977,Political violence,723,-0.5508,28.7185
2024-05-25,Middle Africa,Democratic Republic of Congo,Nord-Kivu,Violence against civilians,Attack,6,24,62348,Political violence,723,-0.5508,28.7185
2024-06-01,Middle Africa,Democratic Republic of Congo,Nord-Kivu,Violence against civilians,Attack,18,140,451653,Political violence,723,-0.5508,28.7185
2024-06-08,Middle Africa,Democratic Republic of Congo,Nord-Kivu,Violence against civilians,Attack,6,87,255316,Political violence,723,-0.5508,28.7185
2024-06-15,Middle Africa,Democratic Republic of Congo,Nord-Kivu,Violence against civilians,Attack,6,53,45706,Political violence,723,-0.5508,28.7185
2024-06-22,Middle Africa,Democratic Republic of Congo,Nord-Kivu,Violence against civilians,Attack,5,45,181494,Political violence,723,-0.5508,28.7185
2024-06-29,Middle Africa,Democratic Republic of Congo,Nord-Kivu,Violence against civilians,Attack,2,2,113579,Political violence,723,-0.5508,28.7185
2024-07-06,Middle Africa,Democratic Republic of Congo,Nord-Kivu,Violence against civilians,Attack,2,2,54458,Political violence,723,-0.5508,28.7185
2024-07-13,Middle Africa,Democratic Republic of Congo,Nord-Kivu,Violence against civilians,Attack,20,100,268671,Political violence,723,-0.5508,28.7185
2024-07-20,Middle Africa,Democratic Republic of Congo,Nord-Kivu,Violence against civilians,Attack,18,234,257949,Political violence,723,-0.5508,28.7185
2024-07-27,Middle Africa,Democratic Republic of Congo,Nord-Kivu,Violence against civilians,Attack,11,62,156333,Political violence,723,-0.5508,28.7185
2024-08-03,Middle Africa,Democratic Republic of Congo,Nord-Kivu,Violence against civilians,Attack,10,26,468604,Political violence,723,-0.5508,28.7185
2024-08-10,Middle Africa,Democratic Republic of Congo,Nord-Kivu,Violence against civilians,Attack,13,34,341400,Political violence,723,-0.5508,28.7185
2024-08-17,Middle Africa,Democratic Republic of Congo,Nord-Kivu,Violence against civilians,Attack,5,3,152239,Political violence,723,-0.5508,28.7185
2024-08-24,Middle Africa,Democratic Republic of Congo,Nord-Kivu,Violence against civilians,Attack,8,40,196156,Political violence,723,-0.5508,28.7185
2024-08-31,Middle Africa,Democratic Republic of Congo,Nord-Kivu,Violence against civilians,Attack,7,8,283497,Political violence,723,-0.5508,28.7185
2024-09-07,Middle Africa,Democratic Republic of Congo,Nord-Kivu,Violence against civilians,Attack,7,19,268295,Political violence,723,-0.5508,28.7185
2024-09-14,Middle Africa,Democratic Republic of Congo,Nord-Kivu,Violence against civilians,Attack,8,28,138925,Political violence,723,-0.5508,28.7185
2024-09-21,Middle Africa,Democratic Republic of Congo,Nord-Kivu,Violence against civilians,Attack,6,12,108354,Political violence,723,-0.5508,28.7185
2024-09-28,Middle Africa,Democratic Republic of Congo,Nord-Kivu,Violence against civilians,Attack,8,39,14667,Political violence,723,-0.5508,28.7185
2024-10-05,Middle Africa,Democratic Republic of Congo,Nord-Kivu,Violence against civilians,Attack,3,1,150627,Political violence,723,-0.5508,28.7185
2024-10-12,Middle Africa,Democratic Republic of Congo,Nord-Kivu,Violence against civilians,Attack,2,27,26874,Political violence,723,-0.5508,28.7185
2024-10-19,Middle Africa,Democratic Republic of Congo,Nord-Kivu,Violence against civilians,Attack,2,2,33664,Political violence,723,-0.5508,28.7185
2024-10-26,Middle Africa,Democratic Republic of Congo,Nord-Kivu,Violence against civilians,Attack,5,20,276213,Political violence,723,-0.5508,28.7185
2024-11-02,Middle Africa,Democratic Republic of Congo,Nord-Kivu,Violence against civilians,Attack,4,6,90131,Political violence,723,-0.5508,28.7185
2024-11-09,Middle Africa,Democratic Republic of Congo,Nord-Kivu,Violence against civilians,Attack,6,24,145234,Political violence,723,-0.5508,28.7185
2024-11-16,Middle Africa,Democratic Republic of Congo,Nord-Kivu,Violence against civilians,Attack,6,16,69850,Political violence,723,-0.5508,28.7185
2024-11-23,Middle Africa,Democratic Republic of Congo,Nord-Kivu,Violence against civilians,Attack,4,5,133773,Political violence,723,-0.5508,28.7185
2024-11-30,Middle Africa,Democratic Republic of Congo,Nord-Kivu,Violence against civilians,Attack,6,40,134663,Political violence,723,-0.5508,28.7185
2024-12-07,Middle Africa,Democratic Republic of Congo,Nord-Kivu,Violence against civilians,Attack,3,15,58533,Political violence,723,-0.5508,28.7185
2024-12-14,Middle Africa,Democratic Republic of Congo,Nord-Kivu,Violence against civilians,Attack,1,1,79491,Political violence,723,-0.5508,28.7185
2024-12-21,Middle Africa,Democratic Republic of Congo,Nord-Kivu,Violence against civilians,Attack,9,265,442721,Political violence,723,-0.5508,28.7185
2024-12-28,Middle Africa,Democratic Republic of Congo,Nord-Kivu,Violence against civilians,Attack,7,30,87741,Political violence,723,-0.5508,28.7185
2025-01-04,Middle Africa,Democratic Republic of Congo,Nord-Kivu,Violence against civilians,Attack,4,10,44473,Political violence,723,-0.5508,28.7185
2025-01-11,Middle Africa,Democratic Republic of Congo,Nord-Kivu,Violence against civilians,Attack,11,129,246138,Political violence,723,-0.5508,28.7185
2025-01-18,Middle Africa,Democratic Republic of Congo,Nord-Kivu,Violence against civilians,Attack,6,28,144038,Political violence,723,-0.5508,28.7185
2025-01-25,Middle Africa,Democratic Republic of Congo,Nord-Kivu,Violence against civilians,Attack,11,73,356796,Political violence,723,-0.5508,28.7185
2025-02-01,Middle Africa,Democratic Republic of Congo,Nord-Kivu,Violence against civilians,Attack,6,27,223475,Political violence,723,-0.5508,28.7185
2025-02-08,Middle Africa,Democratic Republic of Congo,Nord-Kivu,Violence against civilians,Attack,8,85,149846,Political violence,723,-0.5508,28.7185
2025-02-15,Middle Africa,Democratic Republic of Congo,Nord-Kivu,Violence against civilians,Attack,4,17,105376,Political violence,723,-0.5508,28.7185
2025-02-22,Middle Africa,Democratic Republic of Congo,Nord-Kivu,Violence against civilians,Attack,7,44,185152,Political violence,723,-0.5508,28.7185
2025-03-01,Middle Africa,Democratic Republic of Congo,Nord-Kivu,Violence against civilians,Attack,8,89,153563,Political violence,723,-0.5508,28.7185
2025-03-08,Middle Africa,Democratic Republic of Congo,Nord-Kivu,Violence against civilians,Attack,13,48,163541,Political violence,723,-0.5508,28.7185
2025-03-15,Middle Africa,Democratic Republic of Congo,Nord-Kivu,Violence against civilians,Attack,5,8,132357,Political violence,723,-0.5508,28.7185
2025-03-22,Middle Africa,Democratic Republic of Congo,Nord-Kivu,Violence against civilians,Attack,11,15,382346,Political violence,723,-0.5508,28.7185
2025-03-29,Middle Africa,Democratic Republic of Congo,Nord-Kivu,Violence against civilians,Attack,9,31,301287,Political violence,723,-0.5508,28.7185
2025-04-05,Middle Africa,Democratic Republic of Congo,Nord-Kivu,Violence against civilians,Attack,17,55,439246,Political violence,723,-0.5508,28.7185
2025-04-12,Middle Africa,Democratic Republic of Congo,Nord-Kivu,Violence against civilians,Attack,5,9,117119,Political violence,723,-0.5508,28.7185
2025-04-19,Middle Africa,Democratic Republic of Congo,Nord-Kivu,Violence against civilians,Attack,4,5,122341,Political violence,723,-0.5508,28.7185
2025-04-26,Middle Africa,Democratic Republic of Congo,Nord-Kivu,Violence against civilians,Attack,2,6,64599,Political violence,723,-0.5508,28.7185
2025-05-03,Middle Africa,Democratic Republic of Congo,Nord-Kivu,Violence against civilians,Attack,14,75,559546,Political violence,723,-0.5508,28.7185
2025-05-10,Middle Africa,Democratic Republic of Congo,Nord-Kivu,Violence against civilians,Attack,10,10,133594,Political violence,723,-0.5508,28.7185
2025-05-17,Middle Africa,Democratic Republic of Congo,Nord-Kivu,Violence against civilians,Attack,8,11,77238,Political violence,723,-0.5508,28.7185
2025-05-24,Middle Africa,Democratic Republic of Congo,Nord-Kivu,Violence against civilians,Attack,9,2,204383,Political violence,723,-0.5508,28.7185
2025-05-31,Middle Africa,Democratic Republic of Congo,Nord-Kivu,Violence against civilians,Attack,4,7,30969,Political violence,723,-0.5508,28.7185
2025-06-07,Middle Africa,Democratic Republic of Congo,Nord-Kivu,Violence against civilians,Attack,3,39,9668,Political violence,723,-0.5508,28.7185
2025-06-14,Middle Africa,Democratic Republic of Congo,Nord-Kivu,Violence against civilians,Attack,3,2,51515,Political violence,723,-0.5508,28.7185
2025-06-21,Middle Africa,Democratic Republic of Congo,Nord-Kivu,Violence against civilians,Attack,6,4,195331,Political violence,723,-0.5508,28.7185
2025-06-28,Middle Africa,Democratic Republic of Congo,Nord-Kivu,Violence against civilians,Attack,5,9,246953,Political violence,723,-0.5508,28.7185
2025-07-05,Middle Africa,Democratic Republic of Congo,Nord-Kivu,Violence against civilians,Attack,10,123,182762,Political violence,723,-0.5508,28.7185
2025-07-12,Middle Africa,Democratic Republic of Congo,Nord-Kivu,Violence against civilians,Attack,6,334,173441,Political violence,723,-0.5508,28.7185
2025-07-19,Middle Africa,Democratic Republic of Congo,Nord-Kivu,Violence against civilians,Attack,8,21,150209,Political violence,723,-0.5508,28.7185
2025-08-02,Middle Africa,Democratic Republic of Congo,Nord-Kivu,Violence against civilians,Attack,13,55,285362,Political violence,723,-0.5508,28.7185
2025-08-09,Middle Africa,Democratic Republic of Congo,Nord-Kivu,Violence against civilians,Attack,7,72,53363,Political violence,723,-0.5508,28.7185
2025-08-16,Middle Africa,Democratic Republic of Congo,Nord-Kivu,Violence against civilians,Attack,2,9,68147,Political violence,723,-0.5508,28.7185
2025-08-23,Middle Africa,Democratic Republic of Congo,Nord-Kivu,Violence against civilians,Attack,6,12,65939,Political violence,723,-0.5508,28.7185
2025-08-30,Middle Africa,Democratic Republic of Congo,Nord-Kivu,Violence against civilians,Attack,6,9,124946,Political violence,723,-0.5508,28.7185
2025-09-06,Middle Africa,Democratic Republic of Congo,Nord-Kivu,Violence against civilians,Attack,10,117,173923,Political violence,723,-0.5508,28.7185
2025-09-13,Middle Africa,Democratic Republic of Congo,Nord-Kivu,Violence against civilians,Attack,11,27,277907,Political violence,723,-0.5508,28.7185
2025-09-20,Middle Africa,Democratic Republic of Congo,Nord-Kivu,Violence against civilians,Attack,10,13,219611,Political violence,723,-0.5508,28.7185
2025-09-27,Middle Africa,Democratic Republic of Congo,Nord-Kivu,Violence against civilians,Attack,7,10,117188,Political violence,723,-0.5508,28.7185
2025-10-04,Middle Africa,Democratic Republic of Congo,Nord-Kivu,Violence against civilians,Attack,11,59,175545,Political violence,723,-0.5508,28.7185
2025-10-11,Middle Africa,Democratic Republic of Congo,Nord-Kivu,Violence against civilians,Attack,9,55,96262,Political violence,723,-0.5508,28.7185
2025-10-18,Middle Africa,Democratic Republic of Congo,Nord-Kivu,Violence against civilians,Attack,9,17,100263,Political violence,723,-0.5508,28.7185
2025-10-25,Middle Africa,Democratic Republic of Congo,Nord-Kivu,Violence against civilians,Attack,8,43,186479,Political violence,723,-0.5508,28.7185
2025-11-01,Middle Africa,Democratic Republic of Congo,Nord-Kivu,Violence against civilians,Attack,7,4,116761,Political violence,723,-0.5508,28.7185
2025-11-08,Middle Africa,Democratic Republic of Congo,Nord-Kivu,Violence against civilians,Attack,10,37,42033,Political violence,723,-0.5508,28.7185
2025-11-15,Middle Africa,Democratic Republic of Congo,Nord-Kivu,Violence against civilians,Attack,27,176,469967,Political violence,723,-0.5508,28.7185
2025-11-22,Middle Africa,Democratic Republic of Congo,Nord-Kivu,Violence against civilians,Attack,8,117,87343,Political violence,723,-0.5508,28.7185
2025-11-29,Middle Africa,Democratic Republic of Congo,Nord-Kivu,Violence against civilians,Attack,3,1,13170,Political violence,723,-0.5508,28.7185
2025-12-06,Middle Africa,Democratic Republic of Congo,Nord-Kivu,Violence against civilians,Attack,6,10,52476,Political violence,723,-0.5508,28.7185
2025-12-13,Middle Africa,Democratic Republic of Congo,Nord-Kivu,Violence against civilians,Attack,15,28,76111,Political violence,723,-0.5508,28.7185
2025-12-20,Middle Africa,Democratic Republic of Congo,Nord-Kivu,Violence against civilians,Attack,11,84,241849,Political violence,723,-0.5508,28.7185
2025-12-27,Middle Africa,Democratic Republic of Congo,Nord-Kivu,Violence against civilians,Attack,4,4,57037,Political violence,723,-0.5508,28.7185
2026-01-03,Middle Africa,Democratic Republic of Congo,Nord-Kivu,Violence against civilians,Attack,3,3,116480,Political violence,723,-0.5508,28.7185
2026-01-10,Middle Africa,Democratic Republic of Congo,Nord-Kivu,Violence against civilians,Attack,9,19,158555,Political violence,723,-0.5508,28.7185
2026-01-17,Middle Africa,Democratic Republic of Congo,Nord-Kivu,Violence against civilians,Attack,9,28,310031,Political violence,723,-0.5508,28.7185
2026-01-24,Middle Africa,Democratic Republic of Congo,Nord-Kivu,Violence against civilians,Attack,4,3,4039,Political violence,723,-0.5508,28.7185
2026-01-31,Middle Africa,Democratic Republic of Congo,Nord-Kivu,Violence against civilians,Attack,10,46,NA,Political violence,723,-0.5508,28.7185
2026-02-07,Middle Africa,Democratic Republic of Congo,Nord-Kivu,Violence against civilians,Attack,3,8,NA,Political violence,723,-0.5508,28.7185
2009-04-25,Middle Africa,Democratic Republic of Congo,Nord-Kivu,Violence against civilians,Sexual violence,1,50,NA,Political violence,723,-0.5508,28.7185
2010-10-09,Middle Africa,Democratic Republic of Congo,Nord-Kivu,Violence against civilians,Sexual violence,1,10,NA,Political violence,723,-0.5508,28.7185
2011-02-12,Middle Africa,Democratic Republic of Congo,Nord-Kivu,Violence against civilians,Sexual violence,1,1,NA,Political violence,723,-0.5508,28.7185
2011-04-02,Middle Africa,Democratic Republic of Congo,Nord-Kivu,Violence against civilians,Sexual violence,2,1,NA,Political violence,723,-0.5508,28.7185
2012-05-19,Middle Africa,Democratic Republic of Congo,Nord-Kivu,Violence against civilians,Sexual violence,1,100,NA,Political violence,723,-0.5508,28.7185
2012-07-07,Middle Africa,Democratic Republic of Congo,Nord-Kivu,Violence against civilians,Sexual violence,2,1,NA,Political violence,723,-0.5508,28.7185
2012-08-04,Middle Africa,Democratic Republic of Congo,Nord-Kivu,Violence against civilians,Sexual violence,1,1,NA,Political violence,723,-0.5508,28.7185
2012-09-15,Middle Africa,Democratic Republic of Congo,Nord-Kivu,Violence against civilians,Sexual violence,1,3,NA,Political violence,723,-0.5508,28.7185
2012-11-10,Middle Africa,Democratic Republic of Congo,Nord-Kivu,Violence against civilians,Sexual violence,1,10,NA,Political violence,723,-0.5508,28.7185
2014-11-01,Middle Africa,Democratic Republic of Congo,Nord-Kivu,Violence against civilians,Sexual violence,3,13,NA,Political violence,723,-0.5508,28.7185
2015-03-21,Middle Africa,Democratic Republic of Congo,Nord-Kivu,Violence against civilians,Sexual violence,1,10,21251,Political violence,723,-0.5508,28.7185
2018-02-24,Middle Africa,Democratic Republic of Congo,Nord-Kivu,Violence against civilians,Sexual violence,1,1,14936,Political violence,723,-0.5508,28.7185
2018-03-03,Middle Africa,Democratic Republic of Congo,Nord-Kivu,Violence against civilians,Sexual violence,1,1,60465,Political violence,723,-0.5508,28.7185
2018-04-07,Middle Africa,Democratic Republic of Congo,Nord-Kivu,Violence against civilians,Sexual violence,2,1,226783,Political violence,723,-0.5508,28.7185
2018-05-26,Middle Africa,Democratic Republic of Congo,Nord-Kivu,Violence against civilians,Sexual violence,1,1,55695,Political violence,723,-0.5508,28.7185
2018-06-16,Middle Africa,Democratic Republic of Congo,Nord-Kivu,Violence against civilians,Sexual violence,1,1,1647,Political violence,723,-0.5508,28.7185
2018-06-30,Middle Africa,Democratic Republic of Congo,Nord-Kivu,Violence against civilians,Sexual violence,1,1,413021,Political violence,723,-0.5508,28.7185
2018-12-29,Middle Africa,Democratic Republic of Congo,Nord-Kivu,Violence against civilians,Sexual violence,1,1,6723,Political violence,723,-0.5508,28.7185
2019-01-12,Middle Africa,Democratic Republic of Congo,Nord-Kivu,Violence against civilians,Sexual violence,3,10,38469,Political violence,723,-0.5508,28.7185
2019-01-19,Middle Africa,Democratic Republic of Congo,Nord-Kivu,Violence against civilians,Sexual violence,3,3,22757,Political violence,723,-0.5508,28.7185
2019-02-02,Middle Africa,Democratic Republic of Congo,Nord-Kivu,Violence against civilians,Sexual violence,2,1,7018,Political violence,723,-0.5508,28.7185
2019-02-09,Middle Africa,Democratic Republic of Congo,Nord-Kivu,Violence against civilians,Sexual violence,2,1,173049,Political violence,723,-0.5508,28.7185
2019-03-02,Middle Africa,Democratic Republic of Congo,Nord-Kivu,Violence against civilians,Sexual violence,1,1,6331,Political violence,723,-0.5508,28.7185
2019-04-27,Middle Africa,Democratic Republic of Congo,Nord-Kivu,Violence against civilians,Sexual violence,1,1,25626,Political violence,723,-0.5508,28.7185
2019-06-22,Middle Africa,Democratic Republic of Congo,Nord-Kivu,Violence against civilians,Sexual violence,2,19,5443,Political violence,723,-0.5508,28.7185
2019-08-31,Middle Africa,Democratic Republic of Congo,Nord-Kivu,Violence against civilians,Sexual violence,1,1,215903,Political violence,723,-0.5508,28.7185
2019-12-14,Middle Africa,Democratic Republic of Congo,Nord-Kivu,Violence against civilians,Sexual violence,1,1,25068,Political violence,723,-0.5508,28.7185
2020-01-25,Middle Africa,Democratic Republic of Congo,Nord-Kivu,Violence against civilians,Sexual violence,2,36,211649,Political violence,723,-0.5508,28.7185
2020-05-02,Middle Africa,Democratic Republic of Congo,Nord-Kivu,Violence against civilians,Sexual violence,1,1,2931,Political violence,723,-0.5508,28.7185
2020-05-16,Middle Africa,Democratic Republic of Congo,Nord-Kivu,Violence against civilians,Sexual violence,1,1,7635,Political violence,723,-0.5508,28.7185
2020-06-20,Middle Africa,Democratic Republic of Congo,Nord-Kivu,Violence against civilians,Sexual violence,1,1,2446,Political violence,723,-0.5508,28.7185
2020-09-12,Middle Africa,Democratic Republic of Congo,Nord-Kivu,Violence against civilians,Sexual violence,3,2,65335,Political violence,723,-0.5508,28.7185
2021-01-02,Middle Africa,Democratic Republic of Congo,Nord-Kivu,Violence against civilians,Sexual violence,2,1,20823,Political violence,723,-0.5508,28.7185
2021-01-30,Middle Africa,Democratic Republic of Congo,Nord-Kivu,Violence against civilians,Sexual violence,2,1,6912,Political violence,723,-0.5508,28.7185
2021-02-06,Middle Africa,Democratic Republic of Congo,Nord-Kivu,Violence against civilians,Sexual violence,2,2,6555,Political violence,723,-0.5508,28.7185
2021-06-05,Middle Africa,Democratic Republic of Congo,Nord-Kivu,Violence against civilians,Sexual violence,2,1,NA,Political violence,723,-0.5508,28.7185
2021-07-03,Middle Africa,Democratic Republic of Congo,Nord-Kivu,Violence against civilians,Sexual violence,2,2,NA,Political violence,723,-0.5508,28.7185
2021-07-31,Middle Africa,Democratic Republic of Congo,Nord-Kivu,Violence against civilians,Sexual violence,2,1,39796,Political violence,723,-0.5508,28.7185
2022-01-15,Middle Africa,Democratic Republic of Congo,Nord-Kivu,Violence against civilians,Sexual violence,1,1,71338,Political violence,723,-0.5508,28.7185
2022-01-29,Middle Africa,Democratic Republic of Congo,Nord-Kivu,Violence against civilians,Sexual violence,3,2,8884,Political violence,723,-0.5508,28.7185
2022-04-02,Middle Africa,Democratic Republic of Congo,Nord-Kivu,Violence against civilians,Sexual violence,2,1,170812,Political violence,723,-0.5508,28.7185
2022-04-16,Middle Africa,Democratic Republic of Congo,Nord-Kivu,Violence against civilians,Sexual violence,2,1,4314,Political violence,723,-0.5508,28.7185
2022-04-30,Middle Africa,Democratic Republic of Congo,Nord-Kivu,Violence against civilians,Sexual violence,1,1,NA,Political violence,723,-0.5508,28.7185
2022-11-26,Middle Africa,Democratic Republic of Congo,Nord-Kivu,Violence against civilians,Sexual violence,1,3,9973,Political violence,723,-0.5508,28.7185
2022-12-31,Middle Africa,Democratic Republic of Congo,Nord-Kivu,Violence against civilians,Sexual violence,3,6,9592,Political violence,723,-0.5508,28.7185
2023-01-28,Middle Africa,Democratic Republic of Congo,Nord-Kivu,Violence against civilians,Sexual violence,1,1,NA,Political violence,723,-0.5508,28.7185
2023-02-04,Middle Africa,Democratic Republic of Congo,Nord-Kivu,Violence against civilians,Sexual violence,1,1,NA,Political violence,723,-0.5508,28.7185
2023-02-11,Middle Africa,Democratic Republic of Congo,Nord-Kivu,Violence against civilians,Sexual violence,3,5,90842,Political violence,723,-0.5508,28.7185
2023-02-25,Middle Africa,Democratic Republic of Congo,Nord-Kivu,Violence against civilians,Sexual violence,2,1,20433,Political violence,723,-0.5508,28.7185
2024-01-27,Middle Africa,Democratic Republic of Congo,Nord-Kivu,Violence against civilians,Sexual violence,1,3,6349,Political violence,723,-0.5508,28.7185
2024-03-23,Middle Africa,Democratic Republic of Congo,Nord-Kivu,Violence against civilians,Sexual violence,2,2,54428,Political violence,723,-0.5508,28.7185
2024-04-27,Middle Africa,Democratic Republic of Congo,Nord-Kivu,Violence against civilians,Sexual violence,1,3,29899,Political violence,723,-0.5508,28.7185
2024-07-27,Middle Africa,Democratic Republic of Congo,Nord-Kivu,Violence against civilians,Sexual violence,1,1,15321,Political violence,723,-0.5508,28.7185
2024-12-14,Middle Africa,Democratic Republic of Congo,Nord-Kivu,Violence against civilians,Sexual violence,1,1,NA,Political violence,723,-0.5508,28.7185
2025-02-22,Middle Africa,Democratic Republic of Congo,Nord-Kivu,Violence against civilians,Sexual violence,2,17,71089,Political violence,723,-0.5508,28.7185
2025-03-15,Middle Africa,Democratic Republic of Congo,Nord-Kivu,Violence against civilians,Sexual violence,6,2,18244,Political violence,723,-0.5508,28.7185
2025-05-10,Middle Africa,Democratic Republic of Congo,Nord-Kivu,Violence against civilians,Sexual violence,2,107,33479,Political violence,723,-0.5508,28.7185
2025-12-13,Middle Africa,Democratic Republic of Congo,Nord-Kivu,Violence against civilians,Sexual violence,1,1,113208,Political violence,723,-0.5508,28.7185
2026-01-31,Middle Africa,Democratic Republic of Congo,Nord-Kivu,Violence against civilians,Sexual violence,1,1,NA,Political violence,723,-0.5508,28.7185
2013-05-25,Middle Africa,Democratic Republic of Congo,Nord-Ubangi,Battles,Armed clash,1,2,NA,Political violence,724,4.0187,21.3025
2015-04-11,Middle Africa,Democratic Republic of Congo,Nord-Ubangi,Battles,Armed clash,1,2,77100,Political violence,724,4.0187,21.3025
2022-06-11,Middle Africa,Democratic Republic of Congo,Nord-Ubangi,Battles,Armed clash,1,2,23188,Political violence,724,4.0187,21.3025
2014-06-14,Middle Africa,Democratic Republic of Congo,Nord-Ubangi,Explosions/Remote violence,Grenade,1,2,NA,Political violence,724,4.0187,21.3025
2012-01-21,Middle Africa,Democratic Republic of Congo,Nord-Ubangi,Riots,Mob violence,1,3,NA,Political violence,724,4.0187,21.3025
2014-08-02,Middle Africa,Democratic Republic of Congo,Nord-Ubangi,Riots,Mob violence,2,6,NA,Political violence,724,4.0187,21.3025
2017-02-18,Middle Africa,Democratic Republic of Congo,Nord-Ubangi,Riots,Mob violence,1,1,75052,Political violence,724,4.0187,21.3025
2022-06-11,Middle Africa,Democratic Republic of Congo,Nord-Ubangi,Riots,Mob violence,1,1,89174,Political violence,724,4.0187,21.3025
2023-04-01,Middle Africa,Democratic Republic of Congo,Nord-Ubangi,Riots,Mob violence,1,1,92377,Political violence,724,4.0187,21.3025
2025-04-19,Middle Africa,Democratic Republic of Congo,Nord-Ubangi,Riots,Mob violence,1,1,1783,Political violence,724,4.0187,21.3025
2013-12-28,Middle Africa,Democratic Republic of Congo,Nord-Ubangi,Violence against civilians,Attack,1,1,NA,Political violence,724,4.0187,21.3025
2018-02-03,Middle Africa,Democratic Republic of Congo,Nord-Ubangi,Violence against civilians,Attack,1,1,85773,Political violence,724,4.0187,21.3025
2022-11-12,Middle Africa,Democratic Republic of Congo,Nord-Ubangi,Violence against civilians,Attack,1,2,121741,Political violence,724,4.0187,21.3025
2010-06-19,Middle Africa,Democratic Republic of Congo,Sankuru,Battles,Armed clash,1,6,NA,Political violence,725,-3.7708,23.4592
2010-06-26,Middle Africa,Democratic Republic of Congo,Sankuru,Battles,Armed clash,2,12,NA,Political violence,725,-3.7708,23.4592
2013-07-20,Middle Africa,Democratic Republic of Congo,Sankuru,Battles,Armed clash,1,1,NA,Political violence,725,-3.7708,23.4592
2014-03-22,Middle Africa,Democratic Republic of Congo,Sankuru,Battles,Armed clash,1,1,NA,Political violence,725,-3.7708,23.4592
2014-03-29,Middle Africa,Democratic Republic of Congo,Sankuru,Battles,Armed clash,1,2,NA,Political violence,725,-3.7708,23.4592
2015-04-18,Middle Africa,Democratic Republic of Congo,Sankuru,Battles,Armed clash,1,2,12250,Political violence,725,-3.7708,23.4592
2015-06-06,Middle Africa,Democratic Republic of Congo,Sankuru,Battles,Armed clash,1,3,12250,Political violence,725,-3.7708,23.4592
2016-04-16,Middle Africa,Democratic Republic of Congo,Sankuru,Battles,Armed clash,1,1,206591,Political violence,725,-3.7708,23.4592
2016-08-06,Middle Africa,Democratic Republic of Congo,Sankuru,Battles,Armed clash,1,15,987,Political violence,725,-3.7708,23.4592
2019-07-20,Middle Africa,Democratic Republic of Congo,Sankuru,Battles,Armed clash,1,1,4637,Political violence,725,-3.7708,23.4592
2019-07-27,Middle Africa,Democratic Republic of Congo,Sankuru,Battles,Armed clash,1,1,4637,Political violence,725,-3.7708,23.4592
2019-08-03,Middle Africa,Democratic Republic of Congo,Sankuru,Battles,Armed clash,1,2,6017,Political violence,725,-3.7708,23.4592
2020-05-16,Middle Africa,Democratic Republic of Congo,Sankuru,Battles,Armed clash,1,1,69500,Political violence,725,-3.7708,23.4592
2022-02-12,Middle Africa,Democratic Republic of Congo,Sankuru,Battles,Armed clash,3,3,257373,Political violence,725,-3.7708,23.4592
2022-11-12,Middle Africa,Democratic Republic of Congo,Sankuru,Battles,Armed clash,1,3,257373,Political violence,725,-3.7708,23.4592
2009-07-18,Middle Africa,Democratic Republic of Congo,Sankuru,Battles,Government regains territory,1,19,NA,Political violence,725,-3.7708,23.4592
2018-04-07,Middle Africa,Democratic Republic of Congo,Sankuru,Riots,Mob violence,1,2,1505,Political violence,725,-3.7708,23.4592
2019-02-09,Middle Africa,Democratic Republic of Congo,Sankuru,Riots,Mob violence,1,1,53372,Political violence,725,-3.7708,23.4592
2021-05-15,Middle Africa,Democratic Republic of Congo,Sankuru,Riots,Mob violence,1,2,57316,Political violence,725,-3.7708,23.4592
2025-03-29,Middle Africa,Democratic Republic of Congo,Sankuru,Riots,Mob violence,1,3,33040,Political violence,725,-3.7708,23.4592
2025-08-30,Middle Africa,Democratic Republic of Congo,Sankuru,Riots,Mob violence,1,3,178075,Political violence,725,-3.7708,23.4592
2025-10-04,Middle Africa,Democratic Republic of Congo,Sankuru,Riots,Mob violence,1,1,178075,Political violence,725,-3.7708,23.4592
2025-11-15,Middle Africa,Democratic Republic of Congo,Sankuru,Riots,Mob violence,1,3,NA,Political violence,725,-3.7708,23.4592
2011-12-10,Middle Africa,Democratic Republic of Congo,Sankuru,Violence against civilians,Attack,3,1,NA,Political violence,725,-3.7708,23.4592
2015-12-05,Middle Africa,Democratic Republic of Congo,Sankuru,Violence against civilians,Attack,1,1,198695,Political violence,725,-3.7708,23.4592
2019-08-10,Middle Africa,Democratic Republic of Congo,Sankuru,Violence against civilians,Attack,1,3,231785,Political violence,725,-3.7708,23.4592
2009-01-17,Middle Africa,Democratic Republic of Congo,Sud-Kivu,Battles,Armed clash,1,9,NA,Political violence,726,-3.297,28.1671
2009-01-24,Middle Africa,Democratic Republic of Congo,Sud-Kivu,Battles,Armed clash,2,1,NA,Political violence,726,-3.297,28.1671
2009-02-14,Middle Africa,Democratic Republic of Congo,Sud-Kivu,Battles,Armed clash,1,100,NA,Political violence,726,-3.297,28.1671
2009-04-04,Middle Africa,Democratic Republic of Congo,Sud-Kivu,Battles,Armed clash,4,4,NA,Political violence,726,-3.297,28.1671
2009-05-16,Middle Africa,Democratic Republic of Congo,Sud-Kivu,Battles,Armed clash,1,3,NA,Political violence,726,-3.297,28.1671
2009-07-11,Middle Africa,Democratic Republic of Congo,Sud-Kivu,Battles,Armed clash,1,250,NA,Political violence,726,-3.297,28.1671
2009-07-18,Middle Africa,Democratic Republic of Congo,Sud-Kivu,Battles,Armed clash,3,88,NA,Political violence,726,-3.297,28.1671
2009-08-01,Middle Africa,Democratic Republic of Congo,Sud-Kivu,Battles,Armed clash,2,7,NA,Political violence,726,-3.297,28.1671
2009-08-08,Middle Africa,Democratic Republic of Congo,Sud-Kivu,Battles,Armed clash,1,3,NA,Political violence,726,-3.297,28.1671
2009-08-15,Middle Africa,Democratic Republic of Congo,Sud-Kivu,Battles,Armed clash,1,250,NA,Political violence,726,-3.297,28.1671
2009-08-29,Middle Africa,Democratic Republic of Congo,Sud-Kivu,Battles,Armed clash,3,1074,NA,Political violence,726,-3.297,28.1671
2009-12-05,Middle Africa,Democratic Republic of Congo,Sud-Kivu,Battles,Armed clash,2,12,NA,Political violence,726,-3.297,28.1671
2009-12-12,Middle Africa,Democratic Republic of Congo,Sud-Kivu,Battles,Armed clash,1,10,NA,Political violence,726,-3.297,28.1671
2010-02-13,Middle Africa,Democratic Republic of Congo,Sud-Kivu,Battles,Armed clash,2,14,NA,Political violence,726,-3.297,28.1671
2010-02-20,Middle Africa,Democratic Republic of Congo,Sud-Kivu,Battles,Armed clash,1,3,NA,Political violence,726,-3.297,28.1671
2010-03-06,Middle Africa,Democratic Republic of Congo,Sud-Kivu,Battles,Armed clash,1,90,NA,Political violence,726,-3.297,28.1671
2010-11-06,Middle Africa,Democratic Republic of Congo,Sud-Kivu,Battles,Armed clash,3,20,NA,Political violence,726,-3.297,28.1671
2011-01-01,Middle Africa,Democratic Republic of Congo,Sud-Kivu,Battles,Armed clash,1,1,NA,Political violence,726,-3.297,28.1671
2011-01-22,Middle Africa,Democratic Republic of Congo,Sud-Kivu,Battles,Armed clash,2,6,NA,Political violence,726,-3.297,28.1671
2011-03-05,Middle Africa,Democratic Republic of Congo,Sud-Kivu,Battles,Armed clash,6,1,NA,Political violence,726,-3.297,28.1671
2011-03-12,Middle Africa,Democratic Republic of Congo,Sud-Kivu,Battles,Armed clash,8,3,NA,Political violence,726,-3.297,28.1671
2011-04-16,Middle Africa,Democratic Republic of Congo,Sud-Kivu,Battles,Armed clash,1,2,NA,Political violence,726,-3.297,28.1671
2011-07-09,Middle Africa,Democratic Republic of Congo,Sud-Kivu,Battles,Armed clash,3,2,NA,Political violence,726,-3.297,28.1671
2011-08-20,Middle Africa,Democratic Republic of Congo,Sud-Kivu,Battles,Armed clash,2,8,NA,Political violence,726,-3.297,28.1671
2011-08-27,Middle Africa,Democratic Republic of Congo,Sud-Kivu,Battles,Armed clash,2,1,NA,Political violence,726,-3.297,28.1671
2011-09-24,Middle Africa,Democratic Republic of Congo,Sud-Kivu,Battles,Armed clash,2,5,NA,Political violence,726,-3.297,28.1671
2011-10-15,Middle Africa,Democratic Republic of Congo,Sud-Kivu,Battles,Armed clash,2,1,NA,Political violence,726,-3.297,28.1671
2011-10-22,Middle Africa,Democratic Republic of Congo,Sud-Kivu,Battles,Armed clash,1,16,NA,Political violence,726,-3.297,28.1671
2011-12-03,Middle Africa,Democratic Republic of Congo,Sud-Kivu,Battles,Armed clash,2,6,NA,Political violence,726,-3.297,28.1671
2012-02-04,Middle Africa,Democratic Republic of Congo,Sud-Kivu,Battles,Armed clash,1,2,NA,Political violence,726,-3.297,28.1671
2012-04-07,Middle Africa,Democratic Republic of Congo,Sud-Kivu,Battles,Armed clash,1,2,NA,Political violence,726,-3.297,28.1671
2012-04-28,Middle Africa,Democratic Republic of Congo,Sud-Kivu,Battles,Armed clash,1,1,NA,Political violence,726,-3.297,28.1671
2012-05-26,Middle Africa,Democratic Republic of Congo,Sud-Kivu,Battles,Armed clash,2,1,NA,Political violence,726,-3.297,28.1671
2012-06-09,Middle Africa,Democratic Republic of Congo,Sud-Kivu,Battles,Armed clash,1,3,NA,Political violence,726,-3.297,28.1671
2012-06-16,Middle Africa,Democratic Republic of Congo,Sud-Kivu,Battles,Armed clash,4,12,NA,Political violence,726,-3.297,28.1671
2012-07-07,Middle Africa,Democratic Republic of Congo,Sud-Kivu,Battles,Armed clash,1,1,NA,Political violence,726,-3.297,28.1671
2012-07-14,Middle Africa,Democratic Republic of Congo,Sud-Kivu,Battles,Armed clash,4,1,NA,Political violence,726,-3.297,28.1671
2012-07-21,Middle Africa,Democratic Republic of Congo,Sud-Kivu,Battles,Armed clash,4,1,NA,Political violence,726,-3.297,28.1671
2012-07-28,Middle Africa,Democratic Republic of Congo,Sud-Kivu,Battles,Armed clash,4,30,NA,Political violence,726,-3.297,28.1671
2012-08-11,Middle Africa,Democratic Republic of Congo,Sud-Kivu,Battles,Armed clash,2,28,NA,Political violence,726,-3.297,28.1671
2012-08-18,Middle Africa,Democratic Republic of Congo,Sud-Kivu,Battles,Armed clash,12,11,NA,Political violence,726,-3.297,28.1671
2012-08-25,Middle Africa,Democratic Republic of Congo,Sud-Kivu,Battles,Armed clash,6,18,NA,Political violence,726,-3.297,28.1671
2012-09-01,Middle Africa,Democratic Republic of Congo,Sud-Kivu,Battles,Armed clash,1,12,NA,Political violence,726,-3.297,28.1671
2012-09-22,Middle Africa,Democratic Republic of Congo,Sud-Kivu,Battles,Armed clash,1,2,NA,Political violence,726,-3.297,28.1671
2012-10-06,Middle Africa,Democratic Republic of Congo,Sud-Kivu,Battles,Armed clash,1,4,NA,Political violence,726,-3.297,28.1671
2012-11-10,Middle Africa,Democratic Republic of Congo,Sud-Kivu,Battles,Armed clash,3,163,NA,Political violence,726,-3.297,28.1671
2012-12-22,Middle Africa,Democratic Republic of Congo,Sud-Kivu,Battles,Armed clash,2,2,NA,Political violence,726,-3.297,28.1671
2013-01-05,Middle Africa,Democratic Republic of Congo,Sud-Kivu,Battles,Armed clash,2,1,NA,Political violence,726,-3.297,28.1671
2013-02-16,Middle Africa,Democratic Republic of Congo,Sud-Kivu,Battles,Armed clash,1,1,NA,Political violence,726,-3.297,28.1671
2013-03-16,Middle Africa,Democratic Republic of Congo,Sud-Kivu,Battles,Armed clash,1,2,NA,Political violence,726,-3.297,28.1671
2013-04-13,Middle Africa,Democratic Republic of Congo,Sud-Kivu,Battles,Armed clash,2,1,NA,Political violence,726,-3.297,28.1671
2013-05-04,Middle Africa,Democratic Republic of Congo,Sud-Kivu,Battles,Armed clash,2,1,NA,Political violence,726,-3.297,28.1671
2013-06-01,Middle Africa,Democratic Republic of Congo,Sud-Kivu,Battles,Armed clash,1,2,NA,Political violence,726,-3.297,28.1671
2013-06-15,Middle Africa,Democratic Republic of Congo,Sud-Kivu,Battles,Armed clash,1,5,NA,Political violence,726,-3.297,28.1671
2013-08-10,Middle Africa,Democratic Republic of Congo,Sud-Kivu,Battles,Armed clash,2,17,NA,Political violence,726,-3.297,28.1671
2013-08-24,Middle Africa,Democratic Republic of Congo,Sud-Kivu,Battles,Armed clash,2,2,NA,Political violence,726,-3.297,28.1671
2013-10-05,Middle Africa,Democratic Republic of Congo,Sud-Kivu,Battles,Armed clash,1,2,NA,Political violence,726,-3.297,28.1671
2013-10-12,Middle Africa,Democratic Republic of Congo,Sud-Kivu,Battles,Armed clash,2,1,NA,Political violence,726,-3.297,28.1671
2013-11-09,Middle Africa,Democratic Republic of Congo,Sud-Kivu,Battles,Armed clash,1,2,NA,Political violence,726,-3.297,28.1671
2013-12-14,Middle Africa,Democratic Republic of Congo,Sud-Kivu,Battles,Armed clash,1,3,NA,Political violence,726,-3.297,28.1671
2014-02-01,Middle Africa,Democratic Republic of Congo,Sud-Kivu,Battles,Armed clash,1,3,NA,Political violence,726,-3.297,28.1671
2014-03-22,Middle Africa,Democratic Republic of Congo,Sud-Kivu,Battles,Armed clash,1,4,NA,Political violence,726,-3.297,28.1671
2014-04-12,Middle Africa,Democratic Republic of Congo,Sud-Kivu,Battles,Armed clash,1,1,NA,Political violence,726,-3.297,28.1671
2014-04-19,Middle Africa,Democratic Republic of Congo,Sud-Kivu,Battles,Armed clash,3,3,NA,Political violence,726,-3.297,28.1671
2014-05-03,Middle Africa,Democratic Republic of Congo,Sud-Kivu,Battles,Armed clash,3,3,NA,Political violence,726,-3.297,28.1671
2014-06-14,Middle Africa,Democratic Republic of Congo,Sud-Kivu,Battles,Armed clash,2,1,NA,Political violence,726,-3.297,28.1671
2014-06-28,Middle Africa,Democratic Republic of Congo,Sud-Kivu,Battles,Armed clash,3,23,NA,Political violence,726,-3.297,28.1671
2014-07-05,Middle Africa,Democratic Republic of Congo,Sud-Kivu,Battles,Armed clash,2,2,NA,Political violence,726,-3.297,28.1671
2014-07-12,Middle Africa,Democratic Republic of Congo,Sud-Kivu,Battles,Armed clash,4,2,NA,Political violence,726,-3.297,28.1671
2014-08-02,Middle Africa,Democratic Republic of Congo,Sud-Kivu,Battles,Armed clash,1,7,NA,Political violence,726,-3.297,28.1671
2014-08-09,Middle Africa,Democratic Republic of Congo,Sud-Kivu,Battles,Armed clash,3,4,NA,Political violence,726,-3.297,28.1671
2014-08-23,Middle Africa,Democratic Republic of Congo,Sud-Kivu,Battles,Armed clash,5,18,NA,Political violence,726,-3.297,28.1671
2014-09-06,Middle Africa,Democratic Republic of Congo,Sud-Kivu,Battles,Armed clash,1,1,NA,Political violence,726,-3.297,28.1671
2014-10-04,Middle Africa,Democratic Republic of Congo,Sud-Kivu,Battles,Armed clash,1,2,NA,Political violence,726,-3.297,28.1671
2014-10-18,Middle Africa,Democratic Republic of Congo,Sud-Kivu,Battles,Armed clash,4,12,NA,Political violence,726,-3.297,28.1671
2014-10-25,Middle Africa,Democratic Republic of Congo,Sud-Kivu,Battles,Armed clash,5,15,NA,Political violence,726,-3.297,28.1671
2014-11-01,Middle Africa,Democratic Republic of Congo,Sud-Kivu,Battles,Armed clash,2,3,NA,Political violence,726,-3.297,28.1671
2014-11-15,Middle Africa,Democratic Republic of Congo,Sud-Kivu,Battles,Armed clash,2,1,NA,Political violence,726,-3.297,28.1671
2014-11-22,Middle Africa,Democratic Republic of Congo,Sud-Kivu,Battles,Armed clash,1,1,NA,Political violence,726,-3.297,28.1671
2014-11-29,Middle Africa,Democratic Republic of Congo,Sud-Kivu,Battles,Armed clash,3,3,NA,Political violence,726,-3.297,28.1671
2014-12-06,Middle Africa,Democratic Republic of Congo,Sud-Kivu,Battles,Armed clash,1,4,NA,Political violence,726,-3.297,28.1671
2014-12-27,Middle Africa,Democratic Republic of Congo,Sud-Kivu,Battles,Armed clash,1,6,NA,Political violence,726,-3.297,28.1671
2015-01-10,Middle Africa,Democratic Republic of Congo,Sud-Kivu,Battles,Armed clash,1,3,15181,Political violence,726,-3.297,28.1671
2015-02-21,Middle Africa,Democratic Republic of Congo,Sud-Kivu,Battles,Armed clash,4,3,72410,Political violence,726,-3.297,28.1671
2015-02-28,Middle Africa,Democratic Republic of Congo,Sud-Kivu,Battles,Armed clash,2,4,411046,Political violence,726,-3.297,28.1671
2015-03-21,Middle Africa,Democratic Republic of Congo,Sud-Kivu,Battles,Armed clash,1,3,24083,Political violence,726,-3.297,28.1671
2015-03-28,Middle Africa,Democratic Republic of Congo,Sud-Kivu,Battles,Armed clash,2,2,53360,Political violence,726,-3.297,28.1671
2015-06-13,Middle Africa,Democratic Republic of Congo,Sud-Kivu,Battles,Armed clash,1,5,19299,Political violence,726,-3.297,28.1671
2015-06-27,Middle Africa,Democratic Republic of Congo,Sud-Kivu,Battles,Armed clash,4,4,326364,Political violence,726,-3.297,28.1671
2015-07-18,Middle Africa,Democratic Republic of Congo,Sud-Kivu,Battles,Armed clash,1,5,36924,Political violence,726,-3.297,28.1671
2015-08-08,Middle Africa,Democratic Republic of Congo,Sud-Kivu,Battles,Armed clash,2,1,29636,Political violence,726,-3.297,28.1671
2015-08-22,Middle Africa,Democratic Republic of Congo,Sud-Kivu,Battles,Armed clash,2,1,528309,Political violence,726,-3.297,28.1671
2015-08-29,Middle Africa,Democratic Republic of Congo,Sud-Kivu,Battles,Armed clash,1,2,24083,Political violence,726,-3.297,28.1671
2015-09-26,Middle Africa,Democratic Republic of Congo,Sud-Kivu,Battles,Armed clash,1,13,244313,Political violence,726,-3.297,28.1671
2015-10-03,Middle Africa,Democratic Republic of Congo,Sud-Kivu,Battles,Armed clash,1,1,564111,Political violence,726,-3.297,28.1671
2015-11-07,Middle Africa,Democratic Republic of Congo,Sud-Kivu,Battles,Armed clash,2,3,59941,Political violence,726,-3.297,28.1671
2015-12-19,Middle Africa,Democratic Republic of Congo,Sud-Kivu,Battles,Armed clash,2,3,77015,Political violence,726,-3.297,28.1671
2015-12-26,Middle Africa,Democratic Republic of Congo,Sud-Kivu,Battles,Armed clash,5,15,35858,Political violence,726,-3.297,28.1671
2016-01-02,Middle Africa,Democratic Republic of Congo,Sud-Kivu,Battles,Armed clash,1,6,37128,Political violence,726,-3.297,28.1671
2016-02-13,Middle Africa,Democratic Republic of Congo,Sud-Kivu,Battles,Armed clash,1,2,43381,Political violence,726,-3.297,28.1671
2016-03-26,Middle Africa,Democratic Republic of Congo,Sud-Kivu,Battles,Armed clash,1,1,10747,Political violence,726,-3.297,28.1671
2016-04-02,Middle Africa,Democratic Republic of Congo,Sud-Kivu,Battles,Armed clash,2,4,20483,Political violence,726,-3.297,28.1671
2016-05-21,Middle Africa,Democratic Republic of Congo,Sud-Kivu,Battles,Armed clash,2,3,61607,Political violence,726,-3.297,28.1671
2016-06-11,Middle Africa,Democratic Republic of Congo,Sud-Kivu,Battles,Armed clash,1,2,37128,Political violence,726,-3.297,28.1671
2016-07-23,Middle Africa,Democratic Republic of Congo,Sud-Kivu,Battles,Armed clash,1,1,10553,Political violence,726,-3.297,28.1671
2016-08-20,Middle Africa,Democratic Republic of Congo,Sud-Kivu,Battles,Armed clash,1,1,509592,Political violence,726,-3.297,28.1671
2016-11-05,Middle Africa,Democratic Republic of Congo,Sud-Kivu,Battles,Armed clash,3,2,15096,Political violence,726,-3.297,28.1671
2016-11-12,Middle Africa,Democratic Republic of Congo,Sud-Kivu,Battles,Armed clash,1,5,24962,Political violence,726,-3.297,28.1671
2016-11-26,Middle Africa,Democratic Republic of Congo,Sud-Kivu,Battles,Armed clash,1,6,4142,Political violence,726,-3.297,28.1671
2016-12-03,Middle Africa,Democratic Republic of Congo,Sud-Kivu,Battles,Armed clash,3,4,115245,Political violence,726,-3.297,28.1671
2016-12-10,Middle Africa,Democratic Republic of Congo,Sud-Kivu,Battles,Armed clash,1,1,9243,Political violence,726,-3.297,28.1671
2016-12-17,Middle Africa,Democratic Republic of Congo,Sud-Kivu,Battles,Armed clash,2,5,26585,Political violence,726,-3.297,28.1671
2016-12-31,Middle Africa,Democratic Republic of Congo,Sud-Kivu,Battles,Armed clash,3,1,50937,Political violence,726,-3.297,28.1671
2017-01-28,Middle Africa,Democratic Republic of Congo,Sud-Kivu,Battles,Armed clash,2,3,233376,Political violence,726,-3.297,28.1671
2017-02-11,Middle Africa,Democratic Republic of Congo,Sud-Kivu,Battles,Armed clash,5,6,116912,Political violence,726,-3.297,28.1671
2017-03-04,Middle Africa,Democratic Republic of Congo,Sud-Kivu,Battles,Armed clash,1,1,6977,Political violence,726,-3.297,28.1671
2017-04-08,Middle Africa,Democratic Republic of Congo,Sud-Kivu,Battles,Armed clash,2,5,3,Political violence,726,-3.297,28.1671
2017-05-27,Middle Africa,Democratic Republic of Congo,Sud-Kivu,Battles,Armed clash,5,10,26048,Political violence,726,-3.297,28.1671
2017-06-17,Middle Africa,Democratic Republic of Congo,Sud-Kivu,Battles,Armed clash,1,15,20900,Political violence,726,-3.297,28.1671
2017-06-24,Middle Africa,Democratic Republic of Congo,Sud-Kivu,Battles,Armed clash,6,24,87419,Political violence,726,-3.297,28.1671
2017-08-12,Middle Africa,Democratic Republic of Congo,Sud-Kivu,Battles,Armed clash,3,5,105851,Political violence,726,-3.297,28.1671
2017-09-23,Middle Africa,Democratic Republic of Congo,Sud-Kivu,Battles,Armed clash,4,6,491288,Political violence,726,-3.297,28.1671
2017-11-04,Middle Africa,Democratic Republic of Congo,Sud-Kivu,Battles,Armed clash,2,8,362659,Political violence,726,-3.297,28.1671
2017-11-25,Middle Africa,Democratic Republic of Congo,Sud-Kivu,Battles,Armed clash,4,6,226062,Political violence,726,-3.297,28.1671
2017-12-02,Middle Africa,Democratic Republic of Congo,Sud-Kivu,Battles,Armed clash,2,6,317231,Political violence,726,-3.297,28.1671
2017-12-16,Middle Africa,Democratic Republic of Congo,Sud-Kivu,Battles,Armed clash,3,9,194643,Political violence,726,-3.297,28.1671
2017-12-23,Middle Africa,Democratic Republic of Congo,Sud-Kivu,Battles,Armed clash,3,5,165336,Political violence,726,-3.297,28.1671
2017-12-30,Middle Africa,Democratic Republic of Congo,Sud-Kivu,Battles,Armed clash,3,12,81325,Political violence,726,-3.297,28.1671
2018-01-13,Middle Africa,Democratic Republic of Congo,Sud-Kivu,Battles,Armed clash,6,5,239896,Political violence,726,-3.297,28.1671
2018-01-20,Middle Africa,Democratic Republic of Congo,Sud-Kivu,Battles,Armed clash,3,1,174895,Political violence,726,-3.297,28.1671
2018-01-27,Middle Africa,Democratic Republic of Congo,Sud-Kivu,Battles,Armed clash,7,8,49790,Political violence,726,-3.297,28.1671
2018-02-03,Middle Africa,Democratic Republic of Congo,Sud-Kivu,Battles,Armed clash,2,2,87569,Political violence,726,-3.297,28.1671
2018-02-17,Middle Africa,Democratic Republic of Congo,Sud-Kivu,Battles,Armed clash,1,2,3923,Political violence,726,-3.297,28.1671
2018-02-24,Middle Africa,Democratic Republic of Congo,Sud-Kivu,Battles,Armed clash,2,1,106358,Political violence,726,-3.297,28.1671
2018-03-24,Middle Africa,Democratic Republic of Congo,Sud-Kivu,Battles,Armed clash,2,7,329967,Political violence,726,-3.297,28.1671
2018-03-31,Middle Africa,Democratic Republic of Congo,Sud-Kivu,Battles,Armed clash,4,1,46921,Political violence,726,-3.297,28.1671
2018-04-07,Middle Africa,Democratic Republic of Congo,Sud-Kivu,Battles,Armed clash,1,4,80689,Political violence,726,-3.297,28.1671
2018-04-14,Middle Africa,Democratic Republic of Congo,Sud-Kivu,Battles,Armed clash,1,1,47384,Political violence,726,-3.297,28.1671
2018-04-21,Middle Africa,Democratic Republic of Congo,Sud-Kivu,Battles,Armed clash,3,3,19489,Political violence,726,-3.297,28.1671
2018-04-28,Middle Africa,Democratic Republic of Congo,Sud-Kivu,Battles,Armed clash,7,12,38977,Political violence,726,-3.297,28.1671
2018-05-05,Middle Africa,Democratic Republic of Congo,Sud-Kivu,Battles,Armed clash,6,8,117948,Political violence,726,-3.297,28.1671
2018-05-12,Middle Africa,Democratic Republic of Congo,Sud-Kivu,Battles,Armed clash,2,2,12576,Political violence,726,-3.297,28.1671
2018-05-19,Middle Africa,Democratic Republic of Congo,Sud-Kivu,Battles,Armed clash,4,7,112008,Political violence,726,-3.297,28.1671
2018-06-09,Middle Africa,Democratic Republic of Congo,Sud-Kivu,Battles,Armed clash,2,1,99964,Political violence,726,-3.297,28.1671
2018-06-16,Middle Africa,Democratic Republic of Congo,Sud-Kivu,Battles,Armed clash,4,13,40188,Political violence,726,-3.297,28.1671
2018-06-23,Middle Africa,Democratic Republic of Congo,Sud-Kivu,Battles,Armed clash,3,1,62615,Political violence,726,-3.297,28.1671
2018-06-30,Middle Africa,Democratic Republic of Congo,Sud-Kivu,Battles,Armed clash,5,20,43683,Political violence,726,-3.297,28.1671
2018-07-07,Middle Africa,Democratic Republic of Congo,Sud-Kivu,Battles,Armed clash,3,15,16056,Political violence,726,-3.297,28.1671
2018-08-11,Middle Africa,Democratic Republic of Congo,Sud-Kivu,Battles,Armed clash,1,4,3105,Political violence,726,-3.297,28.1671
2018-08-18,Middle Africa,Democratic Republic of Congo,Sud-Kivu,Battles,Armed clash,3,4,40448,Political violence,726,-3.297,28.1671
2018-09-01,Middle Africa,Democratic Republic of Congo,Sud-Kivu,Battles,Armed clash,2,1,42246,Political violence,726,-3.297,28.1671
2018-09-08,Middle Africa,Democratic Republic of Congo,Sud-Kivu,Battles,Armed clash,1,3,12186,Political violence,726,-3.297,28.1671
2018-09-15,Middle Africa,Democratic Republic of Congo,Sud-Kivu,Battles,Armed clash,5,22,84247,Political violence,726,-3.297,28.1671
2018-10-20,Middle Africa,Democratic Republic of Congo,Sud-Kivu,Battles,Armed clash,5,5,102180,Political violence,726,-3.297,28.1671
2018-10-27,Middle Africa,Democratic Republic of Congo,Sud-Kivu,Battles,Armed clash,7,7,87761,Political violence,726,-3.297,28.1671
2018-11-03,Middle Africa,Democratic Republic of Congo,Sud-Kivu,Battles,Armed clash,6,12,101052,Political violence,726,-3.297,28.1671
2018-11-10,Middle Africa,Democratic Republic of Congo,Sud-Kivu,Battles,Armed clash,2,16,56760,Political violence,726,-3.297,28.1671
2018-12-01,Middle Africa,Democratic Republic of Congo,Sud-Kivu,Battles,Armed clash,3,15,36158,Political violence,726,-3.297,28.1671
2018-12-08,Middle Africa,Democratic Republic of Congo,Sud-Kivu,Battles,Armed clash,3,4,443106,Political violence,726,-3.297,28.1671
2018-12-15,Middle Africa,Democratic Republic of Congo,Sud-Kivu,Battles,Armed clash,2,1,22090,Political violence,726,-3.297,28.1671
2018-12-22,Middle Africa,Democratic Republic of Congo,Sud-Kivu,Battles,Armed clash,2,3,22743,Political violence,726,-3.297,28.1671
2019-01-12,Middle Africa,Democratic Republic of Congo,Sud-Kivu,Battles,Armed clash,4,17,28332,Political violence,726,-3.297,28.1671
2019-01-19,Middle Africa,Democratic Republic of Congo,Sud-Kivu,Battles,Armed clash,6,32,153758,Political violence,726,-3.297,28.1671
2019-01-26,Middle Africa,Democratic Republic of Congo,Sud-Kivu,Battles,Armed clash,3,3,95290,Political violence,726,-3.297,28.1671
2019-02-02,Middle Africa,Democratic Republic of Congo,Sud-Kivu,Battles,Armed clash,1,5,54945,Political violence,726,-3.297,28.1671
2019-02-09,Middle Africa,Democratic Republic of Congo,Sud-Kivu,Battles,Armed clash,2,8,57065,Political violence,726,-3.297,28.1671
2019-02-16,Middle Africa,Democratic Republic of Congo,Sud-Kivu,Battles,Armed clash,8,14,187390,Political violence,726,-3.297,28.1671
2019-02-23,Middle Africa,Democratic Republic of Congo,Sud-Kivu,Battles,Armed clash,4,14,75539,Political violence,726,-3.297,28.1671
2019-03-02,Middle Africa,Democratic Republic of Congo,Sud-Kivu,Battles,Armed clash,7,17,71226,Political violence,726,-3.297,28.1671
2019-03-09,Middle Africa,Democratic Republic of Congo,Sud-Kivu,Battles,Armed clash,1,3,3529,Political violence,726,-3.297,28.1671
2019-03-23,Middle Africa,Democratic Republic of Congo,Sud-Kivu,Battles,Armed clash,5,3,62395,Political violence,726,-3.297,28.1671
2019-03-30,Middle Africa,Democratic Republic of Congo,Sud-Kivu,Battles,Armed clash,8,19,79893,Political violence,726,-3.297,28.1671
2019-04-06,Middle Africa,Democratic Republic of Congo,Sud-Kivu,Battles,Armed clash,9,38,42902,Political violence,726,-3.297,28.1671
2019-04-13,Middle Africa,Democratic Republic of Congo,Sud-Kivu,Battles,Armed clash,5,9,54346,Political violence,726,-3.297,28.1671
2019-04-20,Middle Africa,Democratic Republic of Congo,Sud-Kivu,Battles,Armed clash,5,9,53404,Political violence,726,-3.297,28.1671
2019-05-11,Middle Africa,Democratic Republic of Congo,Sud-Kivu,Battles,Armed clash,3,6,49657,Political violence,726,-3.297,28.1671
2019-05-18,Middle Africa,Democratic Republic of Congo,Sud-Kivu,Battles,Armed clash,3,6,49599,Political violence,726,-3.297,28.1671
2019-05-25,Middle Africa,Democratic Republic of Congo,Sud-Kivu,Battles,Armed clash,3,12,109794,Political violence,726,-3.297,28.1671
2019-06-01,Middle Africa,Democratic Republic of Congo,Sud-Kivu,Battles,Armed clash,3,3,39619,Political violence,726,-3.297,28.1671
2019-06-08,Middle Africa,Democratic Republic of Congo,Sud-Kivu,Battles,Armed clash,3,13,55786,Political violence,726,-3.297,28.1671
2019-06-15,Middle Africa,Democratic Republic of Congo,Sud-Kivu,Battles,Armed clash,3,7,357340,Political violence,726,-3.297,28.1671
2019-06-22,Middle Africa,Democratic Republic of Congo,Sud-Kivu,Battles,Armed clash,9,29,72217,Political violence,726,-3.297,28.1671
2019-06-29,Middle Africa,Democratic Republic of Congo,Sud-Kivu,Battles,Armed clash,5,25,2742,Political violence,726,-3.297,28.1671
2019-07-13,Middle Africa,Democratic Republic of Congo,Sud-Kivu,Battles,Armed clash,2,1,60344,Political violence,726,-3.297,28.1671
2019-07-20,Middle Africa,Democratic Republic of Congo,Sud-Kivu,Battles,Armed clash,4,5,82350,Political violence,726,-3.297,28.1671
2019-07-27,Middle Africa,Democratic Republic of Congo,Sud-Kivu,Battles,Armed clash,2,4,21328,Political violence,726,-3.297,28.1671
2019-08-03,Middle Africa,Democratic Republic of Congo,Sud-Kivu,Battles,Armed clash,2,2,314530,Political violence,726,-3.297,28.1671
2019-08-17,Middle Africa,Democratic Republic of Congo,Sud-Kivu,Battles,Armed clash,2,1,55188,Political violence,726,-3.297,28.1671
2019-09-07,Middle Africa,Democratic Republic of Congo,Sud-Kivu,Battles,Armed clash,2,6,209,Political violence,726,-3.297,28.1671
2019-09-28,Middle Africa,Democratic Republic of Congo,Sud-Kivu,Battles,Armed clash,1,4,316,Political violence,726,-3.297,28.1671
2019-10-05,Middle Africa,Democratic Republic of Congo,Sud-Kivu,Battles,Armed clash,1,3,19082,Political violence,726,-3.297,28.1671
2019-10-19,Middle Africa,Democratic Republic of Congo,Sud-Kivu,Battles,Armed clash,4,2,12931,Political violence,726,-3.297,28.1671
2019-10-26,Middle Africa,Democratic Republic of Congo,Sud-Kivu,Battles,Armed clash,8,3,57869,Political violence,726,-3.297,28.1671
2019-11-02,Middle Africa,Democratic Republic of Congo,Sud-Kivu,Battles,Armed clash,6,1,3129,Political violence,726,-3.297,28.1671
2019-11-16,Middle Africa,Democratic Republic of Congo,Sud-Kivu,Battles,Armed clash,4,7,12128,Political violence,726,-3.297,28.1671
2019-11-23,Middle Africa,Democratic Republic of Congo,Sud-Kivu,Battles,Armed clash,3,4,18837,Political violence,726,-3.297,28.1671
2019-12-14,Middle Africa,Democratic Republic of Congo,Sud-Kivu,Battles,Armed clash,4,8,54738,Political violence,726,-3.297,28.1671
2019-12-28,Middle Africa,Democratic Republic of Congo,Sud-Kivu,Battles,Armed clash,2,9,6358,Political violence,726,-3.297,28.1671
2020-01-04,Middle Africa,Democratic Republic of Congo,Sud-Kivu,Battles,Armed clash,11,32,150259,Political violence,726,-3.297,28.1671
2020-01-11,Middle Africa,Democratic Republic of Congo,Sud-Kivu,Battles,Armed clash,4,21,14907,Political violence,726,-3.297,28.1671
2020-01-18,Middle Africa,Democratic Republic of Congo,Sud-Kivu,Battles,Armed clash,2,1,272505,Political violence,726,-3.297,28.1671
2020-01-25,Middle Africa,Democratic Republic of Congo,Sud-Kivu,Battles,Armed clash,7,7,172196,Political violence,726,-3.297,28.1671
2020-02-01,Middle Africa,Democratic Republic of Congo,Sud-Kivu,Battles,Armed clash,6,17,24032,Political violence,726,-3.297,28.1671
2020-02-08,Middle Africa,Democratic Republic of Congo,Sud-Kivu,Battles,Armed clash,3,3,10466,Political violence,726,-3.297,28.1671
2020-02-15,Middle Africa,Democratic Republic of Congo,Sud-Kivu,Battles,Armed clash,6,6,18376,Political violence,726,-3.297,28.1671
2020-03-07,Middle Africa,Democratic Republic of Congo,Sud-Kivu,Battles,Armed clash,4,4,50280,Political violence,726,-3.297,28.1671
2020-03-28,Middle Africa,Democratic Republic of Congo,Sud-Kivu,Battles,Armed clash,7,4,64769,Political violence,726,-3.297,28.1671
2020-04-04,Middle Africa,Democratic Republic of Congo,Sud-Kivu,Battles,Armed clash,2,1,11907,Political violence,726,-3.297,28.1671
2020-04-18,Middle Africa,Democratic Republic of Congo,Sud-Kivu,Battles,Armed clash,6,4,321902,Political violence,726,-3.297,28.1671
2020-04-25,Middle Africa,Democratic Republic of Congo,Sud-Kivu,Battles,Armed clash,5,22,21276,Political violence,726,-3.297,28.1671
2020-05-09,Middle Africa,Democratic Republic of Congo,Sud-Kivu,Battles,Armed clash,8,15,43668,Political violence,726,-3.297,28.1671
2020-05-23,Middle Africa,Democratic Republic of Congo,Sud-Kivu,Battles,Armed clash,9,31,34171,Political violence,726,-3.297,28.1671
2020-05-30,Middle Africa,Democratic Republic of Congo,Sud-Kivu,Battles,Armed clash,12,60,93175,Political violence,726,-3.297,28.1671
2020-06-06,Middle Africa,Democratic Republic of Congo,Sud-Kivu,Battles,Armed clash,2,1,175893,Political violence,726,-3.297,28.1671
2020-06-13,Middle Africa,Democratic Republic of Congo,Sud-Kivu,Battles,Armed clash,6,17,184795,Political violence,726,-3.297,28.1671
2020-06-20,Middle Africa,Democratic Republic of Congo,Sud-Kivu,Battles,Armed clash,5,5,12537,Political violence,726,-3.297,28.1671
2020-06-27,Middle Africa,Democratic Republic of Congo,Sud-Kivu,Battles,Armed clash,3,8,173999,Political violence,726,-3.297,28.1671
2020-07-04,Middle Africa,Democratic Republic of Congo,Sud-Kivu,Battles,Armed clash,5,2,36444,Political violence,726,-3.297,28.1671
2020-07-11,Middle Africa,Democratic Republic of Congo,Sud-Kivu,Battles,Armed clash,3,5,18914,Political violence,726,-3.297,28.1671
2020-08-01,Middle Africa,Democratic Republic of Congo,Sud-Kivu,Battles,Armed clash,2,1,28788,Political violence,726,-3.297,28.1671
2020-08-08,Middle Africa,Democratic Republic of Congo,Sud-Kivu,Battles,Armed clash,6,14,135705,Political violence,726,-3.297,28.1671
2020-08-15,Middle Africa,Democratic Republic of Congo,Sud-Kivu,Battles,Armed clash,6,14,13177,Political violence,726,-3.297,28.1671
2020-08-29,Middle Africa,Democratic Republic of Congo,Sud-Kivu,Battles,Armed clash,12,37,71254,Political violence,726,-3.297,28.1671
2020-09-05,Middle Africa,Democratic Republic of Congo,Sud-Kivu,Battles,Armed clash,6,13,214329,Political violence,726,-3.297,28.1671
2020-09-12,Middle Africa,Democratic Republic of Congo,Sud-Kivu,Battles,Armed clash,3,2,4230,Political violence,726,-3.297,28.1671
2020-10-03,Middle Africa,Democratic Republic of Congo,Sud-Kivu,Battles,Armed clash,7,10,37239,Political violence,726,-3.297,28.1671
2020-10-17,Middle Africa,Democratic Republic of Congo,Sud-Kivu,Battles,Armed clash,6,31,216983,Political violence,726,-3.297,28.1671
2020-10-24,Middle Africa,Democratic Republic of Congo,Sud-Kivu,Battles,Armed clash,14,13,115479,Political violence,726,-3.297,28.1671
2020-10-31,Middle Africa,Democratic Republic of Congo,Sud-Kivu,Battles,Armed clash,4,8,31061,Political violence,726,-3.297,28.1671
2020-11-07,Middle Africa,Democratic Republic of Congo,Sud-Kivu,Battles,Armed clash,3,5,5246,Political violence,726,-3.297,28.1671
2020-11-14,Middle Africa,Democratic Republic of Congo,Sud-Kivu,Battles,Armed clash,6,5,19626,Political violence,726,-3.297,28.1671
2020-11-21,Middle Africa,Democratic Republic of Congo,Sud-Kivu,Battles,Armed clash,7,1,21368,Political violence,726,-3.297,28.1671
2020-11-28,Middle Africa,Democratic Republic of Congo,Sud-Kivu,Battles,Armed clash,8,9,148490,Political violence,726,-3.297,28.1671
2020-12-05,Middle Africa,Democratic Republic of Congo,Sud-Kivu,Battles,Armed clash,10,19,230054,Political violence,726,-3.297,28.1671
2020-12-12,Middle Africa,Democratic Republic of Congo,Sud-Kivu,Battles,Armed clash,11,9,45483,Political violence,726,-3.297,28.1671
2020-12-19,Middle Africa,Democratic Republic of Congo,Sud-Kivu,Battles,Armed clash,13,43,227522,Political violence,726,-3.297,28.1671
2020-12-26,Middle Africa,Democratic Republic of Congo,Sud-Kivu,Battles,Armed clash,5,2,26397,Political violence,726,-3.297,28.1671
2021-01-02,Middle Africa,Democratic Republic of Congo,Sud-Kivu,Battles,Armed clash,11,7,39892,Political violence,726,-3.297,28.1671
2021-01-09,Middle Africa,Democratic Republic of Congo,Sud-Kivu,Battles,Armed clash,13,10,266882,Political violence,726,-3.297,28.1671
2021-01-16,Middle Africa,Democratic Republic of Congo,Sud-Kivu,Battles,Armed clash,2,1,144,Political violence,726,-3.297,28.1671
2021-01-23,Middle Africa,Democratic Republic of Congo,Sud-Kivu,Battles,Armed clash,9,33,14468,Political violence,726,-3.297,28.1671
2021-01-30,Middle Africa,Democratic Republic of Congo,Sud-Kivu,Battles,Armed clash,6,7,41964,Political violence,726,-3.297,28.1671
2021-02-06,Middle Africa,Democratic Republic of Congo,Sud-Kivu,Battles,Armed clash,3,1,32558,Political violence,726,-3.297,28.1671
2021-02-13,Middle Africa,Democratic Republic of Congo,Sud-Kivu,Battles,Armed clash,3,1,264744,Political violence,726,-3.297,28.1671
2021-02-20,Middle Africa,Democratic Republic of Congo,Sud-Kivu,Battles,Armed clash,1,1,6064,Political violence,726,-3.297,28.1671
2021-02-27,Middle Africa,Democratic Republic of Congo,Sud-Kivu,Battles,Armed clash,5,6,7384,Political violence,726,-3.297,28.1671
2021-03-06,Middle Africa,Democratic Republic of Congo,Sud-Kivu,Battles,Armed clash,3,2,2852,Political violence,726,-3.297,28.1671
2021-03-13,Middle Africa,Democratic Republic of Congo,Sud-Kivu,Battles,Armed clash,5,12,8908,Political violence,726,-3.297,28.1671
2021-03-20,Middle Africa,Democratic Republic of Congo,Sud-Kivu,Battles,Armed clash,9,8,29167,Political violence,726,-3.297,28.1671
2021-03-27,Middle Africa,Democratic Republic of Congo,Sud-Kivu,Battles,Armed clash,7,3,275029,Political violence,726,-3.297,28.1671
2021-04-03,Middle Africa,Democratic Republic of Congo,Sud-Kivu,Battles,Armed clash,27,32,172926,Political violence,726,-3.297,28.1671
2021-04-10,Middle Africa,Democratic Republic of Congo,Sud-Kivu,Battles,Armed clash,8,5,2927,Political violence,726,-3.297,28.1671
2021-04-17,Middle Africa,Democratic Republic of Congo,Sud-Kivu,Battles,Armed clash,14,13,209018,Political violence,726,-3.297,28.1671
2021-04-24,Middle Africa,Democratic Republic of Congo,Sud-Kivu,Battles,Armed clash,12,8,30704,Political violence,726,-3.297,28.1671
2021-05-08,Middle Africa,Democratic Republic of Congo,Sud-Kivu,Battles,Armed clash,10,26,175658,Political violence,726,-3.297,28.1671
2021-05-15,Middle Africa,Democratic Republic of Congo,Sud-Kivu,Battles,Armed clash,8,4,46053,Political violence,726,-3.297,28.1671
2021-05-22,Middle Africa,Democratic Republic of Congo,Sud-Kivu,Battles,Armed clash,9,2,68086,Political violence,726,-3.297,28.1671
2021-05-29,Middle Africa,Democratic Republic of Congo,Sud-Kivu,Battles,Armed clash,15,15,23045,Political violence,726,-3.297,28.1671
2021-06-05,Middle Africa,Democratic Republic of Congo,Sud-Kivu,Battles,Armed clash,8,3,20470,Political violence,726,-3.297,28.1671
2021-06-12,Middle Africa,Democratic Republic of Congo,Sud-Kivu,Battles,Armed clash,11,12,150161,Political violence,726,-3.297,28.1671
2021-06-19,Middle Africa,Democratic Republic of Congo,Sud-Kivu,Battles,Armed clash,8,14,17286,Political violence,726,-3.297,28.1671
2021-07-03,Middle Africa,Democratic Republic of Congo,Sud-Kivu,Battles,Armed clash,9,18,37615,Political violence,726,-3.297,28.1671
2021-07-10,Middle Africa,Democratic Republic of Congo,Sud-Kivu,Battles,Armed clash,10,15,23128,Political violence,726,-3.297,28.1671
2021-07-17,Middle Africa,Democratic Republic of Congo,Sud-Kivu,Battles,Armed clash,8,12,326322,Political violence,726,-3.297,28.1671
2021-07-24,Middle Africa,Democratic Republic of Congo,Sud-Kivu,Battles,Armed clash,5,9,50050,Political violence,726,-3.297,28.1671
2021-08-07,Middle Africa,Democratic Republic of Congo,Sud-Kivu,Battles,Armed clash,8,16,12261,Political violence,726,-3.297,28.1671
2021-08-14,Middle Africa,Democratic Republic of Congo,Sud-Kivu,Battles,Armed clash,8,2,31201,Political violence,726,-3.297,28.1671
2021-08-21,Middle Africa,Democratic Republic of Congo,Sud-Kivu,Battles,Armed clash,5,3,44092,Political violence,726,-3.297,28.1671
2021-08-28,Middle Africa,Democratic Republic of Congo,Sud-Kivu,Battles,Armed clash,3,3,12350,Political violence,726,-3.297,28.1671
2021-09-04,Middle Africa,Democratic Republic of Congo,Sud-Kivu,Battles,Armed clash,5,6,14535,Political violence,726,-3.297,28.1671
2021-09-11,Middle Africa,Democratic Republic of Congo,Sud-Kivu,Battles,Armed clash,4,5,25969,Political violence,726,-3.297,28.1671
2021-09-18,Middle Africa,Democratic Republic of Congo,Sud-Kivu,Battles,Armed clash,7,1,187590,Political violence,726,-3.297,28.1671
2021-09-25,Middle Africa,Democratic Republic of Congo,Sud-Kivu,Battles,Armed clash,7,13,94086,Political violence,726,-3.297,28.1671
2021-10-02,Middle Africa,Democratic Republic of Congo,Sud-Kivu,Battles,Armed clash,5,4,13628,Political violence,726,-3.297,28.1671
2021-10-09,Middle Africa,Democratic Republic of Congo,Sud-Kivu,Battles,Armed clash,15,21,227879,Political violence,726,-3.297,28.1671
2021-10-16,Middle Africa,Democratic Republic of Congo,Sud-Kivu,Battles,Armed clash,4,6,153,Political violence,726,-3.297,28.1671
2021-10-23,Middle Africa,Democratic Republic of Congo,Sud-Kivu,Battles,Armed clash,9,30,112997,Political violence,726,-3.297,28.1671
2021-10-30,Middle Africa,Democratic Republic of Congo,Sud-Kivu,Battles,Armed clash,15,30,480125,Political violence,726,-3.297,28.1671
2021-11-06,Middle Africa,Democratic Republic of Congo,Sud-Kivu,Battles,Armed clash,11,7,95909,Political violence,726,-3.297,28.1671
2021-11-13,Middle Africa,Democratic Republic of Congo,Sud-Kivu,Battles,Armed clash,16,18,133716,Political violence,726,-3.297,28.1671
2021-11-20,Middle Africa,Democratic Republic of Congo,Sud-Kivu,Battles,Armed clash,10,16,266204,Political violence,726,-3.297,28.1671
2021-11-27,Middle Africa,Democratic Republic of Congo,Sud-Kivu,Battles,Armed clash,13,12,60726,Political violence,726,-3.297,28.1671
2021-12-04,Middle Africa,Democratic Republic of Congo,Sud-Kivu,Battles,Armed clash,6,4,59405,Political violence,726,-3.297,28.1671
2021-12-11,Middle Africa,Democratic Republic of Congo,Sud-Kivu,Battles,Armed clash,19,16,84286,Political violence,726,-3.297,28.1671
2021-12-18,Middle Africa,Democratic Republic of Congo,Sud-Kivu,Battles,Armed clash,6,4,145140,Political violence,726,-3.297,28.1671
2021-12-25,Middle Africa,Democratic Republic of Congo,Sud-Kivu,Battles,Armed clash,10,40,85376,Political violence,726,-3.297,28.1671
2022-01-01,Middle Africa,Democratic Republic of Congo,Sud-Kivu,Battles,Armed clash,11,28,20606,Political violence,726,-3.297,28.1671
2022-01-08,Middle Africa,Democratic Republic of Congo,Sud-Kivu,Battles,Armed clash,11,3,188427,Political violence,726,-3.297,28.1671
2022-01-15,Middle Africa,Democratic Republic of Congo,Sud-Kivu,Battles,Armed clash,11,13,344270,Political violence,726,-3.297,28.1671
2022-01-22,Middle Africa,Democratic Republic of Congo,Sud-Kivu,Battles,Armed clash,24,58,193811,Political violence,726,-3.297,28.1671
2022-01-29,Middle Africa,Democratic Republic of Congo,Sud-Kivu,Battles,Armed clash,14,51,83673,Political violence,726,-3.297,28.1671
2022-02-05,Middle Africa,Democratic Republic of Congo,Sud-Kivu,Battles,Armed clash,9,13,16130,Political violence,726,-3.297,28.1671
2022-02-12,Middle Africa,Democratic Republic of Congo,Sud-Kivu,Battles,Armed clash,15,47,41404,Political violence,726,-3.297,28.1671
2022-02-19,Middle Africa,Democratic Republic of Congo,Sud-Kivu,Battles,Armed clash,6,5,13240,Political violence,726,-3.297,28.1671
2022-02-26,Middle Africa,Democratic Republic of Congo,Sud-Kivu,Battles,Armed clash,8,3,50602,Political violence,726,-3.297,28.1671
2022-03-05,Middle Africa,Democratic Republic of Congo,Sud-Kivu,Battles,Armed clash,4,3,48193,Political violence,726,-3.297,28.1671
2022-03-19,Middle Africa,Democratic Republic of Congo,Sud-Kivu,Battles,Armed clash,6,6,43929,Political violence,726,-3.297,28.1671
2022-03-26,Middle Africa,Democratic Republic of Congo,Sud-Kivu,Battles,Armed clash,6,6,20641,Political violence,726,-3.297,28.1671
2022-04-09,Middle Africa,Democratic Republic of Congo,Sud-Kivu,Battles,Armed clash,9,14,10060,Political violence,726,-3.297,28.1671
2022-04-16,Middle Africa,Democratic Republic of Congo,Sud-Kivu,Battles,Armed clash,5,4,6685,Political violence,726,-3.297,28.1671
2022-04-23,Middle Africa,Democratic Republic of Congo,Sud-Kivu,Battles,Armed clash,8,36,16906,Political violence,726,-3.297,28.1671
2022-04-30,Middle Africa,Democratic Republic of Congo,Sud-Kivu,Battles,Armed clash,9,10,48993,Political violence,726,-3.297,28.1671
2022-05-07,Middle Africa,Democratic Republic of Congo,Sud-Kivu,Battles,Armed clash,27,16,34061,Political violence,726,-3.297,28.1671
2022-05-14,Middle Africa,Democratic Republic of Congo,Sud-Kivu,Battles,Armed clash,4,1,NA,Political violence,726,-3.297,28.1671
2022-05-21,Middle Africa,Democratic Republic of Congo,Sud-Kivu,Battles,Armed clash,6,61,48372,Political violence,726,-3.297,28.1671
2022-05-28,Middle Africa,Democratic Republic of Congo,Sud-Kivu,Battles,Armed clash,11,9,2657,Political violence,726,-3.297,28.1671
2022-06-04,Middle Africa,Democratic Republic of Congo,Sud-Kivu,Battles,Armed clash,16,19,30937,Political violence,726,-3.297,28.1671
2022-06-11,Middle Africa,Democratic Republic of Congo,Sud-Kivu,Battles,Armed clash,7,4,NA,Political violence,726,-3.297,28.1671
2022-06-18,Middle Africa,Democratic Republic of Congo,Sud-Kivu,Battles,Armed clash,14,12,21314,Political violence,726,-3.297,28.1671
2022-06-25,Middle Africa,Democratic Republic of Congo,Sud-Kivu,Battles,Armed clash,20,14,38209,Political violence,726,-3.297,28.1671
2022-07-02,Middle Africa,Democratic Republic of Congo,Sud-Kivu,Battles,Armed clash,6,4,10132,Political violence,726,-3.297,28.1671
2022-07-09,Middle Africa,Democratic Republic of Congo,Sud-Kivu,Battles,Armed clash,9,18,23025,Political violence,726,-3.297,28.1671
2022-07-30,Middle Africa,Democratic Republic of Congo,Sud-Kivu,Battles,Armed clash,9,6,32813,Political violence,726,-3.297,28.1671
2022-08-13,Middle Africa,Democratic Republic of Congo,Sud-Kivu,Battles,Armed clash,2,21,4203,Political violence,726,-3.297,28.1671
2022-08-20,Middle Africa,Democratic Republic of Congo,Sud-Kivu,Battles,Armed clash,4,1,2211,Political violence,726,-3.297,28.1671
2022-08-27,Middle Africa,Democratic Republic of Congo,Sud-Kivu,Battles,Armed clash,3,1,31537,Political violence,726,-3.297,28.1671
2022-09-10,Middle Africa,Democratic Republic of Congo,Sud-Kivu,Battles,Armed clash,1,1,14058,Political violence,726,-3.297,28.1671
2022-09-17,Middle Africa,Democratic Republic of Congo,Sud-Kivu,Battles,Armed clash,1,20,126,Political violence,726,-3.297,28.1671
2022-09-24,Middle Africa,Democratic Republic of Congo,Sud-Kivu,Battles,Armed clash,3,1,20746,Political violence,726,-3.297,28.1671
2022-10-01,Middle Africa,Democratic Republic of Congo,Sud-Kivu,Battles,Armed clash,3,4,40420,Political violence,726,-3.297,28.1671
2022-10-08,Middle Africa,Democratic Republic of Congo,Sud-Kivu,Battles,Armed clash,4,2,32705,Political violence,726,-3.297,28.1671
2022-10-22,Middle Africa,Democratic Republic of Congo,Sud-Kivu,Battles,Armed clash,3,6,21647,Political violence,726,-3.297,28.1671
2022-11-05,Middle Africa,Democratic Republic of Congo,Sud-Kivu,Battles,Armed clash,5,7,9311,Political violence,726,-3.297,28.1671
2022-11-26,Middle Africa,Democratic Republic of Congo,Sud-Kivu,Battles,Armed clash,2,1,8364,Political violence,726,-3.297,28.1671
2022-12-17,Middle Africa,Democratic Republic of Congo,Sud-Kivu,Battles,Armed clash,11,6,152578,Political violence,726,-3.297,28.1671
2022-12-24,Middle Africa,Democratic Republic of Congo,Sud-Kivu,Battles,Armed clash,6,15,8255,Political violence,726,-3.297,28.1671
2022-12-31,Middle Africa,Democratic Republic of Congo,Sud-Kivu,Battles,Armed clash,2,1,2392,Political violence,726,-3.297,28.1671
2023-01-07,Middle Africa,Democratic Republic of Congo,Sud-Kivu,Battles,Armed clash,4,1,101300,Political violence,726,-3.297,28.1671
2023-01-14,Middle Africa,Democratic Republic of Congo,Sud-Kivu,Battles,Armed clash,14,19,22969,Political violence,726,-3.297,28.1671
2023-02-11,Middle Africa,Democratic Republic of Congo,Sud-Kivu,Battles,Armed clash,1,1,142128,Political violence,726,-3.297,28.1671
2023-02-25,Middle Africa,Democratic Republic of Congo,Sud-Kivu,Battles,Armed clash,2,1,89072,Political violence,726,-3.297,28.1671
2023-03-11,Middle Africa,Democratic Republic of Congo,Sud-Kivu,Battles,Armed clash,5,5,32665,Political violence,726,-3.297,28.1671
2023-04-01,Middle Africa,Democratic Republic of Congo,Sud-Kivu,Battles,Armed clash,2,1,4536,Political violence,726,-3.297,28.1671
2023-05-27,Middle Africa,Democratic Republic of Congo,Sud-Kivu,Battles,Armed clash,3,6,21079,Political violence,726,-3.297,28.1671
2023-06-24,Middle Africa,Democratic Republic of Congo,Sud-Kivu,Battles,Armed clash,1,1,67407,Political violence,726,-3.297,28.1671
2023-07-08,Middle Africa,Democratic Republic of Congo,Sud-Kivu,Battles,Armed clash,1,2,1622,Political violence,726,-3.297,28.1671
2023-08-05,Middle Africa,Democratic Republic of Congo,Sud-Kivu,Battles,Armed clash,1,1,NA,Political violence,726,-3.297,28.1671
2023-08-19,Middle Africa,Democratic Republic of Congo,Sud-Kivu,Battles,Armed clash,2,4,15516,Political violence,726,-3.297,28.1671
2023-08-26,Middle Africa,Democratic Republic of Congo,Sud-Kivu,Battles,Armed clash,2,8,9349,Political violence,726,-3.297,28.1671
2023-09-09,Middle Africa,Democratic Republic of Congo,Sud-Kivu,Battles,Armed clash,1,1,144588,Political violence,726,-3.297,28.1671
2023-09-16,Middle Africa,Democratic Republic of Congo,Sud-Kivu,Battles,Armed clash,2,2,9929,Political violence,726,-3.297,28.1671
2023-09-30,Middle Africa,Democratic Republic of Congo,Sud-Kivu,Battles,Armed clash,6,6,15593,Political violence,726,-3.297,28.1671
2023-11-04,Middle Africa,Democratic Republic of Congo,Sud-Kivu,Battles,Armed clash,1,1,7134,Political violence,726,-3.297,28.1671
2023-11-11,Middle Africa,Democratic Republic of Congo,Sud-Kivu,Battles,Armed clash,1,1,49744,Political violence,726,-3.297,28.1671
2023-11-25,Middle Africa,Democratic Republic of Congo,Sud-Kivu,Battles,Armed clash,1,2,57364,Political violence,726,-3.297,28.1671
2023-12-02,Middle Africa,Democratic Republic of Congo,Sud-Kivu,Battles,Armed clash,6,14,194974,Political violence,726,-3.297,28.1671
2023-12-23,Middle Africa,Democratic Republic of Congo,Sud-Kivu,Battles,Armed clash,3,4,134450,Political violence,726,-3.297,28.1671
2023-12-30,Middle Africa,Democratic Republic of Congo,Sud-Kivu,Battles,Armed clash,1,3,259,Political violence,726,-3.297,28.1671
2024-01-27,Middle Africa,Democratic Republic of Congo,Sud-Kivu,Battles,Armed clash,1,70,76177,Political violence,726,-3.297,28.1671
2024-03-02,Middle Africa,Democratic Republic of Congo,Sud-Kivu,Battles,Armed clash,1,3,2868,Political violence,726,-3.297,28.1671
2024-03-16,Middle Africa,Democratic Republic of Congo,Sud-Kivu,Battles,Armed clash,2,1,89669,Political violence,726,-3.297,28.1671
2024-03-23,Middle Africa,Democratic Republic of Congo,Sud-Kivu,Battles,Armed clash,2,14,87550,Political violence,726,-3.297,28.1671
2024-03-30,Middle Africa,Democratic Republic of Congo,Sud-Kivu,Battles,Armed clash,1,2,280,Political violence,726,-3.297,28.1671
2024-06-15,Middle Africa,Democratic Republic of Congo,Sud-Kivu,Battles,Armed clash,2,5,67747,Political violence,726,-3.297,28.1671
2024-08-10,Middle Africa,Democratic Republic of Congo,Sud-Kivu,Battles,Armed clash,1,4,NA,Political violence,726,-3.297,28.1671
2024-08-24,Middle Africa,Democratic Republic of Congo,Sud-Kivu,Battles,Armed clash,1,7,61,Political violence,726,-3.297,28.1671
2024-09-14,Middle Africa,Democratic Republic of Congo,Sud-Kivu,Battles,Armed clash,1,1,27657,Political violence,726,-3.297,28.1671
2024-09-21,Middle Africa,Democratic Republic of Congo,Sud-Kivu,Battles,Armed clash,4,40,31302,Political violence,726,-3.297,28.1671
2024-10-12,Middle Africa,Democratic Republic of Congo,Sud-Kivu,Battles,Armed clash,1,1,12297,Political violence,726,-3.297,28.1671
2024-10-19,Middle Africa,Democratic Republic of Congo,Sud-Kivu,Battles,Armed clash,7,62,7611,Political violence,726,-3.297,28.1671
2024-10-26,Middle Africa,Democratic Republic of Congo,Sud-Kivu,Battles,Armed clash,6,19,43758,Political violence,726,-3.297,28.1671
2024-11-02,Middle Africa,Democratic Republic of Congo,Sud-Kivu,Battles,Armed clash,3,1,50231,Political violence,726,-3.297,28.1671
2024-11-09,Middle Africa,Democratic Republic of Congo,Sud-Kivu,Battles,Armed clash,1,20,3582,Political violence,726,-3.297,28.1671
2024-11-23,Middle Africa,Democratic Republic of Congo,Sud-Kivu,Battles,Armed clash,4,3,15352,Political violence,726,-3.297,28.1671
2024-12-14,Middle Africa,Democratic Republic of Congo,Sud-Kivu,Battles,Armed clash,1,4,37165,Political violence,726,-3.297,28.1671
2024-12-21,Middle Africa,Democratic Republic of Congo,Sud-Kivu,Battles,Armed clash,3,50,25576,Political violence,726,-3.297,28.1671
2025-01-18,Middle Africa,Democratic Republic of Congo,Sud-Kivu,Battles,Armed clash,9,9,112528,Political violence,726,-3.297,28.1671
2025-02-01,Middle Africa,Democratic Republic of Congo,Sud-Kivu,Battles,Armed clash,9,1,86268,Political violence,726,-3.297,28.1671
2025-02-08,Middle Africa,Democratic Republic of Congo,Sud-Kivu,Battles,Armed clash,7,5,63269,Political violence,726,-3.297,28.1671
2025-02-15,Middle Africa,Democratic Republic of Congo,Sud-Kivu,Battles,Armed clash,12,47,494293,Political violence,726,-3.297,28.1671
2025-02-22,Middle Africa,Democratic Republic of Congo,Sud-Kivu,Battles,Armed clash,5,30,46206,Political violence,726,-3.297,28.1671
2025-03-01,Middle Africa,Democratic Republic of Congo,Sud-Kivu,Battles,Armed clash,22,3,693807,Political violence,726,-3.297,28.1671
2025-03-08,Middle Africa,Democratic Republic of Congo,Sud-Kivu,Battles,Armed clash,6,13,290551,Political violence,726,-3.297,28.1671
2025-03-15,Middle Africa,Democratic Republic of Congo,Sud-Kivu,Battles,Armed clash,27,13,599232,Political violence,726,-3.297,28.1671
2025-03-22,Middle Africa,Democratic Republic of Congo,Sud-Kivu,Battles,Armed clash,18,1,533967,Political violence,726,-3.297,28.1671
2025-03-29,Middle Africa,Democratic Republic of Congo,Sud-Kivu,Battles,Armed clash,5,24,299512,Political violence,726,-3.297,28.1671
2025-04-05,Middle Africa,Democratic Republic of Congo,Sud-Kivu,Battles,Armed clash,21,12,358387,Political violence,726,-3.297,28.1671
2025-04-12,Middle Africa,Democratic Republic of Congo,Sud-Kivu,Battles,Armed clash,15,25,362637,Political violence,726,-3.297,28.1671
2025-04-19,Middle Africa,Democratic Republic of Congo,Sud-Kivu,Battles,Armed clash,9,1,187586,Political violence,726,-3.297,28.1671
2025-04-26,Middle Africa,Democratic Republic of Congo,Sud-Kivu,Battles,Armed clash,14,1,452642,Political violence,726,-3.297,28.1671
2025-05-03,Middle Africa,Democratic Republic of Congo,Sud-Kivu,Battles,Armed clash,2,6,87266,Political violence,726,-3.297,28.1671
2025-05-24,Middle Africa,Democratic Republic of Congo,Sud-Kivu,Battles,Armed clash,3,13,56139,Political violence,726,-3.297,28.1671
2025-05-31,Middle Africa,Democratic Republic of Congo,Sud-Kivu,Battles,Armed clash,6,2,93495,Political violence,726,-3.297,28.1671
2025-06-07,Middle Africa,Democratic Republic of Congo,Sud-Kivu,Battles,Armed clash,2,12,294051,Political violence,726,-3.297,28.1671
2025-06-14,Middle Africa,Democratic Republic of Congo,Sud-Kivu,Battles,Armed clash,27,16,654043,Political violence,726,-3.297,28.1671
2025-06-21,Middle Africa,Democratic Republic of Congo,Sud-Kivu,Battles,Armed clash,20,11,401543,Political violence,726,-3.297,28.1671
2025-06-28,Middle Africa,Democratic Republic of Congo,Sud-Kivu,Battles,Armed clash,8,7,82118,Political violence,726,-3.297,28.1671
2025-07-12,Middle Africa,Democratic Republic of Congo,Sud-Kivu,Battles,Armed clash,13,8,239530,Political violence,726,-3.297,28.1671
2025-07-19,Middle Africa,Democratic Republic of Congo,Sud-Kivu,Battles,Armed clash,9,3,51838,Political violence,726,-3.297,28.1671
2025-08-02,Middle Africa,Democratic Republic of Congo,Sud-Kivu,Battles,Armed clash,18,14,166997,Political violence,726,-3.297,28.1671
2025-08-23,Middle Africa,Democratic Republic of Congo,Sud-Kivu,Battles,Armed clash,19,70,137654,Political violence,726,-3.297,28.1671
2025-08-30,Middle Africa,Democratic Republic of Congo,Sud-Kivu,Battles,Armed clash,2,6,53362,Political violence,726,-3.297,28.1671
2025-09-13,Middle Africa,Democratic Republic of Congo,Sud-Kivu,Battles,Armed clash,14,15,116849,Political violence,726,-3.297,28.1671
2025-09-27,Middle Africa,Democratic Republic of Congo,Sud-Kivu,Battles,Armed clash,3,4,238192,Political violence,726,-3.297,28.1671
2025-10-04,Middle Africa,Democratic Republic of Congo,Sud-Kivu,Battles,Armed clash,8,11,151837,Political violence,726,-3.297,28.1671
2025-10-11,Middle Africa,Democratic Republic of Congo,Sud-Kivu,Battles,Armed clash,8,2,172743,Political violence,726,-3.297,28.1671
2025-10-18,Middle Africa,Democratic Republic of Congo,Sud-Kivu,Battles,Armed clash,6,9,138965,Political violence,726,-3.297,28.1671
2025-10-25,Middle Africa,Democratic Republic of Congo,Sud-Kivu,Battles,Armed clash,8,3,139328,Political violence,726,-3.297,28.1671
2025-11-01,Middle Africa,Democratic Republic of Congo,Sud-Kivu,Battles,Armed clash,13,3,84373,Political violence,726,-3.297,28.1671
2025-11-08,Middle Africa,Democratic Republic of Congo,Sud-Kivu,Battles,Armed clash,11,4,222221,Political violence,726,-3.297,28.1671
2025-11-15,Middle Africa,Democratic Republic of Congo,Sud-Kivu,Battles,Armed clash,19,9,72913,Political violence,726,-3.297,28.1671
2025-11-22,Middle Africa,Democratic Republic of Congo,Sud-Kivu,Battles,Armed clash,8,13,50283,Political violence,726,-3.297,28.1671
2025-11-29,Middle Africa,Democratic Republic of Congo,Sud-Kivu,Battles,Armed clash,36,133,296178,Political violence,726,-3.297,28.1671
2025-12-06,Middle Africa,Democratic Republic of Congo,Sud-Kivu,Battles,Armed clash,17,55,513506,Political violence,726,-3.297,28.1671
2025-12-13,Middle Africa,Democratic Republic of Congo,Sud-Kivu,Battles,Armed clash,11,1,147803,Political violence,726,-3.297,28.1671
2025-12-20,Middle Africa,Democratic Republic of Congo,Sud-Kivu,Battles,Armed clash,27,4,282388,Political violence,726,-3.297,28.1671
2026-01-03,Middle Africa,Democratic Republic of Congo,Sud-Kivu,Battles,Armed clash,15,6,108968,Political violence,726,-3.297,28.1671
2026-01-10,Middle Africa,Democratic Republic of Congo,Sud-Kivu,Battles,Armed clash,14,192,49388,Political violence,726,-3.297,28.1671
2026-01-31,Middle Africa,Democratic Republic of Congo,Sud-Kivu,Battles,Armed clash,11,35,NA,Political violence,726,-3.297,28.1671
2026-02-07,Middle Africa,Democratic Republic of Congo,Sud-Kivu,Battles,Armed clash,11,15,NA,Political violence,726,-3.297,28.1671
2009-08-01,Middle Africa,Democratic Republic of Congo,Sud-Kivu,Battles,Government regains territory,1,24,NA,Political violence,726,-3.297,28.1671
2009-09-19,Middle Africa,Democratic Republic of Congo,Sud-Kivu,Battles,Government regains territory,4,13,NA,Political violence,726,-3.297,28.1671
2011-03-12,Middle Africa,Democratic Republic of Congo,Sud-Kivu,Battles,Government regains territory,4,16,NA,Political violence,726,-3.297,28.1671
2011-08-27,Middle Africa,Democratic Republic of Congo,Sud-Kivu,Battles,Government regains territory,3,40,NA,Political violence,726,-3.297,28.1671
2012-05-26,Middle Africa,Democratic Republic of Congo,Sud-Kivu,Battles,Government regains territory,1,5,NA,Political violence,726,-3.297,28.1671
2012-08-18,Middle Africa,Democratic Republic of Congo,Sud-Kivu,Battles,Government regains territory,1,6,NA,Political violence,726,-3.297,28.1671
2013-08-03,Middle Africa,Democratic Republic of Congo,Sud-Kivu,Battles,Government regains territory,1,4,NA,Political violence,726,-3.297,28.1671
2014-06-14,Middle Africa,Democratic Republic of Congo,Sud-Kivu,Battles,Government regains territory,1,1,NA,Political violence,726,-3.297,28.1671
2014-06-21,Middle Africa,Democratic Republic of Congo,Sud-Kivu,Battles,Government regains territory,2,8,NA,Political violence,726,-3.297,28.1671
2014-09-13,Middle Africa,Democratic Republic of Congo,Sud-Kivu,Battles,Government regains territory,2,1,NA,Political violence,726,-3.297,28.1671
2015-01-03,Middle Africa,Democratic Republic of Congo,Sud-Kivu,Battles,Government regains territory,1,2,244313,Political violence,726,-3.297,28.1671
2016-02-27,Middle Africa,Democratic Republic of Congo,Sud-Kivu,Battles,Government regains territory,1,5,43381,Political violence,726,-3.297,28.1671
2016-04-16,Middle Africa,Democratic Republic of Congo,Sud-Kivu,Battles,Government regains territory,1,2,3,Political violence,726,-3.297,28.1671
2017-05-13,Middle Africa,Democratic Republic of Congo,Sud-Kivu,Battles,Government regains territory,1,2,1919,Political violence,726,-3.297,28.1671
2017-09-09,Middle Africa,Democratic Republic of Congo,Sud-Kivu,Battles,Government regains territory,1,6,1301,Political violence,726,-3.297,28.1671
2017-09-23,Middle Africa,Democratic Republic of Congo,Sud-Kivu,Battles,Government regains territory,5,2,91041,Political violence,726,-3.297,28.1671
2018-02-03,Middle Africa,Democratic Republic of Congo,Sud-Kivu,Battles,Government regains territory,2,44,31636,Political violence,726,-3.297,28.1671
2018-09-15,Middle Africa,Democratic Republic of Congo,Sud-Kivu,Battles,Government regains territory,4,13,14094,Political violence,726,-3.297,28.1671
2020-01-11,Middle Africa,Democratic Republic of Congo,Sud-Kivu,Battles,Government regains territory,1,4,7480,Political violence,726,-3.297,28.1671
2020-03-07,Middle Africa,Democratic Republic of Congo,Sud-Kivu,Battles,Government regains territory,1,2,19853,Political violence,726,-3.297,28.1671
2020-10-17,Middle Africa,Democratic Republic of Congo,Sud-Kivu,Battles,Government regains territory,5,4,12051,Political violence,726,-3.297,28.1671
2020-10-24,Middle Africa,Democratic Republic of Congo,Sud-Kivu,Battles,Government regains territory,5,10,67147,Political violence,726,-3.297,28.1671
2021-08-07,Middle Africa,Democratic Republic of Congo,Sud-Kivu,Battles,Government regains territory,11,15,35727,Political violence,726,-3.297,28.1671
2021-08-14,Middle Africa,Democratic Republic of Congo,Sud-Kivu,Battles,Government regains territory,5,4,7984,Political violence,726,-3.297,28.1671
2021-12-25,Middle Africa,Democratic Republic of Congo,Sud-Kivu,Battles,Government regains territory,1,2,2005,Political violence,726,-3.297,28.1671
2022-02-05,Middle Africa,Democratic Republic of Congo,Sud-Kivu,Battles,Government regains territory,1,4,2196,Political violence,726,-3.297,28.1671
2022-11-26,Middle Africa,Democratic Republic of Congo,Sud-Kivu,Battles,Government regains territory,1,40,5808,Political violence,726,-3.297,28.1671
2024-12-21,Middle Africa,Democratic Republic of Congo,Sud-Kivu,Battles,Government regains territory,3,1,NA,Political violence,726,-3.297,28.1671
2025-02-01,Middle Africa,Democratic Republic of Congo,Sud-Kivu,Battles,Government regains territory,3,1,54218,Political violence,726,-3.297,28.1671
2025-11-29,Middle Africa,Democratic Republic of Congo,Sud-Kivu,Battles,Government regains territory,5,23,61126,Political violence,726,-3.297,28.1671
2025-12-20,Middle Africa,Democratic Republic of Congo,Sud-Kivu,Battles,Government regains territory,8,3,19850,Political violence,726,-3.297,28.1671
2025-12-27,Middle Africa,Democratic Republic of Congo,Sud-Kivu,Battles,Government regains territory,2,3,6953,Political violence,726,-3.297,28.1671
2026-01-24,Middle Africa,Democratic Republic of Congo,Sud-Kivu,Battles,Government regains territory,1,20,95,Political violence,726,-3.297,28.1671
2026-02-07,Middle Africa,Democratic Republic of Congo,Sud-Kivu,Battles,Government regains territory,1,3,NA,Political violence,726,-3.297,28.1671
2011-09-17,Middle Africa,Democratic Republic of Congo,Sud-Kivu,Battles,Non-state actor overtakes territory,1,2,NA,Political violence,726,-3.297,28.1671
2017-01-28,Middle Africa,Democratic Republic of Congo,Sud-Kivu,Battles,Non-state actor overtakes territory,1,2,232554,Political violence,726,-3.297,28.1671
2017-07-01,Middle Africa,Democratic Republic of Congo,Sud-Kivu,Battles,Non-state actor overtakes territory,2,6,163491,Political violence,726,-3.297,28.1671
2019-01-19,Middle Africa,Democratic Republic of Congo,Sud-Kivu,Battles,Non-state actor overtakes territory,3,5,21488,Political violence,726,-3.297,28.1671
2019-01-26,Middle Africa,Democratic Republic of Congo,Sud-Kivu,Battles,Non-state actor overtakes territory,1,8,3176,Political violence,726,-3.297,28.1671
2019-06-01,Middle Africa,Democratic Republic of Congo,Sud-Kivu,Battles,Non-state actor overtakes territory,1,1,7886,Political violence,726,-3.297,28.1671
2020-06-20,Middle Africa,Democratic Republic of Congo,Sud-Kivu,Battles,Non-state actor overtakes territory,2,2,4381,Political violence,726,-3.297,28.1671
2020-08-22,Middle Africa,Democratic Republic of Congo,Sud-Kivu,Battles,Non-state actor overtakes territory,1,1,109,Political violence,726,-3.297,28.1671
2020-09-05,Middle Africa,Democratic Republic of Congo,Sud-Kivu,Battles,Non-state actor overtakes territory,5,19,7344,Political violence,726,-3.297,28.1671
2021-01-02,Middle Africa,Democratic Republic of Congo,Sud-Kivu,Battles,Non-state actor overtakes territory,1,2,1363,Political violence,726,-3.297,28.1671
2021-01-23,Middle Africa,Democratic Republic of Congo,Sud-Kivu,Battles,Non-state actor overtakes territory,2,18,1358,Political violence,726,-3.297,28.1671
2021-05-29,Middle Africa,Democratic Republic of Congo,Sud-Kivu,Battles,Non-state actor overtakes territory,1,1,NA,Political violence,726,-3.297,28.1671
2021-06-26,Middle Africa,Democratic Republic of Congo,Sud-Kivu,Battles,Non-state actor overtakes territory,1,2,NA,Political violence,726,-3.297,28.1671
2021-10-09,Middle Africa,Democratic Republic of Congo,Sud-Kivu,Battles,Non-state actor overtakes territory,2,2,54710,Political violence,726,-3.297,28.1671
2021-12-25,Middle Africa,Democratic Republic of Congo,Sud-Kivu,Battles,Non-state actor overtakes territory,4,16,4493,Political violence,726,-3.297,28.1671
2022-07-30,Middle Africa,Democratic Republic of Congo,Sud-Kivu,Battles,Non-state actor overtakes territory,1,6,8804,Political violence,726,-3.297,28.1671
2025-01-18,Middle Africa,Democratic Republic of Congo,Sud-Kivu,Battles,Non-state actor overtakes territory,7,22,118535,Political violence,726,-3.297,28.1671
2025-03-08,Middle Africa,Democratic Republic of Congo,Sud-Kivu,Battles,Non-state actor overtakes territory,3,10,76568,Political violence,726,-3.297,28.1671
2025-04-12,Middle Africa,Democratic Republic of Congo,Sud-Kivu,Battles,Non-state actor overtakes territory,8,3,101619,Political violence,726,-3.297,28.1671
2025-06-28,Middle Africa,Democratic Republic of Congo,Sud-Kivu,Battles,Non-state actor overtakes territory,4,6,85055,Political violence,726,-3.297,28.1671
2025-08-02,Middle Africa,Democratic Republic of Congo,Sud-Kivu,Battles,Non-state actor overtakes territory,3,6,35240,Political violence,726,-3.297,28.1671
2025-11-01,Middle Africa,Democratic Republic of Congo,Sud-Kivu,Battles,Non-state actor overtakes territory,5,7,14434,Political violence,726,-3.297,28.1671
2025-11-22,Middle Africa,Democratic Republic of Congo,Sud-Kivu,Battles,Non-state actor overtakes territory,6,10,55881,Political violence,726,-3.297,28.1671
2025-12-06,Middle Africa,Democratic Republic of Congo,Sud-Kivu,Battles,Non-state actor overtakes territory,10,5,166542,Political violence,726,-3.297,28.1671
2017-07-01,Middle Africa,Democratic Republic of Congo,Sud-Kivu,Explosions/Remote violence,Air/drone strike,2,2,276938,Political violence,726,-3.297,28.1671
2025-01-18,Middle Africa,Democratic Republic of Congo,Sud-Kivu,Explosions/Remote violence,Air/drone strike,1,3,46978,Political violence,726,-3.297,28.1671
2025-02-01,Middle Africa,Democratic Republic of Congo,Sud-Kivu,Explosions/Remote violence,Air/drone strike,2,4,30026,Political violence,726,-3.297,28.1671
2025-02-15,Middle Africa,Democratic Republic of Congo,Sud-Kivu,Explosions/Remote violence,Air/drone strike,2,7,21121,Political violence,726,-3.297,28.1671
2025-02-22,Middle Africa,Democratic Republic of Congo,Sud-Kivu,Explosions/Remote violence,Air/drone strike,3,4,21190,Political violence,726,-3.297,28.1671
2025-03-08,Middle Africa,Democratic Republic of Congo,Sud-Kivu,Explosions/Remote violence,Air/drone strike,1,10,20670,Political violence,726,-3.297,28.1671
2025-08-23,Middle Africa,Democratic Republic of Congo,Sud-Kivu,Explosions/Remote violence,Air/drone strike,2,5,3410,Political violence,726,-3.297,28.1671
2025-11-15,Middle Africa,Democratic Republic of Congo,Sud-Kivu,Explosions/Remote violence,Air/drone strike,8,3,67435,Political violence,726,-3.297,28.1671
2025-11-29,Middle Africa,Democratic Republic of Congo,Sud-Kivu,Explosions/Remote violence,Air/drone strike,5,43,101330,Political violence,726,-3.297,28.1671
2025-12-13,Middle Africa,Democratic Republic of Congo,Sud-Kivu,Explosions/Remote violence,Air/drone strike,5,3,9968,Political violence,726,-3.297,28.1671
2025-12-20,Middle Africa,Democratic Republic of Congo,Sud-Kivu,Explosions/Remote violence,Air/drone strike,3,3,24830,Political violence,726,-3.297,28.1671
2026-01-10,Middle Africa,Democratic Republic of Congo,Sud-Kivu,Explosions/Remote violence,Air/drone strike,4,3,174178,Political violence,726,-3.297,28.1671
2026-02-07,Middle Africa,Democratic Republic of Congo,Sud-Kivu,Explosions/Remote violence,Air/drone strike,9,21,NA,Political violence,726,-3.297,28.1671
2011-12-31,Middle Africa,Democratic Republic of Congo,Sud-Kivu,Explosions/Remote violence,Grenade,1,8,NA,Political violence,726,-3.297,28.1671
2014-01-18,Middle Africa,Democratic Republic of Congo,Sud-Kivu,Explosions/Remote violence,Grenade,1,1,NA,Political violence,726,-3.297,28.1671
2014-06-14,Middle Africa,Democratic Republic of Congo,Sud-Kivu,Explosions/Remote violence,Grenade,1,2,NA,Political violence,726,-3.297,28.1671
2017-07-22,Middle Africa,Democratic Republic of Congo,Sud-Kivu,Explosions/Remote violence,Grenade,1,4,494942,Political violence,726,-3.297,28.1671
2018-02-10,Middle Africa,Democratic Republic of Congo,Sud-Kivu,Explosions/Remote violence,Grenade,1,3,327710,Political violence,726,-3.297,28.1671
2024-06-15,Middle Africa,Democratic Republic of Congo,Sud-Kivu,Explosions/Remote violence,Grenade,1,1,27856,Political violence,726,-3.297,28.1671
2024-06-22,Middle Africa,Democratic Republic of Congo,Sud-Kivu,Explosions/Remote violence,Grenade,1,2,49052,Political violence,726,-3.297,28.1671
2025-06-21,Middle Africa,Democratic Republic of Congo,Sud-Kivu,Explosions/Remote violence,Grenade,2,4,119619,Political violence,726,-3.297,28.1671
2026-01-24,Middle Africa,Democratic Republic of Congo,Sud-Kivu,Explosions/Remote violence,Grenade,1,3,8275,Political violence,726,-3.297,28.1671
2010-10-02,Middle Africa,Democratic Republic of Congo,Sud-Kivu,Explosions/Remote violence,Remote explosive/landmine/IED,1,5,NA,Political violence,726,-3.297,28.1671
2013-11-23,Middle Africa,Democratic Republic of Congo,Sud-Kivu,Explosions/Remote violence,Remote explosive/landmine/IED,1,1,NA,Political violence,726,-3.297,28.1671
2016-04-09,Middle Africa,Democratic Republic of Congo,Sud-Kivu,Explosions/Remote violence,Remote explosive/landmine/IED,1,3,582633,Political violence,726,-3.297,28.1671
2022-12-31,Middle Africa,Democratic Republic of Congo,Sud-Kivu,Explosions/Remote violence,Remote explosive/landmine/IED,1,2,5217,Political violence,726,-3.297,28.1671
2023-03-04,Middle Africa,Democratic Republic of Congo,Sud-Kivu,Explosions/Remote violence,Remote explosive/landmine/IED,1,1,289890,Political violence,726,-3.297,28.1671
2025-02-22,Middle Africa,Democratic Republic of Congo,Sud-Kivu,Explosions/Remote violence,Remote explosive/landmine/IED,1,17,316184,Political violence,726,-3.297,28.1671
2025-03-22,Middle Africa,Democratic Republic of Congo,Sud-Kivu,Explosions/Remote violence,Remote explosive/landmine/IED,1,2,170674,Political violence,726,-3.297,28.1671
2025-11-29,Middle Africa,Democratic Republic of Congo,Sud-Kivu,Explosions/Remote violence,Remote explosive/landmine/IED,4,14,NA,Political violence,726,-3.297,28.1671
2025-12-06,Middle Africa,Democratic Republic of Congo,Sud-Kivu,Explosions/Remote violence,Remote explosive/landmine/IED,2,2,119922,Political violence,726,-3.297,28.1671
2026-01-17,Middle Africa,Democratic Republic of Congo,Sud-Kivu,Explosions/Remote violence,Remote explosive/landmine/IED,1,2,53658,Political violence,726,-3.297,28.1671
2024-03-16,Middle Africa,Democratic Republic of Congo,Sud-Kivu,Explosions/Remote violence,Shelling/artillery/missile attack,1,1,72305,Political violence,726,-3.297,28.1671
2024-04-06,Middle Africa,Democratic Republic of Congo,Sud-Kivu,Explosions/Remote violence,Shelling/artillery/missile attack,1,1,71615,Political violence,726,-3.297,28.1671
2024-05-04,Middle Africa,Democratic Republic of Congo,Sud-Kivu,Explosions/Remote violence,Shelling/artillery/missile attack,3,8,123234,Political violence,726,-3.297,28.1671
2024-05-11,Middle Africa,Democratic Republic of Congo,Sud-Kivu,Explosions/Remote violence,Shelling/artillery/missile attack,3,3,104642,Political violence,726,-3.297,28.1671
2024-07-13,Middle Africa,Democratic Republic of Congo,Sud-Kivu,Explosions/Remote violence,Shelling/artillery/missile attack,3,11,27936,Political violence,726,-3.297,28.1671
2025-01-18,Middle Africa,Democratic Republic of Congo,Sud-Kivu,Explosions/Remote violence,Shelling/artillery/missile attack,2,4,43752,Political violence,726,-3.297,28.1671
2025-02-08,Middle Africa,Democratic Republic of Congo,Sud-Kivu,Explosions/Remote violence,Shelling/artillery/missile attack,2,10,11153,Political violence,726,-3.297,28.1671
2025-03-08,Middle Africa,Democratic Republic of Congo,Sud-Kivu,Explosions/Remote violence,Shelling/artillery/missile attack,2,2,120631,Political violence,726,-3.297,28.1671
2025-08-30,Middle Africa,Democratic Republic of Congo,Sud-Kivu,Explosions/Remote violence,Shelling/artillery/missile attack,1,1,50283,Political violence,726,-3.297,28.1671
2025-11-29,Middle Africa,Democratic Republic of Congo,Sud-Kivu,Explosions/Remote violence,Shelling/artillery/missile attack,2,3,84917,Political violence,726,-3.297,28.1671
2021-05-15,Middle Africa,Democratic Republic of Congo,Sud-Kivu,Protests,Excessive force against protesters,1,2,1135,Political violence; Demonstrations,726,-3.297,28.1671
2021-06-26,Middle Africa,Democratic Republic of Congo,Sud-Kivu,Protests,Excessive force against protesters,1,5,3652,Political violence; Demonstrations,726,-3.297,28.1671
2022-03-05,Middle Africa,Democratic Republic of Congo,Sud-Kivu,Protests,Excessive force against protesters,1,1,NA,Political violence; Demonstrations,726,-3.297,28.1671
2022-07-30,Middle Africa,Democratic Republic of Congo,Sud-Kivu,Protests,Excessive force against protesters,1,1,8873,Political violence; Demonstrations,726,-3.297,28.1671
2025-09-06,Middle Africa,Democratic Republic of Congo,Sud-Kivu,Protests,Excessive force against protesters,1,1,49980,Political violence; Demonstrations,726,-3.297,28.1671
2026-01-17,Middle Africa,Democratic Republic of Congo,Sud-Kivu,Protests,Excessive force against protesters,1,4,27737,Political violence; Demonstrations,726,-3.297,28.1671
2015-07-18,Middle Africa,Democratic Republic of Congo,Sud-Kivu,Riots,Mob violence,1,1,132894,Political violence,726,-3.297,28.1671
2016-09-17,Middle Africa,Democratic Republic of Congo,Sud-Kivu,Riots,Mob violence,1,2,45968,Political violence,726,-3.297,28.1671
2017-05-13,Middle Africa,Democratic Republic of Congo,Sud-Kivu,Riots,Mob violence,1,1,16238,Political violence,726,-3.297,28.1671
2017-09-09,Middle Africa,Democratic Republic of Congo,Sud-Kivu,Riots,Mob violence,2,40,47522,Political violence,726,-3.297,28.1671
2018-02-24,Middle Africa,Democratic Republic of Congo,Sud-Kivu,Riots,Mob violence,1,1,16664,Political violence,726,-3.297,28.1671
2018-06-09,Middle Africa,Democratic Republic of Congo,Sud-Kivu,Riots,Mob violence,1,1,15447,Political violence,726,-3.297,28.1671
2018-10-13,Middle Africa,Democratic Republic of Congo,Sud-Kivu,Riots,Mob violence,1,1,39794,Political violence,726,-3.297,28.1671
2018-12-29,Middle Africa,Democratic Republic of Congo,Sud-Kivu,Riots,Mob violence,1,1,15447,Political violence,726,-3.297,28.1671
2019-04-06,Middle Africa,Democratic Republic of Congo,Sud-Kivu,Riots,Mob violence,1,4,48990,Political violence,726,-3.297,28.1671
2019-04-27,Middle Africa,Democratic Republic of Congo,Sud-Kivu,Riots,Mob violence,1,1,1057,Political violence,726,-3.297,28.1671
2019-06-08,Middle Africa,Democratic Republic of Congo,Sud-Kivu,Riots,Mob violence,1,1,150714,Political violence,726,-3.297,28.1671
2019-06-29,Middle Africa,Democratic Republic of Congo,Sud-Kivu,Riots,Mob violence,1,2,9793,Political violence,726,-3.297,28.1671
2019-07-13,Middle Africa,Democratic Republic of Congo,Sud-Kivu,Riots,Mob violence,1,2,97331,Political violence,726,-3.297,28.1671
2019-08-31,Middle Africa,Democratic Republic of Congo,Sud-Kivu,Riots,Mob violence,1,1,150714,Political violence,726,-3.297,28.1671
2019-11-02,Middle Africa,Democratic Republic of Congo,Sud-Kivu,Riots,Mob violence,2,1,31310,Political violence,726,-3.297,28.1671
2019-11-09,Middle Africa,Democratic Republic of Congo,Sud-Kivu,Riots,Mob violence,1,3,12981,Political violence,726,-3.297,28.1671
2019-11-16,Middle Africa,Democratic Republic of Congo,Sud-Kivu,Riots,Mob violence,1,3,4610,Political violence,726,-3.297,28.1671
2020-02-22,Middle Africa,Democratic Republic of Congo,Sud-Kivu,Riots,Mob violence,1,1,8203,Political violence,726,-3.297,28.1671
2020-03-07,Middle Africa,Democratic Republic of Congo,Sud-Kivu,Riots,Mob violence,3,2,143096,Political violence,726,-3.297,28.1671
2020-03-14,Middle Africa,Democratic Republic of Congo,Sud-Kivu,Riots,Mob violence,1,1,21347,Political violence,726,-3.297,28.1671
2020-03-21,Middle Africa,Democratic Republic of Congo,Sud-Kivu,Riots,Mob violence,1,1,5907,Political violence,726,-3.297,28.1671
2020-04-11,Middle Africa,Democratic Republic of Congo,Sud-Kivu,Riots,Mob violence,1,1,100839,Political violence,726,-3.297,28.1671
2020-04-18,Middle Africa,Democratic Republic of Congo,Sud-Kivu,Riots,Mob violence,2,3,11088,Political violence,726,-3.297,28.1671
2020-05-02,Middle Africa,Democratic Republic of Congo,Sud-Kivu,Riots,Mob violence,1,1,110081,Political violence,726,-3.297,28.1671
2020-05-09,Middle Africa,Democratic Republic of Congo,Sud-Kivu,Riots,Mob violence,4,7,23099,Political violence,726,-3.297,28.1671
2020-05-16,Middle Africa,Democratic Republic of Congo,Sud-Kivu,Riots,Mob violence,2,4,151017,Political violence,726,-3.297,28.1671
2020-05-30,Middle Africa,Democratic Republic of Congo,Sud-Kivu,Riots,Mob violence,1,1,10253,Political violence,726,-3.297,28.1671
2020-06-20,Middle Africa,Democratic Republic of Congo,Sud-Kivu,Riots,Mob violence,1,1,149795,Political violence,726,-3.297,28.1671
2020-07-04,Middle Africa,Democratic Republic of Congo,Sud-Kivu,Riots,Mob violence,2,3,37122,Political violence,726,-3.297,28.1671
2020-07-11,Middle Africa,Democratic Republic of Congo,Sud-Kivu,Riots,Mob violence,2,2,174942,Political violence,726,-3.297,28.1671
2020-08-22,Middle Africa,Democratic Republic of Congo,Sud-Kivu,Riots,Mob violence,1,1,4707,Political violence,726,-3.297,28.1671
2020-08-29,Middle Africa,Democratic Republic of Congo,Sud-Kivu,Riots,Mob violence,1,1,1750,Political violence,726,-3.297,28.1671
2020-09-19,Middle Africa,Democratic Republic of Congo,Sud-Kivu,Riots,Mob violence,2,2,155862,Political violence,726,-3.297,28.1671
2020-09-26,Middle Africa,Democratic Republic of Congo,Sud-Kivu,Riots,Mob violence,2,1,116613,Political violence,726,-3.297,28.1671
2020-10-03,Middle Africa,Democratic Republic of Congo,Sud-Kivu,Riots,Mob violence,1,1,149795,Political violence,726,-3.297,28.1671
2020-10-17,Middle Africa,Democratic Republic of Congo,Sud-Kivu,Riots,Mob violence,2,4,21347,Political violence,726,-3.297,28.1671
2020-10-31,Middle Africa,Democratic Republic of Congo,Sud-Kivu,Riots,Mob violence,2,3,17337,Political violence,726,-3.297,28.1671
2020-11-21,Middle Africa,Democratic Republic of Congo,Sud-Kivu,Riots,Mob violence,2,4,29052,Political violence,726,-3.297,28.1671
2020-11-28,Middle Africa,Democratic Republic of Congo,Sud-Kivu,Riots,Mob violence,3,5,17718,Political violence,726,-3.297,28.1671
2020-12-05,Middle Africa,Democratic Republic of Congo,Sud-Kivu,Riots,Mob violence,1,1,3253,Political violence,726,-3.297,28.1671
2020-12-12,Middle Africa,Democratic Republic of Congo,Sud-Kivu,Riots,Mob violence,1,1,6001,Political violence,726,-3.297,28.1671
2020-12-19,Middle Africa,Democratic Republic of Congo,Sud-Kivu,Riots,Mob violence,3,3,34962,Political violence,726,-3.297,28.1671
2021-01-02,Middle Africa,Democratic Republic of Congo,Sud-Kivu,Riots,Mob violence,2,3,53543,Political violence,726,-3.297,28.1671
2021-01-09,Middle Africa,Democratic Republic of Congo,Sud-Kivu,Riots,Mob violence,2,4,98456,Political violence,726,-3.297,28.1671
2021-01-16,Middle Africa,Democratic Republic of Congo,Sud-Kivu,Riots,Mob violence,3,4,161616,Political violence,726,-3.297,28.1671
2021-01-23,Middle Africa,Democratic Republic of Congo,Sud-Kivu,Riots,Mob violence,3,3,44247,Political violence,726,-3.297,28.1671
2021-01-30,Middle Africa,Democratic Republic of Congo,Sud-Kivu,Riots,Mob violence,3,3,251612,Political violence,726,-3.297,28.1671
2021-02-06,Middle Africa,Democratic Republic of Congo,Sud-Kivu,Riots,Mob violence,1,1,15273,Political violence,726,-3.297,28.1671
2021-02-13,Middle Africa,Democratic Republic of Congo,Sud-Kivu,Riots,Mob violence,3,2,233057,Political violence,726,-3.297,28.1671
2021-02-20,Middle Africa,Democratic Republic of Congo,Sud-Kivu,Riots,Mob violence,1,1,92144,Political violence,726,-3.297,28.1671
2021-02-27,Middle Africa,Democratic Republic of Congo,Sud-Kivu,Riots,Mob violence,2,2,266616,Political violence,726,-3.297,28.1671
2021-03-06,Middle Africa,Democratic Republic of Congo,Sud-Kivu,Riots,Mob violence,2,1,92145,Political violence,726,-3.297,28.1671
2021-03-13,Middle Africa,Democratic Republic of Congo,Sud-Kivu,Riots,Mob violence,1,1,22009,Political violence,726,-3.297,28.1671
2021-03-20,Middle Africa,Democratic Republic of Congo,Sud-Kivu,Riots,Mob violence,3,2,134423,Political violence,726,-3.297,28.1671
2021-03-27,Middle Africa,Democratic Republic of Congo,Sud-Kivu,Riots,Mob violence,1,1,224337,Political violence,726,-3.297,28.1671
2021-04-03,Middle Africa,Democratic Republic of Congo,Sud-Kivu,Riots,Mob violence,1,1,113411,Political violence,726,-3.297,28.1671
2021-04-10,Middle Africa,Democratic Republic of Congo,Sud-Kivu,Riots,Mob violence,3,6,50306,Political violence,726,-3.297,28.1671
2021-04-17,Middle Africa,Democratic Republic of Congo,Sud-Kivu,Riots,Mob violence,2,2,194816,Political violence,726,-3.297,28.1671
2021-05-01,Middle Africa,Democratic Republic of Congo,Sud-Kivu,Riots,Mob violence,1,1,224337,Political violence,726,-3.297,28.1671
2021-05-08,Middle Africa,Democratic Republic of Congo,Sud-Kivu,Riots,Mob violence,3,2,231942,Political violence,726,-3.297,28.1671
2021-05-29,Middle Africa,Democratic Republic of Congo,Sud-Kivu,Riots,Mob violence,1,1,15338,Political violence,726,-3.297,28.1671
2021-06-05,Middle Africa,Democratic Republic of Congo,Sud-Kivu,Riots,Mob violence,1,1,224337,Political violence,726,-3.297,28.1671
2021-06-26,Middle Africa,Democratic Republic of Congo,Sud-Kivu,Riots,Mob violence,1,2,57155,Political violence,726,-3.297,28.1671
2021-07-03,Middle Africa,Democratic Republic of Congo,Sud-Kivu,Riots,Mob violence,2,2,1205,Political violence,726,-3.297,28.1671
2021-07-10,Middle Africa,Democratic Republic of Congo,Sud-Kivu,Riots,Mob violence,5,8,250090,Political violence,726,-3.297,28.1671
2021-07-17,Middle Africa,Democratic Republic of Congo,Sud-Kivu,Riots,Mob violence,2,2,24950,Political violence,726,-3.297,28.1671
2021-08-07,Middle Africa,Democratic Republic of Congo,Sud-Kivu,Riots,Mob violence,1,1,4251,Political violence,726,-3.297,28.1671
2021-08-14,Middle Africa,Democratic Republic of Congo,Sud-Kivu,Riots,Mob violence,2,1,103803,Political violence,726,-3.297,28.1671
2021-08-21,Middle Africa,Democratic Republic of Congo,Sud-Kivu,Riots,Mob violence,2,1,24766,Political violence,726,-3.297,28.1671
2021-09-04,Middle Africa,Democratic Republic of Congo,Sud-Kivu,Riots,Mob violence,3,2,259504,Political violence,726,-3.297,28.1671
2021-09-11,Middle Africa,Democratic Republic of Congo,Sud-Kivu,Riots,Mob violence,8,4,216966,Political violence,726,-3.297,28.1671
2021-09-18,Middle Africa,Democratic Republic of Congo,Sud-Kivu,Riots,Mob violence,5,5,275006,Political violence,726,-3.297,28.1671
2021-09-25,Middle Africa,Democratic Republic of Congo,Sud-Kivu,Riots,Mob violence,1,1,5915,Political violence,726,-3.297,28.1671
2021-10-23,Middle Africa,Democratic Republic of Congo,Sud-Kivu,Riots,Mob violence,1,1,66951,Political violence,726,-3.297,28.1671
2021-10-30,Middle Africa,Democratic Republic of Congo,Sud-Kivu,Riots,Mob violence,5,9,31580,Political violence,726,-3.297,28.1671
2021-11-06,Middle Africa,Democratic Republic of Congo,Sud-Kivu,Riots,Mob violence,1,1,224337,Political violence,726,-3.297,28.1671
2021-12-18,Middle Africa,Democratic Republic of Congo,Sud-Kivu,Riots,Mob violence,1,1,590,Political violence,726,-3.297,28.1671
2022-01-01,Middle Africa,Democratic Republic of Congo,Sud-Kivu,Riots,Mob violence,7,6,143469,Political violence,726,-3.297,28.1671
2022-01-08,Middle Africa,Democratic Republic of Congo,Sud-Kivu,Riots,Mob violence,2,1,10696,Political violence,726,-3.297,28.1671
2022-01-29,Middle Africa,Democratic Republic of Congo,Sud-Kivu,Riots,Mob violence,1,2,11365,Political violence,726,-3.297,28.1671
2022-02-05,Middle Africa,Democratic Republic of Congo,Sud-Kivu,Riots,Mob violence,1,2,6618,Political violence,726,-3.297,28.1671
2022-02-12,Middle Africa,Democratic Republic of Congo,Sud-Kivu,Riots,Mob violence,2,4,54140,Political violence,726,-3.297,28.1671
2022-02-19,Middle Africa,Democratic Republic of Congo,Sud-Kivu,Riots,Mob violence,1,1,21189,Political violence,726,-3.297,28.1671
2022-03-12,Middle Africa,Democratic Republic of Congo,Sud-Kivu,Riots,Mob violence,1,1,3410,Political violence,726,-3.297,28.1671
2022-04-02,Middle Africa,Democratic Republic of Congo,Sud-Kivu,Riots,Mob violence,4,7,150984,Political violence,726,-3.297,28.1671
2022-04-09,Middle Africa,Democratic Republic of Congo,Sud-Kivu,Riots,Mob violence,1,1,NA,Political violence,726,-3.297,28.1671
2022-04-16,Middle Africa,Democratic Republic of Congo,Sud-Kivu,Riots,Mob violence,1,1,9341,Political violence,726,-3.297,28.1671
2022-04-23,Middle Africa,Democratic Republic of Congo,Sud-Kivu,Riots,Mob violence,2,2,261804,Political violence,726,-3.297,28.1671
2022-04-30,Middle Africa,Democratic Republic of Congo,Sud-Kivu,Riots,Mob violence,2,2,19642,Political violence,726,-3.297,28.1671
2022-05-07,Middle Africa,Democratic Republic of Congo,Sud-Kivu,Riots,Mob violence,3,3,123755,Political violence,726,-3.297,28.1671
2022-05-14,Middle Africa,Democratic Republic of Congo,Sud-Kivu,Riots,Mob violence,1,1,9529,Political violence,726,-3.297,28.1671
2022-06-04,Middle Africa,Democratic Republic of Congo,Sud-Kivu,Riots,Mob violence,5,1,32809,Political violence,726,-3.297,28.1671
2022-07-02,Middle Africa,Democratic Republic of Congo,Sud-Kivu,Riots,Mob violence,4,2,138180,Political violence,726,-3.297,28.1671
2022-07-16,Middle Africa,Democratic Republic of Congo,Sud-Kivu,Riots,Mob violence,1,1,83144,Political violence,726,-3.297,28.1671
2022-08-27,Middle Africa,Democratic Republic of Congo,Sud-Kivu,Riots,Mob violence,1,1,4453,Political violence,726,-3.297,28.1671
2022-09-03,Middle Africa,Democratic Republic of Congo,Sud-Kivu,Riots,Mob violence,2,2,84477,Political violence,726,-3.297,28.1671
2022-09-24,Middle Africa,Democratic Republic of Congo,Sud-Kivu,Riots,Mob violence,1,1,17960,Political violence,726,-3.297,28.1671
2022-10-01,Middle Africa,Democratic Republic of Congo,Sud-Kivu,Riots,Mob violence,4,3,150253,Political violence,726,-3.297,28.1671
2022-10-08,Middle Africa,Democratic Republic of Congo,Sud-Kivu,Riots,Mob violence,3,2,250145,Political violence,726,-3.297,28.1671
2022-11-12,Middle Africa,Democratic Republic of Congo,Sud-Kivu,Riots,Mob violence,2,2,10294,Political violence,726,-3.297,28.1671
2022-11-19,Middle Africa,Democratic Republic of Congo,Sud-Kivu,Riots,Mob violence,1,1,3159,Political violence,726,-3.297,28.1671
2022-11-26,Middle Africa,Democratic Republic of Congo,Sud-Kivu,Riots,Mob violence,4,4,65388,Political violence,726,-3.297,28.1671
2022-12-03,Middle Africa,Democratic Republic of Congo,Sud-Kivu,Riots,Mob violence,1,1,9455,Political violence,726,-3.297,28.1671
2022-12-10,Middle Africa,Democratic Republic of Congo,Sud-Kivu,Riots,Mob violence,1,1,115416,Political violence,726,-3.297,28.1671
2022-12-17,Middle Africa,Democratic Republic of Congo,Sud-Kivu,Riots,Mob violence,1,1,4893,Political violence,726,-3.297,28.1671
2022-12-31,Middle Africa,Democratic Republic of Congo,Sud-Kivu,Riots,Mob violence,1,1,24727,Political violence,726,-3.297,28.1671
2023-01-07,Middle Africa,Democratic Republic of Congo,Sud-Kivu,Riots,Mob violence,1,4,85617,Political violence,726,-3.297,28.1671
2023-01-14,Middle Africa,Democratic Republic of Congo,Sud-Kivu,Riots,Mob violence,2,2,134720,Political violence,726,-3.297,28.1671
2023-02-11,Middle Africa,Democratic Republic of Congo,Sud-Kivu,Riots,Mob violence,2,1,70034,Political violence,726,-3.297,28.1671
2023-02-18,Middle Africa,Democratic Republic of Congo,Sud-Kivu,Riots,Mob violence,3,1,41547,Political violence,726,-3.297,28.1671
2023-03-04,Middle Africa,Democratic Republic of Congo,Sud-Kivu,Riots,Mob violence,1,1,6671,Political violence,726,-3.297,28.1671
2023-04-01,Middle Africa,Democratic Republic of Congo,Sud-Kivu,Riots,Mob violence,2,1,71265,Political violence,726,-3.297,28.1671
2023-04-29,Middle Africa,Democratic Republic of Congo,Sud-Kivu,Riots,Mob violence,1,1,85617,Political violence,726,-3.297,28.1671
2023-05-20,Middle Africa,Democratic Republic of Congo,Sud-Kivu,Riots,Mob violence,1,1,254034,Political violence,726,-3.297,28.1671
2023-05-27,Middle Africa,Democratic Republic of Congo,Sud-Kivu,Riots,Mob violence,1,1,254034,Political violence,726,-3.297,28.1671
2023-07-29,Middle Africa,Democratic Republic of Congo,Sud-Kivu,Riots,Mob violence,2,3,115925,Political violence,726,-3.297,28.1671
2023-08-19,Middle Africa,Democratic Republic of Congo,Sud-Kivu,Riots,Mob violence,4,3,85617,Political violence,726,-3.297,28.1671
2023-09-09,Middle Africa,Democratic Republic of Congo,Sud-Kivu,Riots,Mob violence,1,2,120136,Political violence,726,-3.297,28.1671
2023-09-30,Middle Africa,Democratic Republic of Congo,Sud-Kivu,Riots,Mob violence,1,1,16263,Political violence,726,-3.297,28.1671
2023-10-14,Middle Africa,Democratic Republic of Congo,Sud-Kivu,Riots,Mob violence,1,1,33376,Political violence,726,-3.297,28.1671
2023-12-23,Middle Africa,Democratic Republic of Congo,Sud-Kivu,Riots,Mob violence,3,2,184577,Political violence,726,-3.297,28.1671
2023-12-30,Middle Africa,Democratic Republic of Congo,Sud-Kivu,Riots,Mob violence,1,1,71265,Political violence,726,-3.297,28.1671
2024-01-13,Middle Africa,Democratic Republic of Congo,Sud-Kivu,Riots,Mob violence,2,2,199509,Political violence,726,-3.297,28.1671
2024-03-02,Middle Africa,Democratic Republic of Congo,Sud-Kivu,Riots,Mob violence,1,2,5451,Political violence,726,-3.297,28.1671
2024-05-11,Middle Africa,Democratic Republic of Congo,Sud-Kivu,Riots,Mob violence,3,3,293916,Political violence,726,-3.297,28.1671
2024-05-18,Middle Africa,Democratic Republic of Congo,Sud-Kivu,Riots,Mob violence,1,1,45534,Political violence,726,-3.297,28.1671
2024-05-25,Middle Africa,Democratic Republic of Congo,Sud-Kivu,Riots,Mob violence,2,3,7719,Political violence,726,-3.297,28.1671
2024-08-17,Middle Africa,Democratic Republic of Congo,Sud-Kivu,Riots,Mob violence,1,1,146001,Political violence,726,-3.297,28.1671
2024-08-24,Middle Africa,Democratic Republic of Congo,Sud-Kivu,Riots,Mob violence,1,1,7015,Political violence,726,-3.297,28.1671
2024-09-14,Middle Africa,Democratic Republic of Congo,Sud-Kivu,Riots,Mob violence,1,1,1348,Political violence,726,-3.297,28.1671
2024-10-19,Middle Africa,Democratic Republic of Congo,Sud-Kivu,Riots,Mob violence,1,1,1348,Political violence,726,-3.297,28.1671
2024-10-26,Middle Africa,Democratic Republic of Congo,Sud-Kivu,Riots,Mob violence,1,1,1348,Political violence,726,-3.297,28.1671
2024-11-16,Middle Africa,Democratic Republic of Congo,Sud-Kivu,Riots,Mob violence,1,1,28837,Political violence,726,-3.297,28.1671
2025-01-11,Middle Africa,Democratic Republic of Congo,Sud-Kivu,Riots,Mob violence,1,1,5026,Political violence,726,-3.297,28.1671
2025-02-08,Middle Africa,Democratic Republic of Congo,Sud-Kivu,Riots,Mob violence,1,1,163754,Political violence,726,-3.297,28.1671
2025-02-15,Middle Africa,Democratic Republic of Congo,Sud-Kivu,Riots,Mob violence,4,2,416362,Political violence,726,-3.297,28.1671
2025-02-22,Middle Africa,Democratic Republic of Congo,Sud-Kivu,Riots,Mob violence,4,7,597605,Political violence,726,-3.297,28.1671
2025-03-15,Middle Africa,Democratic Republic of Congo,Sud-Kivu,Riots,Mob violence,4,4,335322,Political violence,726,-3.297,28.1671
2025-03-22,Middle Africa,Democratic Republic of Congo,Sud-Kivu,Riots,Mob violence,4,3,582970,Political violence,726,-3.297,28.1671
2025-03-29,Middle Africa,Democratic Republic of Congo,Sud-Kivu,Riots,Mob violence,2,1,110436,Political violence,726,-3.297,28.1671
2025-04-19,Middle Africa,Democratic Republic of Congo,Sud-Kivu,Riots,Mob violence,2,2,167045,Political violence,726,-3.297,28.1671
2025-04-26,Middle Africa,Democratic Republic of Congo,Sud-Kivu,Riots,Mob violence,2,6,239046,Political violence,726,-3.297,28.1671
2025-05-03,Middle Africa,Democratic Republic of Congo,Sud-Kivu,Riots,Mob violence,4,6,125601,Political violence,726,-3.297,28.1671
2025-05-10,Middle Africa,Democratic Republic of Congo,Sud-Kivu,Riots,Mob violence,1,2,11883,Political violence,726,-3.297,28.1671
2025-05-24,Middle Africa,Democratic Republic of Congo,Sud-Kivu,Riots,Mob violence,1,1,13623,Political violence,726,-3.297,28.1671
2025-06-14,Middle Africa,Democratic Republic of Congo,Sud-Kivu,Riots,Mob violence,1,1,121157,Political violence,726,-3.297,28.1671
2025-07-05,Middle Africa,Democratic Republic of Congo,Sud-Kivu,Riots,Mob violence,1,1,65043,Political violence,726,-3.297,28.1671
2025-07-26,Middle Africa,Democratic Republic of Congo,Sud-Kivu,Riots,Mob violence,2,2,87009,Political violence,726,-3.297,28.1671
2025-08-09,Middle Africa,Democratic Republic of Congo,Sud-Kivu,Riots,Mob violence,2,2,140183,Political violence,726,-3.297,28.1671
2025-08-16,Middle Africa,Democratic Republic of Congo,Sud-Kivu,Riots,Mob violence,1,1,13374,Political violence,726,-3.297,28.1671
2025-08-23,Middle Africa,Democratic Republic of Congo,Sud-Kivu,Riots,Mob violence,1,2,10295,Political violence,726,-3.297,28.1671
2025-08-30,Middle Africa,Democratic Republic of Congo,Sud-Kivu,Riots,Mob violence,2,5,92345,Political violence,726,-3.297,28.1671
2025-09-20,Middle Africa,Democratic Republic of Congo,Sud-Kivu,Riots,Mob violence,1,1,18323,Political violence,726,-3.297,28.1671
2025-09-27,Middle Africa,Democratic Republic of Congo,Sud-Kivu,Riots,Mob violence,1,1,447,Political violence,726,-3.297,28.1671
2025-10-18,Middle Africa,Democratic Republic of Congo,Sud-Kivu,Riots,Mob violence,1,2,20270,Political violence,726,-3.297,28.1671
2025-10-25,Middle Africa,Democratic Republic of Congo,Sud-Kivu,Riots,Mob violence,1,1,10295,Political violence,726,-3.297,28.1671
2025-11-15,Middle Africa,Democratic Republic of Congo,Sud-Kivu,Riots,Mob violence,2,2,52614,Political violence,726,-3.297,28.1671
2025-12-06,Middle Africa,Democratic Republic of Congo,Sud-Kivu,Riots,Mob violence,5,5,334670,Political violence,726,-3.297,28.1671
2025-12-27,Middle Africa,Democratic Republic of Congo,Sud-Kivu,Riots,Mob violence,2,1,3567,Political violence,726,-3.297,28.1671
2026-01-17,Middle Africa,Democratic Republic of Congo,Sud-Kivu,Riots,Mob violence,1,1,76516,Political violence,726,-3.297,28.1671
2026-01-31,Middle Africa,Democratic Republic of Congo,Sud-Kivu,Riots,Mob violence,1,1,NA,Political violence,726,-3.297,28.1671
2015-12-19,Middle Africa,Democratic Republic of Congo,Sud-Kivu,Riots,Violent demonstration,1,2,44462,Demonstrations,726,-3.297,28.1671
2016-09-17,Middle Africa,Democratic Republic of Congo,Sud-Kivu,Riots,Violent demonstration,1,2,35239,Demonstrations,726,-3.297,28.1671
2016-10-15,Middle Africa,Democratic Republic of Congo,Sud-Kivu,Riots,Violent demonstration,3,7,87822,Demonstrations,726,-3.297,28.1671
2017-09-23,Middle Africa,Democratic Republic of Congo,Sud-Kivu,Riots,Violent demonstration,2,6,344829,Demonstrations,726,-3.297,28.1671
2020-05-30,Middle Africa,Democratic Republic of Congo,Sud-Kivu,Riots,Violent demonstration,1,2,915,Demonstrations,726,-3.297,28.1671
2020-12-26,Middle Africa,Democratic Republic of Congo,Sud-Kivu,Riots,Violent demonstration,6,2,87474,Demonstrations,726,-3.297,28.1671
2021-07-10,Middle Africa,Democratic Republic of Congo,Sud-Kivu,Riots,Violent demonstration,1,2,27677,Demonstrations,726,-3.297,28.1671
2021-08-28,Middle Africa,Democratic Republic of Congo,Sud-Kivu,Riots,Violent demonstration,1,1,139,Demonstrations,726,-3.297,28.1671
2021-12-04,Middle Africa,Democratic Republic of Congo,Sud-Kivu,Riots,Violent demonstration,1,1,15211,Demonstrations,726,-3.297,28.1671
2022-04-02,Middle Africa,Democratic Republic of Congo,Sud-Kivu,Riots,Violent demonstration,1,1,83144,Demonstrations,726,-3.297,28.1671
2022-07-23,Middle Africa,Democratic Republic of Congo,Sud-Kivu,Riots,Violent demonstration,2,4,33915,Demonstrations,726,-3.297,28.1671
2023-03-04,Middle Africa,Democratic Republic of Congo,Sud-Kivu,Riots,Violent demonstration,2,2,77510,Demonstrations,726,-3.297,28.1671
2009-02-14,Middle Africa,Democratic Republic of Congo,Sud-Kivu,Violence against civilians,Attack,4,43,NA,Political violence,726,-3.297,28.1671
2009-03-28,Middle Africa,Democratic Republic of Congo,Sud-Kivu,Violence against civilians,Attack,1,1,NA,Political violence,726,-3.297,28.1671
2009-04-04,Middle Africa,Democratic Republic of Congo,Sud-Kivu,Violence against civilians,Attack,1,4,NA,Political violence,726,-3.297,28.1671
2009-04-11,Middle Africa,Democratic Republic of Congo,Sud-Kivu,Violence against civilians,Attack,1,50,NA,Political violence,726,-3.297,28.1671
2009-05-16,Middle Africa,Democratic Republic of Congo,Sud-Kivu,Violence against civilians,Attack,1,7,NA,Political violence,726,-3.297,28.1671
2009-07-04,Middle Africa,Democratic Republic of Congo,Sud-Kivu,Violence against civilians,Attack,1,2,NA,Political violence,726,-3.297,28.1671
2009-08-01,Middle Africa,Democratic Republic of Congo,Sud-Kivu,Violence against civilians,Attack,1,1,NA,Political violence,726,-3.297,28.1671
2009-08-22,Middle Africa,Democratic Republic of Congo,Sud-Kivu,Violence against civilians,Attack,2,2,NA,Political violence,726,-3.297,28.1671
2009-09-26,Middle Africa,Democratic Republic of Congo,Sud-Kivu,Violence against civilians,Attack,2,2,NA,Political violence,726,-3.297,28.1671
2009-10-03,Middle Africa,Democratic Republic of Congo,Sud-Kivu,Violence against civilians,Attack,1,3,NA,Political violence,726,-3.297,28.1671
2009-10-24,Middle Africa,Democratic Republic of Congo,Sud-Kivu,Violence against civilians,Attack,1,1,NA,Political violence,726,-3.297,28.1671
2009-12-05,Middle Africa,Democratic Republic of Congo,Sud-Kivu,Violence against civilians,Attack,4,2,NA,Political violence,726,-3.297,28.1671
2010-01-30,Middle Africa,Democratic Republic of Congo,Sud-Kivu,Violence against civilians,Attack,3,29,NA,Political violence,726,-3.297,28.1671
2010-02-06,Middle Africa,Democratic Republic of Congo,Sud-Kivu,Violence against civilians,Attack,2,7,NA,Political violence,726,-3.297,28.1671
2010-04-03,Middle Africa,Democratic Republic of Congo,Sud-Kivu,Violence against civilians,Attack,1,96,NA,Political violence,726,-3.297,28.1671
2010-06-19,Middle Africa,Democratic Republic of Congo,Sud-Kivu,Violence against civilians,Attack,1,1,NA,Political violence,726,-3.297,28.1671
2010-10-16,Middle Africa,Democratic Republic of Congo,Sud-Kivu,Violence against civilians,Attack,1,3,NA,Political violence,726,-3.297,28.1671
2010-11-06,Middle Africa,Democratic Republic of Congo,Sud-Kivu,Violence against civilians,Attack,1,1,NA,Political violence,726,-3.297,28.1671
2011-03-05,Middle Africa,Democratic Republic of Congo,Sud-Kivu,Violence against civilians,Attack,2,1,NA,Political violence,726,-3.297,28.1671
2011-03-26,Middle Africa,Democratic Republic of Congo,Sud-Kivu,Violence against civilians,Attack,4,3,NA,Political violence,726,-3.297,28.1671
2011-06-18,Middle Africa,Democratic Republic of Congo,Sud-Kivu,Violence against civilians,Attack,2,2,NA,Political violence,726,-3.297,28.1671
2011-07-09,Middle Africa,Democratic Republic of Congo,Sud-Kivu,Violence against civilians,Attack,3,2,NA,Political violence,726,-3.297,28.1671
2011-08-06,Middle Africa,Democratic Republic of Congo,Sud-Kivu,Violence against civilians,Attack,6,6,NA,Political violence,726,-3.297,28.1671
2011-08-13,Middle Africa,Democratic Republic of Congo,Sud-Kivu,Violence against civilians,Attack,2,2,NA,Political violence,726,-3.297,28.1671
2011-08-27,Middle Africa,Democratic Republic of Congo,Sud-Kivu,Violence against civilians,Attack,3,2,NA,Political violence,726,-3.297,28.1671
2011-10-01,Middle Africa,Democratic Republic of Congo,Sud-Kivu,Violence against civilians,Attack,2,14,NA,Political violence,726,-3.297,28.1671
2011-10-08,Middle Africa,Democratic Republic of Congo,Sud-Kivu,Violence against civilians,Attack,3,2,NA,Political violence,726,-3.297,28.1671
2011-10-15,Middle Africa,Democratic Republic of Congo,Sud-Kivu,Violence against civilians,Attack,1,1,NA,Political violence,726,-3.297,28.1671
2011-12-31,Middle Africa,Democratic Republic of Congo,Sud-Kivu,Violence against civilians,Attack,3,49,NA,Political violence,726,-3.297,28.1671
2012-01-07,Middle Africa,Democratic Republic of Congo,Sud-Kivu,Violence against civilians,Attack,3,4,NA,Political violence,726,-3.297,28.1671
2012-02-25,Middle Africa,Democratic Republic of Congo,Sud-Kivu,Violence against civilians,Attack,3,14,NA,Political violence,726,-3.297,28.1671
2012-03-03,Middle Africa,Democratic Republic of Congo,Sud-Kivu,Violence against civilians,Attack,3,25,NA,Political violence,726,-3.297,28.1671
2012-03-10,Middle Africa,Democratic Republic of Congo,Sud-Kivu,Violence against civilians,Attack,3,4,NA,Political violence,726,-3.297,28.1671
2012-03-24,Middle Africa,Democratic Republic of Congo,Sud-Kivu,Violence against civilians,Attack,1,1,NA,Political violence,726,-3.297,28.1671
2012-05-12,Middle Africa,Democratic Republic of Congo,Sud-Kivu,Violence against civilians,Attack,1,30,NA,Political violence,726,-3.297,28.1671
2012-05-26,Middle Africa,Democratic Republic of Congo,Sud-Kivu,Violence against civilians,Attack,1,5,NA,Political violence,726,-3.297,28.1671
2012-06-02,Middle Africa,Democratic Republic of Congo,Sud-Kivu,Violence against civilians,Attack,1,1,NA,Political violence,726,-3.297,28.1671
2012-07-14,Middle Africa,Democratic Republic of Congo,Sud-Kivu,Violence against civilians,Attack,3,7,NA,Political violence,726,-3.297,28.1671
2012-07-21,Middle Africa,Democratic Republic of Congo,Sud-Kivu,Violence against civilians,Attack,2,1,NA,Political violence,726,-3.297,28.1671
2012-07-28,Middle Africa,Democratic Republic of Congo,Sud-Kivu,Violence against civilians,Attack,1,2,NA,Political violence,726,-3.297,28.1671
2012-08-04,Middle Africa,Democratic Republic of Congo,Sud-Kivu,Violence against civilians,Attack,2,13,NA,Political violence,726,-3.297,28.1671
2012-08-18,Middle Africa,Democratic Republic of Congo,Sud-Kivu,Violence against civilians,Attack,3,3,NA,Political violence,726,-3.297,28.1671
2012-08-25,Middle Africa,Democratic Republic of Congo,Sud-Kivu,Violence against civilians,Attack,1,20,NA,Political violence,726,-3.297,28.1671
2012-10-20,Middle Africa,Democratic Republic of Congo,Sud-Kivu,Violence against civilians,Attack,1,1,NA,Political violence,726,-3.297,28.1671
2012-10-27,Middle Africa,Democratic Republic of Congo,Sud-Kivu,Violence against civilians,Attack,3,7,NA,Political violence,726,-3.297,28.1671
2013-03-09,Middle Africa,Democratic Republic of Congo,Sud-Kivu,Violence against civilians,Attack,1,4,NA,Political violence,726,-3.297,28.1671
2013-04-27,Middle Africa,Democratic Republic of Congo,Sud-Kivu,Violence against civilians,Attack,1,2,NA,Political violence,726,-3.297,28.1671
2013-05-04,Middle Africa,Democratic Republic of Congo,Sud-Kivu,Violence against civilians,Attack,1,1,NA,Political violence,726,-3.297,28.1671
2013-05-11,Middle Africa,Democratic Republic of Congo,Sud-Kivu,Violence against civilians,Attack,2,2,NA,Political violence,726,-3.297,28.1671
2013-05-25,Middle Africa,Democratic Republic of Congo,Sud-Kivu,Violence against civilians,Attack,1,3,NA,Political violence,726,-3.297,28.1671
2013-08-10,Middle Africa,Democratic Republic of Congo,Sud-Kivu,Violence against civilians,Attack,2,21,NA,Political violence,726,-3.297,28.1671
2013-08-24,Middle Africa,Democratic Republic of Congo,Sud-Kivu,Violence against civilians,Attack,1,4,NA,Political violence,726,-3.297,28.1671
2014-01-18,Middle Africa,Democratic Republic of Congo,Sud-Kivu,Violence against civilians,Attack,1,4,NA,Political violence,726,-3.297,28.1671
2014-03-15,Middle Africa,Democratic Republic of Congo,Sud-Kivu,Violence against civilians,Attack,2,3,NA,Political violence,726,-3.297,28.1671
2014-05-31,Middle Africa,Democratic Republic of Congo,Sud-Kivu,Violence against civilians,Attack,2,39,NA,Political violence,726,-3.297,28.1671
2014-06-21,Middle Africa,Democratic Republic of Congo,Sud-Kivu,Violence against civilians,Attack,1,1,NA,Political violence,726,-3.297,28.1671
2014-06-28,Middle Africa,Democratic Republic of Congo,Sud-Kivu,Violence against civilians,Attack,1,1,NA,Political violence,726,-3.297,28.1671
2014-07-12,Middle Africa,Democratic Republic of Congo,Sud-Kivu,Violence against civilians,Attack,1,6,NA,Political violence,726,-3.297,28.1671
2014-07-26,Middle Africa,Democratic Republic of Congo,Sud-Kivu,Violence against civilians,Attack,1,2,NA,Political violence,726,-3.297,28.1671
2014-08-09,Middle Africa,Democratic Republic of Congo,Sud-Kivu,Violence against civilians,Attack,2,9,NA,Political violence,726,-3.297,28.1671
2014-08-23,Middle Africa,Democratic Republic of Congo,Sud-Kivu,Violence against civilians,Attack,1,6,NA,Political violence,726,-3.297,28.1671
2014-08-30,Middle Africa,Democratic Republic of Congo,Sud-Kivu,Violence against civilians,Attack,1,1,NA,Political violence,726,-3.297,28.1671
2014-12-20,Middle Africa,Democratic Republic of Congo,Sud-Kivu,Violence against civilians,Attack,1,8,NA,Political violence,726,-3.297,28.1671
2015-01-24,Middle Africa,Democratic Republic of Congo,Sud-Kivu,Violence against civilians,Attack,1,1,244313,Political violence,726,-3.297,28.1671
2015-03-07,Middle Africa,Democratic Republic of Congo,Sud-Kivu,Violence against civilians,Attack,1,10,53851,Political violence,726,-3.297,28.1671
2015-04-25,Middle Africa,Democratic Republic of Congo,Sud-Kivu,Violence against civilians,Attack,1,1,283996,Political violence,726,-3.297,28.1671
2015-05-16,Middle Africa,Democratic Republic of Congo,Sud-Kivu,Violence against civilians,Attack,2,4,35858,Political violence,726,-3.297,28.1671
2015-05-23,Middle Africa,Democratic Republic of Congo,Sud-Kivu,Violence against civilians,Attack,1,1,283996,Political violence,726,-3.297,28.1671
2015-07-25,Middle Africa,Democratic Republic of Congo,Sud-Kivu,Violence against civilians,Attack,1,10,35858,Political violence,726,-3.297,28.1671
2015-08-15,Middle Africa,Democratic Republic of Congo,Sud-Kivu,Violence against civilians,Attack,2,3,65397,Political violence,726,-3.297,28.1671
2015-12-05,Middle Africa,Democratic Republic of Congo,Sud-Kivu,Violence against civilians,Attack,1,2,3566,Political violence,726,-3.297,28.1671
2015-12-19,Middle Africa,Democratic Republic of Congo,Sud-Kivu,Violence against civilians,Attack,1,1,97562,Political violence,726,-3.297,28.1671
2016-03-12,Middle Africa,Democratic Republic of Congo,Sud-Kivu,Violence against civilians,Attack,1,1,100805,Political violence,726,-3.297,28.1671
2016-04-23,Middle Africa,Democratic Republic of Congo,Sud-Kivu,Violence against civilians,Attack,1,1,9736,Political violence,726,-3.297,28.1671
2016-06-11,Middle Africa,Democratic Republic of Congo,Sud-Kivu,Violence against civilians,Attack,1,3,21818,Political violence,726,-3.297,28.1671
2016-07-16,Middle Africa,Democratic Republic of Congo,Sud-Kivu,Violence against civilians,Attack,1,2,8154,Political violence,726,-3.297,28.1671
2016-07-23,Middle Africa,Democratic Republic of Congo,Sud-Kivu,Violence against civilians,Attack,1,1,213576,Political violence,726,-3.297,28.1671
2016-08-06,Middle Africa,Democratic Republic of Congo,Sud-Kivu,Violence against civilians,Attack,1,1,21818,Political violence,726,-3.297,28.1671
2016-08-13,Middle Africa,Democratic Republic of Congo,Sud-Kivu,Violence against civilians,Attack,1,3,12240,Political violence,726,-3.297,28.1671
2016-09-03,Middle Africa,Democratic Republic of Congo,Sud-Kivu,Violence against civilians,Attack,1,1,37128,Political violence,726,-3.297,28.1671
2016-11-05,Middle Africa,Democratic Republic of Congo,Sud-Kivu,Violence against civilians,Attack,1,1,527777,Political violence,726,-3.297,28.1671
2016-11-19,Middle Africa,Democratic Republic of Congo,Sud-Kivu,Violence against civilians,Attack,1,8,34736,Political violence,726,-3.297,28.1671
2016-11-26,Middle Africa,Democratic Republic of Congo,Sud-Kivu,Violence against civilians,Attack,1,1,527777,Political violence,726,-3.297,28.1671
2017-02-11,Middle Africa,Democratic Republic of Congo,Sud-Kivu,Violence against civilians,Attack,1,9,43795,Political violence,726,-3.297,28.1671
2017-04-29,Middle Africa,Democratic Republic of Congo,Sud-Kivu,Violence against civilians,Attack,1,2,222252,Political violence,726,-3.297,28.1671
2017-05-06,Middle Africa,Democratic Republic of Congo,Sud-Kivu,Violence against civilians,Attack,2,2,19250,Political violence,726,-3.297,28.1671
2017-05-20,Middle Africa,Democratic Republic of Congo,Sud-Kivu,Violence against civilians,Attack,1,1,1468,Political violence,726,-3.297,28.1671
2017-12-23,Middle Africa,Democratic Republic of Congo,Sud-Kivu,Violence against civilians,Attack,8,5,551034,Political violence,726,-3.297,28.1671
2017-12-30,Middle Africa,Democratic Republic of Congo,Sud-Kivu,Violence against civilians,Attack,5,3,35437,Political violence,726,-3.297,28.1671
2018-01-13,Middle Africa,Democratic Republic of Congo,Sud-Kivu,Violence against civilians,Attack,1,1,38975,Political violence,726,-3.297,28.1671
2018-01-20,Middle Africa,Democratic Republic of Congo,Sud-Kivu,Violence against civilians,Attack,1,1,15081,Political violence,726,-3.297,28.1671
2018-02-17,Middle Africa,Democratic Republic of Congo,Sud-Kivu,Violence against civilians,Attack,1,1,29774,Political violence,726,-3.297,28.1671
2018-02-24,Middle Africa,Democratic Republic of Congo,Sud-Kivu,Violence against civilians,Attack,1,1,57556,Political violence,726,-3.297,28.1671
2018-03-10,Middle Africa,Democratic Republic of Congo,Sud-Kivu,Violence against civilians,Attack,2,2,99964,Political violence,726,-3.297,28.1671
2018-03-24,Middle Africa,Democratic Republic of Congo,Sud-Kivu,Violence against civilians,Attack,1,2,78732,Political violence,726,-3.297,28.1671
2018-03-31,Middle Africa,Democratic Republic of Congo,Sud-Kivu,Violence against civilians,Attack,2,2,71658,Political violence,726,-3.297,28.1671
2018-04-14,Middle Africa,Democratic Republic of Congo,Sud-Kivu,Violence against civilians,Attack,3,5,72582,Political violence,726,-3.297,28.1671
2018-04-28,Middle Africa,Democratic Republic of Congo,Sud-Kivu,Violence against civilians,Attack,1,2,196,Political violence,726,-3.297,28.1671
2018-05-05,Middle Africa,Democratic Republic of Congo,Sud-Kivu,Violence against civilians,Attack,3,4,97746,Political violence,726,-3.297,28.1671
2018-05-12,Middle Africa,Democratic Republic of Congo,Sud-Kivu,Violence against civilians,Attack,2,2,98987,Political violence,726,-3.297,28.1671
2018-05-19,Middle Africa,Democratic Republic of Congo,Sud-Kivu,Violence against civilians,Attack,3,3,89367,Political violence,726,-3.297,28.1671
2018-06-02,Middle Africa,Democratic Republic of Congo,Sud-Kivu,Violence against civilians,Attack,1,6,3,Political violence,726,-3.297,28.1671
2018-06-09,Middle Africa,Democratic Republic of Congo,Sud-Kivu,Violence against civilians,Attack,4,7,189224,Political violence,726,-3.297,28.1671
2018-06-16,Middle Africa,Democratic Republic of Congo,Sud-Kivu,Violence against civilians,Attack,1,2,12712,Political violence,726,-3.297,28.1671
2018-06-23,Middle Africa,Democratic Republic of Congo,Sud-Kivu,Violence against civilians,Attack,2,1,40642,Political violence,726,-3.297,28.1671
2018-06-30,Middle Africa,Democratic Republic of Congo,Sud-Kivu,Violence against civilians,Attack,5,15,60019,Political violence,726,-3.297,28.1671
2018-07-21,Middle Africa,Democratic Republic of Congo,Sud-Kivu,Violence against civilians,Attack,1,5,119138,Political violence,726,-3.297,28.1671
2018-07-28,Middle Africa,Democratic Republic of Congo,Sud-Kivu,Violence against civilians,Attack,3,2,124578,Political violence,726,-3.297,28.1671
2018-08-11,Middle Africa,Democratic Republic of Congo,Sud-Kivu,Violence against civilians,Attack,3,4,35149,Political violence,726,-3.297,28.1671
2018-08-18,Middle Africa,Democratic Republic of Congo,Sud-Kivu,Violence against civilians,Attack,3,3,19390,Political violence,726,-3.297,28.1671
2018-09-22,Middle Africa,Democratic Republic of Congo,Sud-Kivu,Violence against civilians,Attack,2,2,7605,Political violence,726,-3.297,28.1671
2018-09-29,Middle Africa,Democratic Republic of Congo,Sud-Kivu,Violence against civilians,Attack,3,3,273259,Political violence,726,-3.297,28.1671
2018-10-06,Middle Africa,Democratic Republic of Congo,Sud-Kivu,Violence against civilians,Attack,3,3,136098,Political violence,726,-3.297,28.1671
2018-10-13,Middle Africa,Democratic Republic of Congo,Sud-Kivu,Violence against civilians,Attack,2,2,791816,Political violence,726,-3.297,28.1671
2018-11-03,Middle Africa,Democratic Republic of Congo,Sud-Kivu,Violence against civilians,Attack,3,3,166752,Political violence,726,-3.297,28.1671
2018-11-10,Middle Africa,Democratic Republic of Congo,Sud-Kivu,Violence against civilians,Attack,1,1,7692,Political violence,726,-3.297,28.1671
2018-11-17,Middle Africa,Democratic Republic of Congo,Sud-Kivu,Violence against civilians,Attack,1,1,46220,Political violence,726,-3.297,28.1671
2018-12-01,Middle Africa,Democratic Republic of Congo,Sud-Kivu,Violence against civilians,Attack,1,2,312872,Political violence,726,-3.297,28.1671
2018-12-08,Middle Africa,Democratic Republic of Congo,Sud-Kivu,Violence against civilians,Attack,4,9,94280,Political violence,726,-3.297,28.1671
2018-12-15,Middle Africa,Democratic Republic of Congo,Sud-Kivu,Violence against civilians,Attack,1,1,17717,Political violence,726,-3.297,28.1671
2018-12-29,Middle Africa,Democratic Republic of Congo,Sud-Kivu,Violence against civilians,Attack,2,3,89553,Political violence,726,-3.297,28.1671
2019-01-05,Middle Africa,Democratic Republic of Congo,Sud-Kivu,Violence against civilians,Attack,1,1,322056,Political violence,726,-3.297,28.1671
2019-01-12,Middle Africa,Democratic Republic of Congo,Sud-Kivu,Violence against civilians,Attack,2,2,44099,Political violence,726,-3.297,28.1671
2019-01-19,Middle Africa,Democratic Republic of Congo,Sud-Kivu,Violence against civilians,Attack,4,4,376110,Political violence,726,-3.297,28.1671
2019-01-26,Middle Africa,Democratic Republic of Congo,Sud-Kivu,Violence against civilians,Attack,4,3,113080,Political violence,726,-3.297,28.1671
2019-02-09,Middle Africa,Democratic Republic of Congo,Sud-Kivu,Violence against civilians,Attack,2,2,47087,Political violence,726,-3.297,28.1671
2019-02-16,Middle Africa,Democratic Republic of Congo,Sud-Kivu,Violence against civilians,Attack,1,1,31788,Political violence,726,-3.297,28.1671
2019-02-23,Middle Africa,Democratic Republic of Congo,Sud-Kivu,Violence against civilians,Attack,2,8,29465,Political violence,726,-3.297,28.1671
2019-03-02,Middle Africa,Democratic Republic of Congo,Sud-Kivu,Violence against civilians,Attack,3,10,81138,Political violence,726,-3.297,28.1671
2019-03-09,Middle Africa,Democratic Republic of Congo,Sud-Kivu,Violence against civilians,Attack,1,2,8607,Political violence,726,-3.297,28.1671
2019-03-16,Middle Africa,Democratic Republic of Congo,Sud-Kivu,Violence against civilians,Attack,3,4,49530,Political violence,726,-3.297,28.1671
2019-03-23,Middle Africa,Democratic Republic of Congo,Sud-Kivu,Violence against civilians,Attack,1,1,7643,Political violence,726,-3.297,28.1671
2019-04-13,Middle Africa,Democratic Republic of Congo,Sud-Kivu,Violence against civilians,Attack,1,1,1752,Political violence,726,-3.297,28.1671
2019-04-20,Middle Africa,Democratic Republic of Congo,Sud-Kivu,Violence against civilians,Attack,3,2,200361,Political violence,726,-3.297,28.1671
2019-05-04,Middle Africa,Democratic Republic of Congo,Sud-Kivu,Violence against civilians,Attack,4,4,132797,Political violence,726,-3.297,28.1671
2019-05-11,Middle Africa,Democratic Republic of Congo,Sud-Kivu,Violence against civilians,Attack,6,7,95912,Political violence,726,-3.297,28.1671
2019-05-18,Middle Africa,Democratic Republic of Congo,Sud-Kivu,Violence against civilians,Attack,3,2,52997,Political violence,726,-3.297,28.1671
2019-06-01,Middle Africa,Democratic Republic of Congo,Sud-Kivu,Violence against civilians,Attack,1,1,314530,Political violence,726,-3.297,28.1671
2019-06-08,Middle Africa,Democratic Republic of Congo,Sud-Kivu,Violence against civilians,Attack,1,1,4082,Political violence,726,-3.297,28.1671
2019-06-15,Middle Africa,Democratic Republic of Congo,Sud-Kivu,Violence against civilians,Attack,7,5,242976,Political violence,726,-3.297,28.1671
2019-06-22,Middle Africa,Democratic Republic of Congo,Sud-Kivu,Violence against civilians,Attack,1,2,39736,Political violence,726,-3.297,28.1671
2019-06-29,Middle Africa,Democratic Republic of Congo,Sud-Kivu,Violence against civilians,Attack,2,2,49092,Political violence,726,-3.297,28.1671
2019-07-06,Middle Africa,Democratic Republic of Congo,Sud-Kivu,Violence against civilians,Attack,2,3,56698,Political violence,726,-3.297,28.1671
2019-07-20,Middle Africa,Democratic Republic of Congo,Sud-Kivu,Violence against civilians,Attack,1,1,20635,Political violence,726,-3.297,28.1671
2019-07-27,Middle Africa,Democratic Republic of Congo,Sud-Kivu,Violence against civilians,Attack,2,2,81528,Political violence,726,-3.297,28.1671
2019-08-03,Middle Africa,Democratic Republic of Congo,Sud-Kivu,Violence against civilians,Attack,5,5,64865,Political violence,726,-3.297,28.1671
2019-08-10,Middle Africa,Democratic Republic of Congo,Sud-Kivu,Violence against civilians,Attack,1,1,12702,Political violence,726,-3.297,28.1671
2019-08-17,Middle Africa,Democratic Republic of Congo,Sud-Kivu,Violence against civilians,Attack,4,4,192269,Political violence,726,-3.297,28.1671
2019-08-24,Middle Africa,Democratic Republic of Congo,Sud-Kivu,Violence against civilians,Attack,3,8,40699,Political violence,726,-3.297,28.1671
2019-08-31,Middle Africa,Democratic Republic of Congo,Sud-Kivu,Violence against civilians,Attack,2,7,118961,Political violence,726,-3.297,28.1671
2019-09-07,Middle Africa,Democratic Republic of Congo,Sud-Kivu,Violence against civilians,Attack,2,2,9032,Political violence,726,-3.297,28.1671
2019-09-14,Middle Africa,Democratic Republic of Congo,Sud-Kivu,Violence against civilians,Attack,3,18,38853,Political violence,726,-3.297,28.1671
2019-09-21,Middle Africa,Democratic Republic of Congo,Sud-Kivu,Violence against civilians,Attack,6,1,19717,Political violence,726,-3.297,28.1671
2019-09-28,Middle Africa,Democratic Republic of Congo,Sud-Kivu,Violence against civilians,Attack,3,3,216289,Political violence,726,-3.297,28.1671
2019-10-05,Middle Africa,Democratic Republic of Congo,Sud-Kivu,Violence against civilians,Attack,1,2,43833,Political violence,726,-3.297,28.1671
2019-10-12,Middle Africa,Democratic Republic of Congo,Sud-Kivu,Violence against civilians,Attack,2,2,295373,Political violence,726,-3.297,28.1671
2019-10-19,Middle Africa,Democratic Republic of Congo,Sud-Kivu,Violence against civilians,Attack,1,1,1131,Political violence,726,-3.297,28.1671
2019-10-26,Middle Africa,Democratic Republic of Congo,Sud-Kivu,Violence against civilians,Attack,8,1,36980,Political violence,726,-3.297,28.1671
2019-11-02,Middle Africa,Democratic Republic of Congo,Sud-Kivu,Violence against civilians,Attack,5,4,50128,Political violence,726,-3.297,28.1671
2019-11-16,Middle Africa,Democratic Republic of Congo,Sud-Kivu,Violence against civilians,Attack,2,5,177,Political violence,726,-3.297,28.1671
2019-11-23,Middle Africa,Democratic Republic of Congo,Sud-Kivu,Violence against civilians,Attack,1,1,2211,Political violence,726,-3.297,28.1671
2019-11-30,Middle Africa,Democratic Republic of Congo,Sud-Kivu,Violence against civilians,Attack,1,1,58,Political violence,726,-3.297,28.1671
2019-12-07,Middle Africa,Democratic Republic of Congo,Sud-Kivu,Violence against civilians,Attack,1,1,28782,Political violence,726,-3.297,28.1671
2019-12-14,Middle Africa,Democratic Republic of Congo,Sud-Kivu,Violence against civilians,Attack,1,1,5054,Political violence,726,-3.297,28.1671
2019-12-21,Middle Africa,Democratic Republic of Congo,Sud-Kivu,Violence against civilians,Attack,1,2,28782,Political violence,726,-3.297,28.1671
2019-12-28,Middle Africa,Democratic Republic of Congo,Sud-Kivu,Violence against civilians,Attack,1,1,19181,Political violence,726,-3.297,28.1671
2020-01-11,Middle Africa,Democratic Republic of Congo,Sud-Kivu,Violence against civilians,Attack,2,1,70031,Political violence,726,-3.297,28.1671
2020-01-18,Middle Africa,Democratic Republic of Congo,Sud-Kivu,Violence against civilians,Attack,2,4,148495,Political violence,726,-3.297,28.1671
2020-01-25,Middle Africa,Democratic Republic of Congo,Sud-Kivu,Violence against civilians,Attack,2,3,26480,Political violence,726,-3.297,28.1671
2020-02-01,Middle Africa,Democratic Republic of Congo,Sud-Kivu,Violence against civilians,Attack,2,2,143641,Political violence,726,-3.297,28.1671
2020-02-08,Middle Africa,Democratic Republic of Congo,Sud-Kivu,Violence against civilians,Attack,6,5,267130,Political violence,726,-3.297,28.1671
2020-02-15,Middle Africa,Democratic Republic of Congo,Sud-Kivu,Violence against civilians,Attack,3,6,76112,Political violence,726,-3.297,28.1671
2020-02-22,Middle Africa,Democratic Republic of Congo,Sud-Kivu,Violence against civilians,Attack,4,10,170859,Political violence,726,-3.297,28.1671
2020-03-21,Middle Africa,Democratic Republic of Congo,Sud-Kivu,Violence against civilians,Attack,1,1,8854,Political violence,726,-3.297,28.1671
2020-04-04,Middle Africa,Democratic Republic of Congo,Sud-Kivu,Violence against civilians,Attack,2,2,17922,Political violence,726,-3.297,28.1671
2020-04-25,Middle Africa,Democratic Republic of Congo,Sud-Kivu,Violence against civilians,Attack,1,1,5999,Political violence,726,-3.297,28.1671
2020-05-02,Middle Africa,Democratic Republic of Congo,Sud-Kivu,Violence against civilians,Attack,5,7,131429,Political violence,726,-3.297,28.1671
2020-05-16,Middle Africa,Democratic Republic of Congo,Sud-Kivu,Violence against civilians,Attack,2,1,203120,Political violence,726,-3.297,28.1671
2020-06-06,Middle Africa,Democratic Republic of Congo,Sud-Kivu,Violence against civilians,Attack,3,2,191085,Political violence,726,-3.297,28.1671
2020-06-13,Middle Africa,Democratic Republic of Congo,Sud-Kivu,Violence against civilians,Attack,2,2,184702,Political violence,726,-3.297,28.1671
2020-06-20,Middle Africa,Democratic Republic of Congo,Sud-Kivu,Violence against civilians,Attack,1,1,6395,Political violence,726,-3.297,28.1671
2020-06-27,Middle Africa,Democratic Republic of Congo,Sud-Kivu,Violence against civilians,Attack,3,2,7378,Political violence,726,-3.297,28.1671
2020-07-04,Middle Africa,Democratic Republic of Congo,Sud-Kivu,Violence against civilians,Attack,1,2,8801,Political violence,726,-3.297,28.1671
2020-07-11,Middle Africa,Democratic Republic of Congo,Sud-Kivu,Violence against civilians,Attack,3,2,283201,Political violence,726,-3.297,28.1671
2020-07-18,Middle Africa,Democratic Republic of Congo,Sud-Kivu,Violence against civilians,Attack,3,5,16583,Political violence,726,-3.297,28.1671
2020-07-25,Middle Africa,Democratic Republic of Congo,Sud-Kivu,Violence against civilians,Attack,2,3,6596,Political violence,726,-3.297,28.1671
2020-08-01,Middle Africa,Democratic Republic of Congo,Sud-Kivu,Violence against civilians,Attack,1,3,210,Political violence,726,-3.297,28.1671
2020-08-15,Middle Africa,Democratic Republic of Congo,Sud-Kivu,Violence against civilians,Attack,3,4,67389,Political violence,726,-3.297,28.1671
2020-08-22,Middle Africa,Democratic Republic of Congo,Sud-Kivu,Violence against civilians,Attack,1,1,7430,Political violence,726,-3.297,28.1671
2020-08-29,Middle Africa,Democratic Republic of Congo,Sud-Kivu,Violence against civilians,Attack,3,2,165236,Political violence,726,-3.297,28.1671
2020-09-05,Middle Africa,Democratic Republic of Congo,Sud-Kivu,Violence against civilians,Attack,5,7,172378,Political violence,726,-3.297,28.1671
2020-09-12,Middle Africa,Democratic Republic of Congo,Sud-Kivu,Violence against civilians,Attack,4,2,69751,Political violence,726,-3.297,28.1671
2020-09-19,Middle Africa,Democratic Republic of Congo,Sud-Kivu,Violence against civilians,Attack,3,1,3704,Political violence,726,-3.297,28.1671
2020-10-03,Middle Africa,Democratic Republic of Congo,Sud-Kivu,Violence against civilians,Attack,2,3,153584,Political violence,726,-3.297,28.1671
2020-10-24,Middle Africa,Democratic Republic of Congo,Sud-Kivu,Violence against civilians,Attack,1,1,1152,Political violence,726,-3.297,28.1671
2020-10-31,Middle Africa,Democratic Republic of Congo,Sud-Kivu,Violence against civilians,Attack,2,2,271844,Political violence,726,-3.297,28.1671
2020-11-07,Middle Africa,Democratic Republic of Congo,Sud-Kivu,Violence against civilians,Attack,2,3,21749,Political violence,726,-3.297,28.1671
2020-11-28,Middle Africa,Democratic Republic of Congo,Sud-Kivu,Violence against civilians,Attack,4,6,16501,Political violence,726,-3.297,28.1671
2020-12-05,Middle Africa,Democratic Republic of Congo,Sud-Kivu,Violence against civilians,Attack,3,4,3488,Political violence,726,-3.297,28.1671
2020-12-12,Middle Africa,Democratic Republic of Congo,Sud-Kivu,Violence against civilians,Attack,3,4,10329,Political violence,726,-3.297,28.1671
2020-12-19,Middle Africa,Democratic Republic of Congo,Sud-Kivu,Violence against civilians,Attack,6,6,261548,Political violence,726,-3.297,28.1671
2020-12-26,Middle Africa,Democratic Republic of Congo,Sud-Kivu,Violence against civilians,Attack,3,7,7708,Political violence,726,-3.297,28.1671
2021-01-02,Middle Africa,Democratic Republic of Congo,Sud-Kivu,Violence against civilians,Attack,6,8,102021,Political violence,726,-3.297,28.1671
2021-01-09,Middle Africa,Democratic Republic of Congo,Sud-Kivu,Violence against civilians,Attack,2,2,25,Political violence,726,-3.297,28.1671
2021-01-16,Middle Africa,Democratic Republic of Congo,Sud-Kivu,Violence against civilians,Attack,11,12,134531,Political violence,726,-3.297,28.1671
2021-01-23,Middle Africa,Democratic Republic of Congo,Sud-Kivu,Violence against civilians,Attack,4,6,377875,Political violence,726,-3.297,28.1671
2021-01-30,Middle Africa,Democratic Republic of Congo,Sud-Kivu,Violence against civilians,Attack,7,9,667703,Political violence,726,-3.297,28.1671
2021-02-06,Middle Africa,Democratic Republic of Congo,Sud-Kivu,Violence against civilians,Attack,3,2,10301,Political violence,726,-3.297,28.1671
2021-02-13,Middle Africa,Democratic Republic of Congo,Sud-Kivu,Violence against civilians,Attack,5,2,54130,Political violence,726,-3.297,28.1671
2021-02-20,Middle Africa,Democratic Republic of Congo,Sud-Kivu,Violence against civilians,Attack,5,4,298051,Political violence,726,-3.297,28.1671
2021-03-06,Middle Africa,Democratic Republic of Congo,Sud-Kivu,Violence against civilians,Attack,2,3,NA,Political violence,726,-3.297,28.1671
2021-03-13,Middle Africa,Democratic Republic of Congo,Sud-Kivu,Violence against civilians,Attack,6,16,171536,Political violence,726,-3.297,28.1671
2021-03-20,Middle Africa,Democratic Republic of Congo,Sud-Kivu,Violence against civilians,Attack,5,7,1480,Political violence,726,-3.297,28.1671
2021-03-27,Middle Africa,Democratic Republic of Congo,Sud-Kivu,Violence against civilians,Attack,6,7,5382,Political violence,726,-3.297,28.1671
2021-04-03,Middle Africa,Democratic Republic of Congo,Sud-Kivu,Violence against civilians,Attack,6,5,5083,Political violence,726,-3.297,28.1671
2021-04-10,Middle Africa,Democratic Republic of Congo,Sud-Kivu,Violence against civilians,Attack,8,74,143536,Political violence,726,-3.297,28.1671
2021-04-17,Middle Africa,Democratic Republic of Congo,Sud-Kivu,Violence against civilians,Attack,6,7,30445,Political violence,726,-3.297,28.1671
2021-04-24,Middle Africa,Democratic Republic of Congo,Sud-Kivu,Violence against civilians,Attack,6,4,24386,Political violence,726,-3.297,28.1671
2021-05-01,Middle Africa,Democratic Republic of Congo,Sud-Kivu,Violence against civilians,Attack,6,7,2048,Political violence,726,-3.297,28.1671
2021-05-08,Middle Africa,Democratic Republic of Congo,Sud-Kivu,Violence against civilians,Attack,4,3,44766,Political violence,726,-3.297,28.1671
2021-05-15,Middle Africa,Democratic Republic of Congo,Sud-Kivu,Violence against civilians,Attack,5,5,2951,Political violence,726,-3.297,28.1671
2021-05-22,Middle Africa,Democratic Republic of Congo,Sud-Kivu,Violence against civilians,Attack,1,1,NA,Political violence,726,-3.297,28.1671
2021-05-29,Middle Africa,Democratic Republic of Congo,Sud-Kivu,Violence against civilians,Attack,2,2,NA,Political violence,726,-3.297,28.1671
2021-06-05,Middle Africa,Democratic Republic of Congo,Sud-Kivu,Violence against civilians,Attack,3,2,1296,Political violence,726,-3.297,28.1671
2021-06-19,Middle Africa,Democratic Republic of Congo,Sud-Kivu,Violence against civilians,Attack,2,2,NA,Political violence,726,-3.297,28.1671
2021-06-26,Middle Africa,Democratic Republic of Congo,Sud-Kivu,Violence against civilians,Attack,2,5,NA,Political violence,726,-3.297,28.1671
2021-07-03,Middle Africa,Democratic Republic of Congo,Sud-Kivu,Violence against civilians,Attack,3,4,22352,Political violence,726,-3.297,28.1671
2021-07-10,Middle Africa,Democratic Republic of Congo,Sud-Kivu,Violence against civilians,Attack,8,8,1648,Political violence,726,-3.297,28.1671
2021-07-17,Middle Africa,Democratic Republic of Congo,Sud-Kivu,Violence against civilians,Attack,9,7,196461,Political violence,726,-3.297,28.1671
2021-07-24,Middle Africa,Democratic Republic of Congo,Sud-Kivu,Violence against civilians,Attack,8,10,337353,Political violence,726,-3.297,28.1671
2021-07-31,Middle Africa,Democratic Republic of Congo,Sud-Kivu,Violence against civilians,Attack,5,9,156622,Political violence,726,-3.297,28.1671
2021-08-07,Middle Africa,Democratic Republic of Congo,Sud-Kivu,Violence against civilians,Attack,3,3,90535,Political violence,726,-3.297,28.1671
2021-08-14,Middle Africa,Democratic Republic of Congo,Sud-Kivu,Violence against civilians,Attack,4,5,439180,Political violence,726,-3.297,28.1671
2021-08-21,Middle Africa,Democratic Republic of Congo,Sud-Kivu,Violence against civilians,Attack,4,1,4789,Political violence,726,-3.297,28.1671
2021-08-28,Middle Africa,Democratic Republic of Congo,Sud-Kivu,Violence against civilians,Attack,3,2,162949,Political violence,726,-3.297,28.1671
2021-09-11,Middle Africa,Democratic Republic of Congo,Sud-Kivu,Violence against civilians,Attack,12,10,574317,Political violence,726,-3.297,28.1671
2021-09-18,Middle Africa,Democratic Republic of Congo,Sud-Kivu,Violence against civilians,Attack,3,3,466724,Political violence,726,-3.297,28.1671
2021-09-25,Middle Africa,Democratic Republic of Congo,Sud-Kivu,Violence against civilians,Attack,8,6,324702,Political violence,726,-3.297,28.1671
2021-10-02,Middle Africa,Democratic Republic of Congo,Sud-Kivu,Violence against civilians,Attack,6,2,121545,Political violence,726,-3.297,28.1671
2021-10-09,Middle Africa,Democratic Republic of Congo,Sud-Kivu,Violence against civilians,Attack,6,3,71748,Political violence,726,-3.297,28.1671
2021-10-16,Middle Africa,Democratic Republic of Congo,Sud-Kivu,Violence against civilians,Attack,6,5,24464,Political violence,726,-3.297,28.1671
2021-10-23,Middle Africa,Democratic Republic of Congo,Sud-Kivu,Violence against civilians,Attack,10,6,129532,Political violence,726,-3.297,28.1671
2021-10-30,Middle Africa,Democratic Republic of Congo,Sud-Kivu,Violence against civilians,Attack,4,3,41903,Political violence,726,-3.297,28.1671
2021-11-06,Middle Africa,Democratic Republic of Congo,Sud-Kivu,Violence against civilians,Attack,3,2,55192,Political violence,726,-3.297,28.1671
2021-11-13,Middle Africa,Democratic Republic of Congo,Sud-Kivu,Violence against civilians,Attack,6,6,69091,Political violence,726,-3.297,28.1671
2021-11-20,Middle Africa,Democratic Republic of Congo,Sud-Kivu,Violence against civilians,Attack,8,4,79823,Political violence,726,-3.297,28.1671
2021-11-27,Middle Africa,Democratic Republic of Congo,Sud-Kivu,Violence against civilians,Attack,3,6,32657,Political violence,726,-3.297,28.1671
2021-12-04,Middle Africa,Democratic Republic of Congo,Sud-Kivu,Violence against civilians,Attack,4,8,103519,Political violence,726,-3.297,28.1671
2021-12-11,Middle Africa,Democratic Republic of Congo,Sud-Kivu,Violence against civilians,Attack,6,9,117822,Political violence,726,-3.297,28.1671
2021-12-18,Middle Africa,Democratic Republic of Congo,Sud-Kivu,Violence against civilians,Attack,9,2,448884,Political violence,726,-3.297,28.1671
2021-12-25,Middle Africa,Democratic Republic of Congo,Sud-Kivu,Violence against civilians,Attack,2,1,287248,Political violence,726,-3.297,28.1671
2022-01-01,Middle Africa,Democratic Republic of Congo,Sud-Kivu,Violence against civilians,Attack,7,12,112244,Political violence,726,-3.297,28.1671
2022-01-08,Middle Africa,Democratic Republic of Congo,Sud-Kivu,Violence against civilians,Attack,13,82,354215,Political violence,726,-3.297,28.1671
2022-01-15,Middle Africa,Democratic Republic of Congo,Sud-Kivu,Violence against civilians,Attack,9,11,548861,Political violence,726,-3.297,28.1671
2022-01-22,Middle Africa,Democratic Republic of Congo,Sud-Kivu,Violence against civilians,Attack,8,10,149793,Political violence,726,-3.297,28.1671
2022-01-29,Middle Africa,Democratic Republic of Congo,Sud-Kivu,Violence against civilians,Attack,7,7,118282,Political violence,726,-3.297,28.1671
2022-02-05,Middle Africa,Democratic Republic of Congo,Sud-Kivu,Violence against civilians,Attack,5,15,157651,Political violence,726,-3.297,28.1671
2022-02-12,Middle Africa,Democratic Republic of Congo,Sud-Kivu,Violence against civilians,Attack,8,10,176477,Political violence,726,-3.297,28.1671
2022-02-19,Middle Africa,Democratic Republic of Congo,Sud-Kivu,Violence against civilians,Attack,7,7,187373,Political violence,726,-3.297,28.1671
2022-02-26,Middle Africa,Democratic Republic of Congo,Sud-Kivu,Violence against civilians,Attack,6,8,44763,Political violence,726,-3.297,28.1671
2022-03-05,Middle Africa,Democratic Republic of Congo,Sud-Kivu,Violence against civilians,Attack,3,3,55377,Political violence,726,-3.297,28.1671
2022-03-12,Middle Africa,Democratic Republic of Congo,Sud-Kivu,Violence against civilians,Attack,7,8,183544,Political violence,726,-3.297,28.1671
2022-03-19,Middle Africa,Democratic Republic of Congo,Sud-Kivu,Violence against civilians,Attack,4,5,114647,Political violence,726,-3.297,28.1671
2022-03-26,Middle Africa,Democratic Republic of Congo,Sud-Kivu,Violence against civilians,Attack,8,8,66564,Political violence,726,-3.297,28.1671
2022-04-02,Middle Africa,Democratic Republic of Congo,Sud-Kivu,Violence against civilians,Attack,9,9,175270,Political violence,726,-3.297,28.1671
2022-04-09,Middle Africa,Democratic Republic of Congo,Sud-Kivu,Violence against civilians,Attack,5,3,139018,Political violence,726,-3.297,28.1671
2022-04-16,Middle Africa,Democratic Republic of Congo,Sud-Kivu,Violence against civilians,Attack,7,9,51664,Political violence,726,-3.297,28.1671
2022-04-23,Middle Africa,Democratic Republic of Congo,Sud-Kivu,Violence against civilians,Attack,4,5,49555,Political violence,726,-3.297,28.1671
2022-04-30,Middle Africa,Democratic Republic of Congo,Sud-Kivu,Violence against civilians,Attack,7,7,NA,Political violence,726,-3.297,28.1671
2022-05-07,Middle Africa,Democratic Republic of Congo,Sud-Kivu,Violence against civilians,Attack,7,7,300860,Political violence,726,-3.297,28.1671
2022-05-14,Middle Africa,Democratic Republic of Congo,Sud-Kivu,Violence against civilians,Attack,3,3,NA,Political violence,726,-3.297,28.1671
2022-05-21,Middle Africa,Democratic Republic of Congo,Sud-Kivu,Violence against civilians,Attack,4,6,147793,Political violence,726,-3.297,28.1671
2022-05-28,Middle Africa,Democratic Republic of Congo,Sud-Kivu,Violence against civilians,Attack,3,5,1953,Political violence,726,-3.297,28.1671
2022-06-04,Middle Africa,Democratic Republic of Congo,Sud-Kivu,Violence against civilians,Attack,9,8,49056,Political violence,726,-3.297,28.1671
2022-06-11,Middle Africa,Democratic Republic of Congo,Sud-Kivu,Violence against civilians,Attack,11,13,36445,Political violence,726,-3.297,28.1671
2022-06-18,Middle Africa,Democratic Republic of Congo,Sud-Kivu,Violence against civilians,Attack,10,10,22227,Political violence,726,-3.297,28.1671
2022-06-25,Middle Africa,Democratic Republic of Congo,Sud-Kivu,Violence against civilians,Attack,3,3,NA,Political violence,726,-3.297,28.1671
2022-07-02,Middle Africa,Democratic Republic of Congo,Sud-Kivu,Violence against civilians,Attack,4,5,51924,Political violence,726,-3.297,28.1671
2022-07-09,Middle Africa,Democratic Republic of Congo,Sud-Kivu,Violence against civilians,Attack,4,5,25580,Political violence,726,-3.297,28.1671
2022-07-16,Middle Africa,Democratic Republic of Congo,Sud-Kivu,Violence against civilians,Attack,3,3,12611,Political violence,726,-3.297,28.1671
2022-07-23,Middle Africa,Democratic Republic of Congo,Sud-Kivu,Violence against civilians,Attack,2,1,4,Political violence,726,-3.297,28.1671
2022-08-06,Middle Africa,Democratic Republic of Congo,Sud-Kivu,Violence against civilians,Attack,2,1,150723,Political violence,726,-3.297,28.1671
2022-08-13,Middle Africa,Democratic Republic of Congo,Sud-Kivu,Violence against civilians,Attack,3,7,139320,Political violence,726,-3.297,28.1671
2022-08-27,Middle Africa,Democratic Republic of Congo,Sud-Kivu,Violence against civilians,Attack,1,1,6289,Political violence,726,-3.297,28.1671
2022-09-03,Middle Africa,Democratic Republic of Congo,Sud-Kivu,Violence against civilians,Attack,2,1,7519,Political violence,726,-3.297,28.1671
2022-09-17,Middle Africa,Democratic Republic of Congo,Sud-Kivu,Violence against civilians,Attack,1,1,36324,Political violence,726,-3.297,28.1671
2022-09-24,Middle Africa,Democratic Republic of Congo,Sud-Kivu,Violence against civilians,Attack,3,1,20152,Political violence,726,-3.297,28.1671
2022-10-01,Middle Africa,Democratic Republic of Congo,Sud-Kivu,Violence against civilians,Attack,3,1,80751,Political violence,726,-3.297,28.1671
2022-10-08,Middle Africa,Democratic Republic of Congo,Sud-Kivu,Violence against civilians,Attack,4,4,45221,Political violence,726,-3.297,28.1671
2022-10-29,Middle Africa,Democratic Republic of Congo,Sud-Kivu,Violence against civilians,Attack,2,2,52203,Political violence,726,-3.297,28.1671
2022-11-05,Middle Africa,Democratic Republic of Congo,Sud-Kivu,Violence against civilians,Attack,3,3,100558,Political violence,726,-3.297,28.1671
2022-11-12,Middle Africa,Democratic Republic of Congo,Sud-Kivu,Violence against civilians,Attack,4,8,37536,Political violence,726,-3.297,28.1671
2022-11-19,Middle Africa,Democratic Republic of Congo,Sud-Kivu,Violence against civilians,Attack,3,2,83144,Political violence,726,-3.297,28.1671
2022-11-26,Middle Africa,Democratic Republic of Congo,Sud-Kivu,Violence against civilians,Attack,5,10,72462,Political violence,726,-3.297,28.1671
2022-12-03,Middle Africa,Democratic Republic of Congo,Sud-Kivu,Violence against civilians,Attack,4,3,17349,Political violence,726,-3.297,28.1671
2022-12-10,Middle Africa,Democratic Republic of Congo,Sud-Kivu,Violence against civilians,Attack,4,4,24075,Political violence,726,-3.297,28.1671
2022-12-17,Middle Africa,Democratic Republic of Congo,Sud-Kivu,Violence against civilians,Attack,3,4,30855,Political violence,726,-3.297,28.1671
2022-12-24,Middle Africa,Democratic Republic of Congo,Sud-Kivu,Violence against civilians,Attack,10,9,27884,Political violence,726,-3.297,28.1671
2022-12-31,Middle Africa,Democratic Republic of Congo,Sud-Kivu,Violence against civilians,Attack,2,2,NA,Political violence,726,-3.297,28.1671
2023-01-07,Middle Africa,Democratic Republic of Congo,Sud-Kivu,Violence against civilians,Attack,2,1,8255,Political violence,726,-3.297,28.1671
2023-01-14,Middle Africa,Democratic Republic of Congo,Sud-Kivu,Violence against civilians,Attack,2,1,NA,Political violence,726,-3.297,28.1671
2023-01-28,Middle Africa,Democratic Republic of Congo,Sud-Kivu,Violence against civilians,Attack,1,1,1513,Political violence,726,-3.297,28.1671
2023-02-18,Middle Africa,Democratic Republic of Congo,Sud-Kivu,Violence against civilians,Attack,3,3,9843,Political violence,726,-3.297,28.1671
2023-02-25,Middle Africa,Democratic Republic of Congo,Sud-Kivu,Violence against civilians,Attack,2,1,12455,Political violence,726,-3.297,28.1671
2023-03-04,Middle Africa,Democratic Republic of Congo,Sud-Kivu,Violence against civilians,Attack,1,1,NA,Political violence,726,-3.297,28.1671
2023-03-11,Middle Africa,Democratic Republic of Congo,Sud-Kivu,Violence against civilians,Attack,3,2,32659,Political violence,726,-3.297,28.1671
2023-04-01,Middle Africa,Democratic Republic of Congo,Sud-Kivu,Violence against civilians,Attack,2,2,4797,Political violence,726,-3.297,28.1671
2023-04-15,Middle Africa,Democratic Republic of Congo,Sud-Kivu,Violence against civilians,Attack,3,3,26377,Political violence,726,-3.297,28.1671
2023-04-29,Middle Africa,Democratic Republic of Congo,Sud-Kivu,Violence against civilians,Attack,2,4,146624,Political violence,726,-3.297,28.1671
2023-05-27,Middle Africa,Democratic Republic of Congo,Sud-Kivu,Violence against civilians,Attack,2,3,101435,Political violence,726,-3.297,28.1671
2023-06-03,Middle Africa,Democratic Republic of Congo,Sud-Kivu,Violence against civilians,Attack,1,1,28967,Political violence,726,-3.297,28.1671
2023-06-10,Middle Africa,Democratic Republic of Congo,Sud-Kivu,Violence against civilians,Attack,3,2,35187,Political violence,726,-3.297,28.1671
2023-06-17,Middle Africa,Democratic Republic of Congo,Sud-Kivu,Violence against civilians,Attack,2,1,1225,Political violence,726,-3.297,28.1671
2023-06-24,Middle Africa,Democratic Republic of Congo,Sud-Kivu,Violence against civilians,Attack,2,2,92727,Political violence,726,-3.297,28.1671
2023-07-01,Middle Africa,Democratic Republic of Congo,Sud-Kivu,Violence against civilians,Attack,3,2,120136,Political violence,726,-3.297,28.1671
2023-07-08,Middle Africa,Democratic Republic of Congo,Sud-Kivu,Violence against civilians,Attack,3,4,257519,Political violence,726,-3.297,28.1671
2023-07-15,Middle Africa,Democratic Republic of Congo,Sud-Kivu,Violence against civilians,Attack,2,1,213678,Political violence,726,-3.297,28.1671
2023-08-05,Middle Africa,Democratic Republic of Congo,Sud-Kivu,Violence against civilians,Attack,4,4,14384,Political violence,726,-3.297,28.1671
2023-08-12,Middle Africa,Democratic Republic of Congo,Sud-Kivu,Violence against civilians,Attack,4,4,15921,Political violence,726,-3.297,28.1671
2023-08-19,Middle Africa,Democratic Republic of Congo,Sud-Kivu,Violence against civilians,Attack,2,2,51206,Political violence,726,-3.297,28.1671
2023-08-26,Middle Africa,Democratic Republic of Congo,Sud-Kivu,Violence against civilians,Attack,3,3,330,Political violence,726,-3.297,28.1671
2023-09-02,Middle Africa,Democratic Republic of Congo,Sud-Kivu,Violence against civilians,Attack,3,3,100569,Political violence,726,-3.297,28.1671
2023-09-09,Middle Africa,Democratic Republic of Congo,Sud-Kivu,Violence against civilians,Attack,3,4,231944,Political violence,726,-3.297,28.1671
2023-09-16,Middle Africa,Democratic Republic of Congo,Sud-Kivu,Violence against civilians,Attack,1,1,6053,Political violence,726,-3.297,28.1671
2023-09-30,Middle Africa,Democratic Republic of Congo,Sud-Kivu,Violence against civilians,Attack,1,1,NA,Political violence,726,-3.297,28.1671
2023-10-07,Middle Africa,Democratic Republic of Congo,Sud-Kivu,Violence against civilians,Attack,2,2,13237,Political violence,726,-3.297,28.1671
2023-11-11,Middle Africa,Democratic Republic of Congo,Sud-Kivu,Violence against civilians,Attack,1,2,9458,Political violence,726,-3.297,28.1671
2023-12-02,Middle Africa,Democratic Republic of Congo,Sud-Kivu,Violence against civilians,Attack,7,3,31163,Political violence,726,-3.297,28.1671
2023-12-09,Middle Africa,Democratic Republic of Congo,Sud-Kivu,Violence against civilians,Attack,1,2,173284,Political violence,726,-3.297,28.1671
2023-12-23,Middle Africa,Democratic Republic of Congo,Sud-Kivu,Violence against civilians,Attack,3,4,105820,Political violence,726,-3.297,28.1671
2023-12-30,Middle Africa,Democratic Republic of Congo,Sud-Kivu,Violence against civilians,Attack,5,4,185037,Political violence,726,-3.297,28.1671
2024-01-13,Middle Africa,Democratic Republic of Congo,Sud-Kivu,Violence against civilians,Attack,2,1,132172,Political violence,726,-3.297,28.1671
2024-01-20,Middle Africa,Democratic Republic of Congo,Sud-Kivu,Violence against civilians,Attack,1,1,313594,Political violence,726,-3.297,28.1671
2024-01-27,Middle Africa,Democratic Republic of Congo,Sud-Kivu,Violence against civilians,Attack,1,1,237457,Political violence,726,-3.297,28.1671
2024-02-03,Middle Africa,Democratic Republic of Congo,Sud-Kivu,Violence against civilians,Attack,2,2,10274,Political violence,726,-3.297,28.1671
2024-02-17,Middle Africa,Democratic Republic of Congo,Sud-Kivu,Violence against civilians,Attack,1,1,178752,Political violence,726,-3.297,28.1671
2024-02-24,Middle Africa,Democratic Republic of Congo,Sud-Kivu,Violence against civilians,Attack,1,1,74490,Political violence,726,-3.297,28.1671
2024-03-30,Middle Africa,Democratic Republic of Congo,Sud-Kivu,Violence against civilians,Attack,1,1,71615,Political violence,726,-3.297,28.1671
2024-04-13,Middle Africa,Democratic Republic of Congo,Sud-Kivu,Violence against civilians,Attack,3,4,125413,Political violence,726,-3.297,28.1671
2024-04-27,Middle Africa,Democratic Republic of Congo,Sud-Kivu,Violence against civilians,Attack,2,1,25096,Political violence,726,-3.297,28.1671
2024-05-04,Middle Africa,Democratic Republic of Congo,Sud-Kivu,Violence against civilians,Attack,1,1,213022,Political violence,726,-3.297,28.1671
2024-06-08,Middle Africa,Democratic Republic of Congo,Sud-Kivu,Violence against civilians,Attack,1,1,188289,Political violence,726,-3.297,28.1671
2024-06-15,Middle Africa,Democratic Republic of Congo,Sud-Kivu,Violence against civilians,Attack,1,1,37049,Political violence,726,-3.297,28.1671
2024-06-22,Middle Africa,Democratic Republic of Congo,Sud-Kivu,Violence against civilians,Attack,2,5,67413,Political violence,726,-3.297,28.1671
2024-07-06,Middle Africa,Democratic Republic of Congo,Sud-Kivu,Violence against civilians,Attack,1,1,27657,Political violence,726,-3.297,28.1671
2024-07-13,Middle Africa,Democratic Republic of Congo,Sud-Kivu,Violence against civilians,Attack,1,1,313594,Political violence,726,-3.297,28.1671
2024-08-24,Middle Africa,Democratic Republic of Congo,Sud-Kivu,Violence against civilians,Attack,1,1,30836,Political violence,726,-3.297,28.1671
2024-08-31,Middle Africa,Democratic Republic of Congo,Sud-Kivu,Violence against civilians,Attack,2,3,15527,Political violence,726,-3.297,28.1671
2024-09-07,Middle Africa,Democratic Republic of Congo,Sud-Kivu,Violence against civilians,Attack,2,2,5781,Political violence,726,-3.297,28.1671
2024-09-14,Middle Africa,Democratic Republic of Congo,Sud-Kivu,Violence against civilians,Attack,4,7,83772,Political violence,726,-3.297,28.1671
2024-09-21,Middle Africa,Democratic Republic of Congo,Sud-Kivu,Violence against civilians,Attack,3,2,191964,Political violence,726,-3.297,28.1671
2024-10-05,Middle Africa,Democratic Republic of Congo,Sud-Kivu,Violence against civilians,Attack,3,2,83765,Political violence,726,-3.297,28.1671
2024-10-12,Middle Africa,Democratic Republic of Congo,Sud-Kivu,Violence against civilians,Attack,5,7,107942,Political violence,726,-3.297,28.1671
2024-10-19,Middle Africa,Democratic Republic of Congo,Sud-Kivu,Violence against civilians,Attack,1,7,14,Political violence,726,-3.297,28.1671
2024-10-26,Middle Africa,Democratic Republic of Congo,Sud-Kivu,Violence against civilians,Attack,2,2,26556,Political violence,726,-3.297,28.1671
2024-12-14,Middle Africa,Democratic Republic of Congo,Sud-Kivu,Violence against civilians,Attack,2,1,77466,Political violence,726,-3.297,28.1671
2025-01-18,Middle Africa,Democratic Republic of Congo,Sud-Kivu,Violence against civilians,Attack,3,8,132166,Political violence,726,-3.297,28.1671
2025-02-01,Middle Africa,Democratic Republic of Congo,Sud-Kivu,Violence against civilians,Attack,9,30,275014,Political violence,726,-3.297,28.1671
2025-02-08,Middle Africa,Democratic Republic of Congo,Sud-Kivu,Violence against civilians,Attack,9,16,421930,Political violence,726,-3.297,28.1671
2025-02-15,Middle Africa,Democratic Republic of Congo,Sud-Kivu,Violence against civilians,Attack,7,33,232671,Political violence,726,-3.297,28.1671
2025-02-22,Middle Africa,Democratic Republic of Congo,Sud-Kivu,Violence against civilians,Attack,6,12,788202,Political violence,726,-3.297,28.1671
2025-03-01,Middle Africa,Democratic Republic of Congo,Sud-Kivu,Violence against civilians,Attack,4,12,291046,Political violence,726,-3.297,28.1671
2025-03-08,Middle Africa,Democratic Republic of Congo,Sud-Kivu,Violence against civilians,Attack,7,34,333365,Political violence,726,-3.297,28.1671
2025-03-29,Middle Africa,Democratic Republic of Congo,Sud-Kivu,Violence against civilians,Attack,3,2,341731,Political violence,726,-3.297,28.1671
2025-04-05,Middle Africa,Democratic Republic of Congo,Sud-Kivu,Violence against civilians,Attack,2,1,125141,Political violence,726,-3.297,28.1671
2025-04-19,Middle Africa,Democratic Republic of Congo,Sud-Kivu,Violence against civilians,Attack,3,1,75154,Political violence,726,-3.297,28.1671
2025-04-26,Middle Africa,Democratic Republic of Congo,Sud-Kivu,Violence against civilians,Attack,2,2,56584,Political violence,726,-3.297,28.1671
2025-05-10,Middle Africa,Democratic Republic of Congo,Sud-Kivu,Violence against civilians,Attack,2,1,39438,Political violence,726,-3.297,28.1671
2025-05-17,Middle Africa,Democratic Republic of Congo,Sud-Kivu,Violence against civilians,Attack,3,5,2008,Political violence,726,-3.297,28.1671
2025-05-24,Middle Africa,Democratic Republic of Congo,Sud-Kivu,Violence against civilians,Attack,2,2,351046,Political violence,726,-3.297,28.1671
2025-06-07,Middle Africa,Democratic Republic of Congo,Sud-Kivu,Violence against civilians,Attack,4,12,42356,Political violence,726,-3.297,28.1671
2025-06-14,Middle Africa,Democratic Republic of Congo,Sud-Kivu,Violence against civilians,Attack,3,2,115513,Political violence,726,-3.297,28.1671
2025-06-21,Middle Africa,Democratic Republic of Congo,Sud-Kivu,Violence against civilians,Attack,6,43,79983,Political violence,726,-3.297,28.1671
2025-06-28,Middle Africa,Democratic Republic of Congo,Sud-Kivu,Violence against civilians,Attack,1,1,NA,Political violence,726,-3.297,28.1671
2025-07-05,Middle Africa,Democratic Republic of Congo,Sud-Kivu,Violence against civilians,Attack,6,7,74009,Political violence,726,-3.297,28.1671
2025-07-12,Middle Africa,Democratic Republic of Congo,Sud-Kivu,Violence against civilians,Attack,3,19,125598,Political violence,726,-3.297,28.1671
2025-07-19,Middle Africa,Democratic Republic of Congo,Sud-Kivu,Violence against civilians,Attack,1,6,15302,Political violence,726,-3.297,28.1671
2025-07-26,Middle Africa,Democratic Republic of Congo,Sud-Kivu,Violence against civilians,Attack,2,2,34811,Political violence,726,-3.297,28.1671
2025-08-02,Middle Africa,Democratic Republic of Congo,Sud-Kivu,Violence against civilians,Attack,8,86,351470,Political violence,726,-3.297,28.1671
2025-08-09,Middle Africa,Democratic Republic of Congo,Sud-Kivu,Violence against civilians,Attack,3,3,206947,Political violence,726,-3.297,28.1671
2025-08-16,Middle Africa,Democratic Republic of Congo,Sud-Kivu,Violence against civilians,Attack,3,4,20860,Political violence,726,-3.297,28.1671
2025-08-23,Middle Africa,Democratic Republic of Congo,Sud-Kivu,Violence against civilians,Attack,8,5,119640,Political violence,726,-3.297,28.1671
2025-08-30,Middle Africa,Democratic Republic of Congo,Sud-Kivu,Violence against civilians,Attack,9,4,330112,Political violence,726,-3.297,28.1671
2025-09-20,Middle Africa,Democratic Republic of Congo,Sud-Kivu,Violence against civilians,Attack,2,1,46497,Political violence,726,-3.297,28.1671
2025-09-27,Middle Africa,Democratic Republic of Congo,Sud-Kivu,Violence against civilians,Attack,5,3,214481,Political violence,726,-3.297,28.1671
2025-10-04,Middle Africa,Democratic Republic of Congo,Sud-Kivu,Violence against civilians,Attack,3,5,257599,Political violence,726,-3.297,28.1671
2025-10-11,Middle Africa,Democratic Republic of Congo,Sud-Kivu,Violence against civilians,Attack,2,4,62560,Political violence,726,-3.297,28.1671
2025-10-18,Middle Africa,Democratic Republic of Congo,Sud-Kivu,Violence against civilians,Attack,6,1,82145,Political violence,726,-3.297,28.1671
2025-10-25,Middle Africa,Democratic Republic of Congo,Sud-Kivu,Violence against civilians,Attack,1,2,22264,Political violence,726,-3.297,28.1671
2025-11-01,Middle Africa,Democratic Republic of Congo,Sud-Kivu,Violence against civilians,Attack,4,3,65927,Political violence,726,-3.297,28.1671
2025-11-08,Middle Africa,Democratic Republic of Congo,Sud-Kivu,Violence against civilians,Attack,1,1,11093,Political violence,726,-3.297,28.1671
2025-11-15,Middle Africa,Democratic Republic of Congo,Sud-Kivu,Violence against civilians,Attack,5,3,91960,Political violence,726,-3.297,28.1671
2025-11-22,Middle Africa,Democratic Republic of Congo,Sud-Kivu,Violence against civilians,Attack,7,15,NA,Political violence,726,-3.297,28.1671
2025-12-06,Middle Africa,Democratic Republic of Congo,Sud-Kivu,Violence against civilians,Attack,15,43,54950,Political violence,726,-3.297,28.1671
2025-12-20,Middle Africa,Democratic Republic of Congo,Sud-Kivu,Violence against civilians,Attack,2,1,220096,Political violence,726,-3.297,28.1671
2025-12-27,Middle Africa,Democratic Republic of Congo,Sud-Kivu,Violence against civilians,Attack,2,1,56044,Political violence,726,-3.297,28.1671
2026-01-03,Middle Africa,Democratic Republic of Congo,Sud-Kivu,Violence against civilians,Attack,1,1,51638,Political violence,726,-3.297,28.1671
2026-01-10,Middle Africa,Democratic Republic of Congo,Sud-Kivu,Violence against civilians,Attack,2,1,108821,Political violence,726,-3.297,28.1671
2026-01-17,Middle Africa,Democratic Republic of Congo,Sud-Kivu,Violence against civilians,Attack,3,5,26728,Political violence,726,-3.297,28.1671
2026-02-07,Middle Africa,Democratic Republic of Congo,Sud-Kivu,Violence against civilians,Attack,4,4,NA,Political violence,726,-3.297,28.1671
2009-04-18,Middle Africa,Democratic Republic of Congo,Sud-Kivu,Violence against civilians,Sexual violence,1,2,NA,Political violence,726,-3.297,28.1671
2016-06-11,Middle Africa,Democratic Republic of Congo,Sud-Kivu,Violence against civilians,Sexual violence,1,10,2086,Political violence,726,-3.297,28.1671
2018-08-04,Middle Africa,Democratic Republic of Congo,Sud-Kivu,Violence against civilians,Sexual violence,2,1,20065,Political violence,726,-3.297,28.1671
2019-02-09,Middle Africa,Democratic Republic of Congo,Sud-Kivu,Violence against civilians,Sexual violence,1,4,56049,Political violence,726,-3.297,28.1671
2019-10-26,Middle Africa,Democratic Republic of Congo,Sud-Kivu,Violence against civilians,Sexual violence,1,1,9129,Political violence,726,-3.297,28.1671
2020-04-18,Middle Africa,Democratic Republic of Congo,Sud-Kivu,Violence against civilians,Sexual violence,1,5,59,Political violence,726,-3.297,28.1671
2020-05-30,Middle Africa,Democratic Republic of Congo,Sud-Kivu,Violence against civilians,Sexual violence,1,1,3893,Political violence,726,-3.297,28.1671
2020-07-11,Middle Africa,Democratic Republic of Congo,Sud-Kivu,Violence against civilians,Sexual violence,2,15,3249,Political violence,726,-3.297,28.1671
2020-11-14,Middle Africa,Democratic Republic of Congo,Sud-Kivu,Violence against civilians,Sexual violence,3,5,20083,Political violence,726,-3.297,28.1671
2021-11-20,Middle Africa,Democratic Republic of Congo,Sud-Kivu,Violence against civilians,Sexual violence,1,1,32437,Political violence,726,-3.297,28.1671
2023-03-11,Middle Africa,Democratic Republic of Congo,Sud-Kivu,Violence against civilians,Sexual violence,1,7,24137,Political violence,726,-3.297,28.1671
2025-03-22,Middle Africa,Democratic Republic of Congo,Sud-Kivu,Violence against civilians,Sexual violence,2,1,8810,Political violence,726,-3.297,28.1671
2025-08-23,Middle Africa,Democratic Republic of Congo,Sud-Kivu,Violence against civilians,Sexual violence,1,1,13078,Political violence,726,-3.297,28.1671
2009-10-24,Middle Africa,Democratic Republic of Congo,Sud-Ubangi,Battles,Armed clash,1,47,NA,Political violence,727,3.3289,19.4628
2009-12-05,Middle Africa,Democratic Republic of Congo,Sud-Ubangi,Battles,Armed clash,6,14,NA,Political violence,727,3.3289,19.4628
2009-12-12,Middle Africa,Democratic Republic of Congo,Sud-Ubangi,Battles,Armed clash,1,47,NA,Political violence,727,3.3289,19.4628
2009-12-26,Middle Africa,Democratic Republic of Congo,Sud-Ubangi,Battles,Armed clash,2,158,NA,Political violence,727,3.3289,19.4628
2013-07-06,Middle Africa,Democratic Republic of Congo,Sud-Ubangi,Battles,Armed clash,1,2,NA,Political violence,727,3.3289,19.4628
2013-07-20,Middle Africa,Democratic Republic of Congo,Sud-Ubangi,Battles,Armed clash,1,1,NA,Political violence,727,3.3289,19.4628
2013-11-16,Middle Africa,Democratic Republic of Congo,Sud-Ubangi,Battles,Armed clash,1,3,NA,Political violence,727,3.3289,19.4628
2015-01-17,Middle Africa,Democratic Republic of Congo,Sud-Ubangi,Battles,Armed clash,1,5,184373,Political violence,727,3.3289,19.4628
2015-08-29,Middle Africa,Democratic Republic of Congo,Sud-Ubangi,Battles,Armed clash,1,7,16525,Political violence,727,3.3289,19.4628
2016-02-20,Middle Africa,Democratic Republic of Congo,Sud-Ubangi,Battles,Armed clash,1,1,8521,Political violence,727,3.3289,19.4628
2018-04-21,Middle Africa,Democratic Republic of Congo,Sud-Ubangi,Battles,Armed clash,2,9,21175,Political violence,727,3.3289,19.4628
2021-10-09,Middle Africa,Democratic Republic of Congo,Sud-Ubangi,Battles,Armed clash,3,8,274808,Political violence,727,3.3289,19.4628
2023-07-01,Middle Africa,Democratic Republic of Congo,Sud-Ubangi,Battles,Armed clash,1,2,267109,Political violence,727,3.3289,19.4628
2025-04-26,Middle Africa,Democratic Republic of Congo,Sud-Ubangi,Battles,Armed clash,1,1,30677,Political violence,727,3.3289,19.4628
2009-12-12,Middle Africa,Democratic Republic of Congo,Sud-Ubangi,Battles,Government regains territory,1,100,NA,Political violence,727,3.3289,19.4628
2012-12-22,Middle Africa,Democratic Republic of Congo,Sud-Ubangi,Riots,Mob violence,1,1,NA,Political violence,727,3.3289,19.4628
2014-09-13,Middle Africa,Democratic Republic of Congo,Sud-Ubangi,Riots,Mob violence,2,1,NA,Political violence,727,3.3289,19.4628
2020-11-21,Middle Africa,Democratic Republic of Congo,Sud-Ubangi,Riots,Mob violence,1,2,102098,Political violence,727,3.3289,19.4628
2025-11-01,Middle Africa,Democratic Republic of Congo,Sud-Ubangi,Riots,Mob violence,1,4,21002,Political violence,727,3.3289,19.4628
2020-11-07,Middle Africa,Democratic Republic of Congo,Sud-Ubangi,Riots,Violent demonstration,1,2,102098,Demonstrations,727,3.3289,19.4628
2009-10-24,Middle Africa,Democratic Republic of Congo,Sud-Ubangi,Violence against civilians,Attack,1,11,NA,Political violence,727,3.3289,19.4628
2009-10-31,Middle Africa,Democratic Republic of Congo,Sud-Ubangi,Violence against civilians,Attack,1,12,NA,Political violence,727,3.3289,19.4628
2009-11-14,Middle Africa,Democratic Republic of Congo,Sud-Ubangi,Violence against civilians,Attack,3,11,NA,Political violence,727,3.3289,19.4628
2015-01-24,Middle Africa,Democratic Republic of Congo,Sud-Ubangi,Violence against civilians,Attack,1,1,184373,Political violence,727,3.3289,19.4628
2015-02-14,Middle Africa,Democratic Republic of Congo,Sud-Ubangi,Violence against civilians,Attack,1,1,184373,Political violence,727,3.3289,19.4628
2015-08-22,Middle Africa,Democratic Republic of Congo,Sud-Ubangi,Violence against civilians,Attack,1,2,16525,Political violence,727,3.3289,19.4628
2016-03-05,Middle Africa,Democratic Republic of Congo,Sud-Ubangi,Violence against civilians,Attack,1,1,193277,Political violence,727,3.3289,19.4628
2016-07-23,Middle Africa,Democratic Republic of Congo,Sud-Ubangi,Violence against civilians,Attack,1,1,41838,Political violence,727,3.3289,19.4628
2016-10-01,Middle Africa,Democratic Republic of Congo,Sud-Ubangi,Violence against civilians,Attack,1,1,30200,Political violence,727,3.3289,19.4628
2018-01-13,Middle Africa,Democratic Republic of Congo,Sud-Ubangi,Violence against civilians,Attack,1,1,214287,Political violence,727,3.3289,19.4628
2018-03-03,Middle Africa,Democratic Republic of Congo,Sud-Ubangi,Violence against civilians,Attack,2,2,27101,Political violence,727,3.3289,19.4628
2011-03-26,Middle Africa,Democratic Republic of Congo,Tanganyika,Battles,Armed clash,1,1,NA,Political violence,728,-6.7163,27.9695
2011-05-21,Middle Africa,Democratic Republic of Congo,Tanganyika,Battles,Armed clash,1,1,NA,Political violence,728,-6.7163,27.9695
2011-11-12,Middle Africa,Democratic Republic of Congo,Tanganyika,Battles,Armed clash,1,1,NA,Political violence,728,-6.7163,27.9695
2011-12-17,Middle Africa,Democratic Republic of Congo,Tanganyika,Battles,Armed clash,1,2,NA,Political violence,728,-6.7163,27.9695
2012-09-15,Middle Africa,Democratic Republic of Congo,Tanganyika,Battles,Armed clash,1,7,NA,Political violence,728,-6.7163,27.9695
2013-01-05,Middle Africa,Democratic Republic of Congo,Tanganyika,Battles,Armed clash,1,1,NA,Political violence,728,-6.7163,27.9695
2013-04-13,Middle Africa,Democratic Republic of Congo,Tanganyika,Battles,Armed clash,2,12,NA,Political violence,728,-6.7163,27.9695
2013-05-25,Middle Africa,Democratic Republic of Congo,Tanganyika,Battles,Armed clash,1,3,NA,Political violence,728,-6.7163,27.9695
2013-07-06,Middle Africa,Democratic Republic of Congo,Tanganyika,Battles,Armed clash,1,1,NA,Political violence,728,-6.7163,27.9695
2013-11-16,Middle Africa,Democratic Republic of Congo,Tanganyika,Battles,Armed clash,1,27,NA,Political violence,728,-6.7163,27.9695
2013-12-28,Middle Africa,Democratic Republic of Congo,Tanganyika,Battles,Armed clash,1,3,NA,Political violence,728,-6.7163,27.9695
2014-05-24,Middle Africa,Democratic Republic of Congo,Tanganyika,Battles,Armed clash,1,1,NA,Political violence,728,-6.7163,27.9695
2014-05-31,Middle Africa,Democratic Republic of Congo,Tanganyika,Battles,Armed clash,1,18,NA,Political violence,728,-6.7163,27.9695
2014-06-14,Middle Africa,Democratic Republic of Congo,Tanganyika,Battles,Armed clash,1,5,NA,Political violence,728,-6.7163,27.9695
2014-06-21,Middle Africa,Democratic Republic of Congo,Tanganyika,Battles,Armed clash,1,5,NA,Political violence,728,-6.7163,27.9695
2014-07-26,Middle Africa,Democratic Republic of Congo,Tanganyika,Battles,Armed clash,1,5,NA,Political violence,728,-6.7163,27.9695
2015-02-07,Middle Africa,Democratic Republic of Congo,Tanganyika,Battles,Armed clash,1,20,119718,Political violence,728,-6.7163,27.9695
2015-02-14,Middle Africa,Democratic Republic of Congo,Tanganyika,Battles,Armed clash,1,7,119718,Political violence,728,-6.7163,27.9695
2015-05-02,Middle Africa,Democratic Republic of Congo,Tanganyika,Battles,Armed clash,2,18,193781,Political violence,728,-6.7163,27.9695
2016-03-26,Middle Africa,Democratic Republic of Congo,Tanganyika,Battles,Armed clash,1,7,360,Political violence,728,-6.7163,27.9695
2016-04-02,Middle Africa,Democratic Republic of Congo,Tanganyika,Battles,Armed clash,1,9,360,Political violence,728,-6.7163,27.9695
2016-08-27,Middle Africa,Democratic Republic of Congo,Tanganyika,Battles,Armed clash,3,3,75206,Political violence,728,-6.7163,27.9695
2016-09-03,Middle Africa,Democratic Republic of Congo,Tanganyika,Battles,Armed clash,6,8,75206,Political violence,728,-6.7163,27.9695
2016-09-10,Middle Africa,Democratic Republic of Congo,Tanganyika,Battles,Armed clash,1,2,1703,Political violence,728,-6.7163,27.9695
2016-10-15,Middle Africa,Democratic Republic of Congo,Tanganyika,Battles,Armed clash,1,4,43173,Political violence,728,-6.7163,27.9695
2016-10-29,Middle Africa,Democratic Republic of Congo,Tanganyika,Battles,Armed clash,1,3,43173,Political violence,728,-6.7163,27.9695
2016-11-12,Middle Africa,Democratic Republic of Congo,Tanganyika,Battles,Armed clash,2,5,16194,Political violence,728,-6.7163,27.9695
2017-02-04,Middle Africa,Democratic Republic of Congo,Tanganyika,Battles,Armed clash,1,3,44973,Political violence,728,-6.7163,27.9695
2017-02-18,Middle Africa,Democratic Republic of Congo,Tanganyika,Battles,Armed clash,1,2,274509,Political violence,728,-6.7163,27.9695
2017-03-18,Middle Africa,Democratic Republic of Congo,Tanganyika,Battles,Armed clash,1,18,129921,Political violence,728,-6.7163,27.9695
2017-05-27,Middle Africa,Democratic Republic of Congo,Tanganyika,Battles,Armed clash,1,4,8014,Political violence,728,-6.7163,27.9695
2017-06-03,Middle Africa,Democratic Republic of Congo,Tanganyika,Battles,Armed clash,2,5,274881,Political violence,728,-6.7163,27.9695
2017-07-22,Middle Africa,Democratic Republic of Congo,Tanganyika,Battles,Armed clash,3,4,45084,Political violence,728,-6.7163,27.9695
2017-07-29,Middle Africa,Democratic Republic of Congo,Tanganyika,Battles,Armed clash,1,55,1111,Political violence,728,-6.7163,27.9695
2017-09-02,Middle Africa,Democratic Republic of Congo,Tanganyika,Battles,Armed clash,1,9,376,Political violence,728,-6.7163,27.9695
2017-10-07,Middle Africa,Democratic Republic of Congo,Tanganyika,Battles,Armed clash,3,24,460347,Political violence,728,-6.7163,27.9695
2017-12-30,Middle Africa,Democratic Republic of Congo,Tanganyika,Battles,Armed clash,2,3,117516,Political violence,728,-6.7163,27.9695
2018-01-06,Middle Africa,Democratic Republic of Congo,Tanganyika,Battles,Armed clash,3,5,10673,Political violence,728,-6.7163,27.9695
2018-02-24,Middle Africa,Democratic Republic of Congo,Tanganyika,Battles,Armed clash,1,5,383,Political violence,728,-6.7163,27.9695
2018-03-31,Middle Africa,Democratic Republic of Congo,Tanganyika,Battles,Armed clash,1,13,284700,Political violence,728,-6.7163,27.9695
2018-04-07,Middle Africa,Democratic Republic of Congo,Tanganyika,Battles,Armed clash,1,1,75,Political violence,728,-6.7163,27.9695
2018-07-21,Middle Africa,Democratic Republic of Congo,Tanganyika,Battles,Armed clash,1,2,109550,Political violence,728,-6.7163,27.9695
2018-09-08,Middle Africa,Democratic Republic of Congo,Tanganyika,Battles,Armed clash,1,1,7966,Political violence,728,-6.7163,27.9695
2018-10-20,Middle Africa,Democratic Republic of Congo,Tanganyika,Battles,Armed clash,1,10,383,Political violence,728,-6.7163,27.9695
2018-10-27,Middle Africa,Democratic Republic of Congo,Tanganyika,Battles,Armed clash,1,33,383,Political violence,728,-6.7163,27.9695
2020-01-25,Middle Africa,Democratic Republic of Congo,Tanganyika,Battles,Armed clash,1,3,90116,Political violence,728,-6.7163,27.9695
2020-02-01,Middle Africa,Democratic Republic of Congo,Tanganyika,Battles,Armed clash,1,6,303545,Political violence,728,-6.7163,27.9695
2020-02-29,Middle Africa,Democratic Republic of Congo,Tanganyika,Battles,Armed clash,1,1,90116,Political violence,728,-6.7163,27.9695
2020-03-14,Middle Africa,Democratic Republic of Congo,Tanganyika,Battles,Armed clash,1,2,3261,Political violence,728,-6.7163,27.9695
2020-05-23,Middle Africa,Democratic Republic of Congo,Tanganyika,Battles,Armed clash,1,2,62873,Political violence,728,-6.7163,27.9695
2020-06-27,Middle Africa,Democratic Republic of Congo,Tanganyika,Battles,Armed clash,1,6,9417,Political violence,728,-6.7163,27.9695
2020-08-08,Middle Africa,Democratic Republic of Congo,Tanganyika,Battles,Armed clash,3,8,17341,Political violence,728,-6.7163,27.9695
2020-08-15,Middle Africa,Democratic Republic of Congo,Tanganyika,Battles,Armed clash,2,2,18244,Political violence,728,-6.7163,27.9695
2020-11-07,Middle Africa,Democratic Republic of Congo,Tanganyika,Battles,Armed clash,1,1,50039,Political violence,728,-6.7163,27.9695
2020-11-21,Middle Africa,Democratic Republic of Congo,Tanganyika,Battles,Armed clash,1,1,303545,Political violence,728,-6.7163,27.9695
2020-12-12,Middle Africa,Democratic Republic of Congo,Tanganyika,Battles,Armed clash,1,3,90116,Political violence,728,-6.7163,27.9695
2021-02-06,Middle Africa,Democratic Republic of Congo,Tanganyika,Battles,Armed clash,1,3,920,Political violence,728,-6.7163,27.9695
2021-03-06,Middle Africa,Democratic Republic of Congo,Tanganyika,Battles,Armed clash,1,6,5735,Political violence,728,-6.7163,27.9695
2021-04-10,Middle Africa,Democratic Republic of Congo,Tanganyika,Battles,Armed clash,1,5,541,Political violence,728,-6.7163,27.9695
2021-04-17,Middle Africa,Democratic Republic of Congo,Tanganyika,Battles,Armed clash,2,3,94740,Political violence,728,-6.7163,27.9695
2021-05-01,Middle Africa,Democratic Republic of Congo,Tanganyika,Battles,Armed clash,1,5,187,Political violence,728,-6.7163,27.9695
2021-11-06,Middle Africa,Democratic Republic of Congo,Tanganyika,Battles,Armed clash,1,6,1832,Political violence,728,-6.7163,27.9695
2022-01-08,Middle Africa,Democratic Republic of Congo,Tanganyika,Battles,Armed clash,1,6,125,Political violence,728,-6.7163,27.9695
2022-04-09,Middle Africa,Democratic Republic of Congo,Tanganyika,Battles,Armed clash,1,2,68648,Political violence,728,-6.7163,27.9695
2022-12-31,Middle Africa,Democratic Republic of Congo,Tanganyika,Battles,Armed clash,1,3,476,Political violence,728,-6.7163,27.9695
2023-04-15,Middle Africa,Democratic Republic of Congo,Tanganyika,Battles,Armed clash,1,2,2746,Political violence,728,-6.7163,27.9695
2023-04-22,Middle Africa,Democratic Republic of Congo,Tanganyika,Battles,Armed clash,1,2,436,Political violence,728,-6.7163,27.9695
2023-06-17,Middle Africa,Democratic Republic of Congo,Tanganyika,Battles,Armed clash,2,1,10508,Political violence,728,-6.7163,27.9695
2023-06-24,Middle Africa,Democratic Republic of Congo,Tanganyika,Battles,Armed clash,1,1,329,Political violence,728,-6.7163,27.9695
2023-07-08,Middle Africa,Democratic Republic of Congo,Tanganyika,Battles,Armed clash,1,7,364,Political violence,728,-6.7163,27.9695
2023-07-29,Middle Africa,Democratic Republic of Congo,Tanganyika,Battles,Armed clash,2,3,476,Political violence,728,-6.7163,27.9695
2024-03-23,Middle Africa,Democratic Republic of Congo,Tanganyika,Battles,Armed clash,1,7,1,Political violence,728,-6.7163,27.9695
2024-04-06,Middle Africa,Democratic Republic of Congo,Tanganyika,Battles,Armed clash,1,2,12754,Political violence,728,-6.7163,27.9695
2024-07-27,Middle Africa,Democratic Republic of Congo,Tanganyika,Battles,Armed clash,1,3,597,Political violence,728,-6.7163,27.9695
2024-09-21,Middle Africa,Democratic Republic of Congo,Tanganyika,Battles,Armed clash,1,2,180539,Political violence,728,-6.7163,27.9695
2024-10-05,Middle Africa,Democratic Republic of Congo,Tanganyika,Battles,Armed clash,1,1,2857,Political violence,728,-6.7163,27.9695
2025-02-08,Middle Africa,Democratic Republic of Congo,Tanganyika,Battles,Armed clash,1,4,2714,Political violence,728,-6.7163,27.9695
2025-03-01,Middle Africa,Democratic Republic of Congo,Tanganyika,Battles,Armed clash,1,3,339,Political violence,728,-6.7163,27.9695
2025-04-26,Middle Africa,Democratic Republic of Congo,Tanganyika,Battles,Armed clash,2,11,198933,Political violence,728,-6.7163,27.9695
2025-08-09,Middle Africa,Democratic Republic of Congo,Tanganyika,Battles,Armed clash,1,2,2971,Political violence,728,-6.7163,27.9695
2018-02-03,Middle Africa,Democratic Republic of Congo,Tanganyika,Battles,Government regains territory,1,44,12862,Political violence,728,-6.7163,27.9695
2025-11-01,Middle Africa,Democratic Republic of Congo,Tanganyika,Explosions/Remote violence,Remote explosive/landmine/IED,1,3,4498,Political violence,728,-6.7163,27.9695
2024-03-02,Middle Africa,Democratic Republic of Congo,Tanganyika,Protests,Excessive force against protesters,1,1,44277,Political violence; Demonstrations,728,-6.7163,27.9695
2014-12-13,Middle Africa,Democratic Republic of Congo,Tanganyika,Riots,Mob violence,1,2,NA,Political violence,728,-6.7163,27.9695
2015-10-31,Middle Africa,Democratic Republic of Congo,Tanganyika,Riots,Mob violence,1,1,110235,Political violence,728,-6.7163,27.9695
2017-08-05,Middle Africa,Democratic Republic of Congo,Tanganyika,Riots,Mob violence,1,1,845,Political violence,728,-6.7163,27.9695
2020-07-25,Middle Africa,Democratic Republic of Congo,Tanganyika,Riots,Mob violence,2,1,130341,Political violence,728,-6.7163,27.9695
2020-08-29,Middle Africa,Democratic Republic of Congo,Tanganyika,Riots,Mob violence,1,1,130341,Political violence,728,-6.7163,27.9695
2020-09-05,Middle Africa,Democratic Republic of Congo,Tanganyika,Riots,Mob violence,1,1,79978,Political violence,728,-6.7163,27.9695
2021-02-27,Middle Africa,Democratic Republic of Congo,Tanganyika,Riots,Mob violence,1,2,82978,Political violence,728,-6.7163,27.9695
2022-07-02,Middle Africa,Democratic Republic of Congo,Tanganyika,Riots,Mob violence,1,1,86200,Political violence,728,-6.7163,27.9695
2022-09-03,Middle Africa,Democratic Republic of Congo,Tanganyika,Riots,Mob violence,1,1,128258,Political violence,728,-6.7163,27.9695
2022-12-17,Middle Africa,Democratic Republic of Congo,Tanganyika,Riots,Mob violence,1,8,128258,Political violence,728,-6.7163,27.9695
2023-01-14,Middle Africa,Democratic Republic of Congo,Tanganyika,Riots,Mob violence,1,1,27153,Political violence,728,-6.7163,27.9695
2023-04-08,Middle Africa,Democratic Republic of Congo,Tanganyika,Riots,Mob violence,1,3,494,Political violence,728,-6.7163,27.9695
2024-12-07,Middle Africa,Democratic Republic of Congo,Tanganyika,Riots,Mob violence,2,1,135383,Political violence,728,-6.7163,27.9695
2025-04-26,Middle Africa,Democratic Republic of Congo,Tanganyika,Riots,Mob violence,1,1,139046,Political violence,728,-6.7163,27.9695
2025-10-25,Middle Africa,Democratic Republic of Congo,Tanganyika,Riots,Mob violence,1,3,18567,Political violence,728,-6.7163,27.9695
2022-07-23,Middle Africa,Democratic Republic of Congo,Tanganyika,Riots,Violent demonstration,1,1,128258,Demonstrations,728,-6.7163,27.9695
2024-02-24,Middle Africa,Democratic Republic of Congo,Tanganyika,Riots,Violent demonstration,1,3,7163,Demonstrations,728,-6.7163,27.9695
2011-03-26,Middle Africa,Democratic Republic of Congo,Tanganyika,Violence against civilians,Attack,1,1,NA,Political violence,728,-6.7163,27.9695
2011-05-14,Middle Africa,Democratic Republic of Congo,Tanganyika,Violence against civilians,Attack,4,4,NA,Political violence,728,-6.7163,27.9695
2011-08-06,Middle Africa,Democratic Republic of Congo,Tanganyika,Violence against civilians,Attack,3,2,NA,Political violence,728,-6.7163,27.9695
2011-11-12,Middle Africa,Democratic Republic of Congo,Tanganyika,Violence against civilians,Attack,1,1,NA,Political violence,728,-6.7163,27.9695
2012-02-25,Middle Africa,Democratic Republic of Congo,Tanganyika,Violence against civilians,Attack,1,2,NA,Political violence,728,-6.7163,27.9695
2012-12-22,Middle Africa,Democratic Republic of Congo,Tanganyika,Violence against civilians,Attack,6,2,NA,Political violence,728,-6.7163,27.9695
2013-02-16,Middle Africa,Democratic Republic of Congo,Tanganyika,Violence against civilians,Attack,1,7,NA,Political violence,728,-6.7163,27.9695
2013-05-25,Middle Africa,Democratic Republic of Congo,Tanganyika,Violence against civilians,Attack,1,13,NA,Political violence,728,-6.7163,27.9695
2014-04-05,Middle Africa,Democratic Republic of Congo,Tanganyika,Violence against civilians,Attack,1,12,NA,Political violence,728,-6.7163,27.9695
2014-05-10,Middle Africa,Democratic Republic of Congo,Tanganyika,Violence against civilians,Attack,1,1,NA,Political violence,728,-6.7163,27.9695
2014-05-31,Middle Africa,Democratic Republic of Congo,Tanganyika,Violence against civilians,Attack,2,9,NA,Political violence,728,-6.7163,27.9695
2014-06-14,Middle Africa,Democratic Republic of Congo,Tanganyika,Violence against civilians,Attack,1,9,NA,Political violence,728,-6.7163,27.9695
2014-08-02,Middle Africa,Democratic Republic of Congo,Tanganyika,Violence against civilians,Attack,4,4,NA,Political violence,728,-6.7163,27.9695
2014-08-09,Middle Africa,Democratic Republic of Congo,Tanganyika,Violence against civilians,Attack,1,1,NA,Political violence,728,-6.7163,27.9695
2015-02-07,Middle Africa,Democratic Republic of Congo,Tanganyika,Violence against civilians,Attack,1,5,119718,Political violence,728,-6.7163,27.9695
2015-04-25,Middle Africa,Democratic Republic of Congo,Tanganyika,Violence against civilians,Attack,1,6,74063,Political violence,728,-6.7163,27.9695
2015-05-02,Middle Africa,Democratic Republic of Congo,Tanganyika,Violence against civilians,Attack,2,10,67779,Political violence,728,-6.7163,27.9695
2015-05-23,Middle Africa,Democratic Republic of Congo,Tanganyika,Violence against civilians,Attack,3,4,119718,Political violence,728,-6.7163,27.9695
2015-05-30,Middle Africa,Democratic Republic of Congo,Tanganyika,Violence against civilians,Attack,1,4,159,Political violence,728,-6.7163,27.9695
2016-06-04,Middle Africa,Democratic Republic of Congo,Tanganyika,Violence against civilians,Attack,1,1,263663,Political violence,728,-6.7163,27.9695
2016-10-15,Middle Africa,Democratic Republic of Congo,Tanganyika,Violence against civilians,Attack,2,16,43173,Political violence,728,-6.7163,27.9695
2016-11-19,Middle Africa,Democratic Republic of Congo,Tanganyika,Violence against civilians,Attack,4,33,263663,Political violence,728,-6.7163,27.9695
2016-12-03,Middle Africa,Democratic Republic of Congo,Tanganyika,Violence against civilians,Attack,1,35,1398,Political violence,728,-6.7163,27.9695
2016-12-17,Middle Africa,Democratic Republic of Congo,Tanganyika,Violence against civilians,Attack,1,3,124197,Political violence,728,-6.7163,27.9695
2016-12-31,Middle Africa,Democratic Republic of Congo,Tanganyika,Violence against civilians,Attack,2,12,132450,Political violence,728,-6.7163,27.9695
2017-01-07,Middle Africa,Democratic Republic of Congo,Tanganyika,Violence against civilians,Attack,2,22,174194,Political violence,728,-6.7163,27.9695
2017-01-28,Middle Africa,Democratic Republic of Congo,Tanganyika,Violence against civilians,Attack,1,3,44273,Political violence,728,-6.7163,27.9695
2017-02-04,Middle Africa,Democratic Republic of Congo,Tanganyika,Violence against civilians,Attack,1,3,274509,Political violence,728,-6.7163,27.9695
2017-03-18,Middle Africa,Democratic Republic of Congo,Tanganyika,Violence against civilians,Attack,1,1,8014,Political violence,728,-6.7163,27.9695
2017-03-25,Middle Africa,Democratic Republic of Congo,Tanganyika,Violence against civilians,Attack,1,5,8014,Political violence,728,-6.7163,27.9695
2017-04-22,Middle Africa,Democratic Republic of Congo,Tanganyika,Violence against civilians,Attack,1,3,274509,Political violence,728,-6.7163,27.9695
2017-05-27,Middle Africa,Democratic Republic of Congo,Tanganyika,Violence against civilians,Attack,2,7,277815,Political violence,728,-6.7163,27.9695
2017-08-05,Middle Africa,Democratic Republic of Congo,Tanganyika,Violence against civilians,Attack,1,1,4477,Political violence,728,-6.7163,27.9695
2017-10-28,Middle Africa,Democratic Republic of Congo,Tanganyika,Violence against civilians,Attack,1,2,44273,Political violence,728,-6.7163,27.9695
2018-11-10,Middle Africa,Democratic Republic of Congo,Tanganyika,Violence against civilians,Attack,1,2,284700,Political violence,728,-6.7163,27.9695
2018-12-08,Middle Africa,Democratic Republic of Congo,Tanganyika,Violence against civilians,Attack,1,3,284700,Political violence,728,-6.7163,27.9695
2018-12-29,Middle Africa,Democratic Republic of Congo,Tanganyika,Violence against civilians,Attack,1,1,7022,Political violence,728,-6.7163,27.9695
2019-01-05,Middle Africa,Democratic Republic of Congo,Tanganyika,Violence against civilians,Attack,1,2,294065,Political violence,728,-6.7163,27.9695
2019-06-01,Middle Africa,Democratic Republic of Congo,Tanganyika,Violence against civilians,Attack,1,1,294065,Political violence,728,-6.7163,27.9695
2019-08-31,Middle Africa,Democratic Republic of Congo,Tanganyika,Violence against civilians,Attack,1,1,8108,Political violence,728,-6.7163,27.9695
2019-09-14,Middle Africa,Democratic Republic of Congo,Tanganyika,Violence against civilians,Attack,1,1,294065,Political violence,728,-6.7163,27.9695
2020-01-25,Middle Africa,Democratic Republic of Congo,Tanganyika,Violence against civilians,Attack,1,1,90116,Political violence,728,-6.7163,27.9695
2020-02-15,Middle Africa,Democratic Republic of Congo,Tanganyika,Violence against civilians,Attack,2,3,90116,Political violence,728,-6.7163,27.9695
2020-03-07,Middle Africa,Democratic Republic of Congo,Tanganyika,Violence against civilians,Attack,4,7,48429,Political violence,728,-6.7163,27.9695
2020-04-04,Middle Africa,Democratic Republic of Congo,Tanganyika,Violence against civilians,Attack,1,8,1201,Political violence,728,-6.7163,27.9695
2020-05-16,Middle Africa,Democratic Republic of Congo,Tanganyika,Violence against civilians,Attack,1,2,850,Political violence,728,-6.7163,27.9695
2020-05-23,Middle Africa,Democratic Republic of Congo,Tanganyika,Violence against civilians,Attack,1,2,9417,Political violence,728,-6.7163,27.9695
2020-05-30,Middle Africa,Democratic Republic of Congo,Tanganyika,Violence against civilians,Attack,1,4,90116,Political violence,728,-6.7163,27.9695
2020-06-27,Middle Africa,Democratic Republic of Congo,Tanganyika,Violence against civilians,Attack,1,12,9417,Political violence,728,-6.7163,27.9695
2020-07-25,Middle Africa,Democratic Republic of Congo,Tanganyika,Violence against civilians,Attack,1,2,889,Political violence,728,-6.7163,27.9695
2020-12-19,Middle Africa,Democratic Republic of Congo,Tanganyika,Violence against civilians,Attack,1,1,1751,Political violence,728,-6.7163,27.9695
2021-01-16,Middle Africa,Democratic Republic of Congo,Tanganyika,Violence against civilians,Attack,2,2,18348,Political violence,728,-6.7163,27.9695
2021-01-23,Middle Africa,Democratic Republic of Congo,Tanganyika,Violence against civilians,Attack,1,1,313399,Political violence,728,-6.7163,27.9695
2021-05-08,Middle Africa,Democratic Republic of Congo,Tanganyika,Violence against civilians,Attack,1,18,93512,Political violence,728,-6.7163,27.9695
2021-10-23,Middle Africa,Democratic Republic of Congo,Tanganyika,Violence against civilians,Attack,2,1,84820,Political violence,728,-6.7163,27.9695
2021-11-06,Middle Africa,Democratic Republic of Congo,Tanganyika,Violence against civilians,Attack,1,6,91333,Political violence,728,-6.7163,27.9695
2022-01-08,Middle Africa,Democratic Republic of Congo,Tanganyika,Violence against civilians,Attack,4,2,9930,Political violence,728,-6.7163,27.9695
2022-02-05,Middle Africa,Democratic Republic of Congo,Tanganyika,Violence against civilians,Attack,1,5,643,Political violence,728,-6.7163,27.9695
2022-02-26,Middle Africa,Democratic Republic of Congo,Tanganyika,Violence against civilians,Attack,1,4,974,Political violence,728,-6.7163,27.9695
2022-03-05,Middle Africa,Democratic Republic of Congo,Tanganyika,Violence against civilians,Attack,2,3,1378,Political violence,728,-6.7163,27.9695
2022-03-12,Middle Africa,Democratic Republic of Congo,Tanganyika,Violence against civilians,Attack,1,1,6117,Political violence,728,-6.7163,27.9695
2022-04-02,Middle Africa,Democratic Republic of Congo,Tanganyika,Violence against civilians,Attack,1,1,4783,Political violence,728,-6.7163,27.9695
2022-05-07,Middle Africa,Democratic Republic of Congo,Tanganyika,Violence against civilians,Attack,2,12,7075,Political violence,728,-6.7163,27.9695
2022-07-02,Middle Africa,Democratic Republic of Congo,Tanganyika,Violence against civilians,Attack,1,2,170579,Political violence,728,-6.7163,27.9695
2022-07-16,Middle Africa,Democratic Republic of Congo,Tanganyika,Violence against civilians,Attack,1,1,233795,Political violence,728,-6.7163,27.9695
2022-07-30,Middle Africa,Democratic Republic of Congo,Tanganyika,Violence against civilians,Attack,1,3,158263,Political violence,728,-6.7163,27.9695
2022-08-27,Middle Africa,Democratic Republic of Congo,Tanganyika,Violence against civilians,Attack,1,2,5496,Political violence,728,-6.7163,27.9695
2023-03-04,Middle Africa,Democratic Republic of Congo,Tanganyika,Violence against civilians,Attack,1,4,175470,Political violence,728,-6.7163,27.9695
2023-05-13,Middle Africa,Democratic Republic of Congo,Tanganyika,Violence against civilians,Attack,1,3,175470,Political violence,728,-6.7163,27.9695
2023-06-17,Middle Africa,Democratic Republic of Congo,Tanganyika,Violence against civilians,Attack,1,1,329,Political violence,728,-6.7163,27.9695
2024-07-27,Middle Africa,Democratic Republic of Congo,Tanganyika,Violence against civilians,Attack,1,3,343586,Political violence,728,-6.7163,27.9695
2025-11-15,Middle Africa,Democratic Republic of Congo,Tanganyika,Violence against civilians,Attack,2,1,236690,Political violence,728,-6.7163,27.9695
2026-01-10,Middle Africa,Democratic Republic of Congo,Tanganyika,Violence against civilians,Attack,1,1,9804,Political violence,728,-6.7163,27.9695
2020-02-29,Middle Africa,Democratic Republic of Congo,Tanganyika,Violence against civilians,Sexual violence,1,1,303545,Political violence,728,-6.7163,27.9695
2021-07-24,Middle Africa,Democratic Republic of Congo,Tanganyika,Violence against civilians,Sexual violence,1,46,313399,Political violence,728,-6.7163,27.9695
2021-08-14,Middle Africa,Democratic Republic of Congo,Tanganyika,Violence against civilians,Sexual violence,1,2,91333,Political violence,728,-6.7163,27.9695
2021-11-06,Middle Africa,Democratic Republic of Congo,Tanganyika,Violence against civilians,Sexual violence,1,1,3288,Political violence,728,-6.7163,27.9695
2009-03-07,Middle Africa,Democratic Republic of Congo,Tshopo,Battles,Armed clash,1,1,NA,Political violence,729,0.2052,25.633
2009-11-14,Middle Africa,Democratic Republic of Congo,Tshopo,Battles,Armed clash,3,32,NA,Political violence,729,0.2052,25.633
2010-03-06,Middle Africa,Democratic Republic of Congo,Tshopo,Battles,Armed clash,1,8,NA,Political violence,729,0.2052,25.633
2011-03-05,Middle Africa,Democratic Republic of Congo,Tshopo,Battles,Armed clash,1,8,NA,Political violence,729,0.2052,25.633
2011-07-23,Middle Africa,Democratic Republic of Congo,Tshopo,Battles,Armed clash,1,3,NA,Political violence,729,0.2052,25.633
2012-02-25,Middle Africa,Democratic Republic of Congo,Tshopo,Battles,Armed clash,1,3,NA,Political violence,729,0.2052,25.633
2014-06-07,Middle Africa,Democratic Republic of Congo,Tshopo,Battles,Armed clash,1,1,NA,Political violence,729,0.2052,25.633
2016-01-30,Middle Africa,Democratic Republic of Congo,Tshopo,Battles,Armed clash,1,3,13421,Political violence,729,0.2052,25.633
2017-03-18,Middle Africa,Democratic Republic of Congo,Tshopo,Battles,Armed clash,1,1,43840,Political violence,729,0.2052,25.633
2019-02-23,Middle Africa,Democratic Republic of Congo,Tshopo,Battles,Armed clash,2,5,9141,Political violence,729,0.2052,25.633
2019-03-09,Middle Africa,Democratic Republic of Congo,Tshopo,Battles,Armed clash,4,6,10467,Political violence,729,0.2052,25.633
2020-05-09,Middle Africa,Democratic Republic of Congo,Tshopo,Battles,Armed clash,1,1,48238,Political violence,729,0.2052,25.633
2020-08-29,Middle Africa,Democratic Republic of Congo,Tshopo,Battles,Armed clash,1,5,2187,Political violence,729,0.2052,25.633
2021-02-13,Middle Africa,Democratic Republic of Congo,Tshopo,Battles,Armed clash,1,3,799209,Political violence,729,0.2052,25.633
2023-03-25,Middle Africa,Democratic Republic of Congo,Tshopo,Battles,Armed clash,1,3,849846,Political violence,729,0.2052,25.633
2023-08-12,Middle Africa,Democratic Republic of Congo,Tshopo,Battles,Armed clash,1,9,320,Political violence,729,0.2052,25.633
2023-10-14,Middle Africa,Democratic Republic of Congo,Tshopo,Battles,Armed clash,2,9,853543,Political violence,729,0.2052,25.633
2023-10-21,Middle Africa,Democratic Republic of Congo,Tshopo,Battles,Armed clash,4,20,119243,Political violence,729,0.2052,25.633
2023-11-04,Middle Africa,Democratic Republic of Congo,Tshopo,Battles,Armed clash,3,9,166086,Political violence,729,0.2052,25.633
2024-01-06,Middle Africa,Democratic Republic of Congo,Tshopo,Battles,Armed clash,1,5,117078,Political violence,729,0.2052,25.633
2024-04-27,Middle Africa,Democratic Republic of Congo,Tshopo,Battles,Armed clash,2,1,146269,Political violence,729,0.2052,25.633
2024-05-04,Middle Africa,Democratic Republic of Congo,Tshopo,Battles,Armed clash,3,8,146269,Political violence,729,0.2052,25.633
2024-05-11,Middle Africa,Democratic Republic of Congo,Tshopo,Battles,Armed clash,2,17,117078,Political violence,729,0.2052,25.633
2024-05-25,Middle Africa,Democratic Republic of Congo,Tshopo,Battles,Armed clash,1,4,51449,Political violence,729,0.2052,25.633
2024-06-08,Middle Africa,Democratic Republic of Congo,Tshopo,Battles,Armed clash,1,6,117078,Political violence,729,0.2052,25.633
2024-08-10,Middle Africa,Democratic Republic of Congo,Tshopo,Battles,Armed clash,1,3,321,Political violence,729,0.2052,25.633
2024-08-24,Middle Africa,Democratic Republic of Congo,Tshopo,Battles,Armed clash,2,2,401966,Political violence,729,0.2052,25.633
2024-09-14,Middle Africa,Democratic Republic of Congo,Tshopo,Battles,Armed clash,1,1,437710,Political violence,729,0.2052,25.633
2024-12-28,Middle Africa,Democratic Republic of Congo,Tshopo,Battles,Armed clash,1,3,18355,Political violence,729,0.2052,25.633
2025-02-01,Middle Africa,Democratic Republic of Congo,Tshopo,Battles,Armed clash,1,2,18836,Political violence,729,0.2052,25.633
2025-05-31,Middle Africa,Democratic Republic of Congo,Tshopo,Battles,Armed clash,1,2,92424,Political violence,729,0.2052,25.633
2025-08-09,Middle Africa,Democratic Republic of Congo,Tshopo,Battles,Armed clash,1,1,5773,Political violence,729,0.2052,25.633
2025-09-20,Middle Africa,Democratic Republic of Congo,Tshopo,Battles,Armed clash,1,5,60271,Political violence,729,0.2052,25.633
2025-09-27,Middle Africa,Democratic Republic of Congo,Tshopo,Battles,Armed clash,1,2,60271,Political violence,729,0.2052,25.633
2012-06-23,Middle Africa,Democratic Republic of Congo,Tshopo,Battles,Non-state actor overtakes territory,1,6,NA,Political violence,729,0.2052,25.633
2024-05-25,Middle Africa,Democratic Republic of Congo,Tshopo,Battles,Non-state actor overtakes territory,1,4,54638,Political violence,729,0.2052,25.633
2024-05-04,Middle Africa,Democratic Republic of Congo,Tshopo,Protests,Excessive force against protesters,1,1,20077,Political violence; Demonstrations,729,0.2052,25.633
2017-01-07,Middle Africa,Democratic Republic of Congo,Tshopo,Riots,Mob violence,2,1,107243,Political violence,729,0.2052,25.633
2018-01-27,Middle Africa,Democratic Republic of Congo,Tshopo,Riots,Mob violence,1,8,36320,Political violence,729,0.2052,25.633
2020-11-21,Middle Africa,Democratic Republic of Congo,Tshopo,Riots,Mob violence,1,2,32494,Political violence,729,0.2052,25.633
2021-07-24,Middle Africa,Democratic Republic of Congo,Tshopo,Riots,Mob violence,1,1,205513,Political violence,729,0.2052,25.633
2023-04-01,Middle Africa,Democratic Republic of Congo,Tshopo,Riots,Mob violence,1,2,69750,Political violence,729,0.2052,25.633
2023-04-08,Middle Africa,Democratic Republic of Congo,Tshopo,Riots,Mob violence,2,5,69750,Political violence,729,0.2052,25.633
2023-04-29,Middle Africa,Democratic Republic of Congo,Tshopo,Riots,Mob violence,1,1,69750,Political violence,729,0.2052,25.633
2023-10-07,Middle Africa,Democratic Republic of Congo,Tshopo,Riots,Mob violence,1,3,22735,Political violence,729,0.2052,25.633
2024-04-27,Middle Africa,Democratic Republic of Congo,Tshopo,Riots,Mob violence,1,3,72106,Political violence,729,0.2052,25.633
2024-11-16,Middle Africa,Democratic Republic of Congo,Tshopo,Riots,Mob violence,1,1,136483,Political violence,729,0.2052,25.633
2024-12-07,Middle Africa,Democratic Republic of Congo,Tshopo,Riots,Mob violence,1,1,181587,Political violence,729,0.2052,25.633
2024-12-28,Middle Africa,Democratic Republic of Congo,Tshopo,Riots,Mob violence,1,8,12498,Political violence,729,0.2052,25.633
2025-02-08,Middle Africa,Democratic Republic of Congo,Tshopo,Riots,Mob violence,1,3,NA,Political violence,729,0.2052,25.633
2025-03-08,Middle Africa,Democratic Republic of Congo,Tshopo,Riots,Mob violence,2,1,140041,Political violence,729,0.2052,25.633
2025-04-12,Middle Africa,Democratic Republic of Congo,Tshopo,Riots,Mob violence,1,1,140041,Political violence,729,0.2052,25.633
2025-05-03,Middle Africa,Democratic Republic of Congo,Tshopo,Riots,Mob violence,1,1,140041,Political violence,729,0.2052,25.633
2025-06-07,Middle Africa,Democratic Republic of Congo,Tshopo,Riots,Mob violence,1,2,140041,Political violence,729,0.2052,25.633
2025-06-14,Middle Africa,Democratic Republic of Congo,Tshopo,Riots,Mob violence,2,3,140041,Political violence,729,0.2052,25.633
2025-08-02,Middle Africa,Democratic Republic of Congo,Tshopo,Riots,Mob violence,2,3,85105,Political violence,729,0.2052,25.633
2025-09-13,Middle Africa,Democratic Republic of Congo,Tshopo,Riots,Mob violence,2,5,59856,Political violence,729,0.2052,25.633
2025-10-04,Middle Africa,Democratic Republic of Congo,Tshopo,Riots,Mob violence,5,7,224458,Political violence,729,0.2052,25.633
2026-01-24,Middle Africa,Democratic Republic of Congo,Tshopo,Riots,Mob violence,1,6,NA,Political violence,729,0.2052,25.633
2012-11-17,Middle Africa,Democratic Republic of Congo,Tshopo,Riots,Violent demonstration,1,3,NA,Demonstrations,729,0.2052,25.633
2016-07-23,Middle Africa,Democratic Republic of Congo,Tshopo,Riots,Violent demonstration,1,3,174621,Demonstrations,729,0.2052,25.633
2018-01-27,Middle Africa,Democratic Republic of Congo,Tshopo,Riots,Violent demonstration,1,1,1360,Demonstrations,729,0.2052,25.633
2019-02-02,Middle Africa,Democratic Republic of Congo,Tshopo,Riots,Violent demonstration,3,1,191438,Demonstrations,729,0.2052,25.633
2019-06-08,Middle Africa,Democratic Republic of Congo,Tshopo,Riots,Violent demonstration,1,4,89,Demonstrations,729,0.2052,25.633
2009-03-14,Middle Africa,Democratic Republic of Congo,Tshopo,Violence against civilians,Attack,3,22,NA,Political violence,729,0.2052,25.633
2010-01-16,Middle Africa,Democratic Republic of Congo,Tshopo,Violence against civilians,Attack,1,4,NA,Political violence,729,0.2052,25.633
2011-11-26,Middle Africa,Democratic Republic of Congo,Tshopo,Violence against civilians,Attack,1,8,NA,Political violence,729,0.2052,25.633
2012-01-28,Middle Africa,Democratic Republic of Congo,Tshopo,Violence against civilians,Attack,1,30,NA,Political violence,729,0.2052,25.633
2018-03-03,Middle Africa,Democratic Republic of Congo,Tshopo,Violence against civilians,Attack,1,4,177,Political violence,729,0.2052,25.633
2018-03-10,Middle Africa,Democratic Republic of Congo,Tshopo,Violence against civilians,Attack,1,1,727759,Political violence,729,0.2052,25.633
2019-02-02,Middle Africa,Democratic Republic of Congo,Tshopo,Violence against civilians,Attack,1,1,2825,Political violence,729,0.2052,25.633
2019-06-08,Middle Africa,Democratic Republic of Congo,Tshopo,Violence against civilians,Attack,1,4,307669,Political violence,729,0.2052,25.633
2020-09-26,Middle Africa,Democratic Republic of Congo,Tshopo,Violence against civilians,Attack,1,1,48603,Political violence,729,0.2052,25.633
2022-06-18,Middle Africa,Democratic Republic of Congo,Tshopo,Violence against civilians,Attack,1,4,1353,Political violence,729,0.2052,25.633
2023-04-29,Middle Africa,Democratic Republic of Congo,Tshopo,Violence against civilians,Attack,1,40,113120,Political violence,729,0.2052,25.633
2023-07-01,Middle Africa,Democratic Republic of Congo,Tshopo,Violence against civilians,Attack,1,6,740423,Political violence,729,0.2052,25.633
2024-01-06,Middle Africa,Democratic Republic of Congo,Tshopo,Violence against civilians,Attack,3,7,3013,Political violence,729,0.2052,25.633
2024-05-25,Middle Africa,Democratic Republic of Congo,Tshopo,Violence against civilians,Attack,1,1,117078,Political violence,729,0.2052,25.633
2024-06-15,Middle Africa,Democratic Republic of Congo,Tshopo,Violence against civilians,Attack,1,20,58287,Political violence,729,0.2052,25.633
2024-08-10,Middle Africa,Democratic Republic of Congo,Tshopo,Violence against civilians,Attack,1,2,321,Political violence,729,0.2052,25.633
2024-08-17,Middle Africa,Democratic Republic of Congo,Tshopo,Violence against civilians,Attack,1,1,117078,Political violence,729,0.2052,25.633
2024-08-24,Middle Africa,Democratic Republic of Congo,Tshopo,Violence against civilians,Attack,1,4,437710,Political violence,729,0.2052,25.633
2025-02-01,Middle Africa,Democratic Republic of Congo,Tshopo,Violence against civilians,Attack,2,2,582077,Political violence,729,0.2052,25.633
2025-03-01,Middle Africa,Democratic Republic of Congo,Tshopo,Violence against civilians,Attack,1,1,19824,Political violence,729,0.2052,25.633
2025-06-07,Middle Africa,Democratic Republic of Congo,Tshopo,Violence against civilians,Attack,1,1,30258,Political violence,729,0.2052,25.633
2025-08-09,Middle Africa,Democratic Republic of Congo,Tshopo,Violence against civilians,Attack,1,1,160783,Political violence,729,0.2052,25.633
2025-11-29,Middle Africa,Democratic Republic of Congo,Tshopo,Violence against civilians,Attack,2,4,NA,Political violence,729,0.2052,25.633
2013-11-09,Middle Africa,Democratic Republic of Congo,Tshuapa,Battles,Armed clash,2,3,NA,Political violence,730,-0.4525,21.6909
2021-02-13,Middle Africa,Democratic Republic of Congo,Tshuapa,Battles,Armed clash,1,16,4882,Political violence,730,-0.4525,21.6909
2021-04-24,Middle Africa,Democratic Republic of Congo,Tshuapa,Riots,Mob violence,1,1,99897,Political violence,730,-0.4525,21.6909
2022-03-19,Middle Africa,Democratic Republic of Congo,Tshuapa,Riots,Mob violence,2,1,103784,Political violence,730,-0.4525,21.6909
2019-08-03,Middle Africa,Democratic Republic of Congo,Tshuapa,Violence against civilians,Attack,1,1,3900,Political violence,730,-0.4525,21.6909
2021-01-30,Middle Africa,Democratic Republic of Congo,Tshuapa,Violence against civilians,Attack,3,66,4882,Political violence,730,-0.4525,21.6909
2016-11-12,Middle Africa,Democratic Republic of Congo,Tshuapa,Violence against civilians,Sexual violence,1,1,165,Political violence,730,-0.4525,21.6909
