week,region,country,admin1,event_type,sub_event_type,events,fatalities,population_exposure,disorder_type,id,latitude,longitude
1997-01-04T00:00:00Z,Northern Africa,Sudan,Khartoum,violence against civilians,Attack,1,7,NA,Political violence,3111,15.915,33.1352
1997-01-11T00:00:00Z,Northern Africa,Sudan,Blue Nile,battles,Government regains territory,1,200,NA,Political violence,3106,11.0079,34.0954
1997-01-11T00:00:00Z,Northern Africa,Sudan,Blue Nile,violence against civilians,Attack,4,300,NA,Political violence,3106,11.0079,34.0954
1997-01-11T00:00:00Z,Northern Africa,Sudan,Kassala,battles,Armed clash,2,207,NA,Political violence,3110,15.7104,35.5356
1997-01-11T00:00:00Z,Northern Africa,Sudan,Kassala,battles,Non-state actor overtakes territory,1,25,NA,Political violence,3110,15.7104,35.5356
1997-01-18T00:00:00Z,Northern Africa,Sudan,Blue Nile,battles,Armed clash,6,463,NA,Political violence,3106,11.0079,34.0954
1997-01-18T00:00:00Z,Northern Africa,Sudan,Equatoria,battles,Armed clash,1,13,NA,Political violence,3947,4.68,31.69
1997-01-18T00:00:00Z,Northern Africa,Sudan,Red Sea,battles,Armed clash,1,1,NA,Political violence,3115,20.0739,35.4126
1997-01-18T00:00:00Z,Northern Africa,Sudan,Sennar,battles,Armed clash,2,316,NA,Political violence,3117,12.9093,34.0815
1997-01-25T00:00:00Z,Northern Africa,Sudan,Blue Nile,battles,Armed clash,3,317,NA,Political violence,3106,11.0079,34.0954
1997-01-25T00:00:00Z,Northern Africa,Sudan,Equatoria,battles,Government regains territory,1,11,NA,Political violence,3947,4.68,31.69
1997-02-15T00:00:00Z,Northern Africa,Sudan,Blue Nile,battles,Armed clash,3,57,NA,Political violence,3106,11.0079,34.0954
1997-02-15T00:00:00Z,Northern Africa,Sudan,Upper Nile,battles,Armed clash,1,19,NA,Political violence,4169,11.048,32.698
1997-02-22T00:00:00Z,Northern Africa,Sudan,Equatoria,battles,Government regains territory,1,10,NA,Political violence,3947,4.68,31.69
1997-03-01T00:00:00Z,Northern Africa,Sudan,South Kordofan,battles,Armed clash,1,8,NA,Political violence,3119,11.2289,30.914
1997-03-08T00:00:00Z,Northern Africa,Sudan,Equatoria,battles,Armed clash,8,4,NA,Political violence,3947,4.68,31.69
1997-03-08T00:00:00Z,Northern Africa,Sudan,Equatoria,battles,Non-state actor overtakes territory,7,11,NA,Political violence,3947,4.68,31.69
1997-03-08T00:00:00Z,Northern Africa,Sudan,Equatoria,explosions/remote violence,Remote explosive/landmine/IED,2,1,NA,Political violence,3947,4.68,31.69
1997-03-08T00:00:00Z,Northern Africa,Sudan,Kassala,battles,Armed clash,1,97,NA,Political violence,3110,15.7104,35.5356
1997-03-15T00:00:00Z,Northern Africa,Sudan,Blue Nile,battles,Non-state actor overtakes territory,1,3,NA,Political violence,3106,11.0079,34.0954
1997-03-15T00:00:00Z,Northern Africa,Sudan,Equatoria,battles,Armed clash,4,3,NA,Political violence,3947,4.68,31.69
1997-03-22T00:00:00Z,Northern Africa,Sudan,Al Jazirah,battles,Armed clash,3,100,NA,Political violence,3105,14.6593,33.2294
1997-03-22T00:00:00Z,Northern Africa,Sudan,Red Sea,battles,Non-state actor overtakes territory,3,220,NA,Political violence,3115,20.0739,35.4126
1997-03-29T00:00:00Z,Northern Africa,Sudan,Equatoria,battles,Non-state actor overtakes territory,5,10,NA,Political violence,3947,4.68,31.69
1997-03-29T00:00:00Z,Northern Africa,Sudan,Upper Nile,battles,Armed clash,1,70,NA,Political violence,4169,11.048,32.698
1997-04-05T00:00:00Z,Northern Africa,Sudan,Kassala,battles,Armed clash,2,20,NA,Political violence,3110,15.7104,35.5356
1997-04-05T00:00:00Z,Northern Africa,Sudan,Red Sea,battles,Armed clash,3,20,NA,Political violence,3115,20.0739,35.4126
1997-04-05T00:00:00Z,Northern Africa,Sudan,Upper Nile,battles,Armed clash,1,17,NA,Political violence,4169,11.048,32.698
1997-04-12T00:00:00Z,Northern Africa,Sudan,Equatoria,battles,Armed clash,1,300,NA,Political violence,3947,4.68,31.69
1997-04-12T00:00:00Z,Northern Africa,Sudan,Equatoria,explosions/remote violence,Shelling/artillery/missile attack,4,300,NA,Political violence,3947,4.68,31.69
1997-04-12T00:00:00Z,Northern Africa,Sudan,Red Sea,battles,Non-state actor overtakes territory,1,10,NA,Political violence,3115,20.0739,35.4126
1997-04-19T00:00:00Z,Northern Africa,Sudan,Red Sea,battles,Armed clash,1,20,NA,Political violence,3115,20.0739,35.4126
1997-05-03T00:00:00Z,Northern Africa,Sudan,Red Sea,battles,Armed clash,1,26,NA,Political violence,3115,20.0739,35.4126
1997-05-10T00:00:00Z,Northern Africa,Sudan,Equatoria,violence against civilians,Attack,1,3,NA,Political violence,3947,4.68,31.69
1997-05-24T00:00:00Z,Northern Africa,Sudan,West Kordofan,battles,Government regains territory,1,3,NA,Political violence,3121,11.8686,28.2211
1997-05-31T00:00:00Z,Northern Africa,Sudan,Red Sea,explosions/remote violence,Remote explosive/landmine/IED,1,2,NA,Political violence,3115,20.0739,35.4126
1997-06-07T00:00:00Z,Northern Africa,Sudan,Bahr el Ghazal,battles,Armed clash,4,743,NA,Political violence,3946,8.598,28.4738
1997-06-14T00:00:00Z,Northern Africa,Sudan,Bahr el Ghazal,violence against civilians,Attack,1,142,NA,Political violence,3946,8.598,28.4738
1997-06-28T00:00:00Z,Northern Africa,Sudan,Bahr el Ghazal,battles,Government regains territory,2,111,NA,Political violence,3946,8.598,28.4738
1997-07-05T00:00:00Z,Northern Africa,Sudan,Red Sea,battles,Armed clash,1,2,NA,Political violence,3115,20.0739,35.4126
1997-07-12T00:00:00Z,Northern Africa,Sudan,Gedaref,battles,Non-state actor overtakes territory,1,9,NA,Political violence,3109,14.2138,35.0222
1997-07-12T00:00:00Z,Northern Africa,Sudan,Upper Nile,battles,Armed clash,2,79,NA,Political violence,4169,11.048,32.698
1997-07-12T00:00:00Z,Northern Africa,Sudan,Upper Nile,battles,Non-state actor overtakes territory,2,20,NA,Political violence,4169,11.048,32.698
1997-07-19T00:00:00Z,Northern Africa,Sudan,Equatoria,explosions/remote violence,Remote explosive/landmine/IED,1,6,NA,Political violence,3947,4.68,31.69
1997-07-19T00:00:00Z,Northern Africa,Sudan,Upper Nile,battles,Non-state actor overtakes territory,1,7,NA,Political violence,4169,11.048,32.698
1997-07-26T00:00:00Z,Northern Africa,Sudan,Bahr el Ghazal,battles,Non-state actor overtakes territory,1,5,NA,Political violence,3946,8.598,28.4738
1997-08-02T00:00:00Z,Northern Africa,Sudan,Equatoria,battles,Armed clash,6,2,NA,Political violence,3947,4.68,31.69
1997-08-02T00:00:00Z,Northern Africa,Sudan,Equatoria,battles,Government regains territory,1,400,NA,Political violence,3947,4.68,31.69
1997-08-09T00:00:00Z,Northern Africa,Sudan,Equatoria,battles,Armed clash,1,1,NA,Political violence,3947,4.68,31.69
1997-08-16T00:00:00Z,Northern Africa,Sudan,Red Sea,battles,Armed clash,1,6,NA,Political violence,3115,20.0739,35.4126
1997-08-23T00:00:00Z,Northern Africa,Sudan,North Kordofan,battles,Non-state actor overtakes territory,1,13,NA,Political violence,3113,14.3894,29.437
1997-08-23T00:00:00Z,Northern Africa,Sudan,South Kordofan,violence against civilians,Attack,1,4,NA,Political violence,3119,11.2289,30.914
1997-08-23T00:00:00Z,Northern Africa,Sudan,Upper Nile,violence against civilians,Attack,1,4,NA,Political violence,4169,11.048,32.698
1997-09-06T00:00:00Z,Northern Africa,Sudan,South Kordofan,battles,Non-state actor overtakes territory,1,10,NA,Political violence,3119,11.2289,30.914
1997-09-06T00:00:00Z,Northern Africa,Sudan,Upper Nile,battles,Armed clash,2,17,NA,Political violence,4169,11.048,32.698
1997-09-13T00:00:00Z,Northern Africa,Sudan,Equatoria,battles,Armed clash,1,100,NA,Political violence,3947,4.68,31.69
1997-09-13T00:00:00Z,Northern Africa,Sudan,Equatoria,violence against civilians,Attack,1,1,NA,Political violence,3947,4.68,31.69
1997-10-04T00:00:00Z,Northern Africa,Sudan,Equatoria,explosions/remote violence,Air/drone strike,1,3,NA,Political violence,3947,4.68,31.69
1997-10-04T00:00:00Z,Northern Africa,Sudan,Equatoria,violence against civilians,Attack,1,23,NA,Political violence,3947,4.68,31.69
1997-10-04T00:00:00Z,Northern Africa,Sudan,South Kordofan,battles,Non-state actor overtakes territory,1,20,NA,Political violence,3119,11.2289,30.914
1997-10-11T00:00:00Z,Northern Africa,Sudan,Equatoria,battles,Armed clash,2,37,NA,Political violence,3947,4.68,31.69
1997-10-25T00:00:00Z,Northern Africa,Sudan,Gedaref,battles,Armed clash,1,11,NA,Political violence,3109,14.2138,35.0222
1997-11-01T00:00:00Z,Northern Africa,Sudan,Al Jazirah,violence against civilians,Attack,1,2,NA,Political violence,3105,14.6593,33.2294
1997-11-08T00:00:00Z,Northern Africa,Sudan,Gedaref,battles,Armed clash,2,30,NA,Political violence,3109,14.2138,35.0222
1997-11-08T00:00:00Z,Northern Africa,Sudan,Gedaref,violence against civilians,Attack,1,1,NA,Political violence,3109,14.2138,35.0222
1997-11-08T00:00:00Z,Northern Africa,Sudan,Kassala,violence against civilians,Attack,1,1,NA,Political violence,3110,15.7104,35.5356
1997-11-22T00:00:00Z,Northern Africa,Sudan,South Kordofan,violence against civilians,Attack,1,1,NA,Political violence,3119,11.2289,30.914
1997-11-29T00:00:00Z,Northern Africa,Sudan,Blue Nile,battles,Armed clash,2,96,NA,Political violence,3106,11.0079,34.0954
1997-11-29T00:00:00Z,Northern Africa,Sudan,Kassala,battles,Armed clash,1,9,NA,Political violence,3110,15.7104,35.5356
1998-01-03T00:00:00Z,Northern Africa,Sudan,Upper Nile,battles,Armed clash,1,2,NA,Political violence,4169,11.048,32.698
1998-01-10T00:00:00Z,Northern Africa,Sudan,Upper Nile,battles,Armed clash,7,2,NA,Political violence,4169,11.048,32.698
1998-01-17T00:00:00Z,Northern Africa,Sudan,Khartoum,battles,Armed clash,1,3,NA,Political violence,3111,15.915,33.1352
1998-01-17T00:00:00Z,Northern Africa,Sudan,Upper Nile,battles,Armed clash,1,38,NA,Political violence,4169,11.048,32.698
1998-01-24T00:00:00Z,Northern Africa,Sudan,Blue Nile,battles,Armed clash,1,30,NA,Political violence,3106,11.0079,34.0954
1998-01-24T00:00:00Z,Northern Africa,Sudan,Equatoria,battles,Armed clash,1,10,NA,Political violence,3947,4.68,31.69
1998-01-24T00:00:00Z,Northern Africa,Sudan,Kassala,explosions/remote violence,Shelling/artillery/missile attack,1,10,NA,Political violence,3110,15.7104,35.5356
1998-01-31T00:00:00Z,Northern Africa,Sudan,Kassala,battles,Armed clash,5,57,NA,Political violence,3110,15.7104,35.5356
1998-02-07T00:00:00Z,Northern Africa,Sudan,Central Darfur,battles,Non-state actor overtakes territory,1,10,NA,Political violence,3107,12.3084,23.2341
1998-02-07T00:00:00Z,Northern Africa,Sudan,Kassala,battles,Armed clash,1,91,NA,Political violence,3110,15.7104,35.5356
1998-02-21T00:00:00Z,Northern Africa,Sudan,Kassala,battles,Armed clash,6,87,NA,Political violence,3110,15.7104,35.5356
1998-02-21T00:00:00Z,Northern Africa,Sudan,West Darfur,violence against civilians,Attack,1,21,NA,Political violence,3120,13.5081,22.7026
1998-02-28T00:00:00Z,Northern Africa,Sudan,Equatoria,explosions/remote violence,Remote explosive/landmine/IED,1,12,NA,Political violence,3947,4.68,31.69
1998-03-14T00:00:00Z,Northern Africa,Sudan,West Darfur,violence against civilians,Attack,1,23,NA,Political violence,3120,13.5081,22.7026
1998-03-21T00:00:00Z,Northern Africa,Sudan,Blue Nile,battles,Government regains territory,1,45,NA,Political violence,3106,11.0079,34.0954
1998-03-28T00:00:00Z,Northern Africa,Sudan,Kassala,battles,Armed clash,2,45,NA,Political violence,3110,15.7104,35.5356
1998-04-04T00:00:00Z,Northern Africa,Sudan,Blue Nile,battles,Armed clash,1,22,NA,Political violence,3106,11.0079,34.0954
1998-04-04T00:00:00Z,Northern Africa,Sudan,Equatoria,battles,Armed clash,3,5,NA,Political violence,3947,4.68,31.69
1998-04-04T00:00:00Z,Northern Africa,Sudan,Khartoum,violence against civilians,Attack,1,74,NA,Political violence,3111,15.915,33.1352
1998-04-11T00:00:00Z,Northern Africa,Sudan,Blue Nile,battles,Armed clash,1,12,NA,Political violence,3106,11.0079,34.0954
1998-04-11T00:00:00Z,Northern Africa,Sudan,West Darfur,battles,Armed clash,1,100,NA,Political violence,3120,13.5081,22.7026
1998-04-11T00:00:00Z,Northern Africa,Sudan,West Kordofan,violence against civilians,Attack,1,1,NA,Political violence,3121,11.8686,28.2211
1998-05-02T00:00:00Z,Northern Africa,Sudan,Equatoria,explosions/remote violence,Remote explosive/landmine/IED,1,7,NA,Political violence,3947,4.68,31.69
1998-05-02T00:00:00Z,Northern Africa,Sudan,South Darfur,violence against civilians,Attack,1,40,NA,Political violence,3118,10.9002,24.3019
1998-05-09T00:00:00Z,Northern Africa,Sudan,Bahr el Ghazal,violence against civilians,Attack,1,200,NA,Political violence,3946,8.598,28.4738
1998-05-09T00:00:00Z,Northern Africa,Sudan,Blue Nile,battles,Armed clash,1,9,NA,Political violence,3106,11.0079,34.0954
1998-05-16T00:00:00Z,Northern Africa,Sudan,Bahr el Ghazal,battles,Government regains territory,2,10,NA,Political violence,3946,8.598,28.4738
1998-05-16T00:00:00Z,Northern Africa,Sudan,Bahr el Ghazal,battles,Non-state actor overtakes territory,1,10,NA,Political violence,3946,8.598,28.4738
1998-05-16T00:00:00Z,Northern Africa,Sudan,Bahr el Ghazal,violence against civilians,Attack,5,30,NA,Political violence,3946,8.598,28.4738
1998-05-16T00:00:00Z,Northern Africa,Sudan,Kassala,battles,Armed clash,1,4,NA,Political violence,3110,15.7104,35.5356
1998-05-23T00:00:00Z,Northern Africa,Sudan,Blue Nile,battles,Armed clash,2,200,NA,Political violence,3106,11.0079,34.0954
1998-05-30T00:00:00Z,Northern Africa,Sudan,Blue Nile,battles,Armed clash,1,100,NA,Political violence,3106,11.0079,34.0954
1998-05-30T00:00:00Z,Northern Africa,Sudan,Blue Nile,battles,Non-state actor overtakes territory,1,97,NA,Political violence,3106,11.0079,34.0954
1998-05-30T00:00:00Z,Northern Africa,Sudan,Kassala,battles,Non-state actor overtakes territory,1,10,NA,Political violence,3110,15.7104,35.5356
1998-06-06T00:00:00Z,Northern Africa,Sudan,Blue Nile,battles,Armed clash,1,12,NA,Political violence,3106,11.0079,34.0954
1998-06-06T00:00:00Z,Northern Africa,Sudan,Kassala,battles,Armed clash,3,23,NA,Political violence,3110,15.7104,35.5356
1998-06-06T00:00:00Z,Northern Africa,Sudan,South Kordofan,violence against civilians,Attack,1,3,NA,Political violence,3119,11.2289,30.914
1998-06-13T00:00:00Z,Northern Africa,Sudan,Blue Nile,battles,Non-state actor overtakes territory,1,107,NA,Political violence,3106,11.0079,34.0954
1998-06-13T00:00:00Z,Northern Africa,Sudan,Kassala,battles,Armed clash,2,64,NA,Political violence,3110,15.7104,35.5356
1998-06-13T00:00:00Z,Northern Africa,Sudan,Kassala,battles,Non-state actor overtakes territory,1,10,NA,Political violence,3110,15.7104,35.5356
1998-06-13T00:00:00Z,Northern Africa,Sudan,Kassala,explosions/remote violence,Remote explosive/landmine/IED,1,10,NA,Political violence,3110,15.7104,35.5356
1998-06-20T00:00:00Z,Northern Africa,Sudan,Equatoria,violence against civilians,Attack,1,2,NA,Political violence,3947,4.68,31.69
1998-06-27T00:00:00Z,Northern Africa,Sudan,Khartoum,battles,Armed clash,2,2,NA,Political violence,3111,15.915,33.1352
1998-07-04T00:00:00Z,Northern Africa,Sudan,Kassala,battles,Armed clash,2,19,NA,Political violence,3110,15.7104,35.5356
1998-07-11T00:00:00Z,Northern Africa,Sudan,Blue Nile,battles,Armed clash,3,293,NA,Political violence,3106,11.0079,34.0954
1998-07-11T00:00:00Z,Northern Africa,Sudan,South Kordofan,battles,Armed clash,1,49,NA,Political violence,3119,11.2289,30.914
1998-07-11T00:00:00Z,Northern Africa,Sudan,Upper Nile,battles,Armed clash,1,52,NA,Political violence,4169,11.048,32.698
1998-07-18T00:00:00Z,Northern Africa,Sudan,Blue Nile,battles,Armed clash,1,93,NA,Political violence,3106,11.0079,34.0954
1998-07-18T00:00:00Z,Northern Africa,Sudan,Upper Nile,battles,Non-state actor overtakes territory,1,10,NA,Political violence,4169,11.048,32.698
1998-07-25T00:00:00Z,Northern Africa,Sudan,Kassala,battles,Armed clash,1,30,NA,Political violence,3110,15.7104,35.5356
1998-08-01T00:00:00Z,Northern Africa,Sudan,Kassala,battles,Armed clash,1,24,NA,Political violence,3110,15.7104,35.5356
1998-08-01T00:00:00Z,Northern Africa,Sudan,Kassala,explosions/remote violence,Shelling/artillery/missile attack,1,24,NA,Political violence,3110,15.7104,35.5356
1998-08-01T00:00:00Z,Northern Africa,Sudan,Khartoum,riots,Violent demonstration,1,1,NA,Demonstrations,3111,15.915,33.1352
1998-08-01T00:00:00Z,Northern Africa,Sudan,Khartoum,violence against civilians,Attack,1,2,NA,Political violence,3111,15.915,33.1352
1998-08-15T00:00:00Z,Northern Africa,Sudan,Upper Nile,battles,Armed clash,2,3,NA,Political violence,4169,11.048,32.698
1998-08-22T00:00:00Z,Northern Africa,Sudan,Upper Nile,battles,Armed clash,1,1,NA,Political violence,4169,11.048,32.698
1998-08-22T00:00:00Z,Northern Africa,Sudan,Upper Nile,battles,Non-state actor overtakes territory,1,200,NA,Political violence,4169,11.048,32.698
1998-09-05T00:00:00Z,Northern Africa,Sudan,Blue Nile,battles,Armed clash,1,20,NA,Political violence,3106,11.0079,34.0954
1998-09-05T00:00:00Z,Northern Africa,Sudan,Equatoria,explosions/remote violence,Air/drone strike,1,2,NA,Political violence,3947,4.68,31.69
1998-09-05T00:00:00Z,Northern Africa,Sudan,Upper Nile,battles,Non-state actor overtakes territory,1,200,NA,Political violence,4169,11.048,32.698
1998-09-12T00:00:00Z,Northern Africa,Sudan,Equatoria,battles,Armed clash,8,85,NA,Political violence,3947,4.68,31.69
1998-09-12T00:00:00Z,Northern Africa,Sudan,Equatoria,battles,Non-state actor overtakes territory,2,40,NA,Political violence,3947,4.68,31.69
1998-09-12T00:00:00Z,Northern Africa,Sudan,Equatoria,explosions/remote violence,Remote explosive/landmine/IED,1,1,NA,Political violence,3947,4.68,31.69
1998-09-12T00:00:00Z,Northern Africa,Sudan,Kassala,explosions/remote violence,Shelling/artillery/missile attack,1,2,NA,Political violence,3110,15.7104,35.5356
1998-09-12T00:00:00Z,Northern Africa,Sudan,West Darfur,battles,Armed clash,2,58,NA,Political violence,3120,13.5081,22.7026
1998-09-12T00:00:00Z,Northern Africa,Sudan,West Darfur,battles,Non-state actor overtakes territory,1,3,NA,Political violence,3120,13.5081,22.7026
1998-09-12T00:00:00Z,Northern Africa,Sudan,White Nile,battles,Non-state actor overtakes territory,1,13,NA,Political violence,3122,13.5895,32.3521
1998-09-19T00:00:00Z,Northern Africa,Sudan,Equatoria,battles,Non-state actor overtakes territory,2,20,NA,Political violence,3947,4.68,31.69
1998-09-19T00:00:00Z,Northern Africa,Sudan,Kassala,explosions/remote violence,Shelling/artillery/missile attack,1,1,NA,Political violence,3110,15.7104,35.5356
1998-09-19T00:00:00Z,Northern Africa,Sudan,West Darfur,battles,Non-state actor overtakes territory,1,20,NA,Political violence,3120,13.5081,22.7026
1998-09-26T00:00:00Z,Northern Africa,Sudan,Equatoria,battles,Armed clash,5,640,NA,Political violence,3947,4.68,31.69
1998-09-26T00:00:00Z,Northern Africa,Sudan,South Darfur,battles,Armed clash,1,100,NA,Political violence,3118,10.9002,24.3019
1998-10-03T00:00:00Z,Northern Africa,Sudan,Equatoria,battles,Armed clash,2,10,NA,Political violence,3947,4.68,31.69
1998-10-03T00:00:00Z,Northern Africa,Sudan,South Kordofan,battles,Armed clash,1,50,NA,Political violence,3119,11.2289,30.914
1998-10-03T00:00:00Z,Northern Africa,Sudan,West Darfur,battles,Government regains territory,1,10,NA,Political violence,3120,13.5081,22.7026
1998-10-10T00:00:00Z,Northern Africa,Sudan,West Darfur,explosions/remote violence,Shelling/artillery/missile attack,1,81,NA,Political violence,3120,13.5081,22.7026
1998-10-17T00:00:00Z,Northern Africa,Sudan,Equatoria,explosions/remote violence,Remote explosive/landmine/IED,1,3,NA,Political violence,3947,4.68,31.69
1998-10-24T00:00:00Z,Northern Africa,Sudan,South Kordofan,battles,Armed clash,1,20,NA,Political violence,3119,11.2289,30.914
1998-10-31T00:00:00Z,Northern Africa,Sudan,Kassala,explosions/remote violence,Remote explosive/landmine/IED,1,2,NA,Political violence,3110,15.7104,35.5356
1998-10-31T00:00:00Z,Northern Africa,Sudan,River Nile,explosions/remote violence,Remote explosive/landmine/IED,1,1,NA,Political violence,3116,18.8347,33.1231
1998-11-07T00:00:00Z,Northern Africa,Sudan,South Kordofan,battles,Armed clash,3,9,NA,Political violence,3119,11.2289,30.914
1998-11-07T00:00:00Z,Northern Africa,Sudan,Upper Nile,violence against civilians,Attack,1,34,NA,Political violence,4169,11.048,32.698
1998-11-14T00:00:00Z,Northern Africa,Sudan,Equatoria,explosions/remote violence,Remote explosive/landmine/IED,1,2,NA,Political violence,3947,4.68,31.69
1998-11-14T00:00:00Z,Northern Africa,Sudan,South Kordofan,battles,Armed clash,7,24,NA,Political violence,3119,11.2289,30.914
1998-11-21T00:00:00Z,Northern Africa,Sudan,South Kordofan,battles,Armed clash,3,11,NA,Political violence,3119,11.2289,30.914
1998-11-28T00:00:00Z,Northern Africa,Sudan,Kassala,battles,Government regains territory,1,50,NA,Political violence,3110,15.7104,35.5356
1998-11-28T00:00:00Z,Northern Africa,Sudan,South Kordofan,battles,Armed clash,4,22,NA,Political violence,3119,11.2289,30.914
1998-12-05T00:00:00Z,Northern Africa,Sudan,Equatoria,explosions/remote violence,Remote explosive/landmine/IED,4,6,NA,Political violence,3947,4.68,31.69
1998-12-05T00:00:00Z,Northern Africa,Sudan,South Kordofan,battles,Armed clash,7,22,NA,Political violence,3119,11.2289,30.914
1998-12-19T00:00:00Z,Northern Africa,Sudan,Equatoria,battles,Armed clash,1,7,NA,Political violence,3947,4.68,31.69
1998-12-26T00:00:00Z,Northern Africa,Sudan,South Kordofan,battles,Armed clash,7,26,NA,Political violence,3119,11.2289,30.914
1999-01-02T00:00:00Z,Northern Africa,Sudan,South Kordofan,battles,Armed clash,1,10,NA,Political violence,3119,11.2289,30.914
1999-01-09T00:00:00Z,Northern Africa,Sudan,Equatoria,violence against civilians,Attack,1,6,NA,Political violence,3947,4.68,31.69
1999-01-09T00:00:00Z,Northern Africa,Sudan,Sennar,battles,Armed clash,1,48,NA,Political violence,3117,12.9093,34.0815
1999-01-09T00:00:00Z,Northern Africa,Sudan,South Kordofan,battles,Armed clash,2,14,NA,Political violence,3119,11.2289,30.914
1999-01-16T00:00:00Z,Northern Africa,Sudan,Kassala,explosions/remote violence,Air/drone strike,2,37,NA,Political violence,3110,15.7104,35.5356
1999-01-16T00:00:00Z,Northern Africa,Sudan,West Darfur,battles,Armed clash,1,27,NA,Political violence,3120,13.5081,22.7026
1999-01-23T00:00:00Z,Northern Africa,Sudan,Equatoria,battles,Armed clash,1,1,NA,Political violence,3947,4.68,31.69
1999-01-23T00:00:00Z,Northern Africa,Sudan,Equatoria,explosions/remote violence,Remote explosive/landmine/IED,2,3,NA,Political violence,3947,4.68,31.69
1999-01-23T00:00:00Z,Northern Africa,Sudan,Kassala,explosions/remote violence,Air/drone strike,1,19,NA,Political violence,3110,15.7104,35.5356
1999-01-23T00:00:00Z,Northern Africa,Sudan,Upper Nile,battles,Government regains territory,1,147,NA,Political violence,4169,11.048,32.698
1999-01-23T00:00:00Z,Northern Africa,Sudan,West Darfur,battles,Armed clash,1,50,NA,Political violence,3120,13.5081,22.7026
1999-01-30T00:00:00Z,Northern Africa,Sudan,Bahr el Ghazal,violence against civilians,Attack,4,18,NA,Political violence,3946,8.598,28.4738
1999-01-30T00:00:00Z,Northern Africa,Sudan,Blue Nile,battles,Armed clash,1,42,NA,Political violence,3106,11.0079,34.0954
1999-01-30T00:00:00Z,Northern Africa,Sudan,West Darfur,battles,Armed clash,1,27,NA,Political violence,3120,13.5081,22.7026
1999-02-06T00:00:00Z,Northern Africa,Sudan,South Kordofan,battles,Non-state actor overtakes territory,1,7,NA,Political violence,3119,11.2289,30.914
1999-02-06T00:00:00Z,Northern Africa,Sudan,West Darfur,battles,Armed clash,1,27,NA,Political violence,3120,13.5081,22.7026
1999-02-13T00:00:00Z,Northern Africa,Sudan,Upper Nile,violence against civilians,Attack,1,1,NA,Political violence,4169,11.048,32.698
1999-02-13T00:00:00Z,Northern Africa,Sudan,West Darfur,battles,Armed clash,1,100,NA,Political violence,3120,13.5081,22.7026
1999-02-20T00:00:00Z,Northern Africa,Sudan,Bahr el Ghazal,violence against civilians,Attack,1,30,NA,Political violence,3946,8.598,28.4738
1999-02-20T00:00:00Z,Northern Africa,Sudan,Equatoria,explosions/remote violence,Remote explosive/landmine/IED,1,1,NA,Political violence,3947,4.68,31.69
1999-03-13T00:00:00Z,Northern Africa,Sudan,Kassala,battles,Armed clash,1,1,NA,Political violence,3110,15.7104,35.5356
1999-03-20T00:00:00Z,Northern Africa,Sudan,Blue Nile,battles,Armed clash,1,208,NA,Political violence,3106,11.0079,34.0954
1999-03-20T00:00:00Z,Northern Africa,Sudan,Gedaref,battles,Armed clash,1,15,NA,Political violence,3109,14.2138,35.0222
1999-03-27T00:00:00Z,Northern Africa,Sudan,Blue Nile,battles,Armed clash,1,209,NA,Political violence,3106,11.0079,34.0954
1999-03-27T00:00:00Z,Northern Africa,Sudan,Equatoria,explosions/remote violence,Remote explosive/landmine/IED,1,3,NA,Political violence,3947,4.68,31.69
1999-03-27T00:00:00Z,Northern Africa,Sudan,Upper Nile,violence against civilians,Attack,1,4,NA,Political violence,4169,11.048,32.698
1999-04-03T00:00:00Z,Northern Africa,Sudan,Blue Nile,battles,Non-state actor overtakes territory,2,128,NA,Political violence,3106,11.0079,34.0954
1999-04-03T00:00:00Z,Northern Africa,Sudan,Equatoria,explosions/remote violence,Air/drone strike,1,1,NA,Political violence,3947,4.68,31.69
1999-04-03T00:00:00Z,Northern Africa,Sudan,Kassala,battles,Armed clash,3,9,NA,Political violence,3110,15.7104,35.5356
1999-04-10T00:00:00Z,Northern Africa,Sudan,Blue Nile,battles,Non-state actor overtakes territory,3,248,NA,Political violence,3106,11.0079,34.0954
1999-04-10T00:00:00Z,Northern Africa,Sudan,Kassala,battles,Armed clash,2,5,NA,Political violence,3110,15.7104,35.5356
1999-04-10T00:00:00Z,Northern Africa,Sudan,Kassala,battles,Non-state actor overtakes territory,1,10,NA,Political violence,3110,15.7104,35.5356
1999-04-10T00:00:00Z,Northern Africa,Sudan,Khartoum,battles,Non-state actor overtakes territory,1,20,NA,Political violence,3111,15.915,33.1352
1999-04-17T00:00:00Z,Northern Africa,Sudan,Upper Nile,battles,Armed clash,1,4,NA,Political violence,4169,11.048,32.698
1999-05-01T00:00:00Z,Northern Africa,Sudan,Kassala,battles,Armed clash,6,110,NA,Political violence,3110,15.7104,35.5356
1999-05-01T00:00:00Z,Northern Africa,Sudan,Kassala,battles,Non-state actor overtakes territory,3,6,NA,Political violence,3110,15.7104,35.5356
1999-05-08T00:00:00Z,Northern Africa,Sudan,Equatoria,explosions/remote violence,Remote explosive/landmine/IED,2,4,NA,Political violence,3947,4.68,31.69
1999-05-08T00:00:00Z,Northern Africa,Sudan,Kassala,battles,Non-state actor overtakes territory,2,36,NA,Political violence,3110,15.7104,35.5356
1999-05-08T00:00:00Z,Northern Africa,Sudan,Khartoum,explosions/remote violence,Remote explosive/landmine/IED,1,15,NA,Political violence,3111,15.915,33.1352
1999-05-15T00:00:00Z,Northern Africa,Sudan,Bahr el Ghazal,explosions/remote violence,Air/drone strike,2,1,NA,Political violence,3946,8.598,28.4738
1999-05-15T00:00:00Z,Northern Africa,Sudan,Upper Nile,explosions/remote violence,Shelling/artillery/missile attack,1,1,NA,Political violence,4169,11.048,32.698
1999-05-22T00:00:00Z,Northern Africa,Sudan,Kassala,battles,Armed clash,2,7,NA,Political violence,3110,15.7104,35.5356
1999-05-22T00:00:00Z,Northern Africa,Sudan,Kassala,battles,Non-state actor overtakes territory,1,45,NA,Political violence,3110,15.7104,35.5356
1999-05-22T00:00:00Z,Northern Africa,Sudan,Kassala,explosions/remote violence,Remote explosive/landmine/IED,1,17,NA,Political violence,3110,15.7104,35.5356
1999-05-29T00:00:00Z,Northern Africa,Sudan,Kassala,battles,Armed clash,4,40,NA,Political violence,3110,15.7104,35.5356
1999-05-29T00:00:00Z,Northern Africa,Sudan,South Kordofan,battles,Armed clash,1,1,NA,Political violence,3119,11.2289,30.914
1999-05-29T00:00:00Z,Northern Africa,Sudan,South Kordofan,violence against civilians,Attack,1,2,NA,Political violence,3119,11.2289,30.914
1999-06-19T00:00:00Z,Northern Africa,Sudan,Bahr el Ghazal,battles,Armed clash,1,21,NA,Political violence,3946,8.598,28.4738
1999-06-19T00:00:00Z,Northern Africa,Sudan,Bahr el Ghazal,violence against civilians,Attack,2,13,NA,Political violence,3946,8.598,28.4738
1999-06-26T00:00:00Z,Northern Africa,Sudan,Kassala,battles,Government regains territory,1,50,NA,Political violence,3110,15.7104,35.5356
1999-06-26T00:00:00Z,Northern Africa,Sudan,Upper Nile,battles,Armed clash,1,2,NA,Political violence,4169,11.048,32.698
1999-06-26T00:00:00Z,Northern Africa,Sudan,Upper Nile,battles,Government regains territory,2,140,NA,Political violence,4169,11.048,32.698
1999-07-03T00:00:00Z,Northern Africa,Sudan,Sennar,battles,Armed clash,1,30,NA,Political violence,3117,12.9093,34.0815
1999-07-03T00:00:00Z,Northern Africa,Sudan,Upper Nile,battles,Armed clash,3,109,NA,Political violence,4169,11.048,32.698
1999-07-03T00:00:00Z,Northern Africa,Sudan,Upper Nile,violence against civilians,Attack,1,41,NA,Political violence,4169,11.048,32.698
1999-07-10T00:00:00Z,Northern Africa,Sudan,Gedaref,battles,Armed clash,1,47,NA,Political violence,3109,14.2138,35.0222
1999-07-10T00:00:00Z,Northern Africa,Sudan,Gedaref,violence against civilians,Attack,1,10,NA,Political violence,3109,14.2138,35.0222
1999-07-10T00:00:00Z,Northern Africa,Sudan,Upper Nile,battles,Armed clash,4,13,NA,Political violence,4169,11.048,32.698
1999-07-10T00:00:00Z,Northern Africa,Sudan,Upper Nile,violence against civilians,Attack,1,7,NA,Political violence,4169,11.048,32.698
1999-07-17T00:00:00Z,Northern Africa,Sudan,Upper Nile,battles,Armed clash,4,7,NA,Political violence,4169,11.048,32.698
1999-08-21T00:00:00Z,Northern Africa,Sudan,Blue Nile,battles,Armed clash,1,4,NA,Political violence,3106,11.0079,34.0954
1999-08-28T00:00:00Z,Northern Africa,Sudan,Upper Nile,battles,Armed clash,2,10,NA,Political violence,4169,11.048,32.698
1999-09-04T00:00:00Z,Northern Africa,Sudan,Upper Nile,battles,Armed clash,1,1,NA,Political violence,4169,11.048,32.698
1999-09-11T00:00:00Z,Northern Africa,Sudan,Bahr el Ghazal,battles,Armed clash,2,20,NA,Political violence,3946,8.598,28.4738
1999-09-18T00:00:00Z,Northern Africa,Sudan,Khartoum,explosions/remote violence,Grenade,1,5,NA,Political violence,3111,15.915,33.1352
1999-10-16T00:00:00Z,Northern Africa,Sudan,Upper Nile,battles,Armed clash,4,41,NA,Political violence,4169,11.048,32.698
1999-10-23T00:00:00Z,Northern Africa,Sudan,Upper Nile,battles,Armed clash,2,41,NA,Political violence,4169,11.048,32.698
1999-10-30T00:00:00Z,Northern Africa,Sudan,Khartoum,battles,Armed clash,1,10,NA,Political violence,3111,15.915,33.1352
1999-10-30T00:00:00Z,Northern Africa,Sudan,Khartoum,violence against civilians,Attack,1,1,NA,Political violence,3111,15.915,33.1352
1999-10-30T00:00:00Z,Northern Africa,Sudan,Upper Nile,battles,Armed clash,1,40,NA,Political violence,4169,11.048,32.698
1999-12-04T00:00:00Z,Northern Africa,Sudan,Blue Nile,battles,Armed clash,1,11,NA,Political violence,3106,11.0079,34.0954
2000-01-01T00:00:00Z,Northern Africa,Sudan,Upper Nile,explosions/remote violence,Air/drone strike,1,6,NA,Political violence,4169,11.048,32.698
2000-01-01T00:00:00Z,Northern Africa,Sudan,Upper Nile,violence against civilians,Attack,1,2,NA,Political violence,4169,11.048,32.698
2000-01-08T00:00:00Z,Northern Africa,Sudan,Equatoria,explosions/remote violence,Remote explosive/landmine/IED,1,8,NA,Political violence,3947,4.68,31.69
2000-01-08T00:00:00Z,Northern Africa,Sudan,Upper Nile,violence against civilians,Attack,1,2,NA,Political violence,4169,11.048,32.698
2000-01-22T00:00:00Z,Northern Africa,Sudan,Upper Nile,violence against civilians,Attack,1,10,NA,Political violence,4169,11.048,32.698
2000-01-29T00:00:00Z,Northern Africa,Sudan,South Kordofan,explosions/remote violence,Remote explosive/landmine/IED,1,13,NA,Political violence,3119,11.2289,30.914
2000-01-29T00:00:00Z,Northern Africa,Sudan,Upper Nile,battles,Armed clash,1,24,NA,Political violence,4169,11.048,32.698
2000-02-05T00:00:00Z,Northern Africa,Sudan,South Darfur,battles,Armed clash,1,16,NA,Political violence,3118,10.9002,24.3019
2000-02-05T00:00:00Z,Northern Africa,Sudan,Upper Nile,battles,Armed clash,1,10,NA,Political violence,4169,11.048,32.698
2000-02-05T00:00:00Z,Northern Africa,Sudan,Upper Nile,battles,Government regains territory,1,10,NA,Political violence,4169,11.048,32.698
2000-02-05T00:00:00Z,Northern Africa,Sudan,West Kordofan,battles,Armed clash,1,6,NA,Political violence,3121,11.8686,28.2211
2000-02-12T00:00:00Z,Northern Africa,Sudan,Kassala,violence against civilians,Attack,1,4,NA,Political violence,3110,15.7104,35.5356
2000-02-26T00:00:00Z,Northern Africa,Sudan,Equatoria,explosions/remote violence,Remote explosive/landmine/IED,1,3,NA,Political violence,3947,4.68,31.69
2000-02-26T00:00:00Z,Northern Africa,Sudan,River Nile,battles,Armed clash,1,3,NA,Political violence,3116,18.8347,33.1231
2000-03-04T00:00:00Z,Northern Africa,Sudan,Bahr el Ghazal,explosions/remote violence,Remote explosive/landmine/IED,1,2,NA,Political violence,3946,8.598,28.4738
2000-03-11T00:00:00Z,Northern Africa,Sudan,Equatoria,explosions/remote violence,Air/drone strike,1,1,NA,Political violence,3947,4.68,31.69
2000-03-11T00:00:00Z,Northern Africa,Sudan,Kassala,battles,Armed clash,3,20,NA,Political violence,3110,15.7104,35.5356
2000-03-18T00:00:00Z,Northern Africa,Sudan,Kassala,battles,Armed clash,5,50,NA,Political violence,3110,15.7104,35.5356
2000-03-25T00:00:00Z,Northern Africa,Sudan,Equatoria,explosions/remote violence,Remote explosive/landmine/IED,4,3,NA,Political violence,3947,4.68,31.69
2000-03-25T00:00:00Z,Northern Africa,Sudan,Khartoum,battles,Armed clash,1,3,NA,Political violence,3111,15.915,33.1352
2000-03-25T00:00:00Z,Northern Africa,Sudan,Red Sea,battles,Government regains territory,1,81,NA,Political violence,3115,20.0739,35.4126
2000-03-25T00:00:00Z,Northern Africa,Sudan,Red Sea,violence against civilians,Attack,2,20,NA,Political violence,3115,20.0739,35.4126
2000-04-08T00:00:00Z,Northern Africa,Sudan,Blue Nile,battles,Armed clash,1,80,NA,Political violence,3106,11.0079,34.0954
2000-04-08T00:00:00Z,Northern Africa,Sudan,Upper Nile,battles,Armed clash,2,20,NA,Political violence,4169,11.048,32.698
2000-04-22T00:00:00Z,Northern Africa,Sudan,Kassala,battles,Non-state actor overtakes territory,1,10,NA,Political violence,3110,15.7104,35.5356
2000-04-22T00:00:00Z,Northern Africa,Sudan,Upper Nile,explosions/remote violence,Remote explosive/landmine/IED,2,13,NA,Political violence,4169,11.048,32.698
2000-04-29T00:00:00Z,Northern Africa,Sudan,Kassala,explosions/remote violence,Remote explosive/landmine/IED,1,2,NA,Political violence,3110,15.7104,35.5356
2000-04-29T00:00:00Z,Northern Africa,Sudan,Red Sea,battles,Armed clash,1,1,NA,Political violence,3115,20.0739,35.4126
2000-04-29T00:00:00Z,Northern Africa,Sudan,South Kordofan,battles,Armed clash,1,1,NA,Political violence,3119,11.2289,30.914
2000-05-20T00:00:00Z,Northern Africa,Sudan,Kassala,battles,Armed clash,1,30,NA,Political violence,3110,15.7104,35.5356
2000-05-27T00:00:00Z,Northern Africa,Sudan,Upper Nile,battles,Armed clash,4,240,NA,Political violence,4169,11.048,32.698
2000-06-03T00:00:00Z,Northern Africa,Sudan,Upper Nile,battles,Armed clash,1,60,NA,Political violence,4169,11.048,32.698
2000-06-10T00:00:00Z,Northern Africa,Sudan,Bahr el Ghazal,violence against civilians,Attack,1,7,NA,Political violence,3946,8.598,28.4738
2000-06-10T00:00:00Z,Northern Africa,Sudan,Upper Nile,battles,Armed clash,1,98,NA,Political violence,4169,11.048,32.698
2000-06-10T00:00:00Z,Northern Africa,Sudan,Upper Nile,battles,Non-state actor overtakes territory,1,99,NA,Political violence,4169,11.048,32.698
2000-06-17T00:00:00Z,Northern Africa,Sudan,Bahr el Ghazal,battles,Armed clash,11,226,NA,Political violence,3946,8.598,28.4738
2000-06-17T00:00:00Z,Northern Africa,Sudan,Kassala,battles,Armed clash,2,110,NA,Political violence,3110,15.7104,35.5356
2000-06-17T00:00:00Z,Northern Africa,Sudan,Sennar,protests,Excessive force against protesters,1,1,NA,Political violence; Demonstrations,3117,12.9093,34.0815
2000-06-17T00:00:00Z,Northern Africa,Sudan,Sennar,riots,Mob violence,1,1,NA,Political violence,3117,12.9093,34.0815
2000-06-17T00:00:00Z,Northern Africa,Sudan,Upper Nile,battles,Armed clash,3,412,NA,Political violence,4169,11.048,32.698
2000-06-24T00:00:00Z,Northern Africa,Sudan,Bahr el Ghazal,battles,Non-state actor overtakes territory,1,66,NA,Political violence,3946,8.598,28.4738
2000-07-01T00:00:00Z,Northern Africa,Sudan,Bahr el Ghazal,explosions/remote violence,Air/drone strike,2,2,NA,Political violence,3946,8.598,28.4738
2000-07-01T00:00:00Z,Northern Africa,Sudan,Blue Nile,battles,Non-state actor overtakes territory,1,15,NA,Political violence,3106,11.0079,34.0954
2000-07-01T00:00:00Z,Northern Africa,Sudan,Equatoria,battles,Armed clash,1,31,NA,Political violence,3947,4.68,31.69
2000-07-01T00:00:00Z,Northern Africa,Sudan,Upper Nile,battles,Non-state actor overtakes territory,1,185,NA,Political violence,4169,11.048,32.698
2000-07-08T00:00:00Z,Northern Africa,Sudan,Bahr el Ghazal,battles,Armed clash,2,46,NA,Political violence,3946,8.598,28.4738
2000-07-08T00:00:00Z,Northern Africa,Sudan,Bahr el Ghazal,battles,Non-state actor overtakes territory,1,46,NA,Political violence,3946,8.598,28.4738
2000-07-15T00:00:00Z,Northern Africa,Sudan,Equatoria,battles,Non-state actor overtakes territory,1,10,NA,Political violence,3947,4.68,31.69
2000-07-15T00:00:00Z,Northern Africa,Sudan,Equatoria,violence against civilians,Attack,1,10,NA,Political violence,3947,4.68,31.69
2000-07-15T00:00:00Z,Northern Africa,Sudan,Red Sea,battles,Armed clash,1,8,NA,Political violence,3115,20.0739,35.4126
2000-07-22T00:00:00Z,Northern Africa,Sudan,Equatoria,battles,Armed clash,1,70,NA,Political violence,3947,4.68,31.69
2000-07-29T00:00:00Z,Northern Africa,Sudan,Blue Nile,battles,Armed clash,2,17,NA,Political violence,3106,11.0079,34.0954
2000-07-29T00:00:00Z,Northern Africa,Sudan,Equatoria,battles,Armed clash,1,70,NA,Political violence,3947,4.68,31.69
2000-08-05T00:00:00Z,Northern Africa,Sudan,Bahr el Ghazal,explosions/remote violence,Air/drone strike,5,18,NA,Political violence,3946,8.598,28.4738
2000-08-19T00:00:00Z,Northern Africa,Sudan,Equatoria,explosions/remote violence,Air/drone strike,3,2,NA,Political violence,3947,4.68,31.69
2000-08-26T00:00:00Z,Northern Africa,Sudan,Upper Nile,battles,Armed clash,1,125,NA,Political violence,4169,11.048,32.698
2000-08-26T00:00:00Z,Northern Africa,Sudan,Upper Nile,battles,Non-state actor overtakes territory,2,125,NA,Political violence,4169,11.048,32.698
2000-09-09T00:00:00Z,Northern Africa,Sudan,North Darfur,riots,Violent demonstration,1,1,NA,Demonstrations,3112,15.8601,25.5013
2000-09-09T00:00:00Z,Northern Africa,Sudan,South Kordofan,battles,Non-state actor overtakes territory,1,10,NA,Political violence,3119,11.2289,30.914
2000-09-09T00:00:00Z,Northern Africa,Sudan,Upper Nile,battles,Non-state actor overtakes territory,3,227,NA,Political violence,4169,11.048,32.698
2000-09-16T00:00:00Z,Northern Africa,Sudan,Equatoria,explosions/remote violence,Air/drone strike,2,1,NA,Political violence,3947,4.68,31.69
2000-09-16T00:00:00Z,Northern Africa,Sudan,White Nile,riots,Mob violence,1,2,NA,Political violence,3122,13.5895,32.3521
2000-09-23T00:00:00Z,Northern Africa,Sudan,Bahr el Ghazal,battles,Armed clash,1,100,NA,Political violence,3946,8.598,28.4738
2000-09-30T00:00:00Z,Northern Africa,Sudan,North Kordofan,battles,Armed clash,1,10,NA,Political violence,3113,14.3894,29.437
2000-10-07T00:00:00Z,Northern Africa,Sudan,Kassala,explosions/remote violence,Grenade,3,1,NA,Political violence,3110,15.7104,35.5356
2000-10-21T00:00:00Z,Northern Africa,Sudan,Upper Nile,battles,Government regains territory,3,53,NA,Political violence,4169,11.048,32.698
2000-11-04T00:00:00Z,Northern Africa,Sudan,Equatoria,explosions/remote violence,Air/drone strike,3,7,NA,Political violence,3947,4.68,31.69
2000-11-04T00:00:00Z,Northern Africa,Sudan,Kassala,battles,Government regains territory,1,10,NA,Political violence,3110,15.7104,35.5356
2000-11-04T00:00:00Z,Northern Africa,Sudan,Kassala,battles,Non-state actor overtakes territory,3,39,NA,Political violence,3110,15.7104,35.5356
2000-11-04T00:00:00Z,Northern Africa,Sudan,Kassala,violence against civilians,Attack,1,13,NA,Political violence,3110,15.7104,35.5356
2000-11-18T00:00:00Z,Northern Africa,Sudan,Equatoria,explosions/remote violence,Air/drone strike,1,18,NA,Political violence,3947,4.68,31.69
2000-11-25T00:00:00Z,Northern Africa,Sudan,Bahr el Ghazal,explosions/remote violence,Air/drone strike,2,5,NA,Political violence,3946,8.598,28.4738
2000-11-25T00:00:00Z,Northern Africa,Sudan,Equatoria,explosions/remote violence,Air/drone strike,1,4,NA,Political violence,3947,4.68,31.69
2000-12-02T00:00:00Z,Northern Africa,Sudan,Bahr el Ghazal,explosions/remote violence,Air/drone strike,2,4,NA,Political violence,3946,8.598,28.4738
2000-12-02T00:00:00Z,Northern Africa,Sudan,Khartoum,violence against civilians,Attack,1,23,NA,Political violence,3111,15.915,33.1352
2000-12-09T00:00:00Z,Northern Africa,Sudan,Kassala,battles,Armed clash,2,13,NA,Political violence,3110,15.7104,35.5356
2000-12-16T00:00:00Z,Northern Africa,Sudan,Upper Nile,battles,Armed clash,1,1,NA,Political violence,4169,11.048,32.698
2000-12-23T00:00:00Z,Northern Africa,Sudan,South Kordofan,battles,Armed clash,1,10,NA,Political violence,3119,11.2289,30.914
2000-12-23T00:00:00Z,Northern Africa,Sudan,South Kordofan,battles,Non-state actor overtakes territory,1,10,NA,Political violence,3119,11.2289,30.914
2000-12-30T00:00:00Z,Northern Africa,Sudan,Bahr el Ghazal,violence against civilians,Attack,1,11,NA,Political violence,3946,8.598,28.4738
2001-01-06T00:00:00Z,Northern Africa,Sudan,Bahr el Ghazal,battles,Armed clash,2,210,NA,Political violence,3946,8.598,28.4738
2001-01-06T00:00:00Z,Northern Africa,Sudan,Bahr el Ghazal,violence against civilians,Attack,1,10,NA,Political violence,3946,8.598,28.4738
2001-01-06T00:00:00Z,Northern Africa,Sudan,Upper Nile,battles,Armed clash,1,60,NA,Political violence,4169,11.048,32.698
2001-01-06T00:00:00Z,Northern Africa,Sudan,Upper Nile,battles,Government regains territory,1,60,NA,Political violence,4169,11.048,32.698
2001-01-13T00:00:00Z,Northern Africa,Sudan,Bahr el Ghazal,battles,Armed clash,4,420,NA,Political violence,3946,8.598,28.4738
2001-01-20T00:00:00Z,Northern Africa,Sudan,Upper Nile,battles,Armed clash,1,6,NA,Political violence,4169,11.048,32.698
2001-01-27T00:00:00Z,Northern Africa,Sudan,Kassala,battles,Armed clash,2,10,NA,Political violence,3110,15.7104,35.5356
2001-01-27T00:00:00Z,Northern Africa,Sudan,Kassala,battles,Non-state actor overtakes territory,1,14,NA,Political violence,3110,15.7104,35.5356
2001-01-27T00:00:00Z,Northern Africa,Sudan,Upper Nile,battles,Armed clash,1,6,NA,Political violence,4169,11.048,32.698
2001-02-03T00:00:00Z,Northern Africa,Sudan,Kassala,battles,Armed clash,1,7,NA,Political violence,3110,15.7104,35.5356
2001-02-03T00:00:00Z,Northern Africa,Sudan,Red Sea,battles,Armed clash,1,30,NA,Political violence,3115,20.0739,35.4126
2001-02-10T00:00:00Z,Northern Africa,Sudan,North Darfur,violence against civilians,Attack,1,7,NA,Political violence,3112,15.8601,25.5013
2001-03-03T00:00:00Z,Northern Africa,Sudan,Upper Nile,violence against civilians,Attack,1,2,NA,Political violence,4169,11.048,32.698
2001-03-17T00:00:00Z,Northern Africa,Sudan,Khartoum,explosions/remote violence,Grenade,1,4,NA,Political violence,3111,15.915,33.1352
2001-04-07T00:00:00Z,Northern Africa,Sudan,Blue Nile,battles,Armed clash,1,70,NA,Political violence,3106,11.0079,34.0954
2001-04-14T00:00:00Z,Northern Africa,Sudan,Blue Nile,battles,Armed clash,1,187,NA,Political violence,3106,11.0079,34.0954
2001-04-14T00:00:00Z,Northern Africa,Sudan,Blue Nile,battles,Non-state actor overtakes territory,3,300,NA,Political violence,3106,11.0079,34.0954
2001-04-14T00:00:00Z,Northern Africa,Sudan,South Kordofan,explosions/remote violence,Air/drone strike,4,1,NA,Political violence,3119,11.2289,30.914
2001-04-21T00:00:00Z,Northern Africa,Sudan,Blue Nile,battles,Non-state actor overtakes territory,2,200,NA,Political violence,3106,11.0079,34.0954
2001-05-05T00:00:00Z,Northern Africa,Sudan,Equatoria,explosions/remote violence,Remote explosive/landmine/IED,1,1,NA,Political violence,3947,4.68,31.69
2001-05-05T00:00:00Z,Northern Africa,Sudan,West Darfur,battles,Armed clash,1,60,NA,Political violence,3120,13.5081,22.7026
2001-05-19T00:00:00Z,Northern Africa,Sudan,Blue Nile,battles,Armed clash,3,300,NA,Political violence,3106,11.0079,34.0954
2001-05-19T00:00:00Z,Northern Africa,Sudan,Equatoria,violence against civilians,Attack,2,5,NA,Political violence,3947,4.68,31.69
2001-05-19T00:00:00Z,Northern Africa,Sudan,Khartoum,riots,Violent demonstration,1,1,NA,Demonstrations,3111,15.915,33.1352
2001-05-19T00:00:00Z,Northern Africa,Sudan,River Nile,riots,Mob violence,1,1,NA,Political violence,3116,18.8347,33.1231
2001-05-26T00:00:00Z,Northern Africa,Sudan,Bahr el Ghazal,battles,Armed clash,2,20,NA,Political violence,3946,8.598,28.4738
2001-05-26T00:00:00Z,Northern Africa,Sudan,Bahr el Ghazal,battles,Non-state actor overtakes territory,2,400,NA,Political violence,3946,8.598,28.4738
2001-05-26T00:00:00Z,Northern Africa,Sudan,South Kordofan,battles,Government regains territory,1,10,NA,Political violence,3119,11.2289,30.914
2001-06-02T00:00:00Z,Northern Africa,Sudan,Bahr el Ghazal,battles,Armed clash,3,10,NA,Political violence,3946,8.598,28.4738
2001-06-02T00:00:00Z,Northern Africa,Sudan,Bahr el Ghazal,battles,Non-state actor overtakes territory,2,10,NA,Political violence,3946,8.598,28.4738
2001-06-02T00:00:00Z,Northern Africa,Sudan,Bahr el Ghazal,explosions/remote violence,Air/drone strike,3,2,NA,Political violence,3946,8.598,28.4738
2001-06-02T00:00:00Z,Northern Africa,Sudan,Upper Nile,battles,Armed clash,1,244,NA,Political violence,4169,11.048,32.698
2001-06-16T00:00:00Z,Northern Africa,Sudan,Equatoria,battles,Armed clash,3,33,NA,Political violence,3947,4.68,31.69
2001-06-16T00:00:00Z,Northern Africa,Sudan,South Kordofan,battles,Government regains territory,1,10,NA,Political violence,3119,11.2289,30.914
2001-06-23T00:00:00Z,Northern Africa,Sudan,Bahr el Ghazal,explosions/remote violence,Air/drone strike,1,6,NA,Political violence,3946,8.598,28.4738
2001-06-23T00:00:00Z,Northern Africa,Sudan,South Darfur,violence against civilians,Attack,1,4,NA,Political violence,3118,10.9002,24.3019
2001-06-23T00:00:00Z,Northern Africa,Sudan,South Kordofan,battles,Government regains territory,1,100,NA,Political violence,3119,11.2289,30.914
2001-06-23T00:00:00Z,Northern Africa,Sudan,Upper Nile,battles,Armed clash,2,165,NA,Political violence,4169,11.048,32.698
2001-06-30T00:00:00Z,Northern Africa,Sudan,Equatoria,violence against civilians,Attack,1,1,NA,Political violence,3947,4.68,31.69
2001-06-30T00:00:00Z,Northern Africa,Sudan,Upper Nile,battles,Armed clash,3,48,NA,Political violence,4169,11.048,32.698
2001-07-07T00:00:00Z,Northern Africa,Sudan,Upper Nile,battles,Armed clash,1,10,NA,Political violence,4169,11.048,32.698
2001-07-14T00:00:00Z,Northern Africa,Sudan,Bahr el Ghazal,battles,Armed clash,2,4,NA,Political violence,3946,8.598,28.4738
2001-07-21T00:00:00Z,Northern Africa,Sudan,Equatoria,explosions/remote violence,Air/drone strike,5,5,NA,Political violence,3947,4.68,31.69
2001-07-28T00:00:00Z,Northern Africa,Sudan,Equatoria,battles,Armed clash,1,23,NA,Political violence,3947,4.68,31.69
2001-08-04T00:00:00Z,Northern Africa,Sudan,South Kordofan,battles,Non-state actor overtakes territory,1,9,NA,Political violence,3119,11.2289,30.914
2001-08-04T00:00:00Z,Northern Africa,Sudan,Upper Nile,battles,Armed clash,3,52,NA,Political violence,4169,11.048,32.698
2001-08-04T00:00:00Z,Northern Africa,Sudan,Upper Nile,violence against civilians,Attack,1,10,NA,Political violence,4169,11.048,32.698
2001-08-11T00:00:00Z,Northern Africa,Sudan,Al Jazirah,riots,Violent demonstration,1,2,NA,Demonstrations,3105,14.6593,33.2294
2001-08-11T00:00:00Z,Northern Africa,Sudan,South Kordofan,battles,Armed clash,1,10,NA,Political violence,3119,11.2289,30.914
2001-08-11T00:00:00Z,Northern Africa,Sudan,South Kordofan,battles,Non-state actor overtakes territory,1,13,NA,Political violence,3119,11.2289,30.914
2001-08-18T00:00:00Z,Northern Africa,Sudan,South Kordofan,battles,Armed clash,1,15,NA,Political violence,3119,11.2289,30.914
2001-09-01T00:00:00Z,Northern Africa,Sudan,Bahr el Ghazal,battles,Armed clash,2,1,NA,Political violence,3946,8.598,28.4738
2001-09-01T00:00:00Z,Northern Africa,Sudan,Equatoria,explosions/remote violence,Air/drone strike,1,6,NA,Political violence,3947,4.68,31.69
2001-09-08T00:00:00Z,Northern Africa,Sudan,Upper Nile,battles,Armed clash,3,150,NA,Political violence,4169,11.048,32.698
2001-09-15T00:00:00Z,Northern Africa,Sudan,Equatoria,violence against civilians,Attack,2,2,NA,Political violence,3947,4.68,31.69
2001-09-15T00:00:00Z,Northern Africa,Sudan,Upper Nile,battles,Armed clash,1,25,NA,Political violence,4169,11.048,32.698
2001-09-22T00:00:00Z,Northern Africa,Sudan,North Darfur,battles,Armed clash,1,4,NA,Political violence,3112,15.8601,25.5013
2001-09-29T00:00:00Z,Northern Africa,Sudan,Bahr el Ghazal,battles,Armed clash,2,34,NA,Political violence,3946,8.598,28.4738
2001-10-06T00:00:00Z,Northern Africa,Sudan,Bahr el Ghazal,explosions/remote violence,Air/drone strike,2,1,NA,Political violence,3946,8.598,28.4738
2001-10-06T00:00:00Z,Northern Africa,Sudan,Upper Nile,battles,Armed clash,1,54,NA,Political violence,4169,11.048,32.698
2001-10-06T00:00:00Z,Northern Africa,Sudan,Upper Nile,violence against civilians,Attack,1,13,NA,Political violence,4169,11.048,32.698
2001-10-13T00:00:00Z,Northern Africa,Sudan,Upper Nile,battles,Armed clash,7,322,NA,Political violence,4169,11.048,32.698
2001-10-13T00:00:00Z,Northern Africa,Sudan,Upper Nile,violence against civilians,Attack,1,7,NA,Political violence,4169,11.048,32.698
2001-10-20T00:00:00Z,Northern Africa,Sudan,Bahr el Ghazal,explosions/remote violence,Air/drone strike,1,20,NA,Political violence,3946,8.598,28.4738
2001-10-20T00:00:00Z,Northern Africa,Sudan,Upper Nile,battles,Armed clash,2,53,NA,Political violence,4169,11.048,32.698
2001-10-27T00:00:00Z,Northern Africa,Sudan,Equatoria,battles,Government regains territory,1,10,NA,Political violence,3947,4.68,31.69
2001-11-17T00:00:00Z,Northern Africa,Sudan,Bahr el Ghazal,battles,Government regains territory,1,10,NA,Political violence,3946,8.598,28.4738
2001-11-17T00:00:00Z,Northern Africa,Sudan,Bahr el Ghazal,explosions/remote violence,Air/drone strike,3,3,NA,Political violence,3946,8.598,28.4738
2001-11-17T00:00:00Z,Northern Africa,Sudan,Upper Nile,battles,Armed clash,1,100,NA,Political violence,4169,11.048,32.698
2001-11-24T00:00:00Z,Northern Africa,Sudan,Bahr el Ghazal,explosions/remote violence,Air/drone strike,1,2,NA,Political violence,3946,8.598,28.4738
2001-12-01T00:00:00Z,Northern Africa,Sudan,Khartoum,riots,Violent demonstration,1,7,NA,Demonstrations,3111,15.915,33.1352
2001-12-01T00:00:00Z,Northern Africa,Sudan,Upper Nile,battles,Armed clash,1,130,NA,Political violence,4169,11.048,32.698
2001-12-08T00:00:00Z,Northern Africa,Sudan,Upper Nile,battles,Armed clash,1,124,NA,Political violence,4169,11.048,32.698
2002-01-05T00:00:00Z,Northern Africa,Sudan,Khartoum,riots,Violent demonstration,1,2,NA,Demonstrations,3111,15.915,33.1352
2002-01-05T00:00:00Z,Northern Africa,Sudan,Upper Nile,battles,Armed clash,1,18,NA,Political violence,4169,11.048,32.698
2002-01-12T00:00:00Z,Northern Africa,Sudan,Upper Nile,battles,Armed clash,5,354,NA,Political violence,4169,11.048,32.698
2002-01-12T00:00:00Z,Northern Africa,Sudan,Upper Nile,explosions/remote violence,Air/drone strike,1,3,NA,Political violence,4169,11.048,32.698
2002-01-19T00:00:00Z,Northern Africa,Sudan,Kassala,battles,Armed clash,4,12,NA,Political violence,3110,15.7104,35.5356
2002-01-19T00:00:00Z,Northern Africa,Sudan,South Kordofan,battles,Armed clash,2,14,NA,Political violence,3119,11.2289,30.914
2002-01-19T00:00:00Z,Northern Africa,Sudan,Upper Nile,battles,Armed clash,2,167,NA,Political violence,4169,11.048,32.698
2002-01-26T00:00:00Z,Northern Africa,Sudan,Upper Nile,battles,Armed clash,1,102,NA,Political violence,4169,11.048,32.698
2002-02-02T00:00:00Z,Northern Africa,Sudan,Bahr el Ghazal,explosions/remote violence,Remote explosive/landmine/IED,1,1,NA,Political violence,3946,8.598,28.4738
2002-02-02T00:00:00Z,Northern Africa,Sudan,Upper Nile,violence against civilians,Attack,1,5,NA,Political violence,4169,11.048,32.698
2002-02-09T00:00:00Z,Northern Africa,Sudan,Bahr el Ghazal,explosions/remote violence,Air/drone strike,1,2,NA,Political violence,3946,8.598,28.4738
2002-02-09T00:00:00Z,Northern Africa,Sudan,Upper Nile,explosions/remote violence,Air/drone strike,2,5,NA,Political violence,4169,11.048,32.698
2002-02-16T00:00:00Z,Northern Africa,Sudan,Upper Nile,explosions/remote violence,Air/drone strike,1,17,NA,Political violence,4169,11.048,32.698
2002-02-23T00:00:00Z,Northern Africa,Sudan,Equatoria,battles,Armed clash,4,164,NA,Political violence,3947,4.68,31.69
2002-03-02T00:00:00Z,Northern Africa,Sudan,Equatoria,battles,Armed clash,4,16,NA,Political violence,3947,4.68,31.69
2002-03-16T00:00:00Z,Northern Africa,Sudan,Equatoria,battles,Armed clash,4,68,NA,Political violence,3947,4.68,31.69
2002-03-23T00:00:00Z,Northern Africa,Sudan,Equatoria,battles,Armed clash,2,22,NA,Political violence,3947,4.68,31.69
2002-03-23T00:00:00Z,Northern Africa,Sudan,Upper Nile,battles,Non-state actor overtakes territory,1,300,NA,Political violence,4169,11.048,32.698
2002-03-30T00:00:00Z,Northern Africa,Sudan,North Darfur,violence against civilians,Attack,1,4,NA,Political violence,3112,15.8601,25.5013
2002-04-06T00:00:00Z,Northern Africa,Sudan,Bahr el Ghazal,explosions/remote violence,Shelling/artillery/missile attack,2,2,NA,Political violence,3946,8.598,28.4738
2002-04-06T00:00:00Z,Northern Africa,Sudan,Upper Nile,battles,Armed clash,1,10,NA,Political violence,4169,11.048,32.698
2002-04-13T00:00:00Z,Northern Africa,Sudan,Equatoria,battles,Armed clash,2,6,NA,Political violence,3947,4.68,31.69
2002-04-13T00:00:00Z,Northern Africa,Sudan,Equatoria,violence against civilians,Attack,6,24,NA,Political violence,3947,4.68,31.69
2002-04-13T00:00:00Z,Northern Africa,Sudan,Upper Nile,explosions/remote violence,Air/drone strike,3,30,NA,Political violence,4169,11.048,32.698
2002-04-20T00:00:00Z,Northern Africa,Sudan,Equatoria,violence against civilians,Attack,9,351,NA,Political violence,3947,4.68,31.69
2002-04-20T00:00:00Z,Northern Africa,Sudan,West Darfur,violence against civilians,Attack,1,26,NA,Political violence,3120,13.5081,22.7026
2002-04-27T00:00:00Z,Northern Africa,Sudan,Bahr el Ghazal,explosions/remote violence,Remote explosive/landmine/IED,1,11,NA,Political violence,3946,8.598,28.4738
2002-04-27T00:00:00Z,Northern Africa,Sudan,Central Darfur,violence against civilians,Attack,1,1,NA,Political violence,3107,12.3084,23.2341
2002-04-27T00:00:00Z,Northern Africa,Sudan,Equatoria,battles,Armed clash,6,91,NA,Political violence,3947,4.68,31.69
2002-04-27T00:00:00Z,Northern Africa,Sudan,Equatoria,violence against civilians,Attack,10,778,NA,Political violence,3947,4.68,31.69
2002-04-27T00:00:00Z,Northern Africa,Sudan,North Darfur,violence against civilians,Attack,1,17,NA,Political violence,3112,15.8601,25.5013
2002-04-27T00:00:00Z,Northern Africa,Sudan,North Kordofan,violence against civilians,Attack,1,17,NA,Political violence,3113,14.3894,29.437
2002-04-27T00:00:00Z,Northern Africa,Sudan,Upper Nile,violence against civilians,Attack,1,25,NA,Political violence,4169,11.048,32.698
2002-05-04T00:00:00Z,Northern Africa,Sudan,Equatoria,battles,Armed clash,3,9,NA,Political violence,3947,4.68,31.69
2002-05-11T00:00:00Z,Northern Africa,Sudan,Upper Nile,violence against civilians,Attack,2,5,NA,Political violence,4169,11.048,32.698
2002-05-18T00:00:00Z,Northern Africa,Sudan,South Darfur,battles,Armed clash,1,50,NA,Political violence,3118,10.9002,24.3019
2002-05-18T00:00:00Z,Northern Africa,Sudan,Upper Nile,explosions/remote violence,Air/drone strike,1,18,NA,Political violence,4169,11.048,32.698
2002-05-18T00:00:00Z,Northern Africa,Sudan,Upper Nile,explosions/remote violence,Remote explosive/landmine/IED,2,30,NA,Political violence,4169,11.048,32.698
2002-05-18T00:00:00Z,Northern Africa,Sudan,West Kordofan,battles,Armed clash,4,21,NA,Political violence,3121,11.8686,28.2211
2002-05-25T00:00:00Z,Northern Africa,Sudan,Blue Nile,battles,Government regains territory,1,10,NA,Political violence,3106,11.0079,34.0954
2002-05-25T00:00:00Z,Northern Africa,Sudan,Equatoria,battles,Armed clash,1,10,NA,Political violence,3947,4.68,31.69
2002-05-25T00:00:00Z,Northern Africa,Sudan,Upper Nile,explosions/remote violence,Remote explosive/landmine/IED,2,20,NA,Political violence,4169,11.048,32.698
2002-06-01T00:00:00Z,Northern Africa,Sudan,Bahr el Ghazal,battles,Government regains territory,2,10,NA,Political violence,3946,8.598,28.4738
2002-06-01T00:00:00Z,Northern Africa,Sudan,Equatoria,battles,Armed clash,2,131,NA,Political violence,3947,4.68,31.69
2002-06-01T00:00:00Z,Northern Africa,Sudan,Equatoria,battles,Non-state actor overtakes territory,1,213,NA,Political violence,3947,4.68,31.69
2002-06-01T00:00:00Z,Northern Africa,Sudan,Kassala,battles,Armed clash,1,9,NA,Political violence,3110,15.7104,35.5356
2002-06-08T00:00:00Z,Northern Africa,Sudan,Equatoria,battles,Armed clash,1,106,NA,Political violence,3947,4.68,31.69
2002-06-08T00:00:00Z,Northern Africa,Sudan,Equatoria,battles,Non-state actor overtakes territory,1,107,NA,Political violence,3947,4.68,31.69
2002-06-15T00:00:00Z,Northern Africa,Sudan,Bahr el Ghazal,violence against civilians,Attack,1,1,NA,Political violence,3946,8.598,28.4738
2002-06-15T00:00:00Z,Northern Africa,Sudan,Equatoria,battles,Armed clash,3,36,NA,Political violence,3947,4.68,31.69
2002-06-15T00:00:00Z,Northern Africa,Sudan,Equatoria,violence against civilians,Attack,1,50,NA,Political violence,3947,4.68,31.69
2002-06-15T00:00:00Z,Northern Africa,Sudan,Equatoria,violence against civilians,Sexual violence,1,10,NA,Political violence,3947,4.68,31.69
2002-06-15T00:00:00Z,Northern Africa,Sudan,Upper Nile,battles,Armed clash,4,10,NA,Political violence,4169,11.048,32.698
2002-06-15T00:00:00Z,Northern Africa,Sudan,Upper Nile,battles,Government regains territory,1,82,NA,Political violence,4169,11.048,32.698
2002-06-22T00:00:00Z,Northern Africa,Sudan,Abyei,violence against civilians,Attack,1,2,NA,Political violence,3104,9.7332,28.4712
2002-06-22T00:00:00Z,Northern Africa,Sudan,Bahr el Ghazal,battles,Armed clash,2,20,NA,Political violence,3946,8.598,28.4738
2002-06-22T00:00:00Z,Northern Africa,Sudan,Equatoria,explosions/remote violence,Air/drone strike,1,4,NA,Political violence,3947,4.68,31.69
2002-06-29T00:00:00Z,Northern Africa,Sudan,Bahr el Ghazal,battles,Armed clash,6,10,NA,Political violence,3946,8.598,28.4738
2002-06-29T00:00:00Z,Northern Africa,Sudan,Bahr el Ghazal,battles,Government regains territory,2,10,NA,Political violence,3946,8.598,28.4738
2002-06-29T00:00:00Z,Northern Africa,Sudan,Equatoria,explosions/remote violence,Remote explosive/landmine/IED,1,5,NA,Political violence,3947,4.68,31.69
2002-06-29T00:00:00Z,Northern Africa,Sudan,Equatoria,violence against civilians,Attack,1,20,NA,Political violence,3947,4.68,31.69
2002-07-06T00:00:00Z,Northern Africa,Sudan,Khartoum,battles,Armed clash,5,9,NA,Political violence,3111,15.915,33.1352
2002-07-13T00:00:00Z,Northern Africa,Sudan,Equatoria,battles,Government regains territory,1,10,NA,Political violence,3947,4.68,31.69
2002-07-13T00:00:00Z,Northern Africa,Sudan,Equatoria,battles,Non-state actor overtakes territory,1,57,NA,Political violence,3947,4.68,31.69
2002-07-13T00:00:00Z,Northern Africa,Sudan,Upper Nile,violence against civilians,Attack,1,2,NA,Political violence,4169,11.048,32.698
2002-07-20T00:00:00Z,Northern Africa,Sudan,Upper Nile,battles,Armed clash,1,10,NA,Political violence,4169,11.048,32.698
2002-07-20T00:00:00Z,Northern Africa,Sudan,Upper Nile,explosions/remote violence,Air/drone strike,1,200,NA,Political violence,4169,11.048,32.698
2002-07-20T00:00:00Z,Northern Africa,Sudan,Upper Nile,violence against civilians,Attack,1,200,NA,Political violence,4169,11.048,32.698
2002-07-27T00:00:00Z,Northern Africa,Sudan,Equatoria,violence against civilians,Attack,2,9,NA,Political violence,3947,4.68,31.69
2002-07-27T00:00:00Z,Northern Africa,Sudan,Upper Nile,battles,Armed clash,2,200,NA,Political violence,4169,11.048,32.698
2002-07-27T00:00:00Z,Northern Africa,Sudan,Upper Nile,battles,Government regains territory,1,10,NA,Political violence,4169,11.048,32.698
2002-07-27T00:00:00Z,Northern Africa,Sudan,Upper Nile,explosions/remote violence,Air/drone strike,1,200,NA,Political violence,4169,11.048,32.698
2002-07-27T00:00:00Z,Northern Africa,Sudan,Upper Nile,explosions/remote violence,Shelling/artillery/missile attack,2,1000,NA,Political violence,4169,11.048,32.698
2002-07-27T00:00:00Z,Northern Africa,Sudan,Upper Nile,violence against civilians,Attack,2,203,NA,Political violence,4169,11.048,32.698
2002-08-10T00:00:00Z,Northern Africa,Sudan,Equatoria,battles,Armed clash,1,1,NA,Political violence,3947,4.68,31.69
2002-08-10T00:00:00Z,Northern Africa,Sudan,Equatoria,violence against civilians,Attack,2,1,NA,Political violence,3947,4.68,31.69
2002-08-10T00:00:00Z,Northern Africa,Sudan,Khartoum,riots,Mob violence,1,2,NA,Political violence,3111,15.915,33.1352
2002-08-17T00:00:00Z,Northern Africa,Sudan,Upper Nile,battles,Armed clash,1,30,NA,Political violence,4169,11.048,32.698
2002-08-24T00:00:00Z,Northern Africa,Sudan,Equatoria,battles,Armed clash,3,1,NA,Political violence,3947,4.68,31.69
2002-08-24T00:00:00Z,Northern Africa,Sudan,Equatoria,violence against civilians,Attack,1,1,NA,Political violence,3947,4.68,31.69
2002-08-31T00:00:00Z,Northern Africa,Sudan,Equatoria,violence against civilians,Attack,1,2,NA,Political violence,3947,4.68,31.69
2002-09-07T00:00:00Z,Northern Africa,Sudan,Blue Nile,explosions/remote violence,Air/drone strike,1,2,NA,Political violence,3106,11.0079,34.0954
2002-09-14T00:00:00Z,Northern Africa,Sudan,Abyei,explosions/remote violence,Remote explosive/landmine/IED,1,3,NA,Political violence,3104,9.7332,28.4712
2002-09-14T00:00:00Z,Northern Africa,Sudan,Equatoria,battles,Armed clash,2,42,NA,Political violence,3947,4.68,31.69
2002-09-14T00:00:00Z,Northern Africa,Sudan,Equatoria,violence against civilians,Attack,1,22,NA,Political violence,3947,4.68,31.69
2002-09-14T00:00:00Z,Northern Africa,Sudan,Upper Nile,battles,Armed clash,2,75,NA,Political violence,4169,11.048,32.698
2002-09-14T00:00:00Z,Northern Africa,Sudan,Upper Nile,explosions/remote violence,Air/drone strike,2,3,NA,Political violence,4169,11.048,32.698
2002-09-14T00:00:00Z,Northern Africa,Sudan,Upper Nile,explosions/remote violence,Remote explosive/landmine/IED,2,15,NA,Political violence,4169,11.048,32.698
2002-09-21T00:00:00Z,Northern Africa,Sudan,Al Jazirah,battles,Armed clash,1,43,NA,Political violence,3105,14.6593,33.2294
2002-09-21T00:00:00Z,Northern Africa,Sudan,Bahr el Ghazal,explosions/remote violence,Air/drone strike,1,4,NA,Political violence,3946,8.598,28.4738
2002-09-21T00:00:00Z,Northern Africa,Sudan,Blue Nile,battles,Government regains territory,1,10,NA,Political violence,3106,11.0079,34.0954
2002-09-21T00:00:00Z,Northern Africa,Sudan,Equatoria,battles,Armed clash,8,1000,NA,Political violence,3947,4.68,31.69
2002-09-21T00:00:00Z,Northern Africa,Sudan,Equatoria,battles,Non-state actor overtakes territory,2,2000,NA,Political violence,3947,4.68,31.69
2002-09-21T00:00:00Z,Northern Africa,Sudan,Equatoria,explosions/remote violence,Remote explosive/landmine/IED,2,25,NA,Political violence,3947,4.68,31.69
2002-09-28T00:00:00Z,Northern Africa,Sudan,Equatoria,battles,Armed clash,4,12,NA,Political violence,3947,4.68,31.69
2002-09-28T00:00:00Z,Northern Africa,Sudan,Equatoria,violence against civilians,Attack,1,10,NA,Political violence,3947,4.68,31.69
2002-10-05T00:00:00Z,Northern Africa,Sudan,Blue Nile,explosions/remote violence,Air/drone strike,1,5,NA,Political violence,3106,11.0079,34.0954
2002-10-05T00:00:00Z,Northern Africa,Sudan,South Darfur,battles,Armed clash,1,6,NA,Political violence,3118,10.9002,24.3019
2002-10-05T00:00:00Z,Northern Africa,Sudan,South Darfur,violence against civilians,Attack,1,3,NA,Political violence,3118,10.9002,24.3019
2002-10-05T00:00:00Z,Northern Africa,Sudan,Upper Nile,battles,Armed clash,1,10,NA,Political violence,4169,11.048,32.698
2002-10-05T00:00:00Z,Northern Africa,Sudan,Upper Nile,explosions/remote violence,Air/drone strike,1,5,NA,Political violence,4169,11.048,32.698
2002-10-19T00:00:00Z,Northern Africa,Sudan,Equatoria,violence against civilians,Attack,1,10,NA,Political violence,3947,4.68,31.69
2002-10-19T00:00:00Z,Northern Africa,Sudan,Upper Nile,explosions/remote violence,Air/drone strike,1,20,NA,Political violence,4169,11.048,32.698
2002-10-26T00:00:00Z,Northern Africa,Sudan,Equatoria,battles,Armed clash,3,52,NA,Political violence,3947,4.68,31.69
2002-10-26T00:00:00Z,Northern Africa,Sudan,Upper Nile,battles,Armed clash,1,24,NA,Political violence,4169,11.048,32.698
2002-11-02T00:00:00Z,Northern Africa,Sudan,Equatoria,battles,Armed clash,1,4,NA,Political violence,3947,4.68,31.69
2002-11-16T00:00:00Z,Northern Africa,Sudan,North Darfur,violence against civilians,Attack,1,8,NA,Political violence,3112,15.8601,25.5013
2002-11-30T00:00:00Z,Northern Africa,Sudan,Gedaref,battles,Armed clash,1,8,NA,Political violence,3109,14.2138,35.0222
2002-11-30T00:00:00Z,Northern Africa,Sudan,Kassala,violence against civilians,Attack,2,3,NA,Political violence,3110,15.7104,35.5356
2002-12-14T00:00:00Z,Northern Africa,Sudan,Equatoria,violence against civilians,Attack,1,13,NA,Political violence,3947,4.68,31.69
2002-12-14T00:00:00Z,Northern Africa,Sudan,North Darfur,violence against civilians,Attack,1,12,NA,Political violence,3112,15.8601,25.5013
2002-12-21T00:00:00Z,Northern Africa,Sudan,South Darfur,violence against civilians,Attack,1,20,NA,Political violence,3118,10.9002,24.3019
2002-12-28T00:00:00Z,Northern Africa,Sudan,Red Sea,battles,Armed clash,2,3,NA,Political violence,3115,20.0739,35.4126
2002-12-28T00:00:00Z,Northern Africa,Sudan,South Darfur,violence against civilians,Attack,1,35,NA,Political violence,3118,10.9002,24.3019
2002-12-28T00:00:00Z,Northern Africa,Sudan,Upper Nile,battles,Armed clash,3,3,NA,Political violence,4169,11.048,32.698
2002-12-28T00:00:00Z,Northern Africa,Sudan,Upper Nile,violence against civilians,Attack,1,4,NA,Political violence,4169,11.048,32.698
2003-01-04T00:00:00Z,Northern Africa,Sudan,Red Sea,battles,Armed clash,2,2,NA,Political violence,3115,20.0739,35.4126
2003-01-11T00:00:00Z,Northern Africa,Sudan,Upper Nile,battles,Armed clash,1,10,NA,Political violence,4169,11.048,32.698
2003-01-18T00:00:00Z,Northern Africa,Sudan,Bahr el Ghazal,violence against civilians,Attack,1,2,NA,Political violence,3946,8.598,28.4738
2003-01-18T00:00:00Z,Northern Africa,Sudan,Equatoria,battles,Non-state actor overtakes territory,1,1,NA,Political violence,3947,4.68,31.69
2003-01-25T00:00:00Z,Northern Africa,Sudan,Al Jazirah,battles,Armed clash,1,13,NA,Political violence,3105,14.6593,33.2294
2003-01-25T00:00:00Z,Northern Africa,Sudan,Upper Nile,battles,Government regains territory,2,30,NA,Political violence,4169,11.048,32.698
2003-02-01T00:00:00Z,Northern Africa,Sudan,Al Jazirah,battles,Armed clash,1,13,NA,Political violence,3105,14.6593,33.2294
2003-02-15T00:00:00Z,Northern Africa,Sudan,Equatoria,battles,Armed clash,1,5,NA,Political violence,3947,4.68,31.69
2003-02-22T00:00:00Z,Northern Africa,Sudan,North Darfur,battles,Armed clash,3,13,NA,Political violence,3112,15.8601,25.5013
2003-03-15T00:00:00Z,Northern Africa,Sudan,Khartoum,riots,Violent demonstration,1,1,NA,Demonstrations,3111,15.915,33.1352
2003-03-15T00:00:00Z,Northern Africa,Sudan,North Darfur,battles,Non-state actor overtakes territory,1,195,NA,Political violence,3112,15.8601,25.5013
2003-03-22T00:00:00Z,Northern Africa,Sudan,North Darfur,battles,Non-state actor overtakes territory,1,56,NA,Political violence,3112,15.8601,25.5013
2003-03-22T00:00:00Z,Northern Africa,Sudan,North Darfur,violence against civilians,Attack,2,4,NA,Political violence,3112,15.8601,25.5013
2003-03-29T00:00:00Z,Northern Africa,Sudan,North Darfur,battles,Armed clash,2,10,NA,Political violence,3112,15.8601,25.5013
2003-04-19T00:00:00Z,Northern Africa,Sudan,North Darfur,battles,Armed clash,3,145,NA,Political violence,3112,15.8601,25.5013
2003-04-19T00:00:00Z,Northern Africa,Sudan,North Darfur,battles,Non-state actor overtakes territory,1,10,NA,Political violence,3112,15.8601,25.5013
2003-04-19T00:00:00Z,Northern Africa,Sudan,West Darfur,battles,Armed clash,1,44,NA,Political violence,3120,13.5081,22.7026
2003-04-19T00:00:00Z,Northern Africa,Sudan,West Darfur,violence against civilians,Attack,1,55,NA,Political violence,3120,13.5081,22.7026
2003-04-26T00:00:00Z,Northern Africa,Sudan,West Darfur,battles,Armed clash,1,44,NA,Political violence,3120,13.5081,22.7026
2003-05-03T00:00:00Z,Northern Africa,Sudan,North Darfur,battles,Government regains territory,1,10,NA,Political violence,3112,15.8601,25.5013
2003-05-03T00:00:00Z,Northern Africa,Sudan,North Darfur,battles,Non-state actor overtakes territory,1,10,NA,Political violence,3112,15.8601,25.5013
2003-05-10T00:00:00Z,Northern Africa,Sudan,Equatoria,explosions/remote violence,Shelling/artillery/missile attack,1,2,NA,Political violence,3947,4.68,31.69
2003-05-10T00:00:00Z,Northern Africa,Sudan,Upper Nile,violence against civilians,Attack,1,20,NA,Political violence,4169,11.048,32.698
2003-05-17T00:00:00Z,Northern Africa,Sudan,North Darfur,battles,Non-state actor overtakes territory,1,75,NA,Political violence,3112,15.8601,25.5013
2003-05-17T00:00:00Z,Northern Africa,Sudan,North Darfur,violence against civilians,Attack,2,4,NA,Political violence,3112,15.8601,25.5013
2003-05-17T00:00:00Z,Northern Africa,Sudan,South Darfur,violence against civilians,Attack,1,9,NA,Political violence,3118,10.9002,24.3019
2003-05-24T00:00:00Z,Northern Africa,Sudan,North Darfur,battles,Armed clash,1,500,NA,Political violence,3112,15.8601,25.5013
2003-05-24T00:00:00Z,Northern Africa,Sudan,North Darfur,explosions/remote violence,Air/drone strike,3,10,NA,Political violence,3112,15.8601,25.5013
2003-05-31T00:00:00Z,Northern Africa,Sudan,West Darfur,battles,Armed clash,1,10,NA,Political violence,3120,13.5081,22.7026
2003-06-14T00:00:00Z,Northern Africa,Sudan,Upper Nile,violence against civilians,Attack,1,20,NA,Political violence,4169,11.048,32.698
2003-07-05T00:00:00Z,Northern Africa,Sudan,North Darfur,battles,Armed clash,3,90,NA,Political violence,3112,15.8601,25.5013
2003-07-05T00:00:00Z,Northern Africa,Sudan,South Darfur,battles,Armed clash,1,8,NA,Political violence,3118,10.9002,24.3019
2003-07-12T00:00:00Z,Northern Africa,Sudan,North Darfur,battles,Armed clash,4,400,NA,Political violence,3112,15.8601,25.5013
2003-07-12T00:00:00Z,Northern Africa,Sudan,North Darfur,battles,Non-state actor overtakes territory,1,251,NA,Political violence,3112,15.8601,25.5013
2003-07-12T00:00:00Z,Northern Africa,Sudan,North Darfur,explosions/remote violence,Air/drone strike,1,100,NA,Political violence,3112,15.8601,25.5013
2003-07-19T00:00:00Z,Northern Africa,Sudan,East Darfur,violence against civilians,Attack,2,5,NA,Political violence,3108,11.2299,26.3972
2003-07-19T00:00:00Z,Northern Africa,Sudan,Khartoum,battles,Armed clash,1,2,NA,Political violence,3111,15.915,33.1352
2003-07-19T00:00:00Z,Northern Africa,Sudan,Khartoum,violence against civilians,Attack,1,4,NA,Political violence,3111,15.915,33.1352
2003-07-19T00:00:00Z,Northern Africa,Sudan,North Darfur,explosions/remote violence,Air/drone strike,2,200,NA,Political violence,3112,15.8601,25.5013
2003-07-19T00:00:00Z,Northern Africa,Sudan,North Darfur,violence against civilians,Attack,3,8,NA,Political violence,3112,15.8601,25.5013
2003-07-19T00:00:00Z,Northern Africa,Sudan,North Kordofan,violence against civilians,Attack,1,3,NA,Political violence,3113,14.3894,29.437
2003-07-19T00:00:00Z,Northern Africa,Sudan,South Darfur,violence against civilians,Attack,1,2,NA,Political violence,3118,10.9002,24.3019
2003-07-19T00:00:00Z,Northern Africa,Sudan,West Darfur,violence against civilians,Attack,1,2,NA,Political violence,3120,13.5081,22.7026
2003-07-26T00:00:00Z,Northern Africa,Sudan,North Darfur,battles,Armed clash,1,530,NA,Political violence,3112,15.8601,25.5013
2003-07-26T00:00:00Z,Northern Africa,Sudan,North Darfur,battles,Non-state actor overtakes territory,1,525,NA,Political violence,3112,15.8601,25.5013
2003-07-26T00:00:00Z,Northern Africa,Sudan,North Darfur,violence against civilians,Attack,4,52,NA,Political violence,3112,15.8601,25.5013
2003-07-26T00:00:00Z,Northern Africa,Sudan,West Darfur,violence against civilians,Attack,1,300,NA,Political violence,3120,13.5081,22.7026
2003-08-02T00:00:00Z,Northern Africa,Sudan,North Darfur,violence against civilians,Attack,5,910,NA,Political violence,3112,15.8601,25.5013
2003-08-09T00:00:00Z,Northern Africa,Sudan,West Darfur,explosions/remote violence,Air/drone strike,1,26,NA,Political violence,3120,13.5081,22.7026
2003-08-09T00:00:00Z,Northern Africa,Sudan,West Darfur,violence against civilians,Attack,1,10,NA,Political violence,3120,13.5081,22.7026
2003-08-16T00:00:00Z,Northern Africa,Sudan,Equatoria,battles,Armed clash,1,20,NA,Political violence,3947,4.68,31.69
2003-08-16T00:00:00Z,Northern Africa,Sudan,Upper Nile,violence against civilians,Attack,1,18,NA,Political violence,4169,11.048,32.698
2003-08-23T00:00:00Z,Northern Africa,Sudan,North Darfur,explosions/remote violence,Air/drone strike,3,69,NA,Political violence,3112,15.8601,25.5013
2003-08-23T00:00:00Z,Northern Africa,Sudan,North Darfur,violence against civilians,Attack,1,300,NA,Political violence,3112,15.8601,25.5013
2003-08-30T00:00:00Z,Northern Africa,Sudan,South Darfur,battles,Armed clash,1,18,NA,Political violence,3118,10.9002,24.3019
2003-08-30T00:00:00Z,Northern Africa,Sudan,West Darfur,violence against civilians,Attack,2,40,NA,Political violence,3120,13.5081,22.7026
2003-09-06T00:00:00Z,Northern Africa,Sudan,North Darfur,battles,Armed clash,1,2,NA,Political violence,3112,15.8601,25.5013
2003-09-06T00:00:00Z,Northern Africa,Sudan,North Darfur,violence against civilians,Attack,1,75,NA,Political violence,3112,15.8601,25.5013
2003-09-06T00:00:00Z,Northern Africa,Sudan,West Kordofan,violence against civilians,Attack,1,81,NA,Political violence,3121,11.8686,28.2211
2003-09-13T00:00:00Z,Northern Africa,Sudan,North Darfur,violence against civilians,Attack,1,16,NA,Political violence,3112,15.8601,25.5013
2003-09-27T00:00:00Z,Northern Africa,Sudan,South Kordofan,explosions/remote violence,Remote explosive/landmine/IED,1,8,NA,Political violence,3119,11.2289,30.914
2003-10-04T00:00:00Z,Northern Africa,Sudan,North Darfur,battles,Armed clash,1,15,NA,Political violence,3112,15.8601,25.5013
2003-10-04T00:00:00Z,Northern Africa,Sudan,North Kordofan,explosions/remote violence,Remote explosive/landmine/IED,1,26,NA,Political violence,3113,14.3894,29.437
2003-10-04T00:00:00Z,Northern Africa,Sudan,West Darfur,violence against civilians,Attack,2,94,NA,Political violence,3120,13.5081,22.7026
2003-10-11T00:00:00Z,Northern Africa,Sudan,Kassala,battles,Armed clash,1,1,NA,Political violence,3110,15.7104,35.5356
2003-10-11T00:00:00Z,Northern Africa,Sudan,North Darfur,violence against civilians,Attack,3,56,NA,Political violence,3112,15.8601,25.5013
2003-10-18T00:00:00Z,Northern Africa,Sudan,Central Darfur,violence against civilians,Attack,1,100,NA,Political violence,3107,12.3084,23.2341
2003-10-18T00:00:00Z,Northern Africa,Sudan,West Darfur,battles,Armed clash,1,9,NA,Political violence,3120,13.5081,22.7026
2003-10-18T00:00:00Z,Northern Africa,Sudan,West Darfur,violence against civilians,Attack,1,9,NA,Political violence,3120,13.5081,22.7026
2003-10-25T00:00:00Z,Northern Africa,Sudan,North Darfur,explosions/remote violence,Remote explosive/landmine/IED,2,20,NA,Political violence,3112,15.8601,25.5013
2003-10-25T00:00:00Z,Northern Africa,Sudan,West Darfur,explosions/remote violence,Remote explosive/landmine/IED,1,10,NA,Political violence,3120,13.5081,22.7026
2003-11-01T00:00:00Z,Northern Africa,Sudan,Central Darfur,violence against civilians,Attack,1,88,NA,Political violence,3107,12.3084,23.2341
2003-11-01T00:00:00Z,Northern Africa,Sudan,North Darfur,violence against civilians,Attack,1,20,NA,Political violence,3112,15.8601,25.5013
2003-11-08T00:00:00Z,Northern Africa,Sudan,Central Darfur,battles,Armed clash,1,4,NA,Political violence,3107,12.3084,23.2341
2003-11-08T00:00:00Z,Northern Africa,Sudan,North Darfur,violence against civilians,Attack,1,15,NA,Political violence,3112,15.8601,25.5013
2003-11-08T00:00:00Z,Northern Africa,Sudan,South Darfur,violence against civilians,Attack,2,49,NA,Political violence,3118,10.9002,24.3019
2003-11-08T00:00:00Z,Northern Africa,Sudan,West Darfur,violence against civilians,Attack,1,21,NA,Political violence,3120,13.5081,22.7026
2003-11-15T00:00:00Z,Northern Africa,Sudan,Equatoria,battles,Armed clash,1,20,NA,Political violence,3947,4.68,31.69
2003-11-15T00:00:00Z,Northern Africa,Sudan,Equatoria,violence against civilians,Attack,1,17,NA,Political violence,3947,4.68,31.69
2003-11-15T00:00:00Z,Northern Africa,Sudan,Khartoum,violence against civilians,Attack,1,2,NA,Political violence,3111,15.915,33.1352
2003-11-15T00:00:00Z,Northern Africa,Sudan,North Darfur,explosions/remote violence,Air/drone strike,2,15,NA,Political violence,3112,15.8601,25.5013
2003-11-15T00:00:00Z,Northern Africa,Sudan,North Darfur,violence against civilians,Attack,1,2,NA,Political violence,3112,15.8601,25.5013
2003-11-15T00:00:00Z,Northern Africa,Sudan,South Darfur,battles,Armed clash,2,6,NA,Political violence,3118,10.9002,24.3019
2003-11-15T00:00:00Z,Northern Africa,Sudan,West Darfur,violence against civilians,Attack,5,20,NA,Political violence,3120,13.5081,22.7026
2003-11-22T00:00:00Z,Northern Africa,Sudan,North Darfur,explosions/remote violence,Air/drone strike,1,6,NA,Political violence,3112,15.8601,25.5013
2003-11-22T00:00:00Z,Northern Africa,Sudan,North Darfur,explosions/remote violence,Shelling/artillery/missile attack,1,7,NA,Political violence,3112,15.8601,25.5013
2003-11-22T00:00:00Z,Northern Africa,Sudan,South Darfur,explosions/remote violence,Air/drone strike,1,8,NA,Political violence,3118,10.9002,24.3019
2003-11-22T00:00:00Z,Northern Africa,Sudan,West Darfur,battles,Armed clash,5,182,NA,Political violence,3120,13.5081,22.7026
2003-11-22T00:00:00Z,Northern Africa,Sudan,West Darfur,explosions/remote violence,Shelling/artillery/missile attack,1,7,NA,Political violence,3120,13.5081,22.7026
2003-11-22T00:00:00Z,Northern Africa,Sudan,West Darfur,violence against civilians,Attack,1,210,NA,Political violence,3120,13.5081,22.7026
2003-11-29T00:00:00Z,Northern Africa,Sudan,North Darfur,battles,Armed clash,1,257,NA,Political violence,3112,15.8601,25.5013
2003-11-29T00:00:00Z,Northern Africa,Sudan,North Darfur,battles,Non-state actor overtakes territory,1,700,NA,Political violence,3112,15.8601,25.5013
2003-11-29T00:00:00Z,Northern Africa,Sudan,North Darfur,violence against civilians,Attack,1,20,NA,Political violence,3112,15.8601,25.5013
2003-11-29T00:00:00Z,Northern Africa,Sudan,West Darfur,explosions/remote violence,Air/drone strike,1,47,NA,Political violence,3120,13.5081,22.7026
2003-12-06T00:00:00Z,Northern Africa,Sudan,North Darfur,battles,Armed clash,1,23,NA,Political violence,3112,15.8601,25.5013
2003-12-06T00:00:00Z,Northern Africa,Sudan,North Darfur,violence against civilians,Attack,5,134,NA,Political violence,3112,15.8601,25.5013
2003-12-06T00:00:00Z,Northern Africa,Sudan,West Darfur,violence against civilians,Attack,1,37,NA,Political violence,3120,13.5081,22.7026
2003-12-13T00:00:00Z,Northern Africa,Sudan,Central Darfur,violence against civilians,Attack,2,38,NA,Political violence,3107,12.3084,23.2341
2003-12-13T00:00:00Z,Northern Africa,Sudan,West Darfur,violence against civilians,Attack,2,29,NA,Political violence,3120,13.5081,22.7026
2003-12-20T00:00:00Z,Northern Africa,Sudan,North Darfur,battles,Non-state actor overtakes territory,1,84,NA,Political violence,3112,15.8601,25.5013
2003-12-20T00:00:00Z,Northern Africa,Sudan,West Darfur,battles,Armed clash,2,110,NA,Political violence,3120,13.5081,22.7026
2003-12-20T00:00:00Z,Northern Africa,Sudan,West Darfur,violence against civilians,Attack,1,50,NA,Political violence,3120,13.5081,22.7026
2003-12-27T00:00:00Z,Northern Africa,Sudan,Central Darfur,violence against civilians,Attack,2,336,NA,Political violence,3107,12.3084,23.2341
2003-12-27T00:00:00Z,Northern Africa,Sudan,Equatoria,violence against civilians,Attack,1,26,NA,Political violence,3947,4.68,31.69
2003-12-27T00:00:00Z,Northern Africa,Sudan,South Darfur,battles,Non-state actor overtakes territory,2,16,NA,Political violence,3118,10.9002,24.3019
2003-12-27T00:00:00Z,Northern Africa,Sudan,West Darfur,violence against civilians,Attack,1,24,NA,Political violence,3120,13.5081,22.7026
2004-01-03T00:00:00Z,Northern Africa,Sudan,North Darfur,battles,Government regains territory,2,1,NA,Political violence,3112,15.8601,25.5013
2004-01-03T00:00:00Z,Northern Africa,Sudan,North Darfur,explosions/remote violence,Air/drone strike,3,75,NA,Political violence,3112,15.8601,25.5013
2004-01-03T00:00:00Z,Northern Africa,Sudan,South Darfur,battles,Armed clash,1,6,NA,Political violence,3118,10.9002,24.3019
2004-01-10T00:00:00Z,Northern Africa,Sudan,North Darfur,battles,Armed clash,3,1000,NA,Political violence,3112,15.8601,25.5013
2004-01-10T00:00:00Z,Northern Africa,Sudan,North Darfur,explosions/remote violence,Air/drone strike,7,135,NA,Political violence,3112,15.8601,25.5013
2004-01-10T00:00:00Z,Northern Africa,Sudan,West Darfur,violence against civilians,Attack,2,28,NA,Political violence,3120,13.5081,22.7026
2004-01-17T00:00:00Z,Northern Africa,Sudan,Central Darfur,battles,Government regains territory,1,1,NA,Political violence,3107,12.3084,23.2341
2004-01-17T00:00:00Z,Northern Africa,Sudan,North Darfur,battles,Armed clash,1,500,NA,Political violence,3112,15.8601,25.5013
2004-01-17T00:00:00Z,Northern Africa,Sudan,North Darfur,explosions/remote violence,Air/drone strike,2,35,NA,Political violence,3112,15.8601,25.5013
2004-01-17T00:00:00Z,Northern Africa,Sudan,North Darfur,explosions/remote violence,Remote explosive/landmine/IED,2,572,NA,Political violence,3112,15.8601,25.5013
2004-01-17T00:00:00Z,Northern Africa,Sudan,North Darfur,violence against civilians,Attack,1,4,NA,Political violence,3112,15.8601,25.5013
2004-01-24T00:00:00Z,Northern Africa,Sudan,North Darfur,battles,Armed clash,1,700,NA,Political violence,3112,15.8601,25.5013
2004-01-24T00:00:00Z,Northern Africa,Sudan,North Darfur,battles,Government regains territory,2,10,NA,Political violence,3112,15.8601,25.5013
2004-01-24T00:00:00Z,Northern Africa,Sudan,North Darfur,explosions/remote violence,Remote explosive/landmine/IED,4,1142,NA,Political violence,3112,15.8601,25.5013
2004-01-24T00:00:00Z,Northern Africa,Sudan,North Darfur,violence against civilians,Attack,1,75,NA,Political violence,3112,15.8601,25.5013
2004-01-24T00:00:00Z,Northern Africa,Sudan,Upper Nile,battles,Armed clash,1,8,NA,Political violence,4169,11.048,32.698
2004-01-31T00:00:00Z,Northern Africa,Sudan,Equatoria,battles,Armed clash,1,7,NA,Political violence,3947,4.68,31.69
2004-02-07T00:00:00Z,Northern Africa,Sudan,North Darfur,violence against civilians,Attack,2,12,NA,Political violence,3112,15.8601,25.5013
2004-02-07T00:00:00Z,Northern Africa,Sudan,South Darfur,violence against civilians,Attack,6,176,NA,Political violence,3118,10.9002,24.3019
2004-02-07T00:00:00Z,Northern Africa,Sudan,West Darfur,violence against civilians,Attack,6,38,NA,Political violence,3120,13.5081,22.7026
2004-02-14T00:00:00Z,Northern Africa,Sudan,East Darfur,battles,Non-state actor overtakes territory,1,59,NA,Political violence,3108,11.2299,26.3972
2004-02-14T00:00:00Z,Northern Africa,Sudan,West Darfur,violence against civilians,Attack,2,176,NA,Political violence,3120,13.5081,22.7026
2004-02-21T00:00:00Z,Northern Africa,Sudan,North Darfur,battles,Armed clash,1,27,NA,Political violence,3112,15.8601,25.5013
2004-02-21T00:00:00Z,Northern Africa,Sudan,North Darfur,violence against civilians,Attack,1,10,NA,Political violence,3112,15.8601,25.5013
2004-02-21T00:00:00Z,Northern Africa,Sudan,North Darfur,violence against civilians,Sexual violence,1,70,NA,Political violence,3112,15.8601,25.5013
2004-02-21T00:00:00Z,Northern Africa,Sudan,North Kordofan,battles,Armed clash,1,50,NA,Political violence,3113,14.3894,29.437
2004-02-28T00:00:00Z,Northern Africa,Sudan,Bahr el Ghazal,violence against civilians,Attack,1,127,NA,Political violence,3946,8.598,28.4738
2004-02-28T00:00:00Z,Northern Africa,Sudan,Central Darfur,violence against civilians,Attack,3,74,NA,Political violence,3107,12.3084,23.2341
2004-02-28T00:00:00Z,Northern Africa,Sudan,Equatoria,battles,Armed clash,1,200,NA,Political violence,3947,4.68,31.69
2004-02-28T00:00:00Z,Northern Africa,Sudan,North Darfur,battles,Armed clash,5,103,NA,Political violence,3112,15.8601,25.5013
2004-02-28T00:00:00Z,Northern Africa,Sudan,North Darfur,violence against civilians,Sexual violence,3,76,NA,Political violence,3112,15.8601,25.5013
2004-02-28T00:00:00Z,Northern Africa,Sudan,South Darfur,battles,Armed clash,1,140,NA,Political violence,3118,10.9002,24.3019
2004-02-28T00:00:00Z,Northern Africa,Sudan,South Darfur,violence against civilians,Attack,2,17,NA,Political violence,3118,10.9002,24.3019
2004-02-28T00:00:00Z,Northern Africa,Sudan,Upper Nile,violence against civilians,Attack,1,71,NA,Political violence,4169,11.048,32.698
2004-03-06T00:00:00Z,Northern Africa,Sudan,South Darfur,battles,Non-state actor overtakes territory,1,6,NA,Political violence,3118,10.9002,24.3019
2004-03-06T00:00:00Z,Northern Africa,Sudan,Upper Nile,violence against civilians,Attack,3,33,NA,Political violence,4169,11.048,32.698
2004-03-13T00:00:00Z,Northern Africa,Sudan,Abyei,battles,Armed clash,1,62,NA,Political violence,3104,9.7332,28.4712
2004-03-13T00:00:00Z,Northern Africa,Sudan,Equatoria,explosions/remote violence,Air/drone strike,1,30,NA,Political violence,3947,4.68,31.69
2004-03-13T00:00:00Z,Northern Africa,Sudan,Khartoum,riots,Mob violence,1,3,NA,Political violence,3111,15.915,33.1352
2004-03-13T00:00:00Z,Northern Africa,Sudan,North Darfur,battles,Armed clash,1,70,NA,Political violence,3112,15.8601,25.5013
2004-03-13T00:00:00Z,Northern Africa,Sudan,North Darfur,violence against civilians,Attack,1,49,NA,Political violence,3112,15.8601,25.5013
2004-03-13T00:00:00Z,Northern Africa,Sudan,North Darfur,violence against civilians,Sexual violence,1,67,NA,Political violence,3112,15.8601,25.5013
2004-03-13T00:00:00Z,Northern Africa,Sudan,South Darfur,explosions/remote violence,Air/drone strike,1,8,NA,Political violence,3118,10.9002,24.3019
2004-03-13T00:00:00Z,Northern Africa,Sudan,South Darfur,violence against civilians,Attack,5,12,NA,Political violence,3118,10.9002,24.3019
2004-03-20T00:00:00Z,Northern Africa,Sudan,Abyei,battles,Armed clash,1,62,NA,Political violence,3104,9.7332,28.4712
2004-03-20T00:00:00Z,Northern Africa,Sudan,Al Jazirah,battles,Armed clash,1,52,NA,Political violence,3105,14.6593,33.2294
2004-03-20T00:00:00Z,Northern Africa,Sudan,North Darfur,violence against civilians,Attack,2,98,NA,Political violence,3112,15.8601,25.5013
2004-03-20T00:00:00Z,Northern Africa,Sudan,South Darfur,violence against civilians,Attack,3,6,NA,Political violence,3118,10.9002,24.3019
2004-03-20T00:00:00Z,Northern Africa,Sudan,Upper Nile,violence against civilians,Attack,1,12,NA,Political violence,4169,11.048,32.698
2004-03-27T00:00:00Z,Northern Africa,Sudan,Equatoria,battles,Armed clash,6,75,NA,Political violence,3947,4.68,31.69
2004-04-03T00:00:00Z,Northern Africa,Sudan,South Darfur,violence against civilians,Sexual violence,2,200,NA,Political violence,3118,10.9002,24.3019
2004-04-03T00:00:00Z,Northern Africa,Sudan,Upper Nile,violence against civilians,Attack,1,2,NA,Political violence,4169,11.048,32.698
2004-04-10T00:00:00Z,Northern Africa,Sudan,South Darfur,violence against civilians,Attack,2,13,NA,Political violence,3118,10.9002,24.3019
2004-04-10T00:00:00Z,Northern Africa,Sudan,West Darfur,violence against civilians,Attack,1,32,NA,Political violence,3120,13.5081,22.7026
2004-04-17T00:00:00Z,Northern Africa,Sudan,Abyei,battles,Armed clash,1,4,NA,Political violence,3104,9.7332,28.4712
2004-04-17T00:00:00Z,Northern Africa,Sudan,South Darfur,violence against civilians,Attack,2,16,NA,Political violence,3118,10.9002,24.3019
2004-04-24T00:00:00Z,Northern Africa,Sudan,North Darfur,violence against civilians,Attack,2,1,NA,Political violence,3112,15.8601,25.5013
2004-04-24T00:00:00Z,Northern Africa,Sudan,West Darfur,battles,Armed clash,1,1,NA,Political violence,3120,13.5081,22.7026
2004-04-24T00:00:00Z,Northern Africa,Sudan,West Darfur,explosions/remote violence,Air/drone strike,1,1,NA,Political violence,3120,13.5081,22.7026
2004-05-01T00:00:00Z,Northern Africa,Sudan,North Darfur,battles,Armed clash,1,30,NA,Political violence,3112,15.8601,25.5013
2004-05-08T00:00:00Z,Northern Africa,Sudan,North Darfur,battles,Armed clash,3,23,NA,Political violence,3112,15.8601,25.5013
2004-05-08T00:00:00Z,Northern Africa,Sudan,North Darfur,explosions/remote violence,Air/drone strike,2,12,NA,Political violence,3112,15.8601,25.5013
2004-05-08T00:00:00Z,Northern Africa,Sudan,Upper Nile,battles,Armed clash,1,54,NA,Political violence,4169,11.048,32.698
2004-05-08T00:00:00Z,Northern Africa,Sudan,Upper Nile,violence against civilians,Attack,3,408,NA,Political violence,4169,11.048,32.698
2004-05-08T00:00:00Z,Northern Africa,Sudan,West Darfur,violence against civilians,Attack,2,336,NA,Political violence,3120,13.5081,22.7026
2004-05-15T00:00:00Z,Northern Africa,Sudan,South Darfur,violence against civilians,Attack,1,45,NA,Political violence,3118,10.9002,24.3019
2004-05-22T00:00:00Z,Northern Africa,Sudan,North Darfur,explosions/remote violence,Air/drone strike,2,32,NA,Political violence,3112,15.8601,25.5013
2004-05-22T00:00:00Z,Northern Africa,Sudan,North Darfur,violence against civilians,Attack,1,46,NA,Political violence,3112,15.8601,25.5013
2004-05-22T00:00:00Z,Northern Africa,Sudan,South Darfur,violence against civilians,Attack,1,56,NA,Political violence,3118,10.9002,24.3019
2004-05-22T00:00:00Z,Northern Africa,Sudan,West Darfur,violence against civilians,Attack,1,4,NA,Political violence,3120,13.5081,22.7026
2004-05-29T00:00:00Z,Northern Africa,Sudan,North Darfur,explosions/remote violence,Air/drone strike,1,15,NA,Political violence,3112,15.8601,25.5013
2004-05-29T00:00:00Z,Northern Africa,Sudan,West Darfur,violence against civilians,Attack,3,48,NA,Political violence,3120,13.5081,22.7026
2004-06-05T00:00:00Z,Northern Africa,Sudan,Equatoria,violence against civilians,Attack,2,41,NA,Political violence,3947,4.68,31.69
2004-06-05T00:00:00Z,Northern Africa,Sudan,North Darfur,explosions/remote violence,Air/drone strike,1,10,NA,Political violence,3112,15.8601,25.5013
2004-06-05T00:00:00Z,Northern Africa,Sudan,South Kordofan,violence against civilians,Attack,1,24,NA,Political violence,3119,11.2289,30.914
2004-06-12T00:00:00Z,Northern Africa,Sudan,North Darfur,violence against civilians,Attack,1,10,NA,Political violence,3112,15.8601,25.5013
2004-06-12T00:00:00Z,Northern Africa,Sudan,South Darfur,violence against civilians,Attack,2,20,NA,Political violence,3118,10.9002,24.3019
2004-06-19T00:00:00Z,Northern Africa,Sudan,Abyei,battles,Armed clash,1,16,NA,Political violence,3104,9.7332,28.4712
2004-06-19T00:00:00Z,Northern Africa,Sudan,Central Darfur,violence against civilians,Attack,1,6,NA,Political violence,3107,12.3084,23.2341
2004-06-19T00:00:00Z,Northern Africa,Sudan,Equatoria,violence against civilians,Attack,3,27,NA,Political violence,3947,4.68,31.69
2004-06-19T00:00:00Z,Northern Africa,Sudan,Khartoum,violence against civilians,Attack,3,366,NA,Political violence,3111,15.915,33.1352
2004-06-19T00:00:00Z,Northern Africa,Sudan,South Darfur,violence against civilians,Attack,5,75,NA,Political violence,3118,10.9002,24.3019
2004-06-26T00:00:00Z,Northern Africa,Sudan,North Darfur,violence against civilians,Attack,2,18,NA,Political violence,3112,15.8601,25.5013
2004-07-03T00:00:00Z,Northern Africa,Sudan,Equatoria,battles,Armed clash,3,25,NA,Political violence,3947,4.68,31.69
2004-07-03T00:00:00Z,Northern Africa,Sudan,North Darfur,violence against civilians,Attack,2,3,NA,Political violence,3112,15.8601,25.5013
2004-07-03T00:00:00Z,Northern Africa,Sudan,South Darfur,battles,Armed clash,4,150,NA,Political violence,3118,10.9002,24.3019
2004-07-03T00:00:00Z,Northern Africa,Sudan,South Darfur,violence against civilians,Attack,2,10,NA,Political violence,3118,10.9002,24.3019
2004-07-03T00:00:00Z,Northern Africa,Sudan,Upper Nile,battles,Armed clash,1,70,NA,Political violence,4169,11.048,32.698
2004-07-10T00:00:00Z,Northern Africa,Sudan,North Darfur,explosions/remote violence,Air/drone strike,1,77,NA,Political violence,3112,15.8601,25.5013
2004-07-10T00:00:00Z,Northern Africa,Sudan,North Darfur,violence against civilians,Attack,3,92,NA,Political violence,3112,15.8601,25.5013
2004-07-10T00:00:00Z,Northern Africa,Sudan,South Darfur,violence against civilians,Attack,4,187,NA,Political violence,3118,10.9002,24.3019
2004-07-17T00:00:00Z,Northern Africa,Sudan,Central Darfur,violence against civilians,Attack,1,38,NA,Political violence,3107,12.3084,23.2341
2004-07-17T00:00:00Z,Northern Africa,Sudan,East Darfur,battles,Armed clash,1,14,NA,Political violence,3108,11.2299,26.3972
2004-07-17T00:00:00Z,Northern Africa,Sudan,Gedaref,battles,Armed clash,1,2,NA,Political violence,3109,14.2138,35.0222
2004-07-17T00:00:00Z,Northern Africa,Sudan,North Darfur,violence against civilians,Attack,2,43,NA,Political violence,3112,15.8601,25.5013
2004-07-17T00:00:00Z,Northern Africa,Sudan,South Darfur,violence against civilians,Attack,4,11,NA,Political violence,3118,10.9002,24.3019
2004-07-24T00:00:00Z,Northern Africa,Sudan,Bahr el Ghazal,battles,Armed clash,1,28,NA,Political violence,3946,8.598,28.4738
2004-07-24T00:00:00Z,Northern Africa,Sudan,Equatoria,battles,Armed clash,1,120,NA,Political violence,3947,4.68,31.69
2004-07-24T00:00:00Z,Northern Africa,Sudan,Equatoria,violence against civilians,Attack,2,200,NA,Political violence,3947,4.68,31.69
2004-07-24T00:00:00Z,Northern Africa,Sudan,North Kordofan,battles,Armed clash,1,200,NA,Political violence,3113,14.3894,29.437
2004-07-24T00:00:00Z,Northern Africa,Sudan,South Darfur,violence against civilians,Attack,4,9,NA,Political violence,3118,10.9002,24.3019
2004-07-24T00:00:00Z,Northern Africa,Sudan,West Darfur,violence against civilians,Attack,1,2,NA,Political violence,3120,13.5081,22.7026
2004-07-31T00:00:00Z,Northern Africa,Sudan,Bahr el Ghazal,battles,Armed clash,3,84,NA,Political violence,3946,8.598,28.4738
2004-07-31T00:00:00Z,Northern Africa,Sudan,Equatoria,battles,Armed clash,1,100,NA,Political violence,3947,4.68,31.69
2004-07-31T00:00:00Z,Northern Africa,Sudan,South Darfur,violence against civilians,Attack,5,2,NA,Political violence,3118,10.9002,24.3019
2004-07-31T00:00:00Z,Northern Africa,Sudan,West Kordofan,violence against civilians,Attack,3,26,NA,Political violence,3121,11.8686,28.2211
2004-08-07T00:00:00Z,Northern Africa,Sudan,North Darfur,riots,Mob violence,1,1,NA,Political violence,3112,15.8601,25.5013
2004-08-07T00:00:00Z,Northern Africa,Sudan,South Darfur,battles,Armed clash,1,1,NA,Political violence,3118,10.9002,24.3019
2004-08-07T00:00:00Z,Northern Africa,Sudan,South Darfur,violence against civilians,Attack,2,80,NA,Political violence,3118,10.9002,24.3019
2004-08-14T00:00:00Z,Northern Africa,Sudan,Equatoria,battles,Armed clash,1,2,NA,Political violence,3947,4.68,31.69
2004-08-21T00:00:00Z,Northern Africa,Sudan,East Darfur,explosions/remote violence,Remote explosive/landmine/IED,1,57,NA,Political violence,3108,11.2299,26.3972
2004-08-21T00:00:00Z,Northern Africa,Sudan,North Darfur,battles,Armed clash,1,2,NA,Political violence,3112,15.8601,25.5013
2004-08-21T00:00:00Z,Northern Africa,Sudan,North Darfur,violence against civilians,Attack,4,84,NA,Political violence,3112,15.8601,25.5013
2004-08-21T00:00:00Z,Northern Africa,Sudan,South Darfur,explosions/remote violence,Remote explosive/landmine/IED,1,3,NA,Political violence,3118,10.9002,24.3019
2004-08-21T00:00:00Z,Northern Africa,Sudan,West Darfur,battles,Non-state actor overtakes territory,1,3,NA,Political violence,3120,13.5081,22.7026
2004-08-28T00:00:00Z,Northern Africa,Sudan,Bahr el Ghazal,battles,Armed clash,2,56,NA,Political violence,3946,8.598,28.4738
2004-08-28T00:00:00Z,Northern Africa,Sudan,North Darfur,violence against civilians,Attack,5,3,NA,Political violence,3112,15.8601,25.5013
2004-08-28T00:00:00Z,Northern Africa,Sudan,South Darfur,violence against civilians,Attack,2,200,NA,Political violence,3118,10.9002,24.3019
2004-09-04T00:00:00Z,Northern Africa,Sudan,Equatoria,violence against civilians,Attack,1,11,NA,Political violence,3947,4.68,31.69
2004-09-04T00:00:00Z,Northern Africa,Sudan,South Darfur,violence against civilians,Attack,1,100,NA,Political violence,3118,10.9002,24.3019
2004-09-11T00:00:00Z,Northern Africa,Sudan,Bahr el Ghazal,violence against civilians,Attack,1,5,NA,Political violence,3946,8.598,28.4738
2004-09-11T00:00:00Z,Northern Africa,Sudan,Central Darfur,violence against civilians,Attack,1,1,NA,Political violence,3107,12.3084,23.2341
2004-09-11T00:00:00Z,Northern Africa,Sudan,Equatoria,explosions/remote violence,Shelling/artillery/missile attack,1,6,NA,Political violence,3947,4.68,31.69
2004-09-11T00:00:00Z,Northern Africa,Sudan,North Darfur,battles,Armed clash,3,10,NA,Political violence,3112,15.8601,25.5013
2004-09-18T00:00:00Z,Northern Africa,Sudan,Equatoria,battles,Armed clash,1,30,NA,Political violence,3947,4.68,31.69
2004-09-18T00:00:00Z,Northern Africa,Sudan,West Kordofan,violence against civilians,Attack,1,12,NA,Political violence,3121,11.8686,28.2211
2004-10-02T00:00:00Z,Northern Africa,Sudan,North Darfur,violence against civilians,Attack,3,15,NA,Political violence,3112,15.8601,25.5013
2004-10-02T00:00:00Z,Northern Africa,Sudan,South Darfur,battles,Armed clash,1,46,NA,Political violence,3118,10.9002,24.3019
2004-10-09T00:00:00Z,Northern Africa,Sudan,Bahr el Ghazal,battles,Armed clash,1,3,NA,Political violence,3946,8.598,28.4738
2004-10-09T00:00:00Z,Northern Africa,Sudan,North Darfur,explosions/remote violence,Remote explosive/landmine/IED,1,2,NA,Political violence,3112,15.8601,25.5013
2004-10-09T00:00:00Z,Northern Africa,Sudan,North Darfur,explosions/remote violence,Shelling/artillery/missile attack,1,2,NA,Political violence,3112,15.8601,25.5013
2004-10-09T00:00:00Z,Northern Africa,Sudan,South Darfur,violence against civilians,Attack,11,20,NA,Political violence,3118,10.9002,24.3019
2004-10-16T00:00:00Z,Northern Africa,Sudan,North Darfur,explosions/remote violence,Remote explosive/landmine/IED,1,11,NA,Political violence,3112,15.8601,25.5013
2004-10-16T00:00:00Z,Northern Africa,Sudan,West Darfur,violence against civilians,Attack,2,11,NA,Political violence,3120,13.5081,22.7026
2004-10-23T00:00:00Z,Northern Africa,Sudan,East Darfur,explosions/remote violence,Air/drone strike,2,26,NA,Political violence,3108,11.2299,26.3972
2004-10-30T00:00:00Z,Northern Africa,Sudan,North Darfur,battles,Armed clash,1,20,NA,Political violence,3112,15.8601,25.5013
2004-10-30T00:00:00Z,Northern Africa,Sudan,North Darfur,violence against civilians,Attack,4,19,NA,Political violence,3112,15.8601,25.5013
2004-10-30T00:00:00Z,Northern Africa,Sudan,South Darfur,violence against civilians,Attack,3,20,NA,Political violence,3118,10.9002,24.3019
2004-10-30T00:00:00Z,Northern Africa,Sudan,West Darfur,violence against civilians,Attack,2,1,NA,Political violence,3120,13.5081,22.7026
2004-11-06T00:00:00Z,Northern Africa,Sudan,North Darfur,battles,Armed clash,1,6,NA,Political violence,3112,15.8601,25.5013
2004-11-06T00:00:00Z,Northern Africa,Sudan,South Darfur,violence against civilians,Attack,9,16,NA,Political violence,3118,10.9002,24.3019
2004-11-20T00:00:00Z,Northern Africa,Sudan,Equatoria,battles,Armed clash,1,10,NA,Political violence,3947,4.68,31.69
2004-11-20T00:00:00Z,Northern Africa,Sudan,North Darfur,battles,Armed clash,5,55,NA,Political violence,3112,15.8601,25.5013
2004-11-20T00:00:00Z,Northern Africa,Sudan,North Darfur,explosions/remote violence,Air/drone strike,1,25,NA,Political violence,3112,15.8601,25.5013
2004-11-20T00:00:00Z,Northern Africa,Sudan,North Darfur,violence against civilians,Attack,1,6,NA,Political violence,3112,15.8601,25.5013
2004-11-27T00:00:00Z,Northern Africa,Sudan,Bahr el Ghazal,violence against civilians,Attack,1,7,NA,Political violence,3946,8.598,28.4738
2004-11-27T00:00:00Z,Northern Africa,Sudan,North Darfur,violence against civilians,Attack,8,66,NA,Political violence,3112,15.8601,25.5013
2004-11-27T00:00:00Z,Northern Africa,Sudan,South Darfur,explosions/remote violence,Air/drone strike,1,65,NA,Political violence,3118,10.9002,24.3019
2004-11-27T00:00:00Z,Northern Africa,Sudan,South Darfur,violence against civilians,Sexual violence,4,100,NA,Political violence,3118,10.9002,24.3019
2004-12-04T00:00:00Z,Northern Africa,Sudan,South Darfur,violence against civilians,Attack,2,17,NA,Political violence,3118,10.9002,24.3019
2004-12-11T00:00:00Z,Northern Africa,Sudan,Central Darfur,violence against civilians,Attack,1,18,NA,Political violence,3107,12.3084,23.2341
2004-12-11T00:00:00Z,Northern Africa,Sudan,South Darfur,battles,Armed clash,17,3,NA,Political violence,3118,10.9002,24.3019
2004-12-11T00:00:00Z,Northern Africa,Sudan,South Darfur,violence against civilians,Attack,5,4,NA,Political violence,3118,10.9002,24.3019
2004-12-11T00:00:00Z,Northern Africa,Sudan,West Darfur,violence against civilians,Attack,2,2,NA,Political violence,3120,13.5081,22.7026
2004-12-18T00:00:00Z,Northern Africa,Sudan,North Darfur,violence against civilians,Attack,1,5,NA,Political violence,3112,15.8601,25.5013
2004-12-25T00:00:00Z,Northern Africa,Sudan,South Darfur,violence against civilians,Attack,1,13,NA,Political violence,3118,10.9002,24.3019
2004-12-25T00:00:00Z,Northern Africa,Sudan,West Kordofan,battles,Armed clash,1,99,NA,Political violence,3121,11.8686,28.2211
2005-01-01T00:00:00Z,Northern Africa,Sudan,North Darfur,battles,Armed clash,2,4,NA,Political violence,3112,15.8601,25.5013
2005-01-01T00:00:00Z,Northern Africa,Sudan,North Darfur,explosions/remote violence,Shelling/artillery/missile attack,1,10,NA,Political violence,3112,15.8601,25.5013
2005-01-01T00:00:00Z,Northern Africa,Sudan,North Darfur,violence against civilians,Attack,1,40,NA,Political violence,3112,15.8601,25.5013
2005-01-01T00:00:00Z,Northern Africa,Sudan,South Darfur,violence against civilians,Attack,1,2,NA,Political violence,3118,10.9002,24.3019
2005-01-01T00:00:00Z,Northern Africa,Sudan,West Darfur,violence against civilians,Attack,1,2,NA,Political violence,3120,13.5081,22.7026
2005-01-08T00:00:00Z,Northern Africa,Sudan,North Darfur,battles,Armed clash,1,11,NA,Political violence,3112,15.8601,25.5013
2005-01-08T00:00:00Z,Northern Africa,Sudan,South Darfur,violence against civilians,Attack,2,10,NA,Political violence,3118,10.9002,24.3019
2005-01-08T00:00:00Z,Northern Africa,Sudan,West Kordofan,battles,Armed clash,1,10,NA,Political violence,3121,11.8686,28.2211
2005-01-15T00:00:00Z,Northern Africa,Sudan,South Darfur,violence against civilians,Attack,5,141,NA,Political violence,3118,10.9002,24.3019
2005-01-15T00:00:00Z,Northern Africa,Sudan,West Darfur,violence against civilians,Attack,2,21,NA,Political violence,3120,13.5081,22.7026
2005-01-22T00:00:00Z,Northern Africa,Sudan,North Darfur,explosions/remote violence,Air/drone strike,1,100,NA,Political violence,3112,15.8601,25.5013
2005-01-22T00:00:00Z,Northern Africa,Sudan,South Darfur,violence against civilians,Attack,4,6,NA,Political violence,3118,10.9002,24.3019
2005-01-29T00:00:00Z,Northern Africa,Sudan,North Darfur,battles,Armed clash,2,6,NA,Political violence,3112,15.8601,25.5013
2005-01-29T00:00:00Z,Northern Africa,Sudan,North Darfur,violence against civilians,Attack,3,5,NA,Political violence,3112,15.8601,25.5013
2005-01-29T00:00:00Z,Northern Africa,Sudan,Red Sea,protests,Excessive force against protesters,1,21,NA,Political violence; Demonstrations,3115,20.0739,35.4126
2005-02-05T00:00:00Z,Northern Africa,Sudan,North Darfur,battles,Armed clash,4,2,NA,Political violence,3112,15.8601,25.5013
2005-02-05T00:00:00Z,Northern Africa,Sudan,South Darfur,battles,Armed clash,1,4,NA,Political violence,3118,10.9002,24.3019
2005-02-05T00:00:00Z,Northern Africa,Sudan,South Darfur,violence against civilians,Attack,1,2,NA,Political violence,3118,10.9002,24.3019
2005-02-05T00:00:00Z,Northern Africa,Sudan,West Darfur,violence against civilians,Attack,1,2,NA,Political violence,3120,13.5081,22.7026
2005-02-12T00:00:00Z,Northern Africa,Sudan,Equatoria,violence against civilians,Attack,1,3,NA,Political violence,3947,4.68,31.69
2005-02-19T00:00:00Z,Northern Africa,Sudan,Central Darfur,violence against civilians,Attack,1,26,NA,Political violence,3107,12.3084,23.2341
2005-02-19T00:00:00Z,Northern Africa,Sudan,South Darfur,violence against civilians,Attack,1,13,NA,Political violence,3118,10.9002,24.3019
2005-02-19T00:00:00Z,Northern Africa,Sudan,Upper Nile,battles,Armed clash,1,20,NA,Political violence,4169,11.048,32.698
2005-02-19T00:00:00Z,Northern Africa,Sudan,Upper Nile,battles,Non-state actor overtakes territory,1,3,NA,Political violence,4169,11.048,32.698
2005-02-26T00:00:00Z,Northern Africa,Sudan,North Darfur,battles,Armed clash,1,1,NA,Political violence,3112,15.8601,25.5013
2005-02-26T00:00:00Z,Northern Africa,Sudan,South Darfur,violence against civilians,Attack,1,2,NA,Political violence,3118,10.9002,24.3019
2005-02-26T00:00:00Z,Northern Africa,Sudan,West Darfur,violence against civilians,Attack,1,1,NA,Political violence,3120,13.5081,22.7026
2005-03-12T00:00:00Z,Northern Africa,Sudan,East Darfur,battles,Armed clash,1,5,NA,Political violence,3108,11.2299,26.3972
2005-03-12T00:00:00Z,Northern Africa,Sudan,Equatoria,violence against civilians,Attack,1,4,NA,Political violence,3947,4.68,31.69
2005-03-12T00:00:00Z,Northern Africa,Sudan,South Darfur,battles,Armed clash,1,3,NA,Political violence,3118,10.9002,24.3019
2005-03-12T00:00:00Z,Northern Africa,Sudan,South Darfur,violence against civilians,Attack,5,6,NA,Political violence,3118,10.9002,24.3019
2005-03-19T00:00:00Z,Northern Africa,Sudan,West Darfur,violence against civilians,Attack,1,1,NA,Political violence,3120,13.5081,22.7026
2005-03-26T00:00:00Z,Northern Africa,Sudan,Central Darfur,violence against civilians,Attack,1,2,NA,Political violence,3107,12.3084,23.2341
2005-03-26T00:00:00Z,Northern Africa,Sudan,North Darfur,battles,Armed clash,2,4,NA,Political violence,3112,15.8601,25.5013
2005-04-02T00:00:00Z,Northern Africa,Sudan,East Darfur,battles,Armed clash,1,11,NA,Political violence,3108,11.2299,26.3972
2005-04-02T00:00:00Z,Northern Africa,Sudan,South Darfur,violence against civilians,Attack,1,35,NA,Political violence,3118,10.9002,24.3019
2005-04-09T00:00:00Z,Northern Africa,Sudan,North Darfur,battles,Armed clash,1,7,NA,Political violence,3112,15.8601,25.5013
2005-04-09T00:00:00Z,Northern Africa,Sudan,North Darfur,violence against civilians,Attack,2,2,NA,Political violence,3112,15.8601,25.5013
2005-04-09T00:00:00Z,Northern Africa,Sudan,South Kordofan,riots,Mob violence,1,1,NA,Political violence,3119,11.2289,30.914
2005-04-09T00:00:00Z,Northern Africa,Sudan,West Darfur,violence against civilians,Attack,2,1,NA,Political violence,3120,13.5081,22.7026
2005-04-16T00:00:00Z,Northern Africa,Sudan,Kassala,battles,Armed clash,1,1,NA,Political violence,3110,15.7104,35.5356
2005-04-16T00:00:00Z,Northern Africa,Sudan,North Darfur,battles,Armed clash,2,14,NA,Political violence,3112,15.8601,25.5013
2005-04-16T00:00:00Z,Northern Africa,Sudan,South Darfur,violence against civilians,Attack,1,1,NA,Political violence,3118,10.9002,24.3019
2005-04-23T00:00:00Z,Northern Africa,Sudan,Bahr el Ghazal,battles,Armed clash,2,75,NA,Political violence,3946,8.598,28.4738
2005-04-23T00:00:00Z,Northern Africa,Sudan,Equatoria,violence against civilians,Attack,1,9,NA,Political violence,3947,4.68,31.69
2005-04-30T00:00:00Z,Northern Africa,Sudan,Kassala,violence against civilians,Attack,1,2,NA,Political violence,3110,15.7104,35.5356
2005-04-30T00:00:00Z,Northern Africa,Sudan,South Darfur,violence against civilians,Attack,1,1,NA,Political violence,3118,10.9002,24.3019
2005-05-07T00:00:00Z,Northern Africa,Sudan,South Darfur,violence against civilians,Attack,3,4,NA,Political violence,3118,10.9002,24.3019
2005-05-14T00:00:00Z,Northern Africa,Sudan,Al Jazirah,violence against civilians,Attack,1,22,NA,Political violence,3105,14.6593,33.2294
2005-05-14T00:00:00Z,Northern Africa,Sudan,South Darfur,violence against civilians,Attack,2,13,NA,Political violence,3118,10.9002,24.3019
2005-05-28T00:00:00Z,Northern Africa,Sudan,East Darfur,explosions/remote violence,Shelling/artillery/missile attack,1,11,NA,Political violence,3108,11.2299,26.3972
2005-05-28T00:00:00Z,Northern Africa,Sudan,South Darfur,violence against civilians,Sexual violence,1,1,NA,Political violence,3118,10.9002,24.3019
2005-06-04T00:00:00Z,Northern Africa,Sudan,North Darfur,battles,Armed clash,3,17,NA,Political violence,3112,15.8601,25.5013
2005-06-11T00:00:00Z,Northern Africa,Sudan,North Darfur,violence against civilians,Attack,1,1,NA,Political violence,3112,15.8601,25.5013
2005-06-18T00:00:00Z,Northern Africa,Sudan,South Darfur,battles,Armed clash,2,4,NA,Political violence,3118,10.9002,24.3019
2005-06-18T00:00:00Z,Northern Africa,Sudan,West Darfur,battles,Armed clash,1,5,NA,Political violence,3120,13.5081,22.7026
2005-06-25T00:00:00Z,Northern Africa,Sudan,North Darfur,battles,Armed clash,1,1,NA,Political violence,3112,15.8601,25.5013
2005-07-02T00:00:00Z,Northern Africa,Sudan,Equatoria,violence against civilians,Attack,1,1,NA,Political violence,3947,4.68,31.69
2005-07-02T00:00:00Z,Northern Africa,Sudan,North Darfur,violence against civilians,Attack,1,5,NA,Political violence,3112,15.8601,25.5013
2005-07-09T00:00:00Z,Northern Africa,Sudan,Equatoria,violence against civilians,Attack,1,3,NA,Political violence,3947,4.68,31.69
2005-07-16T00:00:00Z,Northern Africa,Sudan,North Darfur,battles,Armed clash,1,10,NA,Political violence,3112,15.8601,25.5013
2005-07-16T00:00:00Z,Northern Africa,Sudan,South Darfur,violence against civilians,Attack,1,2,NA,Political violence,3118,10.9002,24.3019
2005-07-23T00:00:00Z,Northern Africa,Sudan,Equatoria,violence against civilians,Attack,1,8,NA,Political violence,3947,4.68,31.69
2005-07-23T00:00:00Z,Northern Africa,Sudan,North Darfur,battles,Armed clash,2,11,NA,Political violence,3112,15.8601,25.5013
2005-07-23T00:00:00Z,Northern Africa,Sudan,South Darfur,explosions/remote violence,Shelling/artillery/missile attack,3,3,NA,Political violence,3118,10.9002,24.3019
2005-07-23T00:00:00Z,Northern Africa,Sudan,South Darfur,violence against civilians,Attack,1,4,NA,Political violence,3118,10.9002,24.3019
2005-07-30T00:00:00Z,Northern Africa,Sudan,Equatoria,riots,Mob violence,1,19,NA,Political violence,3947,4.68,31.69
2005-07-30T00:00:00Z,Northern Africa,Sudan,Khartoum,riots,Violent demonstration,5,156,NA,Demonstrations,3111,15.915,33.1352
2005-07-30T00:00:00Z,Northern Africa,Sudan,Upper Nile,riots,Violent demonstration,1,6,NA,Demonstrations,4169,11.048,32.698
2005-08-06T00:00:00Z,Northern Africa,Sudan,Equatoria,violence against civilians,Attack,1,10,NA,Political violence,3947,4.68,31.69
2005-08-06T00:00:00Z,Northern Africa,Sudan,North Darfur,battles,Armed clash,1,1,NA,Political violence,3112,15.8601,25.5013
2005-08-13T00:00:00Z,Northern Africa,Sudan,Equatoria,battles,Armed clash,5,108,NA,Political violence,3947,4.68,31.69
2005-08-13T00:00:00Z,Northern Africa,Sudan,North Darfur,battles,Armed clash,1,15,NA,Political violence,3112,15.8601,25.5013
2005-08-13T00:00:00Z,Northern Africa,Sudan,South Darfur,violence against civilians,Attack,2,4,NA,Political violence,3118,10.9002,24.3019
2005-08-20T00:00:00Z,Northern Africa,Sudan,South Darfur,battles,Armed clash,2,5,NA,Political violence,3118,10.9002,24.3019
2005-08-20T00:00:00Z,Northern Africa,Sudan,South Darfur,violence against civilians,Attack,5,45,NA,Political violence,3118,10.9002,24.3019
2005-09-03T00:00:00Z,Northern Africa,Sudan,North Darfur,violence against civilians,Attack,2,15,NA,Political violence,3112,15.8601,25.5013
2005-09-10T00:00:00Z,Northern Africa,Sudan,East Darfur,battles,Non-state actor overtakes territory,1,80,NA,Political violence,3108,11.2299,26.3972
2005-09-10T00:00:00Z,Northern Africa,Sudan,East Darfur,violence against civilians,Attack,1,1,NA,Political violence,3108,11.2299,26.3972
2005-09-10T00:00:00Z,Northern Africa,Sudan,North Darfur,battles,Armed clash,1,10,NA,Political violence,3112,15.8601,25.5013
2005-09-10T00:00:00Z,Northern Africa,Sudan,North Darfur,violence against civilians,Attack,2,16,NA,Political violence,3112,15.8601,25.5013
2005-09-10T00:00:00Z,Northern Africa,Sudan,South Darfur,battles,Armed clash,2,3,NA,Political violence,3118,10.9002,24.3019
2005-09-17T00:00:00Z,Northern Africa,Sudan,Equatoria,battles,Armed clash,1,15,NA,Political violence,3947,4.68,31.69
2005-09-17T00:00:00Z,Northern Africa,Sudan,Equatoria,violence against civilians,Attack,1,14,NA,Political violence,3947,4.68,31.69
2005-09-17T00:00:00Z,Northern Africa,Sudan,North Darfur,battles,Armed clash,2,30,NA,Political violence,3112,15.8601,25.5013
2005-09-17T00:00:00Z,Northern Africa,Sudan,North Darfur,violence against civilians,Attack,6,72,NA,Political violence,3112,15.8601,25.5013
2005-09-17T00:00:00Z,Northern Africa,Sudan,South Darfur,violence against civilians,Attack,1,12,NA,Political violence,3118,10.9002,24.3019
2005-09-24T00:00:00Z,Northern Africa,Sudan,West Darfur,violence against civilians,Attack,1,34,NA,Political violence,3120,13.5081,22.7026
2005-10-01T00:00:00Z,Northern Africa,Sudan,Equatoria,battles,Armed clash,1,29,NA,Political violence,3947,4.68,31.69
2005-10-01T00:00:00Z,Northern Africa,Sudan,West Darfur,violence against civilians,Attack,1,16,NA,Political violence,3120,13.5081,22.7026
2005-10-08T00:00:00Z,Northern Africa,Sudan,Equatoria,battles,Armed clash,1,2,NA,Political violence,3947,4.68,31.69
2005-10-08T00:00:00Z,Northern Africa,Sudan,South Darfur,battles,Armed clash,1,7,NA,Political violence,3118,10.9002,24.3019
2005-10-08T00:00:00Z,Northern Africa,Sudan,South Darfur,violence against civilians,Attack,1,20,NA,Political violence,3118,10.9002,24.3019
2005-10-15T00:00:00Z,Northern Africa,Sudan,Equatoria,battles,Armed clash,3,22,NA,Political violence,3947,4.68,31.69
2005-10-15T00:00:00Z,Northern Africa,Sudan,North Darfur,explosions/remote violence,Shelling/artillery/missile attack,1,7,NA,Political violence,3112,15.8601,25.5013
2005-10-22T00:00:00Z,Northern Africa,Sudan,North Darfur,violence against civilians,Attack,1,1,NA,Political violence,3112,15.8601,25.5013
2005-10-29T00:00:00Z,Northern Africa,Sudan,Equatoria,violence against civilians,Attack,1,2,NA,Political violence,3947,4.68,31.69
2005-10-29T00:00:00Z,Northern Africa,Sudan,South Darfur,violence against civilians,Attack,1,3,NA,Political violence,3118,10.9002,24.3019
2005-11-05T00:00:00Z,Northern Africa,Sudan,Equatoria,violence against civilians,Attack,2,6,NA,Political violence,3947,4.68,31.69
2005-11-05T00:00:00Z,Northern Africa,Sudan,South Darfur,battles,Armed clash,1,62,NA,Political violence,3118,10.9002,24.3019
2005-11-05T00:00:00Z,Northern Africa,Sudan,South Darfur,violence against civilians,Attack,5,36,NA,Political violence,3118,10.9002,24.3019
2005-11-12T00:00:00Z,Northern Africa,Sudan,Equatoria,battles,Armed clash,1,20,NA,Political violence,3947,4.68,31.69
2005-11-19T00:00:00Z,Northern Africa,Sudan,Equatoria,battles,Armed clash,1,8,NA,Political violence,3947,4.68,31.69
2005-11-19T00:00:00Z,Northern Africa,Sudan,Equatoria,violence against civilians,Attack,1,5,NA,Political violence,3947,4.68,31.69
2005-11-19T00:00:00Z,Northern Africa,Sudan,South Darfur,violence against civilians,Attack,1,3,NA,Political violence,3118,10.9002,24.3019
2005-11-19T00:00:00Z,Northern Africa,Sudan,West Darfur,battles,Armed clash,1,22,NA,Political violence,3120,13.5081,22.7026
2005-11-26T00:00:00Z,Northern Africa,Sudan,Equatoria,violence against civilians,Attack,1,1,NA,Political violence,3947,4.68,31.69
2005-11-26T00:00:00Z,Northern Africa,Sudan,North Darfur,violence against civilians,Attack,1,1,NA,Political violence,3112,15.8601,25.5013
2005-11-26T00:00:00Z,Northern Africa,Sudan,South Darfur,battles,Armed clash,1,2,NA,Political violence,3118,10.9002,24.3019
2005-11-26T00:00:00Z,Northern Africa,Sudan,West Darfur,battles,Non-state actor overtakes territory,1,37,NA,Political violence,3120,13.5081,22.7026
2005-12-03T00:00:00Z,Northern Africa,Sudan,Central Darfur,battles,Armed clash,1,60,NA,Political violence,3107,12.3084,23.2341
2005-12-03T00:00:00Z,Northern Africa,Sudan,South Darfur,violence against civilians,Attack,5,12,NA,Political violence,3118,10.9002,24.3019
2005-12-03T00:00:00Z,Northern Africa,Sudan,West Darfur,battles,Armed clash,1,6,NA,Political violence,3120,13.5081,22.7026
2005-12-10T00:00:00Z,Northern Africa,Sudan,North Darfur,violence against civilians,Attack,1,3,NA,Political violence,3112,15.8601,25.5013
2005-12-10T00:00:00Z,Northern Africa,Sudan,South Darfur,violence against civilians,Attack,1,1,NA,Political violence,3118,10.9002,24.3019
2005-12-17T00:00:00Z,Northern Africa,Sudan,Equatoria,violence against civilians,Attack,1,10,NA,Political violence,3947,4.68,31.69
2005-12-17T00:00:00Z,Northern Africa,Sudan,West Darfur,violence against civilians,Attack,1,20,NA,Political violence,3120,13.5081,22.7026
2005-12-24T00:00:00Z,Northern Africa,Sudan,Equatoria,violence against civilians,Attack,1,5,NA,Political violence,3947,4.68,31.69
2005-12-24T00:00:00Z,Northern Africa,Sudan,North Darfur,violence against civilians,Attack,1,7,NA,Political violence,3112,15.8601,25.5013
2005-12-31T00:00:00Z,Northern Africa,Sudan,Equatoria,violence against civilians,Attack,1,8,NA,Political violence,3947,4.68,31.69
2006-01-07T00:00:00Z,Northern Africa,Sudan,Equatoria,battles,Armed clash,1,2,NA,Political violence,3947,4.68,31.69
2006-01-07T00:00:00Z,Northern Africa,Sudan,Kassala,explosions/remote violence,Air/drone strike,2,2,NA,Political violence,3110,15.7104,35.5356
2006-01-07T00:00:00Z,Northern Africa,Sudan,West Darfur,battles,Armed clash,1,1,NA,Political violence,3120,13.5081,22.7026
2006-01-28T00:00:00Z,Northern Africa,Sudan,Equatoria,battles,Armed clash,1,5,NA,Political violence,3947,4.68,31.69
2006-01-28T00:00:00Z,Northern Africa,Sudan,Equatoria,battles,Government regains territory,1,5,NA,Political violence,3947,4.68,31.69
2006-01-28T00:00:00Z,Northern Africa,Sudan,West Darfur,battles,Armed clash,2,80,NA,Political violence,3120,13.5081,22.7026
2006-02-04T00:00:00Z,Northern Africa,Sudan,Upper Nile,battles,Armed clash,1,7,NA,Political violence,4169,11.048,32.698
2006-02-11T00:00:00Z,Northern Africa,Sudan,Equatoria,battles,Armed clash,4,7,NA,Political violence,3947,4.68,31.69
2006-02-11T00:00:00Z,Northern Africa,Sudan,West Darfur,violence against civilians,Attack,1,15,NA,Political violence,3120,13.5081,22.7026
2006-02-18T00:00:00Z,Northern Africa,Sudan,Equatoria,violence against civilians,Attack,1,3,NA,Political violence,3947,4.68,31.69
2006-03-04T00:00:00Z,Northern Africa,Sudan,Abyei,battles,Armed clash,1,12,NA,Political violence,3104,9.7332,28.4712
2006-03-04T00:00:00Z,Northern Africa,Sudan,Equatoria,battles,Armed clash,1,1,NA,Political violence,3947,4.68,31.69
2006-03-11T00:00:00Z,Northern Africa,Sudan,Equatoria,violence against civilians,Attack,1,1,NA,Political violence,3947,4.68,31.69
2006-03-11T00:00:00Z,Northern Africa,Sudan,Kassala,explosions/remote violence,Grenade,1,12,NA,Political violence,3110,15.7104,35.5356
2006-03-11T00:00:00Z,Northern Africa,Sudan,South Darfur,violence against civilians,Attack,1,27,NA,Political violence,3118,10.9002,24.3019
2006-03-18T00:00:00Z,Northern Africa,Sudan,Equatoria,battles,Armed clash,2,5,NA,Political violence,3947,4.68,31.69
2006-03-18T00:00:00Z,Northern Africa,Sudan,Equatoria,violence against civilians,Attack,1,3,NA,Political violence,3947,4.68,31.69
2006-04-08T00:00:00Z,Northern Africa,Sudan,Equatoria,battles,Armed clash,1,3,NA,Political violence,3947,4.68,31.69
2006-04-08T00:00:00Z,Northern Africa,Sudan,Kassala,violence against civilians,Attack,1,18,NA,Political violence,3110,15.7104,35.5356
2006-04-08T00:00:00Z,Northern Africa,Sudan,Upper Nile,battles,Armed clash,5,32,NA,Political violence,4169,11.048,32.698
2006-04-15T00:00:00Z,Northern Africa,Sudan,Equatoria,violence against civilians,Attack,1,2,NA,Political violence,3947,4.68,31.69
2006-04-15T00:00:00Z,Northern Africa,Sudan,Upper Nile,battles,Government regains territory,1,15,NA,Political violence,4169,11.048,32.698
2006-05-06T00:00:00Z,Northern Africa,Sudan,South Darfur,riots,Mob violence,1,1,NA,Political violence,3118,10.9002,24.3019
2006-05-13T00:00:00Z,Northern Africa,Sudan,Bahr el Ghazal,violence against civilians,Attack,1,1,NA,Political violence,3946,8.598,28.4738
2006-05-13T00:00:00Z,Northern Africa,Sudan,North Darfur,riots,Violent demonstration,1,2,NA,Demonstrations,3112,15.8601,25.5013
2006-05-13T00:00:00Z,Northern Africa,Sudan,North Darfur,violence against civilians,Attack,1,100,NA,Political violence,3112,15.8601,25.5013
2006-05-13T00:00:00Z,Northern Africa,Sudan,South Darfur,battles,Armed clash,1,3,NA,Political violence,3118,10.9002,24.3019
2006-05-20T00:00:00Z,Northern Africa,Sudan,East Darfur,violence against civilians,Attack,1,20,NA,Political violence,3108,11.2299,26.3972
2006-05-27T00:00:00Z,Northern Africa,Sudan,West Darfur,battles,Armed clash,1,1,NA,Political violence,3120,13.5081,22.7026
2006-06-03T00:00:00Z,Northern Africa,Sudan,Equatoria,battles,Armed clash,1,2,NA,Political violence,3947,4.68,31.69
2006-06-03T00:00:00Z,Northern Africa,Sudan,Equatoria,violence against civilians,Attack,2,1,NA,Political violence,3947,4.68,31.69
2006-06-10T00:00:00Z,Northern Africa,Sudan,Equatoria,violence against civilians,Attack,2,18,NA,Political violence,3947,4.68,31.69
2006-06-17T00:00:00Z,Northern Africa,Sudan,Equatoria,battles,Armed clash,1,4,NA,Political violence,3947,4.68,31.69
2006-06-24T00:00:00Z,Northern Africa,Sudan,Equatoria,battles,Armed clash,1,4,NA,Political violence,3947,4.68,31.69
2006-06-24T00:00:00Z,Northern Africa,Sudan,South Darfur,violence against civilians,Attack,1,1,NA,Political violence,3118,10.9002,24.3019
2006-07-01T00:00:00Z,Northern Africa,Sudan,Equatoria,violence against civilians,Attack,2,12,NA,Political violence,3947,4.68,31.69
2006-07-01T00:00:00Z,Northern Africa,Sudan,North Darfur,violence against civilians,Sexual violence,1,72,NA,Political violence,3112,15.8601,25.5013
2006-07-08T00:00:00Z,Northern Africa,Sudan,North Darfur,violence against civilians,Attack,1,1,NA,Political violence,3112,15.8601,25.5013
2006-07-08T00:00:00Z,Northern Africa,Sudan,West Darfur,violence against civilians,Attack,1,1,NA,Political violence,3120,13.5081,22.7026
2006-07-15T00:00:00Z,Northern Africa,Sudan,Central Darfur,violence against civilians,Attack,1,3,NA,Political violence,3107,12.3084,23.2341
2006-07-15T00:00:00Z,Northern Africa,Sudan,Equatoria,battles,Armed clash,1,60,NA,Political violence,3947,4.68,31.69
2006-07-15T00:00:00Z,Northern Africa,Sudan,South Darfur,violence against civilians,Attack,1,1,NA,Political violence,3118,10.9002,24.3019
2006-07-22T00:00:00Z,Northern Africa,Sudan,South Darfur,riots,Mob violence,1,1,NA,Political violence,3118,10.9002,24.3019
2006-07-22T00:00:00Z,Northern Africa,Sudan,Upper Nile,battles,Armed clash,1,15,NA,Political violence,4169,11.048,32.698
2006-08-12T00:00:00Z,Northern Africa,Sudan,Central Darfur,violence against civilians,Attack,1,5,NA,Political violence,3107,12.3084,23.2341
2006-08-12T00:00:00Z,Northern Africa,Sudan,North Darfur,violence against civilians,Attack,1,5,NA,Political violence,3112,15.8601,25.5013
2006-08-12T00:00:00Z,Northern Africa,Sudan,South Darfur,violence against civilians,Attack,1,1,NA,Political violence,3118,10.9002,24.3019
2006-08-19T00:00:00Z,Northern Africa,Sudan,North Darfur,battles,Armed clash,1,2,NA,Political violence,3112,15.8601,25.5013
2006-08-26T00:00:00Z,Northern Africa,Sudan,North Darfur,battles,Armed clash,1,1,NA,Political violence,3112,15.8601,25.5013
2006-08-26T00:00:00Z,Northern Africa,Sudan,North Darfur,violence against civilians,Attack,1,1,NA,Political violence,3112,15.8601,25.5013
2006-09-02T00:00:00Z,Northern Africa,Sudan,Khartoum,violence against civilians,Attack,1,1,NA,Political violence,3111,15.915,33.1352
2006-09-30T00:00:00Z,Northern Africa,Sudan,South Darfur,battles,Armed clash,3,40,NA,Political violence,3118,10.9002,24.3019
2006-09-30T00:00:00Z,Northern Africa,Sudan,South Darfur,violence against civilians,Attack,1,2,NA,Political violence,3118,10.9002,24.3019
2006-10-07T00:00:00Z,Northern Africa,Sudan,East Darfur,violence against civilians,Attack,2,53,NA,Political violence,3108,11.2299,26.3972
2006-10-14T00:00:00Z,Northern Africa,Sudan,Equatoria,battles,Armed clash,2,31,NA,Political violence,3947,4.68,31.69
2006-10-14T00:00:00Z,Northern Africa,Sudan,Equatoria,violence against civilians,Attack,2,80,NA,Political violence,3947,4.68,31.69
2006-10-14T00:00:00Z,Northern Africa,Sudan,North Darfur,battles,Armed clash,1,1,NA,Political violence,3112,15.8601,25.5013
2006-10-21T00:00:00Z,Northern Africa,Sudan,Equatoria,violence against civilians,Attack,1,2,NA,Political violence,3947,4.68,31.69
2006-10-28T00:00:00Z,Northern Africa,Sudan,Equatoria,violence against civilians,Attack,2,16,NA,Political violence,3947,4.68,31.69
2006-10-28T00:00:00Z,Northern Africa,Sudan,West Darfur,violence against civilians,Attack,1,63,NA,Political violence,3120,13.5081,22.7026
2006-11-11T00:00:00Z,Northern Africa,Sudan,East Darfur,violence against civilians,Attack,4,50,NA,Political violence,3108,11.2299,26.3972
2006-11-11T00:00:00Z,Northern Africa,Sudan,North Darfur,battles,Armed clash,1,50,NA,Political violence,3112,15.8601,25.5013
2006-11-11T00:00:00Z,Northern Africa,Sudan,North Darfur,violence against civilians,Attack,5,45,NA,Political violence,3112,15.8601,25.5013
2006-11-11T00:00:00Z,Northern Africa,Sudan,West Darfur,violence against civilians,Attack,3,80,NA,Political violence,3120,13.5081,22.7026
2006-11-18T00:00:00Z,Northern Africa,Sudan,East Darfur,violence against civilians,Attack,1,10,NA,Political violence,3108,11.2299,26.3972
2006-11-18T00:00:00Z,Northern Africa,Sudan,North Darfur,explosions/remote violence,Air/drone strike,1,10,NA,Political violence,3112,15.8601,25.5013
2006-11-18T00:00:00Z,Northern Africa,Sudan,South Darfur,battles,Armed clash,1,6,NA,Political violence,3118,10.9002,24.3019
2006-11-18T00:00:00Z,Northern Africa,Sudan,West Darfur,violence against civilians,Attack,1,11,NA,Political violence,3120,13.5081,22.7026
2006-11-25T00:00:00Z,Northern Africa,Sudan,South Darfur,violence against civilians,Attack,1,32,NA,Political violence,3118,10.9002,24.3019
2006-11-25T00:00:00Z,Northern Africa,Sudan,Upper Nile,battles,Armed clash,2,112,NA,Political violence,4169,11.048,32.698
2006-12-02T00:00:00Z,Northern Africa,Sudan,North Darfur,battles,Armed clash,1,7,NA,Political violence,3112,15.8601,25.5013
2006-12-02T00:00:00Z,Northern Africa,Sudan,North Darfur,violence against civilians,Attack,1,7,NA,Political violence,3112,15.8601,25.5013
2006-12-02T00:00:00Z,Northern Africa,Sudan,North Darfur,violence against civilians,Sexual violence,1,100,NA,Political violence,3112,15.8601,25.5013
2006-12-09T00:00:00Z,Northern Africa,Sudan,Equatoria,violence against civilians,Attack,3,5,NA,Political violence,3947,4.68,31.69
2006-12-09T00:00:00Z,Northern Africa,Sudan,North Darfur,violence against civilians,Attack,1,1,NA,Political violence,3112,15.8601,25.5013
2006-12-09T00:00:00Z,Northern Africa,Sudan,West Darfur,riots,Violent demonstration,2,2,NA,Demonstrations,3120,13.5081,22.7026
2006-12-09T00:00:00Z,Northern Africa,Sudan,West Darfur,violence against civilians,Attack,1,30,NA,Political violence,3120,13.5081,22.7026
2006-12-16T00:00:00Z,Northern Africa,Sudan,North Darfur,battles,Armed clash,1,200,NA,Political violence,3112,15.8601,25.5013
2006-12-16T00:00:00Z,Northern Africa,Sudan,South Darfur,violence against civilians,Attack,2,3,NA,Political violence,3118,10.9002,24.3019
2006-12-16T00:00:00Z,Northern Africa,Sudan,West Darfur,battles,Armed clash,1,1,NA,Political violence,3120,13.5081,22.7026
2006-12-23T00:00:00Z,Northern Africa,Sudan,North Darfur,battles,Armed clash,1,1,NA,Political violence,3112,15.8601,25.5013
2006-12-30T00:00:00Z,Northern Africa,Sudan,Equatoria,battles,Armed clash,1,8,NA,Political violence,3947,4.68,31.69
2006-12-30T00:00:00Z,Northern Africa,Sudan,Equatoria,violence against civilians,Attack,2,20,NA,Political violence,3947,4.68,31.69
2006-12-30T00:00:00Z,Northern Africa,Sudan,North Darfur,violence against civilians,Attack,1,5,NA,Political violence,3112,15.8601,25.5013
2007-01-06T00:00:00Z,Northern Africa,Sudan,Equatoria,violence against civilians,Attack,2,4,NA,Political violence,3947,4.68,31.69
2007-01-06T00:00:00Z,Northern Africa,Sudan,South Darfur,battles,Armed clash,1,42,NA,Political violence,3118,10.9002,24.3019
2007-01-20T00:00:00Z,Northern Africa,Sudan,Blue Nile,explosions/remote violence,Air/drone strike,1,17,NA,Political violence,3106,11.0079,34.0954
2007-01-27T00:00:00Z,Northern Africa,Sudan,Equatoria,battles,Armed clash,2,7,NA,Political violence,3947,4.68,31.69
2007-01-27T00:00:00Z,Northern Africa,Sudan,Equatoria,violence against civilians,Attack,2,12,NA,Political violence,3947,4.68,31.69
2007-01-27T00:00:00Z,Northern Africa,Sudan,North Darfur,battles,Armed clash,1,1,NA,Political violence,3112,15.8601,25.5013
2007-02-03T00:00:00Z,Northern Africa,Sudan,South Darfur,violence against civilians,Attack,2,13,NA,Political violence,3118,10.9002,24.3019
2007-02-10T00:00:00Z,Northern Africa,Sudan,North Darfur,battles,Armed clash,1,70,NA,Political violence,3112,15.8601,25.5013
2007-02-10T00:00:00Z,Northern Africa,Sudan,South Darfur,battles,Armed clash,1,11,NA,Political violence,3118,10.9002,24.3019
2007-02-10T00:00:00Z,Northern Africa,Sudan,West Darfur,violence against civilians,Attack,1,6,NA,Political violence,3120,13.5081,22.7026
2007-02-17T00:00:00Z,Northern Africa,Sudan,North Darfur,battles,Armed clash,1,10,NA,Political violence,3112,15.8601,25.5013
2007-02-24T00:00:00Z,Northern Africa,Sudan,North Darfur,violence against civilians,Attack,1,10,NA,Political violence,3112,15.8601,25.5013
2007-03-03T00:00:00Z,Northern Africa,Sudan,Equatoria,violence against civilians,Attack,1,10,NA,Political violence,3947,4.68,31.69
2007-03-03T00:00:00Z,Northern Africa,Sudan,South Darfur,battles,Armed clash,1,2,NA,Political violence,3118,10.9002,24.3019
2007-03-10T00:00:00Z,Northern Africa,Sudan,North Darfur,violence against civilians,Attack,1,100,NA,Political violence,3112,15.8601,25.5013
2007-03-17T00:00:00Z,Northern Africa,Sudan,Equatoria,violence against civilians,Attack,1,1,NA,Political violence,3947,4.68,31.69
2007-03-24T00:00:00Z,Northern Africa,Sudan,Khartoum,battles,Armed clash,1,10,NA,Political violence,3111,15.915,33.1352
2007-03-24T00:00:00Z,Northern Africa,Sudan,South Darfur,battles,Armed clash,1,1,NA,Political violence,3118,10.9002,24.3019
2007-03-31T00:00:00Z,Northern Africa,Sudan,North Darfur,battles,Armed clash,1,8,NA,Political violence,3112,15.8601,25.5013
2007-03-31T00:00:00Z,Northern Africa,Sudan,South Darfur,violence against civilians,Attack,1,60,NA,Political violence,3118,10.9002,24.3019
2007-04-07T00:00:00Z,Northern Africa,Sudan,North Darfur,battles,Armed clash,3,18,NA,Political violence,3112,15.8601,25.5013
2007-04-07T00:00:00Z,Northern Africa,Sudan,West Darfur,battles,Armed clash,1,17,NA,Political violence,3120,13.5081,22.7026
2007-04-14T00:00:00Z,Northern Africa,Sudan,Bahr el Ghazal,battles,Armed clash,1,16,NA,Political violence,3946,8.598,28.4738
2007-04-14T00:00:00Z,Northern Africa,Sudan,North Darfur,battles,Armed clash,1,1,NA,Political violence,3112,15.8601,25.5013
2007-04-14T00:00:00Z,Northern Africa,Sudan,North Darfur,violence against civilians,Attack,1,73,NA,Political violence,3112,15.8601,25.5013
2007-04-28T00:00:00Z,Northern Africa,Sudan,Equatoria,violence against civilians,Attack,1,7,NA,Political violence,3947,4.68,31.69
2007-05-05T00:00:00Z,Northern Africa,Sudan,Equatoria,violence against civilians,Attack,1,54,NA,Political violence,3947,4.68,31.69
2007-05-05T00:00:00Z,Northern Africa,Sudan,North Darfur,battles,Armed clash,1,100,NA,Political violence,3112,15.8601,25.5013
2007-05-19T00:00:00Z,Northern Africa,Sudan,Equatoria,violence against civilians,Attack,3,9,NA,Political violence,3947,4.68,31.69
2007-05-26T00:00:00Z,Northern Africa,Sudan,North Darfur,battles,Armed clash,1,1,NA,Political violence,3112,15.8601,25.5013
2007-06-16T00:00:00Z,Northern Africa,Sudan,Central Darfur,violence against civilians,Attack,1,1,NA,Political violence,3107,12.3084,23.2341
2007-06-16T00:00:00Z,Northern Africa,Sudan,Equatoria,battles,Armed clash,1,16,NA,Political violence,3947,4.68,31.69
2007-06-16T00:00:00Z,Northern Africa,Sudan,West Darfur,battles,Armed clash,1,11,NA,Political violence,3120,13.5081,22.7026
2007-06-30T00:00:00Z,Northern Africa,Sudan,North Darfur,violence against civilians,Attack,1,200,NA,Political violence,3112,15.8601,25.5013
2007-06-30T00:00:00Z,Northern Africa,Sudan,Upper Nile,battles,Armed clash,1,56,NA,Political violence,4169,11.048,32.698
2007-06-30T00:00:00Z,Northern Africa,Sudan,West Darfur,violence against civilians,Attack,1,200,NA,Political violence,3120,13.5081,22.7026
2007-07-28T00:00:00Z,Northern Africa,Sudan,South Darfur,battles,Armed clash,1,100,NA,Political violence,3118,10.9002,24.3019
2007-08-04T00:00:00Z,Northern Africa,Sudan,East Darfur,battles,Armed clash,1,80,NA,Political violence,3108,11.2299,26.3972
2007-08-11T00:00:00Z,Northern Africa,Sudan,East Darfur,violence against civilians,Attack,1,42,NA,Political violence,3108,11.2299,26.3972
2007-08-11T00:00:00Z,Northern Africa,Sudan,North Darfur,violence against civilians,Attack,1,170,NA,Political violence,3112,15.8601,25.5013
2007-08-11T00:00:00Z,Northern Africa,Sudan,South Darfur,battles,Armed clash,1,10,NA,Political violence,3118,10.9002,24.3019
2007-08-18T00:00:00Z,Northern Africa,Sudan,North Darfur,battles,Armed clash,1,1,NA,Political violence,3112,15.8601,25.5013
2007-08-25T00:00:00Z,Northern Africa,Sudan,West Kordofan,battles,Armed clash,1,15,NA,Political violence,3121,11.8686,28.2211
2007-09-01T00:00:00Z,Northern Africa,Sudan,Equatoria,violence against civilians,Attack,1,1,NA,Political violence,3947,4.68,31.69
2007-09-01T00:00:00Z,Northern Africa,Sudan,West Kordofan,battles,Armed clash,1,41,NA,Political violence,3121,11.8686,28.2211
2007-09-08T00:00:00Z,Northern Africa,Sudan,North Darfur,explosions/remote violence,Air/drone strike,2,13,NA,Political violence,3112,15.8601,25.5013
2007-09-15T00:00:00Z,Northern Africa,Sudan,North Darfur,battles,Armed clash,1,45,NA,Political violence,3112,15.8601,25.5013
2007-09-22T00:00:00Z,Northern Africa,Sudan,North Darfur,battles,Armed clash,1,85,NA,Political violence,3112,15.8601,25.5013
2007-09-29T00:00:00Z,Northern Africa,Sudan,North Darfur,battles,Armed clash,3,30,NA,Political violence,3112,15.8601,25.5013
2007-09-29T00:00:00Z,Northern Africa,Sudan,South Darfur,battles,Armed clash,1,8,NA,Political violence,3118,10.9002,24.3019
2007-10-06T00:00:00Z,Northern Africa,Sudan,East Darfur,battles,Armed clash,1,40,NA,Political violence,3108,11.2299,26.3972
2007-10-06T00:00:00Z,Northern Africa,Sudan,North Darfur,violence against civilians,Attack,1,100,NA,Political violence,3112,15.8601,25.5013
2007-10-06T00:00:00Z,Northern Africa,Sudan,South Darfur,violence against civilians,Attack,2,2,NA,Political violence,3118,10.9002,24.3019
2007-10-13T00:00:00Z,Northern Africa,Sudan,Bahr el Ghazal,battles,Armed clash,1,1,NA,Political violence,3946,8.598,28.4738
2007-10-13T00:00:00Z,Northern Africa,Sudan,East Darfur,violence against civilians,Attack,1,2,NA,Political violence,3108,11.2299,26.3972
2007-10-13T00:00:00Z,Northern Africa,Sudan,South Darfur,violence against civilians,Attack,4,8,NA,Political violence,3118,10.9002,24.3019
2007-10-20T00:00:00Z,Northern Africa,Sudan,Gedaref,violence against civilians,Attack,1,2,NA,Political violence,3109,14.2138,35.0222
2007-10-20T00:00:00Z,Northern Africa,Sudan,North Kordofan,battles,Armed clash,1,20,NA,Political violence,3113,14.3894,29.437
2007-11-10T00:00:00Z,Northern Africa,Sudan,North Kordofan,violence against civilians,Attack,1,5,NA,Political violence,3113,14.3894,29.437
2007-11-24T00:00:00Z,Northern Africa,Sudan,Upper Nile,battles,Armed clash,1,27,NA,Political violence,4169,11.048,32.698
2007-11-24T00:00:00Z,Northern Africa,Sudan,Upper Nile,violence against civilians,Attack,1,7,NA,Political violence,4169,11.048,32.698
2007-12-22T00:00:00Z,Northern Africa,Sudan,Bahr el Ghazal,battles,Armed clash,1,70,NA,Political violence,3946,8.598,28.4738
2007-12-29T00:00:00Z,Northern Africa,Sudan,Bahr el Ghazal,violence against civilians,Attack,1,28,NA,Political violence,3946,8.598,28.4738
2007-12-29T00:00:00Z,Northern Africa,Sudan,Khartoum,violence against civilians,Attack,1,2,NA,Political violence,3111,15.915,33.1352
2007-12-29T00:00:00Z,Northern Africa,Sudan,South Darfur,violence against civilians,Attack,1,1,NA,Political violence,3118,10.9002,24.3019
2007-12-29T00:00:00Z,Northern Africa,Sudan,Upper Nile,battles,Armed clash,1,10,NA,Political violence,4169,11.048,32.698
2008-01-26T00:00:00Z,Northern Africa,Sudan,Equatoria,battles,Armed clash,2,4,NA,Political violence,3947,4.68,31.69
2008-01-26T00:00:00Z,Northern Africa,Sudan,Equatoria,violence against civilians,Attack,2,8,NA,Political violence,3947,4.68,31.69
2008-02-02T00:00:00Z,Northern Africa,Sudan,Equatoria,violence against civilians,Attack,2,136,NA,Political violence,3947,4.68,31.69
2008-02-02T00:00:00Z,Northern Africa,Sudan,North Darfur,explosions/remote violence,Air/drone strike,1,2,NA,Political violence,3112,15.8601,25.5013
2008-02-02T00:00:00Z,Northern Africa,Sudan,South Darfur,battles,Armed clash,1,5,NA,Political violence,3118,10.9002,24.3019
2008-02-02T00:00:00Z,Northern Africa,Sudan,South Darfur,explosions/remote violence,Remote explosive/landmine/IED,1,114,NA,Political violence,3118,10.9002,24.3019
2008-02-02T00:00:00Z,Northern Africa,Sudan,West Darfur,explosions/remote violence,Air/drone strike,1,27,NA,Political violence,3120,13.5081,22.7026
2008-02-02T00:00:00Z,Northern Africa,Sudan,West Darfur,violence against civilians,Attack,2,1,NA,Political violence,3120,13.5081,22.7026
2008-02-09T00:00:00Z,Northern Africa,Sudan,Equatoria,violence against civilians,Attack,1,1,NA,Political violence,3947,4.68,31.69
2008-02-09T00:00:00Z,Northern Africa,Sudan,South Darfur,violence against civilians,Attack,1,1,NA,Political violence,3118,10.9002,24.3019
2008-02-16T00:00:00Z,Northern Africa,Sudan,Equatoria,violence against civilians,Attack,1,11,NA,Political violence,3947,4.68,31.69
2008-02-16T00:00:00Z,Northern Africa,Sudan,Equatoria,violence against civilians,Sexual violence,1,40,NA,Political violence,3947,4.68,31.69
2008-02-16T00:00:00Z,Northern Africa,Sudan,South Kordofan,violence against civilians,Attack,1,1,NA,Political violence,3119,11.2289,30.914
2008-02-16T00:00:00Z,Northern Africa,Sudan,West Darfur,battles,Armed clash,1,24,NA,Political violence,3120,13.5081,22.7026
2008-02-23T00:00:00Z,Northern Africa,Sudan,Equatoria,violence against civilians,Attack,1,11,NA,Political violence,3947,4.68,31.69
2008-02-23T00:00:00Z,Northern Africa,Sudan,South Darfur,battles,Armed clash,1,21,NA,Political violence,3118,10.9002,24.3019
2008-03-01T00:00:00Z,Northern Africa,Sudan,Equatoria,battles,Armed clash,2,12,NA,Political violence,3947,4.68,31.69
2008-03-08T00:00:00Z,Northern Africa,Sudan,Equatoria,battles,Armed clash,1,6,NA,Political violence,3947,4.68,31.69
2008-03-08T00:00:00Z,Northern Africa,Sudan,Equatoria,violence against civilians,Attack,2,2,NA,Political violence,3947,4.68,31.69
2008-03-22T00:00:00Z,Northern Africa,Sudan,Abyei,violence against civilians,Attack,1,3,NA,Political violence,3104,9.7332,28.4712
2008-03-22T00:00:00Z,Northern Africa,Sudan,Bahr el Ghazal,riots,Mob violence,1,1,NA,Political violence,3946,8.598,28.4738
2008-03-22T00:00:00Z,Northern Africa,Sudan,South Darfur,violence against civilians,Attack,1,1,NA,Political violence,3118,10.9002,24.3019
2008-03-22T00:00:00Z,Northern Africa,Sudan,Upper Nile,violence against civilians,Attack,2,2,NA,Political violence,4169,11.048,32.698
2008-03-29T00:00:00Z,Northern Africa,Sudan,North Darfur,explosions/remote violence,Air/drone strike,2,2,NA,Political violence,3112,15.8601,25.5013
2008-04-05T00:00:00Z,Northern Africa,Sudan,Bahr el Ghazal,violence against civilians,Attack,2,4,NA,Political violence,3946,8.598,28.4738
2008-04-05T00:00:00Z,Northern Africa,Sudan,North Darfur,violence against civilians,Attack,5,2,NA,Political violence,3112,15.8601,25.5013
2008-04-12T00:00:00Z,Northern Africa,Sudan,Equatoria,battles,Armed clash,1,9,NA,Political violence,3947,4.68,31.69
2008-04-12T00:00:00Z,Northern Africa,Sudan,South Darfur,violence against civilians,Attack,1,10,NA,Political violence,3118,10.9002,24.3019
2008-04-19T00:00:00Z,Northern Africa,Sudan,Bahr el Ghazal,battles,Armed clash,1,95,NA,Political violence,3946,8.598,28.4738
2008-04-19T00:00:00Z,Northern Africa,Sudan,South Darfur,violence against civilians,Attack,2,3,NA,Political violence,3118,10.9002,24.3019
2008-04-19T00:00:00Z,Northern Africa,Sudan,West Darfur,violence against civilians,Attack,3,1,NA,Political violence,3120,13.5081,22.7026
2008-04-26T00:00:00Z,Northern Africa,Sudan,North Darfur,explosions/remote violence,Air/drone strike,4,34,NA,Political violence,3112,15.8601,25.5013
2008-05-03T00:00:00Z,Northern Africa,Sudan,Equatoria,violence against civilians,Attack,1,10,NA,Political violence,3947,4.68,31.69
2008-05-03T00:00:00Z,Northern Africa,Sudan,North Darfur,explosions/remote violence,Air/drone strike,3,13,NA,Political violence,3112,15.8601,25.5013
2008-05-03T00:00:00Z,Northern Africa,Sudan,Upper Nile,battles,Armed clash,1,20,NA,Political violence,4169,11.048,32.698
2008-05-10T00:00:00Z,Northern Africa,Sudan,Abyei,battles,Armed clash,3,5,NA,Political violence,3104,9.7332,28.4712
2008-05-10T00:00:00Z,Northern Africa,Sudan,Khartoum,battles,Non-state actor overtakes territory,2,136,NA,Political violence,3111,15.915,33.1352
2008-05-17T00:00:00Z,Northern Africa,Sudan,Abyei,battles,Armed clash,2,83,NA,Political violence,3104,9.7332,28.4712
2008-05-24T00:00:00Z,Northern Africa,Sudan,North Darfur,battles,Armed clash,1,1,NA,Political violence,3112,15.8601,25.5013
2008-05-31T00:00:00Z,Northern Africa,Sudan,Equatoria,battles,Armed clash,2,5,NA,Political violence,3947,4.68,31.69
2008-05-31T00:00:00Z,Northern Africa,Sudan,Equatoria,violence against civilians,Attack,2,15,NA,Political violence,3947,4.68,31.69
2008-05-31T00:00:00Z,Northern Africa,Sudan,South Kordofan,violence against civilians,Attack,1,2,NA,Political violence,3119,11.2289,30.914
2008-06-07T00:00:00Z,Northern Africa,Sudan,North Darfur,battles,Armed clash,2,21,NA,Political violence,3112,15.8601,25.5013
2008-06-07T00:00:00Z,Northern Africa,Sudan,Sennar,battles,Armed clash,1,10,NA,Political violence,3117,12.9093,34.0815
2008-06-14T00:00:00Z,Northern Africa,Sudan,Equatoria,battles,Armed clash,2,6,NA,Political violence,3947,4.68,31.69
2008-06-14T00:00:00Z,Northern Africa,Sudan,Equatoria,violence against civilians,Attack,4,2,NA,Political violence,3947,4.68,31.69
2008-06-21T00:00:00Z,Northern Africa,Sudan,Equatoria,violence against civilians,Attack,1,1,NA,Political violence,3947,4.68,31.69
2008-06-28T00:00:00Z,Northern Africa,Sudan,Equatoria,violence against civilians,Attack,2,2,NA,Political violence,3947,4.68,31.69
2008-06-28T00:00:00Z,Northern Africa,Sudan,West Darfur,battles,Armed clash,1,16,NA,Political violence,3120,13.5081,22.7026
2008-07-05T00:00:00Z,Northern Africa,Sudan,Al Jazirah,battles,Armed clash,1,19,NA,Political violence,3105,14.6593,33.2294
2008-07-05T00:00:00Z,Northern Africa,Sudan,North Darfur,battles,Armed clash,2,7,NA,Political violence,3112,15.8601,25.5013
2008-07-12T00:00:00Z,Northern Africa,Sudan,Central Darfur,riots,Mob violence,1,3,NA,Political violence,3107,12.3084,23.2341
2008-07-12T00:00:00Z,Northern Africa,Sudan,Equatoria,battles,Armed clash,1,4,NA,Political violence,3947,4.68,31.69
2008-07-12T00:00:00Z,Northern Africa,Sudan,Equatoria,violence against civilians,Attack,1,10,NA,Political violence,3947,4.68,31.69
2008-07-12T00:00:00Z,Northern Africa,Sudan,West Darfur,battles,Armed clash,1,1,NA,Political violence,3120,13.5081,22.7026
2008-07-12T00:00:00Z,Northern Africa,Sudan,West Darfur,violence against civilians,Attack,1,11,NA,Political violence,3120,13.5081,22.7026
2008-07-19T00:00:00Z,Northern Africa,Sudan,Equatoria,violence against civilians,Attack,1,10,NA,Political violence,3947,4.68,31.69
2008-07-19T00:00:00Z,Northern Africa,Sudan,Kassala,battles,Armed clash,1,1,NA,Political violence,3110,15.7104,35.5356
2008-07-19T00:00:00Z,Northern Africa,Sudan,North Darfur,explosions/remote violence,Air/drone strike,2,3,NA,Political violence,3112,15.8601,25.5013
2008-07-19T00:00:00Z,Northern Africa,Sudan,South Darfur,violence against civilians,Attack,1,1,NA,Political violence,3118,10.9002,24.3019
2008-07-19T00:00:00Z,Northern Africa,Sudan,West Darfur,explosions/remote violence,Air/drone strike,1,1,NA,Political violence,3120,13.5081,22.7026
2008-07-26T00:00:00Z,Northern Africa,Sudan,Equatoria,battles,Armed clash,2,136,NA,Political violence,3947,4.68,31.69
2008-07-26T00:00:00Z,Northern Africa,Sudan,Equatoria,violence against civilians,Attack,2,38,NA,Political violence,3947,4.68,31.69
2008-07-26T00:00:00Z,Northern Africa,Sudan,Khartoum,riots,Mob violence,1,2,NA,Political violence,3111,15.915,33.1352
2008-07-26T00:00:00Z,Northern Africa,Sudan,North Darfur,battles,Armed clash,1,4,NA,Political violence,3112,15.8601,25.5013
2008-08-02T00:00:00Z,Northern Africa,Sudan,Bahr el Ghazal,battles,Armed clash,1,15,NA,Political violence,3946,8.598,28.4738
2008-08-02T00:00:00Z,Northern Africa,Sudan,East Darfur,violence against civilians,Attack,1,50,NA,Political violence,3108,11.2299,26.3972
2008-08-02T00:00:00Z,Northern Africa,Sudan,North Darfur,violence against civilians,Attack,1,50,NA,Political violence,3112,15.8601,25.5013
2008-08-02T00:00:00Z,Northern Africa,Sudan,South Darfur,violence against civilians,Attack,1,6,NA,Political violence,3118,10.9002,24.3019
2008-08-02T00:00:00Z,Northern Africa,Sudan,Upper Nile,violence against civilians,Attack,1,4,NA,Political violence,4169,11.048,32.698
2008-08-02T00:00:00Z,Northern Africa,Sudan,West Darfur,violence against civilians,Attack,2,101,NA,Political violence,3120,13.5081,22.7026
2008-08-16T00:00:00Z,Northern Africa,Sudan,East Darfur,battles,Armed clash,1,70,NA,Political violence,3108,11.2299,26.3972
2008-08-16T00:00:00Z,Northern Africa,Sudan,North Darfur,battles,Armed clash,1,2,NA,Political violence,3112,15.8601,25.5013
2008-08-16T00:00:00Z,Northern Africa,Sudan,North Darfur,violence against civilians,Attack,2,2,NA,Political violence,3112,15.8601,25.5013
2008-08-16T00:00:00Z,Northern Africa,Sudan,Upper Nile,battles,Armed clash,1,6,NA,Political violence,4169,11.048,32.698
2008-08-16T00:00:00Z,Northern Africa,Sudan,Upper Nile,violence against civilians,Attack,1,13,NA,Political violence,4169,11.048,32.698
2008-08-23T00:00:00Z,Northern Africa,Sudan,South Darfur,violence against civilians,Attack,3,36,NA,Political violence,3118,10.9002,24.3019
2008-08-30T00:00:00Z,Northern Africa,Sudan,West Darfur,riots,Mob violence,1,1,NA,Political violence,3120,13.5081,22.7026
2008-09-06T00:00:00Z,Northern Africa,Sudan,North Darfur,battles,Armed clash,5,72,NA,Political violence,3112,15.8601,25.5013
2008-09-06T00:00:00Z,Northern Africa,Sudan,North Darfur,explosions/remote violence,Air/drone strike,1,10,NA,Political violence,3112,15.8601,25.5013
2008-09-06T00:00:00Z,Northern Africa,Sudan,Northern,explosions/remote violence,Remote explosive/landmine/IED,1,6,NA,Political violence,3114,19.3656,29.8955
2008-09-06T00:00:00Z,Northern Africa,Sudan,Northern,violence against civilians,Attack,1,6,NA,Political violence,3114,19.3656,29.8955
2008-09-06T00:00:00Z,Northern Africa,Sudan,South Darfur,violence against civilians,Attack,1,2,NA,Political violence,3118,10.9002,24.3019
2008-09-13T00:00:00Z,Northern Africa,Sudan,Equatoria,battles,Armed clash,2,3,NA,Political violence,3947,4.68,31.69
2008-09-13T00:00:00Z,Northern Africa,Sudan,Equatoria,violence against civilians,Attack,1,1,NA,Political violence,3947,4.68,31.69
2008-09-20T00:00:00Z,Northern Africa,Sudan,Equatoria,battles,Armed clash,1,1,NA,Political violence,3947,4.68,31.69
2008-09-20T00:00:00Z,Northern Africa,Sudan,Equatoria,violence against civilians,Attack,1,1,NA,Political violence,3947,4.68,31.69
2008-10-11T00:00:00Z,Northern Africa,Sudan,East Darfur,violence against civilians,Attack,1,23,NA,Political violence,3108,11.2299,26.3972
2008-11-15T00:00:00Z,Northern Africa,Sudan,North Darfur,battles,Armed clash,1,30,NA,Political violence,3112,15.8601,25.5013
2008-11-15T00:00:00Z,Northern Africa,Sudan,North Darfur,explosions/remote violence,Remote explosive/landmine/IED,1,10,NA,Political violence,3112,15.8601,25.5013
2008-12-06T00:00:00Z,Northern Africa,Sudan,Abyei,battles,Armed clash,1,1,NA,Political violence,3104,9.7332,28.4712
2008-12-06T00:00:00Z,Northern Africa,Sudan,North Darfur,battles,Armed clash,1,41,NA,Political violence,3112,15.8601,25.5013
2008-12-06T00:00:00Z,Northern Africa,Sudan,South Darfur,battles,Armed clash,3,131,NA,Political violence,3118,10.9002,24.3019
2008-12-13T00:00:00Z,Northern Africa,Sudan,Bahr el Ghazal,battles,Armed clash,1,17,NA,Political violence,3946,8.598,28.4738
2008-12-13T00:00:00Z,Northern Africa,Sudan,Equatoria,violence against civilians,Attack,1,2,NA,Political violence,3947,4.68,31.69
2008-12-20T00:00:00Z,Northern Africa,Sudan,Equatoria,violence against civilians,Attack,3,200,NA,Political violence,3947,4.68,31.69
2008-12-27T00:00:00Z,Northern Africa,Sudan,Equatoria,violence against civilians,Attack,3,22,NA,Political violence,3947,4.68,31.69
2008-12-27T00:00:00Z,Northern Africa,Sudan,North Darfur,battles,Armed clash,1,1,NA,Political violence,3112,15.8601,25.5013
2009-01-03T00:00:00Z,Northern Africa,Sudan,Bahr el Ghazal,violence against civilians,Attack,1,4,NA,Political violence,3946,8.598,28.4738
2009-01-03T00:00:00Z,Northern Africa,Sudan,Equatoria,battles,Armed clash,1,1,NA,Political violence,3947,4.68,31.69
2009-01-03T00:00:00Z,Northern Africa,Sudan,Equatoria,violence against civilians,Attack,7,108,NA,Political violence,3947,4.68,31.69
2009-01-03T00:00:00Z,Northern Africa,Sudan,Upper Nile,violence against civilians,Attack,1,1,NA,Political violence,4169,11.048,32.698
2009-01-10T00:00:00Z,Northern Africa,Sudan,Bahr el Ghazal,battles,Armed clash,1,24,NA,Political violence,3946,8.598,28.4738
2009-01-10T00:00:00Z,Northern Africa,Sudan,Equatoria,battles,Armed clash,1,4,NA,Political violence,3947,4.68,31.69
2009-01-10T00:00:00Z,Northern Africa,Sudan,South Kordofan,battles,Armed clash,4,36,NA,Political violence,3119,11.2289,30.914
2009-01-10T00:00:00Z,Northern Africa,Sudan,Upper Nile,battles,Armed clash,2,309,NA,Political violence,4169,11.048,32.698
2009-01-17T00:00:00Z,Northern Africa,Sudan,Equatoria,violence against civilians,Attack,3,25,NA,Political violence,3947,4.68,31.69
2009-02-07T00:00:00Z,Northern Africa,Sudan,Upper Nile,violence against civilians,Attack,2,30,NA,Political violence,4169,11.048,32.698
2009-02-14T00:00:00Z,Northern Africa,Sudan,Equatoria,battles,Armed clash,3,3,NA,Political violence,3947,4.68,31.69
2009-02-14T00:00:00Z,Northern Africa,Sudan,Equatoria,violence against civilians,Attack,2,1,NA,Political violence,3947,4.68,31.69
2009-02-14T00:00:00Z,Northern Africa,Sudan,North Darfur,battles,Armed clash,2,3,NA,Political violence,3112,15.8601,25.5013
2009-02-14T00:00:00Z,Northern Africa,Sudan,North Darfur,explosions/remote violence,Air/drone strike,1,4,NA,Political violence,3112,15.8601,25.5013
2009-02-21T00:00:00Z,Northern Africa,Sudan,North Darfur,battles,Armed clash,2,1,NA,Political violence,3112,15.8601,25.5013
2009-02-21T00:00:00Z,Northern Africa,Sudan,South Darfur,violence against civilians,Attack,2,2,NA,Political violence,3118,10.9002,24.3019
2009-02-21T00:00:00Z,Northern Africa,Sudan,Upper Nile,battles,Armed clash,1,151,NA,Political violence,4169,11.048,32.698
2009-02-21T00:00:00Z,Northern Africa,Sudan,Upper Nile,explosions/remote violence,Air/drone strike,1,7,NA,Political violence,4169,11.048,32.698
2009-02-28T00:00:00Z,Northern Africa,Sudan,Equatoria,violence against civilians,Attack,4,17,NA,Political violence,3947,4.68,31.69
2009-02-28T00:00:00Z,Northern Africa,Sudan,North Darfur,violence against civilians,Attack,1,1,NA,Political violence,3112,15.8601,25.5013
2009-02-28T00:00:00Z,Northern Africa,Sudan,Upper Nile,violence against civilians,Attack,2,112,NA,Political violence,4169,11.048,32.698
2009-03-07T00:00:00Z,Northern Africa,Sudan,Equatoria,battles,Armed clash,4,6,NA,Political violence,3947,4.68,31.69
2009-03-07T00:00:00Z,Northern Africa,Sudan,Equatoria,violence against civilians,Attack,1,12,NA,Political violence,3947,4.68,31.69
2009-03-07T00:00:00Z,Northern Africa,Sudan,Upper Nile,violence against civilians,Attack,7,343,NA,Political violence,4169,11.048,32.698
2009-03-21T00:00:00Z,Northern Africa,Sudan,Equatoria,violence against civilians,Attack,1,2,NA,Political violence,3947,4.68,31.69
2009-03-21T00:00:00Z,Northern Africa,Sudan,North Kordofan,violence against civilians,Attack,1,9,NA,Political violence,3113,14.3894,29.437
2009-03-21T00:00:00Z,Northern Africa,Sudan,South Darfur,violence against civilians,Attack,1,1,NA,Political violence,3118,10.9002,24.3019
2009-03-21T00:00:00Z,Northern Africa,Sudan,West Darfur,violence against civilians,Attack,3,1,NA,Political violence,3120,13.5081,22.7026
2009-03-28T00:00:00Z,Northern Africa,Sudan,Equatoria,battles,Armed clash,2,4,NA,Political violence,3947,4.68,31.69
2009-03-28T00:00:00Z,Northern Africa,Sudan,Equatoria,violence against civilians,Attack,1,2,NA,Political violence,3947,4.68,31.69
2009-04-04T00:00:00Z,Northern Africa,Sudan,Upper Nile,violence against civilians,Attack,1,10,NA,Political violence,4169,11.048,32.698
2009-04-11T00:00:00Z,Northern Africa,Sudan,Bahr el Ghazal,violence against civilians,Attack,1,20,NA,Political violence,3946,8.598,28.4738
2009-04-18T00:00:00Z,Northern Africa,Sudan,Upper Nile,violence against civilians,Attack,1,250,NA,Political violence,4169,11.048,32.698
2009-04-25T00:00:00Z,Northern Africa,Sudan,Bahr el Ghazal,violence against civilians,Sexual violence,1,1,NA,Political violence,3946,8.598,28.4738
2009-04-25T00:00:00Z,Northern Africa,Sudan,Upper Nile,violence against civilians,Attack,2,23,NA,Political violence,4169,11.048,32.698
2009-05-02T00:00:00Z,Northern Africa,Sudan,Equatoria,violence against civilians,Attack,5,4,NA,Political violence,3947,4.68,31.69
2009-05-02T00:00:00Z,Northern Africa,Sudan,South Darfur,battles,Armed clash,1,1,NA,Political violence,3118,10.9002,24.3019
2009-05-02T00:00:00Z,Northern Africa,Sudan,Upper Nile,battles,Armed clash,1,49,NA,Political violence,4169,11.048,32.698
2009-05-09T00:00:00Z,Northern Africa,Sudan,Equatoria,violence against civilians,Attack,2,3,NA,Political violence,3947,4.68,31.69
2009-05-09T00:00:00Z,Northern Africa,Sudan,South Darfur,battles,Armed clash,1,3,NA,Political violence,3118,10.9002,24.3019
2009-05-16T00:00:00Z,Northern Africa,Sudan,East Darfur,violence against civilians,Attack,1,1,NA,Political violence,3108,11.2299,26.3972
2009-05-16T00:00:00Z,Northern Africa,Sudan,Equatoria,violence against civilians,Attack,2,1,NA,Political violence,3947,4.68,31.69
2009-05-16T00:00:00Z,Northern Africa,Sudan,Upper Nile,battles,Armed clash,1,5,NA,Political violence,4169,11.048,32.698
2009-05-23T00:00:00Z,Northern Africa,Sudan,North Kordofan,battles,Armed clash,1,244,NA,Political violence,3113,14.3894,29.437
2009-05-23T00:00:00Z,Northern Africa,Sudan,West Darfur,battles,Non-state actor overtakes territory,1,63,NA,Political violence,3120,13.5081,22.7026
2009-05-23T00:00:00Z,Northern Africa,Sudan,West Darfur,violence against civilians,Attack,1,1,NA,Political violence,3120,13.5081,22.7026
2009-06-13T00:00:00Z,Northern Africa,Sudan,Upper Nile,battles,Armed clash,1,40,NA,Political violence,4169,11.048,32.698
2009-06-20T00:00:00Z,Northern Africa,Sudan,Equatoria,violence against civilians,Attack,2,4,NA,Political violence,3947,4.68,31.69
2009-06-27T00:00:00Z,Northern Africa,Sudan,Equatoria,violence against civilians,Attack,3,2,NA,Political violence,3947,4.68,31.69
2009-06-27T00:00:00Z,Northern Africa,Sudan,North Darfur,explosions/remote violence,Air/drone strike,1,8,NA,Political violence,3112,15.8601,25.5013
2009-07-04T00:00:00Z,Northern Africa,Sudan,Equatoria,battles,Armed clash,1,3,NA,Political violence,3947,4.68,31.69
2009-07-25T00:00:00Z,Northern Africa,Sudan,Equatoria,violence against civilians,Attack,3,4,NA,Political violence,3947,4.68,31.69
2009-08-01T00:00:00Z,Northern Africa,Sudan,South Darfur,violence against civilians,Attack,1,1,NA,Political violence,3118,10.9002,24.3019
2009-08-01T00:00:00Z,Northern Africa,Sudan,Upper Nile,battles,Armed clash,1,11,NA,Political violence,4169,11.048,32.698
2009-08-01T00:00:00Z,Northern Africa,Sudan,Upper Nile,violence against civilians,Attack,2,157,NA,Political violence,4169,11.048,32.698
2009-08-08T00:00:00Z,Northern Africa,Sudan,Bahr el Ghazal,violence against civilians,Attack,1,30,NA,Political violence,3946,8.598,28.4738
2009-08-08T00:00:00Z,Northern Africa,Sudan,Equatoria,battles,Armed clash,2,2,NA,Political violence,3947,4.68,31.69
2009-08-08T00:00:00Z,Northern Africa,Sudan,Equatoria,violence against civilians,Attack,5,3,NA,Political violence,3947,4.68,31.69
2009-08-08T00:00:00Z,Northern Africa,Sudan,South Darfur,battles,Armed clash,1,1,NA,Political violence,3118,10.9002,24.3019
2009-08-15T00:00:00Z,Northern Africa,Sudan,Bahr el Ghazal,violence against civilians,Attack,1,5,NA,Political violence,3946,8.598,28.4738
2009-08-15T00:00:00Z,Northern Africa,Sudan,Equatoria,violence against civilians,Attack,2,7,NA,Political violence,3947,4.68,31.69
2009-08-15T00:00:00Z,Northern Africa,Sudan,South Darfur,violence against civilians,Attack,1,1,NA,Political violence,3118,10.9002,24.3019
2009-08-15T00:00:00Z,Northern Africa,Sudan,Upper Nile,battles,Armed clash,2,8,NA,Political violence,4169,11.048,32.698
2009-08-15T00:00:00Z,Northern Africa,Sudan,Upper Nile,violence against civilians,Attack,1,4,NA,Political violence,4169,11.048,32.698
2009-08-22T00:00:00Z,Northern Africa,Sudan,Bahr el Ghazal,violence against civilians,Attack,1,3,NA,Political violence,3946,8.598,28.4738
2009-08-22T00:00:00Z,Northern Africa,Sudan,Equatoria,violence against civilians,Attack,1,10,NA,Political violence,3947,4.68,31.69
2009-08-22T00:00:00Z,Northern Africa,Sudan,Upper Nile,battles,Armed clash,1,46,NA,Political violence,4169,11.048,32.698
2009-08-22T00:00:00Z,Northern Africa,Sudan,Upper Nile,violence against civilians,Attack,1,43,NA,Political violence,4169,11.048,32.698
2009-08-29T00:00:00Z,Northern Africa,Sudan,Upper Nile,battles,Armed clash,3,31,NA,Political violence,4169,11.048,32.698
2009-08-29T00:00:00Z,Northern Africa,Sudan,Upper Nile,violence against civilians,Attack,1,20,NA,Political violence,4169,11.048,32.698
2009-09-05T00:00:00Z,Northern Africa,Sudan,Bahr el Ghazal,violence against civilians,Attack,2,5,NA,Political violence,3946,8.598,28.4738
2009-09-05T00:00:00Z,Northern Africa,Sudan,North Darfur,battles,Armed clash,2,11,NA,Political violence,3112,15.8601,25.5013
2009-09-19T00:00:00Z,Northern Africa,Sudan,Upper Nile,violence against civilians,Attack,2,106,NA,Political violence,4169,11.048,32.698
2009-09-26T00:00:00Z,Northern Africa,Sudan,Bahr el Ghazal,battles,Armed clash,1,2,NA,Political violence,3946,8.598,28.4738
2009-09-26T00:00:00Z,Northern Africa,Sudan,Upper Nile,battles,Armed clash,2,22,NA,Political violence,4169,11.048,32.698
2009-09-26T00:00:00Z,Northern Africa,Sudan,West Darfur,battles,Armed clash,1,1,NA,Political violence,3120,13.5081,22.7026
2009-10-03T00:00:00Z,Northern Africa,Sudan,Bahr el Ghazal,battles,Armed clash,1,5,NA,Political violence,3946,8.598,28.4738
2009-10-03T00:00:00Z,Northern Africa,Sudan,Equatoria,battles,Armed clash,3,32,NA,Political violence,3947,4.68,31.69
2009-10-03T00:00:00Z,Northern Africa,Sudan,Equatoria,violence against civilians,Attack,2,3,NA,Political violence,3947,4.68,31.69
2009-10-03T00:00:00Z,Northern Africa,Sudan,Upper Nile,violence against civilians,Attack,1,16,NA,Political violence,4169,11.048,32.698
2009-10-10T00:00:00Z,Northern Africa,Sudan,Equatoria,battles,Armed clash,1,16,NA,Political violence,3947,4.68,31.69
2009-10-10T00:00:00Z,Northern Africa,Sudan,Equatoria,violence against civilians,Attack,4,15,NA,Political violence,3947,4.68,31.69
2009-10-10T00:00:00Z,Northern Africa,Sudan,North Darfur,battles,Armed clash,1,2,NA,Political violence,3112,15.8601,25.5013
2009-10-10T00:00:00Z,Northern Africa,Sudan,South Darfur,battles,Armed clash,1,10,NA,Political violence,3118,10.9002,24.3019
2009-10-10T00:00:00Z,Northern Africa,Sudan,Upper Nile,battles,Armed clash,1,7,NA,Political violence,4169,11.048,32.698
2009-10-17T00:00:00Z,Northern Africa,Sudan,Bahr el Ghazal,violence against civilians,Attack,2,8,NA,Political violence,3946,8.598,28.4738
2009-10-17T00:00:00Z,Northern Africa,Sudan,Equatoria,violence against civilians,Attack,5,27,NA,Political violence,3947,4.68,31.69
2009-10-17T00:00:00Z,Northern Africa,Sudan,North Darfur,battles,Armed clash,1,2,NA,Political violence,3112,15.8601,25.5013
2009-10-17T00:00:00Z,Northern Africa,Sudan,South Darfur,battles,Armed clash,1,3,NA,Political violence,3118,10.9002,24.3019
2009-10-17T00:00:00Z,Northern Africa,Sudan,Upper Nile,violence against civilians,Attack,1,7,NA,Political violence,4169,11.048,32.698
2009-10-24T00:00:00Z,Northern Africa,Sudan,North Darfur,battles,Armed clash,1,10,NA,Political violence,3112,15.8601,25.5013
2009-10-31T00:00:00Z,Northern Africa,Sudan,Red Sea,battles,Armed clash,1,4,NA,Political violence,3115,20.0739,35.4126
2009-10-31T00:00:00Z,Northern Africa,Sudan,Upper Nile,battles,Armed clash,2,17,NA,Political violence,4169,11.048,32.698
2009-11-07T00:00:00Z,Northern Africa,Sudan,Equatoria,violence against civilians,Attack,4,19,NA,Political violence,3947,4.68,31.69
2009-11-07T00:00:00Z,Northern Africa,Sudan,Upper Nile,battles,Armed clash,2,22,NA,Political violence,4169,11.048,32.698
2009-11-07T00:00:00Z,Northern Africa,Sudan,Upper Nile,violence against civilians,Attack,2,2,NA,Political violence,4169,11.048,32.698
2009-11-14T00:00:00Z,Northern Africa,Sudan,Bahr el Ghazal,battles,Armed clash,2,54,NA,Political violence,3946,8.598,28.4738
2009-11-14T00:00:00Z,Northern Africa,Sudan,Equatoria,violence against civilians,Attack,1,5,NA,Political violence,3947,4.68,31.69
2009-11-14T00:00:00Z,Northern Africa,Sudan,South Darfur,violence against civilians,Attack,1,11,NA,Political violence,3118,10.9002,24.3019
2009-11-28T00:00:00Z,Northern Africa,Sudan,North Darfur,battles,Armed clash,2,5,NA,Political violence,3112,15.8601,25.5013
2009-12-05T00:00:00Z,Northern Africa,Sudan,Equatoria,violence against civilians,Attack,1,1,NA,Political violence,3947,4.68,31.69
2009-12-12T00:00:00Z,Northern Africa,Sudan,Bahr el Ghazal,battles,Armed clash,3,3,NA,Political violence,3946,8.598,28.4738
2009-12-12T00:00:00Z,Northern Africa,Sudan,South Darfur,battles,Armed clash,1,15,NA,Political violence,3118,10.9002,24.3019
2009-12-19T00:00:00Z,Northern Africa,Sudan,Bahr el Ghazal,battles,Armed clash,1,3,NA,Political violence,3946,8.598,28.4738
2009-12-19T00:00:00Z,Northern Africa,Sudan,South Darfur,violence against civilians,Attack,1,5,NA,Political violence,3118,10.9002,24.3019
2009-12-26T00:00:00Z,Northern Africa,Sudan,Equatoria,violence against civilians,Attack,1,7,NA,Political violence,3947,4.68,31.69
2009-12-26T00:00:00Z,Northern Africa,Sudan,Upper Nile,battles,Armed clash,2,21,NA,Political violence,4169,11.048,32.698
2009-12-26T00:00:00Z,Northern Africa,Sudan,Upper Nile,violence against civilians,Attack,1,1,NA,Political violence,4169,11.048,32.698
2010-01-02T00:00:00Z,Northern Africa,Sudan,Bahr el Ghazal,battles,Armed clash,2,152,NA,Political violence,3946,8.598,28.4738
2010-01-02T00:00:00Z,Northern Africa,Sudan,Gedaref,battles,Armed clash,1,5,NA,Political violence,3109,14.2138,35.0222
2010-01-09T00:00:00Z,Northern Africa,Sudan,Bahr el Ghazal,battles,Armed clash,1,45,NA,Political violence,3946,8.598,28.4738
2010-01-16T00:00:00Z,Northern Africa,Sudan,North Darfur,battles,Armed clash,2,18,NA,Political violence,3112,15.8601,25.5013
2010-01-16T00:00:00Z,Northern Africa,Sudan,Upper Nile,battles,Armed clash,2,25,NA,Political violence,4169,11.048,32.698
2010-01-30T00:00:00Z,Northern Africa,Sudan,Upper Nile,battles,Armed clash,4,33,NA,Political violence,4169,11.048,32.698
2010-01-30T00:00:00Z,Northern Africa,Sudan,West Darfur,battles,Armed clash,1,15,NA,Political violence,3120,13.5081,22.7026
2010-02-06T00:00:00Z,Northern Africa,Sudan,North Darfur,battles,Armed clash,3,192,NA,Political violence,3112,15.8601,25.5013
2010-02-06T00:00:00Z,Northern Africa,Sudan,Upper Nile,battles,Armed clash,1,2,NA,Political violence,4169,11.048,32.698
2010-02-13T00:00:00Z,Northern Africa,Sudan,Equatoria,battles,Armed clash,1,2,NA,Political violence,3947,4.68,31.69
2010-02-13T00:00:00Z,Northern Africa,Sudan,North Darfur,battles,Armed clash,1,12,NA,Political violence,3112,15.8601,25.5013
2010-02-20T00:00:00Z,Northern Africa,Sudan,Bahr el Ghazal,battles,Armed clash,3,50,NA,Political violence,3946,8.598,28.4738
2010-02-27T00:00:00Z,Northern Africa,Sudan,Bahr el Ghazal,battles,Armed clash,4,38,NA,Political violence,3946,8.598,28.4738
2010-02-27T00:00:00Z,Northern Africa,Sudan,Bahr el Ghazal,violence against civilians,Attack,1,5,NA,Political violence,3946,8.598,28.4738
2010-02-27T00:00:00Z,Northern Africa,Sudan,Equatoria,violence against civilians,Attack,2,2,NA,Political violence,3947,4.68,31.69
2010-02-27T00:00:00Z,Northern Africa,Sudan,West Darfur,battles,Armed clash,1,15,NA,Political violence,3120,13.5081,22.7026
2010-03-06T00:00:00Z,Northern Africa,Sudan,Bahr el Ghazal,battles,Armed clash,2,3,NA,Political violence,3946,8.598,28.4738
2010-03-06T00:00:00Z,Northern Africa,Sudan,Equatoria,battles,Armed clash,1,3,NA,Political violence,3947,4.68,31.69
2010-03-13T00:00:00Z,Northern Africa,Sudan,Equatoria,violence against civilians,Attack,1,3,NA,Political violence,3947,4.68,31.69
2010-03-13T00:00:00Z,Northern Africa,Sudan,Upper Nile,battles,Armed clash,1,13,NA,Political violence,4169,11.048,32.698
2010-04-03T00:00:00Z,Northern Africa,Sudan,Equatoria,violence against civilians,Attack,6,4,NA,Political violence,3947,4.68,31.69
2010-04-10T00:00:00Z,Northern Africa,Sudan,Bahr el Ghazal,explosions/remote violence,Air/drone strike,1,100,NA,Political violence,3946,8.598,28.4738
2010-04-10T00:00:00Z,Northern Africa,Sudan,Bahr el Ghazal,violence against civilians,Attack,1,9,NA,Political violence,3946,8.598,28.4738
2010-04-17T00:00:00Z,Northern Africa,Sudan,Bahr el Ghazal,battles,Armed clash,3,16,NA,Political violence,3946,8.598,28.4738
2010-04-17T00:00:00Z,Northern Africa,Sudan,South Darfur,battles,Armed clash,1,55,NA,Political violence,3118,10.9002,24.3019
2010-04-17T00:00:00Z,Northern Africa,Sudan,Upper Nile,battles,Armed clash,1,8,NA,Political violence,4169,11.048,32.698
2010-04-24T00:00:00Z,Northern Africa,Sudan,North Kordofan,violence against civilians,Attack,1,1,NA,Political violence,3113,14.3894,29.437
2010-05-01T00:00:00Z,Northern Africa,Sudan,Bahr el Ghazal,battles,Armed clash,1,26,NA,Political violence,3946,8.598,28.4738
2010-05-01T00:00:00Z,Northern Africa,Sudan,South Darfur,battles,Armed clash,1,2,NA,Political violence,3118,10.9002,24.3019
2010-05-08T00:00:00Z,Northern Africa,Sudan,Upper Nile,battles,Armed clash,2,5,NA,Political violence,4169,11.048,32.698
2010-05-08T00:00:00Z,Northern Africa,Sudan,West Darfur,battles,Armed clash,1,60,NA,Political violence,3120,13.5081,22.7026
2010-05-15T00:00:00Z,Northern Africa,Sudan,Equatoria,violence against civilians,Attack,5,9,NA,Political violence,3947,4.68,31.69
2010-05-15T00:00:00Z,Northern Africa,Sudan,West Darfur,battles,Government regains territory,1,108,NA,Political violence,3120,13.5081,22.7026
2010-05-22T00:00:00Z,Northern Africa,Sudan,Equatoria,battles,Armed clash,2,3,NA,Political violence,3947,4.68,31.69
2010-05-22T00:00:00Z,Northern Africa,Sudan,Equatoria,violence against civilians,Attack,5,13,NA,Political violence,3947,4.68,31.69
2010-05-22T00:00:00Z,Northern Africa,Sudan,South Darfur,violence against civilians,Attack,1,1,NA,Political violence,3118,10.9002,24.3019
2010-05-22T00:00:00Z,Northern Africa,Sudan,Upper Nile,violence against civilians,Attack,1,1,NA,Political violence,4169,11.048,32.698
2010-05-29T00:00:00Z,Northern Africa,Sudan,Bahr el Ghazal,battles,Armed clash,3,17,NA,Political violence,3946,8.598,28.4738
2010-05-29T00:00:00Z,Northern Africa,Sudan,Equatoria,violence against civilians,Attack,2,4,NA,Political violence,3947,4.68,31.69
2010-05-29T00:00:00Z,Northern Africa,Sudan,Upper Nile,battles,Armed clash,1,9,NA,Political violence,4169,11.048,32.698
2010-05-29T00:00:00Z,Northern Africa,Sudan,Upper Nile,violence against civilians,Attack,2,1,NA,Political violence,4169,11.048,32.698
2010-05-29T00:00:00Z,Northern Africa,Sudan,West Darfur,battles,Armed clash,1,10,NA,Political violence,3120,13.5081,22.7026
2010-06-05T00:00:00Z,Northern Africa,Sudan,Bahr el Ghazal,battles,Armed clash,1,21,NA,Political violence,3946,8.598,28.4738
2010-06-05T00:00:00Z,Northern Africa,Sudan,Equatoria,battles,Armed clash,1,3,NA,Political violence,3947,4.68,31.69
2010-06-05T00:00:00Z,Northern Africa,Sudan,Equatoria,violence against civilians,Attack,2,4,NA,Political violence,3947,4.68,31.69
2010-06-05T00:00:00Z,Northern Africa,Sudan,North Kordofan,violence against civilians,Attack,1,1,NA,Political violence,3113,14.3894,29.437
2010-06-05T00:00:00Z,Northern Africa,Sudan,Upper Nile,battles,Armed clash,1,7,NA,Political violence,4169,11.048,32.698
2010-06-12T00:00:00Z,Northern Africa,Sudan,Abyei,battles,Armed clash,1,8,NA,Political violence,3104,9.7332,28.4712
2010-06-12T00:00:00Z,Northern Africa,Sudan,Abyei,violence against civilians,Attack,1,1,NA,Political violence,3104,9.7332,28.4712
2010-06-12T00:00:00Z,Northern Africa,Sudan,Bahr el Ghazal,violence against civilians,Attack,1,1,NA,Political violence,3946,8.598,28.4738
2010-06-12T00:00:00Z,Northern Africa,Sudan,Central Darfur,battles,Armed clash,3,20,NA,Political violence,3107,12.3084,23.2341
2010-06-12T00:00:00Z,Northern Africa,Sudan,Central Darfur,violence against civilians,Attack,2,13,NA,Political violence,3107,12.3084,23.2341
2010-06-12T00:00:00Z,Northern Africa,Sudan,Upper Nile,battles,Armed clash,2,13,NA,Political violence,4169,11.048,32.698
2010-06-19T00:00:00Z,Northern Africa,Sudan,Bahr el Ghazal,violence against civilians,Attack,2,5,NA,Political violence,3946,8.598,28.4738
2010-06-19T00:00:00Z,Northern Africa,Sudan,Equatoria,battles,Armed clash,2,4,NA,Political violence,3947,4.68,31.69
2010-06-19T00:00:00Z,Northern Africa,Sudan,Equatoria,violence against civilians,Attack,3,5,NA,Political violence,3947,4.68,31.69
2010-06-19T00:00:00Z,Northern Africa,Sudan,South Darfur,battles,Armed clash,2,13,NA,Political violence,3118,10.9002,24.3019
2010-06-19T00:00:00Z,Northern Africa,Sudan,Upper Nile,violence against civilians,Attack,1,4,NA,Political violence,4169,11.048,32.698
2010-06-26T00:00:00Z,Northern Africa,Sudan,Upper Nile,battles,Armed clash,2,30,NA,Political violence,4169,11.048,32.698
2010-07-03T00:00:00Z,Northern Africa,Sudan,Abyei,battles,Armed clash,1,1,NA,Political violence,3104,9.7332,28.4712
2010-07-03T00:00:00Z,Northern Africa,Sudan,Abyei,violence against civilians,Attack,1,4,NA,Political violence,3104,9.7332,28.4712
2010-07-03T00:00:00Z,Northern Africa,Sudan,West Darfur,explosions/remote violence,Air/drone strike,3,15,NA,Political violence,3120,13.5081,22.7026
2010-07-17T00:00:00Z,Northern Africa,Sudan,Bahr el Ghazal,violence against civilians,Attack,1,1,NA,Political violence,3946,8.598,28.4738
2010-07-24T00:00:00Z,Northern Africa,Sudan,Central Darfur,violence against civilians,Attack,1,2,NA,Political violence,3107,12.3084,23.2341
2010-07-24T00:00:00Z,Northern Africa,Sudan,Equatoria,battles,Armed clash,2,1,NA,Political violence,3947,4.68,31.69
2010-07-24T00:00:00Z,Northern Africa,Sudan,Equatoria,violence against civilians,Attack,1,3,NA,Political violence,3947,4.68,31.69
2010-07-24T00:00:00Z,Northern Africa,Sudan,South Darfur,battles,Armed clash,2,4,NA,Political violence,3118,10.9002,24.3019
2010-07-31T00:00:00Z,Northern Africa,Sudan,Bahr el Ghazal,battles,Armed clash,1,21,NA,Political violence,3946,8.598,28.4738
2010-07-31T00:00:00Z,Northern Africa,Sudan,Equatoria,violence against civilians,Attack,1,8,NA,Political violence,3947,4.68,31.69
2010-08-07T00:00:00Z,Northern Africa,Sudan,Equatoria,battles,Armed clash,1,3,NA,Political violence,3947,4.68,31.69
2010-08-07T00:00:00Z,Northern Africa,Sudan,Upper Nile,battles,Armed clash,1,23,NA,Political violence,4169,11.048,32.698
2010-08-14T00:00:00Z,Northern Africa,Sudan,South Darfur,battles,Armed clash,2,37,NA,Political violence,3118,10.9002,24.3019
2010-08-21T00:00:00Z,Northern Africa,Sudan,Equatoria,battles,Armed clash,1,1,NA,Political violence,3947,4.68,31.69
2010-08-21T00:00:00Z,Northern Africa,Sudan,Equatoria,violence against civilians,Attack,1,11,NA,Political violence,3947,4.68,31.69
2010-08-21T00:00:00Z,Northern Africa,Sudan,Upper Nile,violence against civilians,Attack,1,2,NA,Political violence,4169,11.048,32.698
2010-08-28T00:00:00Z,Northern Africa,Sudan,Equatoria,violence against civilians,Attack,1,8,NA,Political violence,3947,4.68,31.69
2010-08-28T00:00:00Z,Northern Africa,Sudan,North Darfur,violence against civilians,Attack,2,74,NA,Political violence,3112,15.8601,25.5013
2010-08-28T00:00:00Z,Northern Africa,Sudan,South Darfur,violence against civilians,Attack,1,4,NA,Political violence,3118,10.9002,24.3019
2010-09-04T00:00:00Z,Northern Africa,Sudan,Central Darfur,violence against civilians,Attack,1,6,NA,Political violence,3107,12.3084,23.2341
2010-09-04T00:00:00Z,Northern Africa,Sudan,Equatoria,violence against civilians,Attack,4,13,NA,Political violence,3947,4.68,31.69
2010-09-11T00:00:00Z,Northern Africa,Sudan,Equatoria,violence against civilians,Attack,1,10,NA,Political violence,3947,4.68,31.69
2010-09-25T00:00:00Z,Northern Africa,Sudan,Central Darfur,battles,Armed clash,1,5,NA,Political violence,3107,12.3084,23.2341
2010-09-25T00:00:00Z,Northern Africa,Sudan,South Darfur,battles,Armed clash,2,15,NA,Political violence,3118,10.9002,24.3019
2010-09-25T00:00:00Z,Northern Africa,Sudan,South Darfur,explosions/remote violence,Air/drone strike,1,6,NA,Political violence,3118,10.9002,24.3019
2010-10-02T00:00:00Z,Northern Africa,Sudan,Equatoria,violence against civilians,Attack,1,8,NA,Political violence,3947,4.68,31.69
2010-10-02T00:00:00Z,Northern Africa,Sudan,North Darfur,battles,Armed clash,3,1,NA,Political violence,3112,15.8601,25.5013
2010-10-09T00:00:00Z,Northern Africa,Sudan,Equatoria,explosions/remote violence,Remote explosive/landmine/IED,1,1,NA,Political violence,3947,4.68,31.69
2010-10-16T00:00:00Z,Northern Africa,Sudan,Equatoria,battles,Armed clash,1,1,NA,Political violence,3947,4.68,31.69
2010-10-16T00:00:00Z,Northern Africa,Sudan,Equatoria,violence against civilians,Attack,1,1,NA,Political violence,3947,4.68,31.69
2010-10-16T00:00:00Z,Northern Africa,Sudan,West Darfur,violence against civilians,Attack,1,1,NA,Political violence,3120,13.5081,22.7026
2010-10-23T00:00:00Z,Northern Africa,Sudan,South Darfur,violence against civilians,Attack,1,1,NA,Political violence,3118,10.9002,24.3019
2010-10-30T00:00:00Z,Northern Africa,Sudan,North Darfur,violence against civilians,Attack,1,4,NA,Political violence,3112,15.8601,25.5013
2010-10-30T00:00:00Z,Northern Africa,Sudan,South Darfur,battles,Armed clash,1,97,NA,Political violence,3118,10.9002,24.3019
2010-11-13T00:00:00Z,Northern Africa,Sudan,Upper Nile,violence against civilians,Attack,1,6,NA,Political violence,4169,11.048,32.698
2010-11-20T00:00:00Z,Northern Africa,Sudan,Upper Nile,battles,Armed clash,1,1,NA,Political violence,4169,11.048,32.698
2010-11-27T00:00:00Z,Northern Africa,Sudan,Central Darfur,protests,Excessive force against protesters,1,2,NA,Political violence; Demonstrations,3107,12.3084,23.2341
2010-11-27T00:00:00Z,Northern Africa,Sudan,Upper Nile,battles,Armed clash,2,20,NA,Political violence,4169,11.048,32.698
2010-11-27T00:00:00Z,Northern Africa,Sudan,Upper Nile,violence against civilians,Attack,1,4,NA,Political violence,4169,11.048,32.698
2010-12-04T00:00:00Z,Northern Africa,Sudan,South Darfur,battles,Armed clash,2,1,NA,Political violence,3118,10.9002,24.3019
2010-12-11T00:00:00Z,Northern Africa,Sudan,South Darfur,violence against civilians,Attack,2,3,NA,Political violence,3118,10.9002,24.3019
2010-12-11T00:00:00Z,Northern Africa,Sudan,Upper Nile,battles,Armed clash,1,8,NA,Political violence,4169,11.048,32.698
2010-12-11T00:00:00Z,Northern Africa,Sudan,Upper Nile,violence against civilians,Attack,1,2,NA,Political violence,4169,11.048,32.698
2010-12-18T00:00:00Z,Northern Africa,Sudan,Equatoria,battles,Armed clash,1,1,NA,Political violence,3947,4.68,31.69
2010-12-18T00:00:00Z,Northern Africa,Sudan,Equatoria,violence against civilians,Attack,3,8,NA,Political violence,3947,4.68,31.69
2010-12-18T00:00:00Z,Northern Africa,Sudan,North Darfur,battles,Armed clash,4,46,NA,Political violence,3112,15.8601,25.5013
2010-12-18T00:00:00Z,Northern Africa,Sudan,Upper Nile,battles,Armed clash,2,12,NA,Political violence,4169,11.048,32.698
2010-12-25T00:00:00Z,Northern Africa,Sudan,Equatoria,battles,Armed clash,1,1,NA,Political violence,3947,4.68,31.69
2011-01-01T00:00:00Z,Northern Africa,Sudan,Abyei,battles,Armed clash,1,3,NA,Political violence,3104,9.7332,28.4712
2011-01-01T00:00:00Z,Northern Africa,Sudan,South Darfur,violence against civilians,Attack,1,1,NA,Political violence,3118,10.9002,24.3019
2011-01-01T00:00:00Z,Northern Africa,Sudan,Upper Nile,battles,Armed clash,1,2,NA,Political violence,4169,11.048,32.698
2011-01-08T00:00:00Z,Northern Africa,Sudan,Abyei,battles,Armed clash,3,33,NA,Political violence,3104,9.7332,28.4712
2011-01-08T00:00:00Z,Northern Africa,Sudan,Abyei,violence against civilians,Attack,2,7,NA,Political violence,3104,9.7332,28.4712
2011-01-08T00:00:00Z,Northern Africa,Sudan,South Darfur,battles,Armed clash,1,21,NA,Political violence,3118,10.9002,24.3019
2011-01-08T00:00:00Z,Northern Africa,Sudan,South Kordofan,violence against civilians,Attack,1,10,NA,Political violence,3119,11.2289,30.914
2011-01-15T00:00:00Z,Northern Africa,Sudan,South Kordofan,violence against civilians,Attack,1,100,NA,Political violence,3119,11.2289,30.914
2011-01-22T00:00:00Z,Northern Africa,Sudan,Equatoria,violence against civilians,Attack,2,4,NA,Political violence,3947,4.68,31.69
2011-01-22T00:00:00Z,Northern Africa,Sudan,South Darfur,battles,Armed clash,1,3,NA,Political violence,3118,10.9002,24.3019
2011-01-29T00:00:00Z,Northern Africa,Sudan,Equatoria,violence against civilians,Attack,2,2,NA,Political violence,3947,4.68,31.69
2011-01-29T00:00:00Z,Northern Africa,Sudan,Khartoum,protests,Excessive force against protesters,1,1,NA,Political violence; Demonstrations,3111,15.915,33.1352
2011-01-29T00:00:00Z,Northern Africa,Sudan,Upper Nile,battles,Armed clash,2,60,NA,Political violence,4169,11.048,32.698
2011-02-05T00:00:00Z,Northern Africa,Sudan,Equatoria,violence against civilians,Attack,2,7,NA,Political violence,3947,4.68,31.69
2011-02-05T00:00:00Z,Northern Africa,Sudan,Upper Nile,battles,Armed clash,3,127,NA,Political violence,4169,11.048,32.698
2011-02-05T00:00:00Z,Northern Africa,Sudan,Upper Nile,violence against civilians,Attack,2,98,NA,Political violence,4169,11.048,32.698
2011-02-12T00:00:00Z,Northern Africa,Sudan,Abyei,violence against civilians,Attack,1,3,NA,Political violence,3104,9.7332,28.4712
2011-02-12T00:00:00Z,Northern Africa,Sudan,Equatoria,battles,Armed clash,2,9,NA,Political violence,3947,4.68,31.69
2011-02-12T00:00:00Z,Northern Africa,Sudan,South Kordofan,violence against civilians,Attack,1,100,NA,Political violence,3119,11.2289,30.914
2011-02-12T00:00:00Z,Northern Africa,Sudan,Upper Nile,violence against civilians,Attack,2,3,NA,Political violence,4169,11.048,32.698
2011-02-19T00:00:00Z,Northern Africa,Sudan,Equatoria,violence against civilians,Attack,1,2,NA,Political violence,3947,4.68,31.69
2011-02-19T00:00:00Z,Northern Africa,Sudan,North Darfur,battles,Armed clash,1,25,NA,Political violence,3112,15.8601,25.5013
2011-02-19T00:00:00Z,Northern Africa,Sudan,Upper Nile,violence against civilians,Attack,1,1,NA,Political violence,4169,11.048,32.698
2011-02-26T00:00:00Z,Northern Africa,Sudan,Abyei,battles,Armed clash,2,80,NA,Political violence,3104,9.7332,28.4712
2011-02-26T00:00:00Z,Northern Africa,Sudan,Equatoria,violence against civilians,Attack,2,2,NA,Political violence,3947,4.68,31.69
2011-02-26T00:00:00Z,Northern Africa,Sudan,Upper Nile,battles,Armed clash,3,122,NA,Political violence,4169,11.048,32.698
2011-03-05T00:00:00Z,Northern Africa,Sudan,Upper Nile,battles,Armed clash,3,60,NA,Political violence,4169,11.048,32.698
2011-03-12T00:00:00Z,Northern Africa,Sudan,Bahr el Ghazal,battles,Armed clash,1,30,NA,Political violence,3946,8.598,28.4738
2011-03-12T00:00:00Z,Northern Africa,Sudan,Equatoria,battles,Armed clash,2,13,NA,Political violence,3947,4.68,31.69
2011-03-12T00:00:00Z,Northern Africa,Sudan,Equatoria,violence against civilians,Attack,2,1,NA,Political violence,3947,4.68,31.69
2011-03-12T00:00:00Z,Northern Africa,Sudan,North Darfur,riots,Violent demonstration,1,1,NA,Demonstrations,3112,15.8601,25.5013
2011-03-12T00:00:00Z,Northern Africa,Sudan,South Kordofan,violence against civilians,Attack,1,100,NA,Political violence,3119,11.2289,30.914
2011-03-12T00:00:00Z,Northern Africa,Sudan,Upper Nile,battles,Armed clash,4,84,NA,Political violence,4169,11.048,32.698
2011-03-19T00:00:00Z,Northern Africa,Sudan,Abyei,violence against civilians,Attack,1,5,NA,Political violence,3104,9.7332,28.4712
2011-03-19T00:00:00Z,Northern Africa,Sudan,Equatoria,violence against civilians,Attack,1,2,NA,Political violence,3947,4.68,31.69
2011-03-19T00:00:00Z,Northern Africa,Sudan,North Darfur,riots,Violent demonstration,1,1,NA,Demonstrations,3112,15.8601,25.5013
2011-03-19T00:00:00Z,Northern Africa,Sudan,South Kordofan,violence against civilians,Attack,1,5,NA,Political violence,3119,11.2289,30.914
2011-03-19T00:00:00Z,Northern Africa,Sudan,Upper Nile,battles,Armed clash,2,1,NA,Political violence,4169,11.048,32.698
2011-04-02T00:00:00Z,Northern Africa,Sudan,Bahr el Ghazal,battles,Armed clash,1,1,NA,Political violence,3946,8.598,28.4738
2011-04-02T00:00:00Z,Northern Africa,Sudan,Equatoria,battles,Armed clash,1,13,NA,Political violence,3947,4.68,31.69
2011-04-02T00:00:00Z,Northern Africa,Sudan,North Darfur,battles,Armed clash,1,1,NA,Political violence,3112,15.8601,25.5013
2011-04-09T00:00:00Z,Northern Africa,Sudan,Equatoria,violence against civilians,Attack,1,4,NA,Political violence,3947,4.68,31.69
2011-04-09T00:00:00Z,Northern Africa,Sudan,North Darfur,battles,Armed clash,3,1,NA,Political violence,3112,15.8601,25.5013
2011-04-09T00:00:00Z,Northern Africa,Sudan,South Kordofan,violence against civilians,Attack,4,120,NA,Political violence,3119,11.2289,30.914
2011-04-16T00:00:00Z,Northern Africa,Sudan,Bahr el Ghazal,battles,Armed clash,4,181,NA,Political violence,3946,8.598,28.4738
2011-04-16T00:00:00Z,Northern Africa,Sudan,Bahr el Ghazal,battles,Non-state actor overtakes territory,1,72,NA,Political violence,3946,8.598,28.4738
2011-04-16T00:00:00Z,Northern Africa,Sudan,Bahr el Ghazal,explosions/remote violence,Remote explosive/landmine/IED,1,2,NA,Political violence,3946,8.598,28.4738
2011-04-16T00:00:00Z,Northern Africa,Sudan,Equatoria,battles,Armed clash,1,1,NA,Political violence,3947,4.68,31.69
2011-04-16T00:00:00Z,Northern Africa,Sudan,North Darfur,battles,Armed clash,1,1,NA,Political violence,3112,15.8601,25.5013
2011-04-16T00:00:00Z,Northern Africa,Sudan,Upper Nile,battles,Armed clash,2,30,NA,Political violence,4169,11.048,32.698
2011-04-16T00:00:00Z,Northern Africa,Sudan,Upper Nile,explosions/remote violence,Remote explosive/landmine/IED,1,3,NA,Political violence,4169,11.048,32.698
2011-04-16T00:00:00Z,Northern Africa,Sudan,Upper Nile,violence against civilians,Attack,7,164,NA,Political violence,4169,11.048,32.698
2011-04-23T00:00:00Z,Northern Africa,Sudan,Bahr el Ghazal,battles,Armed clash,1,1,NA,Political violence,3946,8.598,28.4738
2011-04-23T00:00:00Z,Northern Africa,Sudan,Upper Nile,battles,Government regains territory,2,215,NA,Political violence,4169,11.048,32.698
2011-04-23T00:00:00Z,Northern Africa,Sudan,Upper Nile,violence against civilians,Attack,3,58,NA,Political violence,4169,11.048,32.698
2011-04-30T00:00:00Z,Northern Africa,Sudan,Abyei,battles,Armed clash,3,12,NA,Political violence,3104,9.7332,28.4712
2011-04-30T00:00:00Z,Northern Africa,Sudan,Abyei,violence against civilians,Attack,1,3,NA,Political violence,3104,9.7332,28.4712
2011-04-30T00:00:00Z,Northern Africa,Sudan,Bahr el Ghazal,battles,Armed clash,1,8,NA,Political violence,3946,8.598,28.4738
2011-04-30T00:00:00Z,Northern Africa,Sudan,Bahr el Ghazal,violence against civilians,Attack,1,5,NA,Political violence,3946,8.598,28.4738
2011-04-30T00:00:00Z,Northern Africa,Sudan,South Kordofan,battles,Armed clash,1,15,NA,Political violence,3119,11.2289,30.914
2011-05-07T00:00:00Z,Northern Africa,Sudan,Abyei,battles,Armed clash,2,12,NA,Political violence,3104,9.7332,28.4712
2011-05-07T00:00:00Z,Northern Africa,Sudan,Bahr el Ghazal,battles,Armed clash,4,142,NA,Political violence,3946,8.598,28.4738
2011-05-07T00:00:00Z,Northern Africa,Sudan,Bahr el Ghazal,violence against civilians,Attack,2,68,NA,Political violence,3946,8.598,28.4738
2011-05-07T00:00:00Z,Northern Africa,Sudan,Equatoria,battles,Armed clash,1,80,NA,Political violence,3947,4.68,31.69
2011-05-07T00:00:00Z,Northern Africa,Sudan,Equatoria,violence against civilians,Attack,1,1,NA,Political violence,3947,4.68,31.69
2011-05-07T00:00:00Z,Northern Africa,Sudan,Gedaref,explosions/remote violence,Remote explosive/landmine/IED,1,8,NA,Political violence,3109,14.2138,35.0222
2011-05-07T00:00:00Z,Northern Africa,Sudan,Upper Nile,violence against civilians,Attack,1,2,NA,Political violence,4169,11.048,32.698
2011-05-14T00:00:00Z,Northern Africa,Sudan,Abyei,battles,Armed clash,2,22,NA,Political violence,3104,9.7332,28.4712
2011-05-14T00:00:00Z,Northern Africa,Sudan,North Darfur,explosions/remote violence,Air/drone strike,4,10,NA,Political violence,3112,15.8601,25.5013
2011-05-14T00:00:00Z,Northern Africa,Sudan,South Darfur,explosions/remote violence,Air/drone strike,1,9,NA,Political violence,3118,10.9002,24.3019
2011-05-14T00:00:00Z,Northern Africa,Sudan,South Kordofan,violence against civilians,Attack,1,100,NA,Political violence,3119,11.2289,30.914
2011-05-21T00:00:00Z,Northern Africa,Sudan,Abyei,battles,Government regains territory,2,100,NA,Political violence,3104,9.7332,28.4712
2011-05-28T00:00:00Z,Northern Africa,Sudan,Upper Nile,explosions/remote violence,Remote explosive/landmine/IED,1,11,NA,Political violence,4169,11.048,32.698
2011-05-28T00:00:00Z,Northern Africa,Sudan,West Darfur,battles,Armed clash,2,2,NA,Political violence,3120,13.5081,22.7026
2011-06-04T00:00:00Z,Northern Africa,Sudan,Bahr el Ghazal,violence against civilians,Attack,1,71,NA,Political violence,3946,8.598,28.4738
2011-06-04T00:00:00Z,Northern Africa,Sudan,South Kordofan,battles,Armed clash,4,6,NA,Political violence,3119,11.2289,30.914
2011-06-04T00:00:00Z,Northern Africa,Sudan,South Kordofan,violence against civilians,Attack,4,500,NA,Political violence,3119,11.2289,30.914
2011-06-04T00:00:00Z,Northern Africa,Sudan,Upper Nile,explosions/remote violence,Air/drone strike,1,3,NA,Political violence,4169,11.048,32.698
2011-06-11T00:00:00Z,Northern Africa,Sudan,Abyei,battles,Armed clash,1,5,NA,Political violence,3104,9.7332,28.4712
2011-06-11T00:00:00Z,Northern Africa,Sudan,Bahr el Ghazal,violence against civilians,Attack,1,29,NA,Political violence,3946,8.598,28.4738
2011-06-11T00:00:00Z,Northern Africa,Sudan,Equatoria,battles,Armed clash,1,20,NA,Political violence,3947,4.68,31.69
2011-06-11T00:00:00Z,Northern Africa,Sudan,South Kordofan,violence against civilians,Attack,1,2,NA,Political violence,3119,11.2289,30.914
2011-06-11T00:00:00Z,Northern Africa,Sudan,Upper Nile,violence against civilians,Attack,3,120,NA,Political violence,4169,11.048,32.698
2011-06-18T00:00:00Z,Northern Africa,Sudan,Bahr el Ghazal,battles,Armed clash,1,15,NA,Political violence,3946,8.598,28.4738
2011-06-18T00:00:00Z,Northern Africa,Sudan,North Darfur,battles,Armed clash,1,7,NA,Political violence,3112,15.8601,25.5013
2011-06-18T00:00:00Z,Northern Africa,Sudan,South Kordofan,explosions/remote violence,Air/drone strike,1,1,NA,Political violence,3119,11.2289,30.914
2011-06-18T00:00:00Z,Northern Africa,Sudan,Upper Nile,violence against civilians,Attack,7,280,NA,Political violence,4169,11.048,32.698
2011-07-02T00:00:00Z,Northern Africa,Sudan,South Kordofan,explosions/remote violence,Air/drone strike,1,3,NA,Political violence,3119,11.2289,30.914
2011-07-02T00:00:00Z,Northern Africa,Sudan,Upper Nile,explosions/remote violence,Air/drone strike,1,3,NA,Political violence,4169,11.048,32.698
2011-07-30T00:00:00Z,Northern Africa,Sudan,Abyei,explosions/remote violence,Remote explosive/landmine/IED,1,4,NA,Political violence,3104,9.7332,28.4712
2011-07-30T00:00:00Z,Northern Africa,Sudan,South Darfur,battles,Armed clash,1,1,NA,Political violence,3118,10.9002,24.3019
2011-08-27T00:00:00Z,Northern Africa,Sudan,South Kordofan,explosions/remote violence,Air/drone strike,1,6,NA,Political violence,3119,11.2289,30.914
2011-08-27T00:00:00Z,Northern Africa,Sudan,South Kordofan,violence against civilians,Attack,1,17,NA,Political violence,3119,11.2289,30.914
2011-09-03T00:00:00Z,Northern Africa,Sudan,Blue Nile,explosions/remote violence,Air/drone strike,1,4,NA,Political violence,3106,11.0079,34.0954
2011-09-03T00:00:00Z,Northern Africa,Sudan,North Darfur,battles,Armed clash,1,33,NA,Political violence,3112,15.8601,25.5013
2011-09-03T00:00:00Z,Northern Africa,Sudan,North Darfur,explosions/remote violence,Remote explosive/landmine/IED,1,2,NA,Political violence,3112,15.8601,25.5013
2011-09-03T00:00:00Z,Northern Africa,Sudan,North Darfur,violence against civilians,Attack,1,1,NA,Political violence,3112,15.8601,25.5013
2011-09-03T00:00:00Z,Northern Africa,Sudan,South Darfur,battles,Armed clash,2,13,NA,Political violence,3118,10.9002,24.3019
2011-09-17T00:00:00Z,Northern Africa,Sudan,North Darfur,battles,Armed clash,2,13,NA,Political violence,3112,15.8601,25.5013
2011-09-17T00:00:00Z,Northern Africa,Sudan,North Darfur,violence against civilians,Attack,2,10,NA,Political violence,3112,15.8601,25.5013
2011-09-17T00:00:00Z,Northern Africa,Sudan,South Kordofan,battles,Government regains territory,1,90,NA,Political violence,3119,11.2289,30.914
2011-09-24T00:00:00Z,Northern Africa,Sudan,North Darfur,violence against civilians,Attack,1,2,NA,Political violence,3112,15.8601,25.5013
2011-10-08T00:00:00Z,Northern Africa,Sudan,North Darfur,battles,Armed clash,1,4,NA,Political violence,3112,15.8601,25.5013
2011-10-29T00:00:00Z,Northern Africa,Sudan,South Kordofan,battles,Armed clash,4,100,NA,Political violence,3119,11.2289,30.914
2011-11-05T00:00:00Z,Northern Africa,Sudan,South Darfur,battles,Armed clash,1,1,NA,Political violence,3118,10.9002,24.3019
2011-11-19T00:00:00Z,Northern Africa,Sudan,Blue Nile,violence against civilians,Attack,1,11,NA,Political violence,3106,11.0079,34.0954
2011-11-26T00:00:00Z,Northern Africa,Sudan,South Kordofan,explosions/remote violence,Shelling/artillery/missile attack,1,2,NA,Political violence,3119,11.2289,30.914
2011-12-03T00:00:00Z,Northern Africa,Sudan,South Kordofan,battles,Government regains territory,4,3,NA,Political violence,3119,11.2289,30.914
2011-12-03T00:00:00Z,Northern Africa,Sudan,West Darfur,battles,Armed clash,1,1,NA,Political violence,3120,13.5081,22.7026
2011-12-10T00:00:00Z,Northern Africa,Sudan,North Darfur,riots,Mob violence,2,1,NA,Political violence,3112,15.8601,25.5013
2011-12-10T00:00:00Z,Northern Africa,Sudan,South Kordofan,battles,Armed clash,2,19,NA,Political violence,3119,11.2289,30.914
2011-12-24T00:00:00Z,Northern Africa,Sudan,West Kordofan,battles,Armed clash,1,31,NA,Political violence,3121,11.8686,28.2211
2011-12-31T00:00:00Z,Northern Africa,Sudan,Sennar,violence against civilians,Attack,1,3,NA,Political violence,3117,12.9093,34.0815
2012-01-07T00:00:00Z,Northern Africa,Sudan,South Kordofan,battles,Armed clash,2,9,NA,Political violence,3119,11.2289,30.914
2012-01-14T00:00:00Z,Northern Africa,Sudan,Blue Nile,battles,Armed clash,2,7,NA,Political violence,3106,11.0079,34.0954
2012-01-14T00:00:00Z,Northern Africa,Sudan,South Darfur,battles,Armed clash,1,1,NA,Political violence,3118,10.9002,24.3019
2012-01-21T00:00:00Z,Northern Africa,Sudan,Blue Nile,battles,Armed clash,1,26,NA,Political violence,3106,11.0079,34.0954
2012-01-21T00:00:00Z,Northern Africa,Sudan,South Darfur,riots,Violent demonstration,3,3,NA,Demonstrations,3118,10.9002,24.3019
2012-02-11T00:00:00Z,Northern Africa,Sudan,South Kordofan,explosions/remote violence,Air/drone strike,2,4,NA,Political violence,3119,11.2289,30.914
2012-02-18T00:00:00Z,Northern Africa,Sudan,North Darfur,battles,Armed clash,2,12,NA,Political violence,3112,15.8601,25.5013
2012-02-25T00:00:00Z,Northern Africa,Sudan,Central Darfur,battles,Armed clash,1,1,NA,Political violence,3107,12.3084,23.2341
2012-02-25T00:00:00Z,Northern Africa,Sudan,South Kordofan,battles,Non-state actor overtakes territory,2,80,NA,Political violence,3119,11.2289,30.914
2012-03-03T00:00:00Z,Northern Africa,Sudan,Blue Nile,battles,Armed clash,1,110,NA,Political violence,3106,11.0079,34.0954
2012-03-03T00:00:00Z,Northern Africa,Sudan,Khartoum,riots,Mob violence,1,1,NA,Political violence,3111,15.915,33.1352
2012-03-10T00:00:00Z,Northern Africa,Sudan,Blue Nile,battles,Armed clash,1,110,NA,Political violence,3106,11.0079,34.0954
2012-03-10T00:00:00Z,Northern Africa,Sudan,North Darfur,battles,Armed clash,1,2,NA,Political violence,3112,15.8601,25.5013
2012-03-17T00:00:00Z,Northern Africa,Sudan,South Kordofan,explosions/remote violence,Air/drone strike,2,2,NA,Political violence,3119,11.2289,30.914
2012-03-24T00:00:00Z,Northern Africa,Sudan,North Darfur,violence against civilians,Attack,2,1,NA,Political violence,3112,15.8601,25.5013
2012-03-24T00:00:00Z,Northern Africa,Sudan,South Kordofan,battles,Armed clash,2,20,NA,Political violence,3119,11.2289,30.914
2012-03-31T00:00:00Z,Northern Africa,Sudan,Khartoum,violence against civilians,Attack,1,1,NA,Political violence,3111,15.915,33.1352
2012-04-07T00:00:00Z,Northern Africa,Sudan,Blue Nile,battles,Armed clash,1,14,NA,Political violence,3106,11.0079,34.0954
2012-04-21T00:00:00Z,Northern Africa,Sudan,Blue Nile,battles,Government regains territory,3,50,NA,Political violence,3106,11.0079,34.0954
2012-04-21T00:00:00Z,Northern Africa,Sudan,North Darfur,violence against civilians,Attack,1,8,NA,Political violence,3112,15.8601,25.5013
2012-04-21T00:00:00Z,Northern Africa,Sudan,West Darfur,battles,Armed clash,1,1,NA,Political violence,3120,13.5081,22.7026
2012-04-28T00:00:00Z,Northern Africa,Sudan,South Darfur,violence against civilians,Attack,1,2,NA,Political violence,3118,10.9002,24.3019
2012-05-12T00:00:00Z,Northern Africa,Sudan,North Darfur,explosions/remote violence,Air/drone strike,1,1,NA,Political violence,3112,15.8601,25.5013
2012-05-19T00:00:00Z,Northern Africa,Sudan,Blue Nile,battles,Armed clash,4,40,NA,Political violence,3106,11.0079,34.0954
2012-05-19T00:00:00Z,Northern Africa,Sudan,Blue Nile,battles,Government regains territory,1,10,NA,Political violence,3106,11.0079,34.0954
2012-05-19T00:00:00Z,Northern Africa,Sudan,Red Sea,explosions/remote violence,Remote explosive/landmine/IED,1,1,NA,Political violence,3115,20.0739,35.4126
2012-05-26T00:00:00Z,Northern Africa,Sudan,South Darfur,battles,Armed clash,2,32,NA,Political violence,3118,10.9002,24.3019
2012-05-26T00:00:00Z,Northern Africa,Sudan,South Darfur,violence against civilians,Attack,1,1,NA,Political violence,3118,10.9002,24.3019
2012-05-26T00:00:00Z,Northern Africa,Sudan,South Kordofan,battles,Armed clash,1,48,NA,Political violence,3119,11.2289,30.914
2012-05-26T00:00:00Z,Northern Africa,Sudan,White Nile,explosions/remote violence,Air/drone strike,1,1,NA,Political violence,3122,13.5895,32.3521
2012-06-02T00:00:00Z,Northern Africa,Sudan,East Darfur,battles,Armed clash,1,7,NA,Political violence,3108,11.2299,26.3972
2012-06-02T00:00:00Z,Northern Africa,Sudan,North Darfur,battles,Armed clash,2,47,NA,Political violence,3112,15.8601,25.5013
2012-06-09T00:00:00Z,Northern Africa,Sudan,North Darfur,explosions/remote violence,Air/drone strike,1,1,NA,Political violence,3112,15.8601,25.5013
2012-06-09T00:00:00Z,Northern Africa,Sudan,West Darfur,battles,Armed clash,2,2,NA,Political violence,3120,13.5081,22.7026
2012-06-09T00:00:00Z,Northern Africa,Sudan,West Darfur,violence against civilians,Attack,2,1,NA,Political violence,3120,13.5081,22.7026
2012-06-16T00:00:00Z,Northern Africa,Sudan,Central Darfur,violence against civilians,Attack,1,1,NA,Political violence,3107,12.3084,23.2341
2012-06-23T00:00:00Z,Northern Africa,Sudan,South Darfur,violence against civilians,Attack,1,1,NA,Political violence,3118,10.9002,24.3019
2012-06-30T00:00:00Z,Northern Africa,Sudan,North Darfur,violence against civilians,Attack,3,2,NA,Political violence,3112,15.8601,25.5013
2012-06-30T00:00:00Z,Northern Africa,Sudan,South Kordofan,explosions/remote violence,Air/drone strike,3,4,NA,Political violence,3119,11.2289,30.914
2012-06-30T00:00:00Z,Northern Africa,Sudan,South Kordofan,explosions/remote violence,Shelling/artillery/missile attack,3,5,NA,Political violence,3119,11.2289,30.914
2012-06-30T00:00:00Z,Northern Africa,Sudan,West Darfur,battles,Armed clash,1,6,NA,Political violence,3120,13.5081,22.7026
2012-07-07T00:00:00Z,Northern Africa,Sudan,North Darfur,battles,Armed clash,1,1,NA,Political violence,3112,15.8601,25.5013
2012-07-07T00:00:00Z,Northern Africa,Sudan,Northern,violence against civilians,Attack,1,2,NA,Political violence,3114,19.3656,29.8955
2012-07-07T00:00:00Z,Northern Africa,Sudan,South Darfur,battles,Armed clash,1,1,NA,Political violence,3118,10.9002,24.3019
2012-07-07T00:00:00Z,Northern Africa,Sudan,West Darfur,violence against civilians,Attack,2,7,NA,Political violence,3120,13.5081,22.7026
2012-07-14T00:00:00Z,Northern Africa,Sudan,Central Darfur,explosions/remote violence,Air/drone strike,2,2,NA,Political violence,3107,12.3084,23.2341
2012-07-14T00:00:00Z,Northern Africa,Sudan,East Darfur,battles,Armed clash,3,58,NA,Political violence,3108,11.2299,26.3972
2012-07-14T00:00:00Z,Northern Africa,Sudan,North Darfur,battles,Armed clash,1,1,NA,Political violence,3112,15.8601,25.5013
2012-07-14T00:00:00Z,Northern Africa,Sudan,North Darfur,explosions/remote violence,Air/drone strike,6,8,NA,Political violence,3112,15.8601,25.5013
2012-07-14T00:00:00Z,Northern Africa,Sudan,South Darfur,explosions/remote violence,Air/drone strike,1,2,NA,Political violence,3118,10.9002,24.3019
2012-07-21T00:00:00Z,Northern Africa,Sudan,East Darfur,violence against civilians,Attack,1,1,NA,Political violence,3108,11.2299,26.3972
2012-07-21T00:00:00Z,Northern Africa,Sudan,North Darfur,violence against civilians,Attack,4,2,NA,Political violence,3112,15.8601,25.5013
2012-07-21T00:00:00Z,Northern Africa,Sudan,South Darfur,violence against civilians,Attack,5,7,NA,Political violence,3118,10.9002,24.3019
2012-07-21T00:00:00Z,Northern Africa,Sudan,South Kordofan,battles,Non-state actor overtakes territory,3,50,NA,Political violence,3119,11.2289,30.914
2012-07-28T00:00:00Z,Northern Africa,Sudan,Central Darfur,battles,Armed clash,1,1,NA,Political violence,3107,12.3084,23.2341
2012-07-28T00:00:00Z,Northern Africa,Sudan,North Darfur,violence against civilians,Attack,5,4,NA,Political violence,3112,15.8601,25.5013
2012-07-28T00:00:00Z,Northern Africa,Sudan,South Darfur,battles,Armed clash,1,6,NA,Political violence,3118,10.9002,24.3019
2012-07-28T00:00:00Z,Northern Africa,Sudan,South Darfur,protests,Excessive force against protesters,1,6,NA,Political violence; Demonstrations,3118,10.9002,24.3019
2012-07-28T00:00:00Z,Northern Africa,Sudan,West Kordofan,battles,Non-state actor overtakes territory,1,7,NA,Political violence,3121,11.8686,28.2211
2012-08-04T00:00:00Z,Northern Africa,Sudan,North Darfur,battles,Armed clash,1,8,NA,Political violence,3112,15.8601,25.5013
2012-08-04T00:00:00Z,Northern Africa,Sudan,North Darfur,explosions/remote violence,Air/drone strike,7,3,NA,Political violence,3112,15.8601,25.5013
2012-08-04T00:00:00Z,Northern Africa,Sudan,North Darfur,violence against civilians,Attack,1,1,NA,Political violence,3112,15.8601,25.5013
2012-08-04T00:00:00Z,Northern Africa,Sudan,South Darfur,violence against civilians,Attack,1,1,NA,Political violence,3118,10.9002,24.3019
2012-08-04T00:00:00Z,Northern Africa,Sudan,South Kordofan,violence against civilians,Attack,2,2,NA,Political violence,3119,11.2289,30.914
2012-08-11T00:00:00Z,Northern Africa,Sudan,North Darfur,violence against civilians,Attack,5,6,NA,Political violence,3112,15.8601,25.5013
2012-08-11T00:00:00Z,Northern Africa,Sudan,South Darfur,battles,Armed clash,2,4,NA,Political violence,3118,10.9002,24.3019
2012-08-11T00:00:00Z,Northern Africa,Sudan,South Kordofan,explosions/remote violence,Air/drone strike,2,1,NA,Political violence,3119,11.2289,30.914
2012-08-18T00:00:00Z,Northern Africa,Sudan,North Darfur,explosions/remote violence,Air/drone strike,2,1,NA,Political violence,3112,15.8601,25.5013
2012-08-18T00:00:00Z,Northern Africa,Sudan,South Kordofan,battles,Armed clash,2,22,NA,Political violence,3119,11.2289,30.914
2012-08-18T00:00:00Z,Northern Africa,Sudan,West Darfur,explosions/remote violence,Air/drone strike,2,1,NA,Political violence,3120,13.5081,22.7026
2012-08-25T00:00:00Z,Northern Africa,Sudan,North Darfur,battles,Armed clash,1,2,NA,Political violence,3112,15.8601,25.5013
2012-08-25T00:00:00Z,Northern Africa,Sudan,North Darfur,protests,Excessive force against protesters,1,4,NA,Political violence; Demonstrations,3112,15.8601,25.5013
2012-08-25T00:00:00Z,Northern Africa,Sudan,North Darfur,violence against civilians,Attack,1,2,NA,Political violence,3112,15.8601,25.5013
2012-08-25T00:00:00Z,Northern Africa,Sudan,South Kordofan,battles,Armed clash,1,4,NA,Political violence,3119,11.2289,30.914
2012-09-01T00:00:00Z,Northern Africa,Sudan,Central Darfur,battles,Non-state actor overtakes territory,1,8,NA,Political violence,3107,12.3084,23.2341
2012-09-01T00:00:00Z,Northern Africa,Sudan,North Darfur,battles,Armed clash,4,5,NA,Political violence,3112,15.8601,25.5013
2012-09-01T00:00:00Z,Northern Africa,Sudan,North Darfur,battles,Non-state actor overtakes territory,1,45,NA,Political violence,3112,15.8601,25.5013
2012-09-01T00:00:00Z,Northern Africa,Sudan,North Darfur,violence against civilians,Attack,3,23,NA,Political violence,3112,15.8601,25.5013
2012-09-01T00:00:00Z,Northern Africa,Sudan,South Kordofan,battles,Armed clash,1,32,NA,Political violence,3119,11.2289,30.914
2012-09-08T00:00:00Z,Northern Africa,Sudan,Central Darfur,battles,Non-state actor overtakes territory,3,24,NA,Political violence,3107,12.3084,23.2341
2012-09-08T00:00:00Z,Northern Africa,Sudan,Khartoum,riots,Mob violence,1,1,NA,Political violence,3111,15.915,33.1352
2012-09-08T00:00:00Z,Northern Africa,Sudan,Khartoum,riots,Violent demonstration,1,3,NA,Demonstrations,3111,15.915,33.1352
2012-09-08T00:00:00Z,Northern Africa,Sudan,North Darfur,battles,Armed clash,1,10,NA,Political violence,3112,15.8601,25.5013
2012-09-08T00:00:00Z,Northern Africa,Sudan,North Darfur,violence against civilians,Attack,6,11,NA,Political violence,3112,15.8601,25.5013
2012-09-08T00:00:00Z,Northern Africa,Sudan,South Kordofan,battles,Armed clash,3,27,NA,Political violence,3119,11.2289,30.914
2012-09-08T00:00:00Z,Northern Africa,Sudan,South Kordofan,battles,Non-state actor overtakes territory,1,64,NA,Political violence,3119,11.2289,30.914
2012-09-08T00:00:00Z,Northern Africa,Sudan,South Kordofan,explosions/remote violence,Air/drone strike,1,4,NA,Political violence,3119,11.2289,30.914
2012-09-15T00:00:00Z,Northern Africa,Sudan,Al Jazirah,battles,Armed clash,2,4,NA,Political violence,3105,14.6593,33.2294
2012-09-15T00:00:00Z,Northern Africa,Sudan,Al Jazirah,violence against civilians,Attack,1,2,NA,Political violence,3105,14.6593,33.2294
2012-09-15T00:00:00Z,Northern Africa,Sudan,Central Darfur,explosions/remote violence,Air/drone strike,1,11,NA,Political violence,3107,12.3084,23.2341
2012-09-15T00:00:00Z,Northern Africa,Sudan,Central Darfur,violence against civilians,Attack,1,2,NA,Political violence,3107,12.3084,23.2341
2012-09-15T00:00:00Z,Northern Africa,Sudan,North Darfur,explosions/remote violence,Air/drone strike,1,2,NA,Political violence,3112,15.8601,25.5013
2012-09-15T00:00:00Z,Northern Africa,Sudan,North Darfur,violence against civilians,Attack,2,4,NA,Political violence,3112,15.8601,25.5013
2012-09-15T00:00:00Z,Northern Africa,Sudan,West Darfur,battles,Armed clash,1,12,NA,Political violence,3120,13.5081,22.7026
2012-09-15T00:00:00Z,Northern Africa,Sudan,West Darfur,violence against civilians,Attack,1,1,NA,Political violence,3120,13.5081,22.7026
2012-09-22T00:00:00Z,Northern Africa,Sudan,Al Jazirah,battles,Armed clash,5,10,NA,Political violence,3105,14.6593,33.2294
2012-09-22T00:00:00Z,Northern Africa,Sudan,Al Jazirah,explosions/remote violence,Air/drone strike,3,72,NA,Political violence,3105,14.6593,33.2294
2012-09-22T00:00:00Z,Northern Africa,Sudan,Al Jazirah,violence against civilians,Attack,2,8,NA,Political violence,3105,14.6593,33.2294
2012-09-22T00:00:00Z,Northern Africa,Sudan,North Darfur,battles,Armed clash,4,13,NA,Political violence,3112,15.8601,25.5013
2012-09-22T00:00:00Z,Northern Africa,Sudan,South Kordofan,explosions/remote violence,Air/drone strike,2,4,NA,Political violence,3119,11.2289,30.914
2012-09-29T00:00:00Z,Northern Africa,Sudan,Al Jazirah,battles,Armed clash,1,3,NA,Political violence,3105,14.6593,33.2294
2012-09-29T00:00:00Z,Northern Africa,Sudan,North Darfur,explosions/remote violence,Air/drone strike,3,4,NA,Political violence,3112,15.8601,25.5013
2012-09-29T00:00:00Z,Northern Africa,Sudan,North Kordofan,battles,Armed clash,1,22,NA,Political violence,3113,14.3894,29.437
2012-09-29T00:00:00Z,Northern Africa,Sudan,West Darfur,battles,Armed clash,1,4,NA,Political violence,3120,13.5081,22.7026
2012-10-06T00:00:00Z,Northern Africa,Sudan,Central Darfur,explosions/remote violence,Air/drone strike,4,2,NA,Political violence,3107,12.3084,23.2341
2012-10-06T00:00:00Z,Northern Africa,Sudan,North Darfur,battles,Armed clash,3,16,NA,Political violence,3112,15.8601,25.5013
2012-10-06T00:00:00Z,Northern Africa,Sudan,North Darfur,violence against civilians,Attack,2,1,NA,Political violence,3112,15.8601,25.5013
2012-10-06T00:00:00Z,Northern Africa,Sudan,South Kordofan,battles,Armed clash,1,7,NA,Political violence,3119,11.2289,30.914
2012-10-06T00:00:00Z,Northern Africa,Sudan,South Kordofan,explosions/remote violence,Shelling/artillery/missile attack,3,6,NA,Political violence,3119,11.2289,30.914
2012-10-13T00:00:00Z,Northern Africa,Sudan,North Darfur,battles,Armed clash,1,1,NA,Political violence,3112,15.8601,25.5013
2012-10-13T00:00:00Z,Northern Africa,Sudan,North Darfur,battles,Non-state actor overtakes territory,1,63,NA,Political violence,3112,15.8601,25.5013
2012-10-13T00:00:00Z,Northern Africa,Sudan,South Kordofan,battles,Armed clash,2,15,NA,Political violence,3119,11.2289,30.914
2012-10-20T00:00:00Z,Northern Africa,Sudan,Khartoum,explosions/remote violence,Air/drone strike,1,2,NA,Political violence,3111,15.915,33.1352
2012-10-20T00:00:00Z,Northern Africa,Sudan,South Kordofan,battles,Armed clash,2,7,NA,Political violence,3119,11.2289,30.914
2012-10-20T00:00:00Z,Northern Africa,Sudan,South Kordofan,battles,Non-state actor overtakes territory,2,12,NA,Political violence,3119,11.2289,30.914
2012-10-20T00:00:00Z,Northern Africa,Sudan,South Kordofan,explosions/remote violence,Air/drone strike,6,2,NA,Political violence,3119,11.2289,30.914
2012-10-20T00:00:00Z,Northern Africa,Sudan,South Kordofan,violence against civilians,Attack,2,2,NA,Political violence,3119,11.2289,30.914
2012-10-27T00:00:00Z,Northern Africa,Sudan,Central Darfur,explosions/remote violence,Air/drone strike,2,1,NA,Political violence,3107,12.3084,23.2341
2012-10-27T00:00:00Z,Northern Africa,Sudan,Central Darfur,explosions/remote violence,Shelling/artillery/missile attack,1,1,NA,Political violence,3107,12.3084,23.2341
2012-10-27T00:00:00Z,Northern Africa,Sudan,North Darfur,violence against civilians,Attack,3,13,NA,Political violence,3112,15.8601,25.5013
2012-10-27T00:00:00Z,Northern Africa,Sudan,South Darfur,violence against civilians,Attack,2,1,NA,Political violence,3118,10.9002,24.3019
2012-10-27T00:00:00Z,Northern Africa,Sudan,South Kordofan,battles,Armed clash,2,107,NA,Political violence,3119,11.2289,30.914
2012-10-27T00:00:00Z,Northern Africa,Sudan,South Kordofan,explosions/remote violence,Air/drone strike,11,5,NA,Political violence,3119,11.2289,30.914
2012-10-27T00:00:00Z,Northern Africa,Sudan,West Darfur,violence against civilians,Attack,1,1,NA,Political violence,3120,13.5081,22.7026
2012-11-03T00:00:00Z,Northern Africa,Sudan,North Darfur,battles,Armed clash,1,100,NA,Political violence,3112,15.8601,25.5013
2012-11-03T00:00:00Z,Northern Africa,Sudan,South Kordofan,battles,Armed clash,2,12,NA,Political violence,3119,11.2289,30.914
2012-11-03T00:00:00Z,Northern Africa,Sudan,South Kordofan,explosions/remote violence,Air/drone strike,11,19,NA,Political violence,3119,11.2289,30.914
2012-11-03T00:00:00Z,Northern Africa,Sudan,South Kordofan,violence against civilians,Attack,1,16,NA,Political violence,3119,11.2289,30.914
2012-11-10T00:00:00Z,Northern Africa,Sudan,Abyei,riots,Violent demonstration,1,1,NA,Demonstrations,3104,9.7332,28.4712
2012-11-10T00:00:00Z,Northern Africa,Sudan,Central Darfur,explosions/remote violence,Air/drone strike,1,2,NA,Political violence,3107,12.3084,23.2341
2012-11-10T00:00:00Z,Northern Africa,Sudan,Central Darfur,violence against civilians,Attack,1,1,NA,Political violence,3107,12.3084,23.2341
2012-11-10T00:00:00Z,Northern Africa,Sudan,South Kordofan,battles,Armed clash,2,31,NA,Political violence,3119,11.2289,30.914
2012-11-10T00:00:00Z,Northern Africa,Sudan,South Kordofan,explosions/remote violence,Air/drone strike,7,6,NA,Political violence,3119,11.2289,30.914
2012-11-10T00:00:00Z,Northern Africa,Sudan,West Darfur,violence against civilians,Attack,1,2,NA,Political violence,3120,13.5081,22.7026
2012-11-17T00:00:00Z,Northern Africa,Sudan,North Darfur,battles,Non-state actor overtakes territory,1,32,NA,Political violence,3112,15.8601,25.5013
2012-11-17T00:00:00Z,Northern Africa,Sudan,North Darfur,violence against civilians,Attack,4,5,NA,Political violence,3112,15.8601,25.5013
2012-11-17T00:00:00Z,Northern Africa,Sudan,South Kordofan,explosions/remote violence,Air/drone strike,8,7,NA,Political violence,3119,11.2289,30.914
2012-11-24T00:00:00Z,Northern Africa,Sudan,Al Jazirah,battles,Armed clash,1,13,NA,Political violence,3105,14.6593,33.2294
2012-11-24T00:00:00Z,Northern Africa,Sudan,North Darfur,battles,Non-state actor overtakes territory,1,33,NA,Political violence,3112,15.8601,25.5013
2012-11-24T00:00:00Z,Northern Africa,Sudan,North Darfur,explosions/remote violence,Air/drone strike,2,2,NA,Political violence,3112,15.8601,25.5013
2012-11-24T00:00:00Z,Northern Africa,Sudan,North Darfur,violence against civilians,Attack,5,2,NA,Political violence,3112,15.8601,25.5013
2012-11-24T00:00:00Z,Northern Africa,Sudan,South Darfur,violence against civilians,Sexual violence,1,2,NA,Political violence,3118,10.9002,24.3019
2012-11-24T00:00:00Z,Northern Africa,Sudan,South Kordofan,battles,Armed clash,1,6,NA,Political violence,3119,11.2289,30.914
2012-11-24T00:00:00Z,Northern Africa,Sudan,South Kordofan,explosions/remote violence,Air/drone strike,8,8,NA,Political violence,3119,11.2289,30.914
2012-12-01T00:00:00Z,Northern Africa,Sudan,Al Jazirah,battles,Armed clash,1,2,NA,Political violence,3105,14.6593,33.2294
2012-12-01T00:00:00Z,Northern Africa,Sudan,Al Jazirah,violence against civilians,Attack,2,4,NA,Political violence,3105,14.6593,33.2294
2012-12-01T00:00:00Z,Northern Africa,Sudan,Central Darfur,battles,Armed clash,1,1,NA,Political violence,3107,12.3084,23.2341
2012-12-01T00:00:00Z,Northern Africa,Sudan,North Darfur,battles,Armed clash,2,3,NA,Political violence,3112,15.8601,25.5013
2012-12-01T00:00:00Z,Northern Africa,Sudan,North Darfur,violence against civilians,Attack,2,2,NA,Political violence,3112,15.8601,25.5013
2012-12-01T00:00:00Z,Northern Africa,Sudan,South Darfur,violence against civilians,Attack,2,1,NA,Political violence,3118,10.9002,24.3019
2012-12-01T00:00:00Z,Northern Africa,Sudan,South Kordofan,explosions/remote violence,Air/drone strike,11,2,NA,Political violence,3119,11.2289,30.914
2012-12-08T00:00:00Z,Northern Africa,Sudan,Central Darfur,violence against civilians,Attack,1,1,NA,Political violence,3107,12.3084,23.2341
2012-12-08T00:00:00Z,Northern Africa,Sudan,North Darfur,battles,Armed clash,1,1,NA,Political violence,3112,15.8601,25.5013
2012-12-08T00:00:00Z,Northern Africa,Sudan,North Darfur,violence against civilians,Attack,4,2,NA,Political violence,3112,15.8601,25.5013
2012-12-08T00:00:00Z,Northern Africa,Sudan,South Kordofan,battles,Armed clash,1,21,NA,Political violence,3119,11.2289,30.914
2012-12-08T00:00:00Z,Northern Africa,Sudan,South Kordofan,explosions/remote violence,Air/drone strike,2,1,NA,Political violence,3119,11.2289,30.914
2012-12-15T00:00:00Z,Northern Africa,Sudan,Central Darfur,battles,Armed clash,1,9,NA,Political violence,3107,12.3084,23.2341
2012-12-15T00:00:00Z,Northern Africa,Sudan,Central Darfur,explosions/remote violence,Air/drone strike,1,27,NA,Political violence,3107,12.3084,23.2341
2012-12-15T00:00:00Z,Northern Africa,Sudan,South Darfur,violence against civilians,Attack,1,1,NA,Political violence,3118,10.9002,24.3019
2012-12-15T00:00:00Z,Northern Africa,Sudan,South Kordofan,explosions/remote violence,Air/drone strike,4,2,NA,Political violence,3119,11.2289,30.914
2012-12-15T00:00:00Z,Northern Africa,Sudan,West Darfur,battles,Armed clash,2,22,NA,Political violence,3120,13.5081,22.7026
2012-12-22T00:00:00Z,Northern Africa,Sudan,Central Darfur,battles,Armed clash,1,10,NA,Political violence,3107,12.3084,23.2341
2012-12-22T00:00:00Z,Northern Africa,Sudan,Central Darfur,battles,Non-state actor overtakes territory,2,170,NA,Political violence,3107,12.3084,23.2341
2012-12-22T00:00:00Z,Northern Africa,Sudan,Central Darfur,explosions/remote violence,Air/drone strike,1,2,NA,Political violence,3107,12.3084,23.2341
2012-12-22T00:00:00Z,Northern Africa,Sudan,Central Darfur,violence against civilians,Attack,1,1,NA,Political violence,3107,12.3084,23.2341
2012-12-22T00:00:00Z,Northern Africa,Sudan,Central Darfur,violence against civilians,Sexual violence,1,2,NA,Political violence,3107,12.3084,23.2341
2012-12-22T00:00:00Z,Northern Africa,Sudan,North Darfur,battles,Armed clash,2,2,NA,Political violence,3112,15.8601,25.5013
2012-12-22T00:00:00Z,Northern Africa,Sudan,South Darfur,battles,Non-state actor overtakes territory,1,47,NA,Political violence,3118,10.9002,24.3019
2012-12-22T00:00:00Z,Northern Africa,Sudan,South Darfur,violence against civilians,Attack,2,1,NA,Political violence,3118,10.9002,24.3019
2012-12-22T00:00:00Z,Northern Africa,Sudan,South Kordofan,explosions/remote violence,Air/drone strike,10,10,NA,Political violence,3119,11.2289,30.914
2012-12-29T00:00:00Z,Northern Africa,Sudan,Central Darfur,battles,Government regains territory,1,10,NA,Political violence,3107,12.3084,23.2341
2012-12-29T00:00:00Z,Northern Africa,Sudan,Central Darfur,explosions/remote violence,Air/drone strike,4,17,NA,Political violence,3107,12.3084,23.2341
2012-12-29T00:00:00Z,Northern Africa,Sudan,Central Darfur,protests,Excessive force against protesters,1,1,NA,Political violence; Demonstrations,3107,12.3084,23.2341
2012-12-29T00:00:00Z,Northern Africa,Sudan,Central Darfur,violence against civilians,Attack,3,1,NA,Political violence,3107,12.3084,23.2341
2012-12-29T00:00:00Z,Northern Africa,Sudan,East Darfur,battles,Armed clash,1,22,NA,Political violence,3108,11.2299,26.3972
2012-12-29T00:00:00Z,Northern Africa,Sudan,North Darfur,violence against civilians,Attack,3,7,NA,Political violence,3112,15.8601,25.5013
2012-12-29T00:00:00Z,Northern Africa,Sudan,South Darfur,violence against civilians,Attack,2,2,NA,Political violence,3118,10.9002,24.3019
2013-01-05T00:00:00Z,Northern Africa,Sudan,Central Darfur,battles,Armed clash,1,75,NA,Political violence,3107,12.3084,23.2341
2013-01-05T00:00:00Z,Northern Africa,Sudan,North Darfur,battles,Armed clash,5,200,NA,Political violence,3112,15.8601,25.5013
2013-01-05T00:00:00Z,Northern Africa,Sudan,North Darfur,explosions/remote violence,Air/drone strike,1,10,NA,Political violence,3112,15.8601,25.5013
2013-01-05T00:00:00Z,Northern Africa,Sudan,South Darfur,violence against civilians,Attack,2,1,NA,Political violence,3118,10.9002,24.3019
2013-01-05T00:00:00Z,Northern Africa,Sudan,South Kordofan,battles,Armed clash,1,50,NA,Political violence,3119,11.2289,30.914
2013-01-05T00:00:00Z,Northern Africa,Sudan,West Kordofan,battles,Armed clash,1,14,NA,Political violence,3121,11.8686,28.2211
2013-01-12T00:00:00Z,Northern Africa,Sudan,Central Darfur,battles,Armed clash,2,41,NA,Political violence,3107,12.3084,23.2341
2013-01-12T00:00:00Z,Northern Africa,Sudan,Central Darfur,violence against civilians,Attack,2,1,NA,Political violence,3107,12.3084,23.2341
2013-01-12T00:00:00Z,Northern Africa,Sudan,North Darfur,battles,Armed clash,1,2,NA,Political violence,3112,15.8601,25.5013
2013-01-12T00:00:00Z,Northern Africa,Sudan,North Darfur,violence against civilians,Attack,2,2,NA,Political violence,3112,15.8601,25.5013
2013-01-12T00:00:00Z,Northern Africa,Sudan,South Kordofan,battles,Armed clash,1,25,NA,Political violence,3119,11.2289,30.914
2013-01-12T00:00:00Z,Northern Africa,Sudan,South Kordofan,explosions/remote violence,Remote explosive/landmine/IED,1,25,NA,Political violence,3119,11.2289,30.914
2013-01-19T00:00:00Z,Northern Africa,Sudan,Central Darfur,violence against civilians,Attack,3,4,NA,Political violence,3107,12.3084,23.2341
2013-01-19T00:00:00Z,Northern Africa,Sudan,North Darfur,battles,Armed clash,1,2,NA,Political violence,3112,15.8601,25.5013
2013-01-19T00:00:00Z,Northern Africa,Sudan,North Darfur,violence against civilians,Attack,3,2,NA,Political violence,3112,15.8601,25.5013
2013-01-19T00:00:00Z,Northern Africa,Sudan,South Kordofan,battles,Armed clash,2,6,NA,Political violence,3119,11.2289,30.914
2013-01-19T00:00:00Z,Northern Africa,Sudan,South Kordofan,violence against civilians,Attack,1,3,NA,Political violence,3119,11.2289,30.914
2013-01-26T00:00:00Z,Northern Africa,Sudan,Central Darfur,battles,Armed clash,1,12,NA,Political violence,3107,12.3084,23.2341
2013-01-26T00:00:00Z,Northern Africa,Sudan,Central Darfur,violence against civilians,Attack,3,4,NA,Political violence,3107,12.3084,23.2341
2013-01-26T00:00:00Z,Northern Africa,Sudan,North Darfur,explosions/remote violence,Air/drone strike,1,1,NA,Political violence,3112,15.8601,25.5013
2013-01-26T00:00:00Z,Northern Africa,Sudan,North Darfur,violence against civilians,Attack,3,2,NA,Political violence,3112,15.8601,25.5013
2013-01-26T00:00:00Z,Northern Africa,Sudan,South Darfur,battles,Armed clash,1,11,NA,Political violence,3118,10.9002,24.3019
2013-01-26T00:00:00Z,Northern Africa,Sudan,West Darfur,battles,Armed clash,3,9,NA,Political violence,3120,13.5081,22.7026
2013-02-02T00:00:00Z,Northern Africa,Sudan,Central Darfur,battles,Armed clash,3,111,NA,Political violence,3107,12.3084,23.2341
2013-02-02T00:00:00Z,Northern Africa,Sudan,Central Darfur,explosions/remote violence,Remote explosive/landmine/IED,1,1,NA,Political violence,3107,12.3084,23.2341
2013-02-02T00:00:00Z,Northern Africa,Sudan,Central Darfur,explosions/remote violence,Shelling/artillery/missile attack,1,1,NA,Political violence,3107,12.3084,23.2341
2013-02-02T00:00:00Z,Northern Africa,Sudan,North Darfur,battles,Armed clash,3,22,NA,Political violence,3112,15.8601,25.5013
2013-02-02T00:00:00Z,Northern Africa,Sudan,West Darfur,violence against civilians,Attack,1,1,NA,Political violence,3120,13.5081,22.7026
2013-02-09T00:00:00Z,Northern Africa,Sudan,Abyei,battles,Armed clash,1,7,NA,Political violence,3104,9.7332,28.4712
2013-02-09T00:00:00Z,Northern Africa,Sudan,Central Darfur,battles,Armed clash,3,43,NA,Political violence,3107,12.3084,23.2341
2013-02-09T00:00:00Z,Northern Africa,Sudan,North Darfur,explosions/remote violence,Shelling/artillery/missile attack,1,12,NA,Political violence,3112,15.8601,25.5013
2013-02-09T00:00:00Z,Northern Africa,Sudan,North Darfur,violence against civilians,Attack,1,1,NA,Political violence,3112,15.8601,25.5013
2013-02-09T00:00:00Z,Northern Africa,Sudan,South Darfur,battles,Armed clash,2,87,NA,Political violence,3118,10.9002,24.3019
2013-02-09T00:00:00Z,Northern Africa,Sudan,South Darfur,violence against civilians,Attack,1,2,NA,Political violence,3118,10.9002,24.3019
2013-02-09T00:00:00Z,Northern Africa,Sudan,South Kordofan,explosions/remote violence,Air/drone strike,2,2,NA,Political violence,3119,11.2289,30.914
2013-02-09T00:00:00Z,Northern Africa,Sudan,South Kordofan,violence against civilians,Attack,1,17,NA,Political violence,3119,11.2289,30.914
2013-02-16T00:00:00Z,Northern Africa,Sudan,Abyei,battles,Armed clash,1,10,NA,Political violence,3104,9.7332,28.4712
2013-02-16T00:00:00Z,Northern Africa,Sudan,Abyei,violence against civilians,Attack,1,7,NA,Political violence,3104,9.7332,28.4712
2013-02-16T00:00:00Z,Northern Africa,Sudan,Blue Nile,battles,Government regains territory,1,38,NA,Political violence,3106,11.0079,34.0954
2013-02-16T00:00:00Z,Northern Africa,Sudan,Blue Nile,battles,Non-state actor overtakes territory,2,38,NA,Political violence,3106,11.0079,34.0954
2013-02-16T00:00:00Z,Northern Africa,Sudan,South Darfur,explosions/remote violence,Air/drone strike,1,4,NA,Political violence,3118,10.9002,24.3019
2013-02-16T00:00:00Z,Northern Africa,Sudan,South Kordofan,explosions/remote violence,Air/drone strike,1,3,NA,Political violence,3119,11.2289,30.914
2013-02-16T00:00:00Z,Northern Africa,Sudan,West Kordofan,violence against civilians,Attack,1,21,NA,Political violence,3121,11.8686,28.2211
2013-02-23T00:00:00Z,Northern Africa,Sudan,Central Darfur,battles,Armed clash,1,17,NA,Political violence,3107,12.3084,23.2341
2013-02-23T00:00:00Z,Northern Africa,Sudan,North Darfur,battles,Armed clash,1,60,NA,Political violence,3112,15.8601,25.5013
2013-02-23T00:00:00Z,Northern Africa,Sudan,South Darfur,battles,Armed clash,1,7,NA,Political violence,3118,10.9002,24.3019
2013-03-02T00:00:00Z,Northern Africa,Sudan,North Darfur,battles,Armed clash,1,25,NA,Political violence,3112,15.8601,25.5013
2013-03-02T00:00:00Z,Northern Africa,Sudan,South Darfur,violence against civilians,Attack,2,1,NA,Political violence,3118,10.9002,24.3019
2013-03-02T00:00:00Z,Northern Africa,Sudan,West Kordofan,battles,Armed clash,2,100,NA,Political violence,3121,11.8686,28.2211
2013-03-09T00:00:00Z,Northern Africa,Sudan,Blue Nile,battles,Armed clash,2,43,NA,Political violence,3106,11.0079,34.0954
2013-03-09T00:00:00Z,Northern Africa,Sudan,Blue Nile,battles,Government regains territory,1,3,NA,Political violence,3106,11.0079,34.0954
2013-03-09T00:00:00Z,Northern Africa,Sudan,Blue Nile,battles,Non-state actor overtakes territory,1,3,NA,Political violence,3106,11.0079,34.0954
2013-03-09T00:00:00Z,Northern Africa,Sudan,North Darfur,battles,Armed clash,2,10,NA,Political violence,3112,15.8601,25.5013
2013-03-09T00:00:00Z,Northern Africa,Sudan,South Darfur,battles,Armed clash,5,267,NA,Political violence,3118,10.9002,24.3019
2013-03-09T00:00:00Z,Northern Africa,Sudan,South Darfur,violence against civilians,Attack,2,5,NA,Political violence,3118,10.9002,24.3019
2013-03-16T00:00:00Z,Northern Africa,Sudan,Central Darfur,violence against civilians,Attack,3,3,NA,Political violence,3107,12.3084,23.2341
2013-03-16T00:00:00Z,Northern Africa,Sudan,East Darfur,battles,Armed clash,1,7,NA,Political violence,3108,11.2299,26.3972
2013-03-16T00:00:00Z,Northern Africa,Sudan,North Darfur,battles,Armed clash,1,10,NA,Political violence,3112,15.8601,25.5013
2013-03-16T00:00:00Z,Northern Africa,Sudan,North Darfur,explosions/remote violence,Air/drone strike,1,4,NA,Political violence,3112,15.8601,25.5013
2013-03-16T00:00:00Z,Northern Africa,Sudan,South Darfur,battles,Armed clash,3,101,NA,Political violence,3118,10.9002,24.3019
2013-03-16T00:00:00Z,Northern Africa,Sudan,South Darfur,violence against civilians,Attack,3,3,NA,Political violence,3118,10.9002,24.3019
2013-03-23T00:00:00Z,Northern Africa,Sudan,Central Darfur,violence against civilians,Attack,1,2,NA,Political violence,3107,12.3084,23.2341
2013-03-23T00:00:00Z,Northern Africa,Sudan,North Darfur,battles,Armed clash,1,10,NA,Political violence,3112,15.8601,25.5013
2013-03-23T00:00:00Z,Northern Africa,Sudan,North Darfur,violence against civilians,Attack,1,1,NA,Political violence,3112,15.8601,25.5013
2013-03-23T00:00:00Z,Northern Africa,Sudan,South Darfur,battles,Armed clash,3,1,NA,Political violence,3118,10.9002,24.3019
2013-03-23T00:00:00Z,Northern Africa,Sudan,South Darfur,violence against civilians,Attack,2,1,NA,Political violence,3118,10.9002,24.3019
2013-03-23T00:00:00Z,Northern Africa,Sudan,South Kordofan,violence against civilians,Attack,1,1,NA,Political violence,3119,11.2289,30.914
2013-03-30T00:00:00Z,Northern Africa,Sudan,Central Darfur,battles,Armed clash,5,21,NA,Political violence,3107,12.3084,23.2341
2013-03-30T00:00:00Z,Northern Africa,Sudan,North Darfur,violence against civilians,Attack,2,1,NA,Political violence,3112,15.8601,25.5013
2013-03-30T00:00:00Z,Northern Africa,Sudan,South Kordofan,explosions/remote violence,Air/drone strike,1,1,NA,Political violence,3119,11.2289,30.914
2013-04-06T00:00:00Z,Northern Africa,Sudan,Central Darfur,battles,Armed clash,4,47,NA,Political violence,3107,12.3084,23.2341
2013-04-06T00:00:00Z,Northern Africa,Sudan,East Darfur,battles,Non-state actor overtakes territory,3,12,NA,Political violence,3108,11.2299,26.3972
2013-04-06T00:00:00Z,Northern Africa,Sudan,East Darfur,explosions/remote violence,Air/drone strike,1,9,NA,Political violence,3108,11.2299,26.3972
2013-04-06T00:00:00Z,Northern Africa,Sudan,North Darfur,battles,Armed clash,3,26,NA,Political violence,3112,15.8601,25.5013
2013-04-06T00:00:00Z,Northern Africa,Sudan,North Darfur,explosions/remote violence,Air/drone strike,1,2,NA,Political violence,3112,15.8601,25.5013
2013-04-06T00:00:00Z,Northern Africa,Sudan,South Darfur,battles,Armed clash,2,15,NA,Political violence,3118,10.9002,24.3019
2013-04-06T00:00:00Z,Northern Africa,Sudan,South Darfur,battles,Non-state actor overtakes territory,2,30,NA,Political violence,3118,10.9002,24.3019
2013-04-06T00:00:00Z,Northern Africa,Sudan,South Darfur,explosions/remote violence,Air/drone strike,1,4,NA,Political violence,3118,10.9002,24.3019
2013-04-06T00:00:00Z,Northern Africa,Sudan,South Kordofan,explosions/remote violence,Shelling/artillery/missile attack,1,3,NA,Political violence,3119,11.2289,30.914
2013-04-06T00:00:00Z,Northern Africa,Sudan,South Kordofan,violence against civilians,Attack,1,2,NA,Political violence,3119,11.2289,30.914
2013-04-06T00:00:00Z,Northern Africa,Sudan,West Darfur,battles,Armed clash,2,26,NA,Political violence,3120,13.5081,22.7026
2013-04-13T00:00:00Z,Northern Africa,Sudan,Blue Nile,battles,Non-state actor overtakes territory,1,8,NA,Political violence,3106,11.0079,34.0954
2013-04-13T00:00:00Z,Northern Africa,Sudan,East Darfur,battles,Armed clash,2,2,NA,Political violence,3108,11.2299,26.3972
2013-04-13T00:00:00Z,Northern Africa,Sudan,East Darfur,violence against civilians,Attack,1,9,NA,Political violence,3108,11.2299,26.3972
2013-04-13T00:00:00Z,Northern Africa,Sudan,North Darfur,battles,Armed clash,1,2,NA,Political violence,3112,15.8601,25.5013
2013-04-13T00:00:00Z,Northern Africa,Sudan,North Darfur,violence against civilians,Attack,1,1,NA,Political violence,3112,15.8601,25.5013
2013-04-13T00:00:00Z,Northern Africa,Sudan,South Darfur,battles,Government regains territory,1,4,NA,Political violence,3118,10.9002,24.3019
2013-04-13T00:00:00Z,Northern Africa,Sudan,South Darfur,battles,Non-state actor overtakes territory,2,67,NA,Political violence,3118,10.9002,24.3019
2013-04-13T00:00:00Z,Northern Africa,Sudan,South Darfur,violence against civilians,Attack,6,13,NA,Political violence,3118,10.9002,24.3019
2013-04-13T00:00:00Z,Northern Africa,Sudan,South Kordofan,battles,Non-state actor overtakes territory,2,29,NA,Political violence,3119,11.2289,30.914
2013-04-13T00:00:00Z,Northern Africa,Sudan,South Kordofan,explosions/remote violence,Shelling/artillery/missile attack,1,3,NA,Political violence,3119,11.2289,30.914
2013-04-20T00:00:00Z,Northern Africa,Sudan,Blue Nile,violence against civilians,Attack,1,3,NA,Political violence,3106,11.0079,34.0954
2013-04-20T00:00:00Z,Northern Africa,Sudan,East Darfur,violence against civilians,Attack,1,5,NA,Political violence,3108,11.2299,26.3972
2013-04-20T00:00:00Z,Northern Africa,Sudan,Khartoum,riots,Violent demonstration,1,1,NA,Demonstrations,3111,15.915,33.1352
2013-04-20T00:00:00Z,Northern Africa,Sudan,North Darfur,explosions/remote violence,Remote explosive/landmine/IED,1,1,NA,Political violence,3112,15.8601,25.5013
2013-04-20T00:00:00Z,Northern Africa,Sudan,South Darfur,battles,Armed clash,4,136,NA,Political violence,3118,10.9002,24.3019
2013-04-20T00:00:00Z,Northern Africa,Sudan,South Darfur,explosions/remote violence,Air/drone strike,1,8,NA,Political violence,3118,10.9002,24.3019
2013-04-20T00:00:00Z,Northern Africa,Sudan,South Darfur,violence against civilians,Attack,5,6,NA,Political violence,3118,10.9002,24.3019
2013-04-20T00:00:00Z,Northern Africa,Sudan,South Kordofan,explosions/remote violence,Air/drone strike,1,1,NA,Political violence,3119,11.2289,30.914
2013-04-27T00:00:00Z,Northern Africa,Sudan,North Darfur,violence against civilians,Attack,4,1,NA,Political violence,3112,15.8601,25.5013
2013-04-27T00:00:00Z,Northern Africa,Sudan,North Kordofan,battles,Armed clash,1,9,NA,Political violence,3113,14.3894,29.437
2013-04-27T00:00:00Z,Northern Africa,Sudan,South Darfur,battles,Armed clash,8,129,NA,Political violence,3118,10.9002,24.3019
2013-04-27T00:00:00Z,Northern Africa,Sudan,South Darfur,violence against civilians,Attack,1,15,NA,Political violence,3118,10.9002,24.3019
2013-04-27T00:00:00Z,Northern Africa,Sudan,South Kordofan,explosions/remote violence,Air/drone strike,4,11,NA,Political violence,3119,11.2289,30.914
2013-04-27T00:00:00Z,Northern Africa,Sudan,South Kordofan,explosions/remote violence,Shelling/artillery/missile attack,1,4,NA,Political violence,3119,11.2289,30.914
2013-04-27T00:00:00Z,Northern Africa,Sudan,South Kordofan,violence against civilians,Attack,1,1,NA,Political violence,3119,11.2289,30.914
2013-05-04T00:00:00Z,Northern Africa,Sudan,Abyei,battles,Armed clash,1,8,NA,Political violence,3104,9.7332,28.4712
2013-05-04T00:00:00Z,Northern Africa,Sudan,East Darfur,violence against civilians,Attack,1,12,NA,Political violence,3108,11.2299,26.3972
2013-05-04T00:00:00Z,Northern Africa,Sudan,North Darfur,battles,Armed clash,2,1,NA,Political violence,3112,15.8601,25.5013
2013-05-04T00:00:00Z,Northern Africa,Sudan,North Kordofan,battles,Armed clash,1,10,NA,Political violence,3113,14.3894,29.437
2013-05-04T00:00:00Z,Northern Africa,Sudan,South Darfur,violence against civilians,Attack,4,12,NA,Political violence,3118,10.9002,24.3019
2013-05-04T00:00:00Z,Northern Africa,Sudan,South Kordofan,battles,Armed clash,5,156,NA,Political violence,3119,11.2289,30.914
2013-05-04T00:00:00Z,Northern Africa,Sudan,South Kordofan,explosions/remote violence,Air/drone strike,2,100,NA,Political violence,3119,11.2289,30.914
2013-05-04T00:00:00Z,Northern Africa,Sudan,West Darfur,battles,Armed clash,1,7,NA,Political violence,3120,13.5081,22.7026
2013-05-11T00:00:00Z,Northern Africa,Sudan,Khartoum,riots,Mob violence,1,1,NA,Political violence,3111,15.915,33.1352
2013-05-11T00:00:00Z,Northern Africa,Sudan,South Darfur,violence against civilians,Attack,3,3,NA,Political violence,3118,10.9002,24.3019
2013-05-11T00:00:00Z,Northern Africa,Sudan,South Kordofan,battles,Armed clash,1,411,NA,Political violence,3119,11.2289,30.914
2013-05-11T00:00:00Z,Northern Africa,Sudan,South Kordofan,explosions/remote violence,Air/drone strike,5,30,NA,Political violence,3119,11.2289,30.914
2013-05-11T00:00:00Z,Northern Africa,Sudan,South Kordofan,violence against civilians,Attack,2,3,NA,Political violence,3119,11.2289,30.914
2013-05-11T00:00:00Z,Northern Africa,Sudan,West Darfur,violence against civilians,Attack,2,1,NA,Political violence,3120,13.5081,22.7026
2013-05-18T00:00:00Z,Northern Africa,Sudan,Central Darfur,violence against civilians,Attack,1,1,NA,Political violence,3107,12.3084,23.2341
2013-05-18T00:00:00Z,Northern Africa,Sudan,North Darfur,violence against civilians,Attack,1,2,NA,Political violence,3112,15.8601,25.5013
2013-05-18T00:00:00Z,Northern Africa,Sudan,North Kordofan,protests,Excessive force against protesters,1,1,NA,Political violence; Demonstrations,3113,14.3894,29.437
2013-05-18T00:00:00Z,Northern Africa,Sudan,North Kordofan,violence against civilians,Attack,1,2,NA,Political violence,3113,14.3894,29.437
2013-05-18T00:00:00Z,Northern Africa,Sudan,South Darfur,battles,Armed clash,2,31,NA,Political violence,3118,10.9002,24.3019
2013-05-18T00:00:00Z,Northern Africa,Sudan,West Darfur,violence against civilians,Attack,2,1,NA,Political violence,3120,13.5081,22.7026
2013-05-25T00:00:00Z,Northern Africa,Sudan,Al Jazirah,battles,Armed clash,1,1,NA,Political violence,3105,14.6593,33.2294
2013-05-25T00:00:00Z,Northern Africa,Sudan,North Darfur,violence against civilians,Attack,1,1,NA,Political violence,3112,15.8601,25.5013
2013-05-25T00:00:00Z,Northern Africa,Sudan,South Darfur,battles,Armed clash,3,76,NA,Political violence,3118,10.9002,24.3019
2013-05-25T00:00:00Z,Northern Africa,Sudan,South Kordofan,battles,Armed clash,1,70,NA,Political violence,3119,11.2289,30.914
2013-05-25T00:00:00Z,Northern Africa,Sudan,South Kordofan,battles,Government regains territory,1,350,NA,Political violence,3119,11.2289,30.914
2013-05-25T00:00:00Z,Northern Africa,Sudan,South Kordofan,explosions/remote violence,Air/drone strike,1,1,NA,Political violence,3119,11.2289,30.914
2013-05-25T00:00:00Z,Northern Africa,Sudan,South Kordofan,explosions/remote violence,Shelling/artillery/missile attack,1,2,NA,Political violence,3119,11.2289,30.914
2013-06-01T00:00:00Z,Northern Africa,Sudan,Blue Nile,explosions/remote violence,Air/drone strike,1,2,NA,Political violence,3106,11.0079,34.0954
2013-06-01T00:00:00Z,Northern Africa,Sudan,Central Darfur,battles,Armed clash,3,2,NA,Political violence,3107,12.3084,23.2341
2013-06-01T00:00:00Z,Northern Africa,Sudan,East Darfur,battles,Armed clash,1,10,NA,Political violence,3108,11.2299,26.3972
2013-06-01T00:00:00Z,Northern Africa,Sudan,North Darfur,violence against civilians,Attack,1,15,NA,Political violence,3112,15.8601,25.5013
2013-06-01T00:00:00Z,Northern Africa,Sudan,South Darfur,battles,Armed clash,2,46,NA,Political violence,3118,10.9002,24.3019
2013-06-01T00:00:00Z,Northern Africa,Sudan,South Darfur,violence against civilians,Attack,2,2,NA,Political violence,3118,10.9002,24.3019
2013-06-01T00:00:00Z,Northern Africa,Sudan,West Darfur,battles,Armed clash,2,1,NA,Political violence,3120,13.5081,22.7026
2013-06-08T00:00:00Z,Northern Africa,Sudan,Central Darfur,battles,Armed clash,3,107,NA,Political violence,3107,12.3084,23.2341
2013-06-08T00:00:00Z,Northern Africa,Sudan,North Darfur,violence against civilians,Attack,1,1,NA,Political violence,3112,15.8601,25.5013
2013-06-08T00:00:00Z,Northern Africa,Sudan,South Darfur,battles,Armed clash,1,29,NA,Political violence,3118,10.9002,24.3019
2013-06-08T00:00:00Z,Northern Africa,Sudan,South Darfur,explosions/remote violence,Remote explosive/landmine/IED,1,2,NA,Political violence,3118,10.9002,24.3019
2013-06-08T00:00:00Z,Northern Africa,Sudan,South Darfur,violence against civilians,Attack,3,2,NA,Political violence,3118,10.9002,24.3019
2013-06-08T00:00:00Z,Northern Africa,Sudan,South Kordofan,battles,Armed clash,3,14,NA,Political violence,3119,11.2289,30.914
2013-06-08T00:00:00Z,Northern Africa,Sudan,South Kordofan,battles,Non-state actor overtakes territory,1,10,NA,Political violence,3119,11.2289,30.914
2013-06-08T00:00:00Z,Northern Africa,Sudan,South Kordofan,explosions/remote violence,Shelling/artillery/missile attack,2,11,NA,Political violence,3119,11.2289,30.914
2013-06-08T00:00:00Z,Northern Africa,Sudan,West Darfur,violence against civilians,Attack,1,1,NA,Political violence,3120,13.5081,22.7026
2013-06-15T00:00:00Z,Northern Africa,Sudan,Central Darfur,battles,Armed clash,1,12,NA,Political violence,3107,12.3084,23.2341
2013-06-15T00:00:00Z,Northern Africa,Sudan,Central Darfur,explosions/remote violence,Remote explosive/landmine/IED,1,4,NA,Political violence,3107,12.3084,23.2341
2013-06-15T00:00:00Z,Northern Africa,Sudan,North Darfur,violence against civilians,Attack,1,1,NA,Political violence,3112,15.8601,25.5013
2013-06-15T00:00:00Z,Northern Africa,Sudan,South Darfur,battles,Armed clash,1,39,NA,Political violence,3118,10.9002,24.3019
2013-06-15T00:00:00Z,Northern Africa,Sudan,South Kordofan,explosions/remote violence,Air/drone strike,1,1,NA,Political violence,3119,11.2289,30.914
2013-06-15T00:00:00Z,Northern Africa,Sudan,West Darfur,violence against civilians,Attack,1,1,NA,Political violence,3120,13.5081,22.7026
2013-06-22T00:00:00Z,Northern Africa,Sudan,Central Darfur,explosions/remote violence,Air/drone strike,1,3,NA,Political violence,3107,12.3084,23.2341
2013-06-22T00:00:00Z,Northern Africa,Sudan,North Darfur,battles,Armed clash,5,85,NA,Political violence,3112,15.8601,25.5013
2013-06-22T00:00:00Z,Northern Africa,Sudan,North Darfur,violence against civilians,Attack,1,1,NA,Political violence,3112,15.8601,25.5013
2013-06-22T00:00:00Z,Northern Africa,Sudan,South Darfur,violence against civilians,Attack,4,10,NA,Political violence,3118,10.9002,24.3019
2013-06-22T00:00:00Z,Northern Africa,Sudan,South Kordofan,battles,Armed clash,1,9,NA,Political violence,3119,11.2289,30.914
2013-06-29T00:00:00Z,Northern Africa,Sudan,Central Darfur,battles,Armed clash,1,1,NA,Political violence,3107,12.3084,23.2341
2013-06-29T00:00:00Z,Northern Africa,Sudan,Gedaref,riots,Violent demonstration,1,1,NA,Demonstrations,3109,14.2138,35.0222
2013-06-29T00:00:00Z,Northern Africa,Sudan,North Darfur,battles,Armed clash,1,1,NA,Political violence,3112,15.8601,25.5013
2013-06-29T00:00:00Z,Northern Africa,Sudan,South Darfur,battles,Armed clash,4,6,NA,Political violence,3118,10.9002,24.3019
2013-06-29T00:00:00Z,Northern Africa,Sudan,South Darfur,explosions/remote violence,Grenade,1,2,NA,Political violence,3118,10.9002,24.3019
2013-06-29T00:00:00Z,Northern Africa,Sudan,South Darfur,riots,Mob violence,2,7,NA,Political violence,3118,10.9002,24.3019
2013-06-29T00:00:00Z,Northern Africa,Sudan,South Darfur,violence against civilians,Attack,2,2,NA,Political violence,3118,10.9002,24.3019
2013-06-29T00:00:00Z,Northern Africa,Sudan,South Kordofan,battles,Non-state actor overtakes territory,1,26,NA,Political violence,3119,11.2289,30.914
2013-06-29T00:00:00Z,Northern Africa,Sudan,West Kordofan,explosions/remote violence,Air/drone strike,1,2,NA,Political violence,3121,11.8686,28.2211
2013-07-06T00:00:00Z,Northern Africa,Sudan,Central Darfur,violence against civilians,Attack,1,3,NA,Political violence,3107,12.3084,23.2341
2013-07-06T00:00:00Z,Northern Africa,Sudan,South Darfur,battles,Armed clash,1,4,NA,Political violence,3118,10.9002,24.3019
2013-07-06T00:00:00Z,Northern Africa,Sudan,South Darfur,violence against civilians,Attack,2,3,NA,Political violence,3118,10.9002,24.3019
2013-07-06T00:00:00Z,Northern Africa,Sudan,South Kordofan,battles,Armed clash,2,27,NA,Political violence,3119,11.2289,30.914
2013-07-06T00:00:00Z,Northern Africa,Sudan,South Kordofan,explosions/remote violence,Air/drone strike,2,8,NA,Political violence,3119,11.2289,30.914
2013-07-13T00:00:00Z,Northern Africa,Sudan,Central Darfur,violence against civilians,Attack,3,1,NA,Political violence,3107,12.3084,23.2341
2013-07-13T00:00:00Z,Northern Africa,Sudan,South Darfur,battles,Armed clash,1,7,NA,Political violence,3118,10.9002,24.3019
2013-07-13T00:00:00Z,Northern Africa,Sudan,South Darfur,violence against civilians,Attack,1,4,NA,Political violence,3118,10.9002,24.3019
2013-07-13T00:00:00Z,Northern Africa,Sudan,South Kordofan,battles,Armed clash,1,7,NA,Political violence,3119,11.2289,30.914
2013-07-20T00:00:00Z,Northern Africa,Sudan,Central Darfur,battles,Armed clash,6,82,NA,Political violence,3107,12.3084,23.2341
2013-07-20T00:00:00Z,Northern Africa,Sudan,Central Darfur,explosions/remote violence,Air/drone strike,1,1,NA,Political violence,3107,12.3084,23.2341
2013-07-20T00:00:00Z,Northern Africa,Sudan,North Darfur,explosions/remote violence,Grenade,1,1,NA,Political violence,3112,15.8601,25.5013
2013-07-20T00:00:00Z,Northern Africa,Sudan,North Kordofan,battles,Armed clash,2,27,NA,Political violence,3113,14.3894,29.437
2013-07-27T00:00:00Z,Northern Africa,Sudan,Central Darfur,battles,Armed clash,2,183,NA,Political violence,3107,12.3084,23.2341
2013-07-27T00:00:00Z,Northern Africa,Sudan,North Darfur,battles,Armed clash,1,5,NA,Political violence,3112,15.8601,25.5013
2013-07-27T00:00:00Z,Northern Africa,Sudan,North Darfur,explosions/remote violence,Air/drone strike,1,1,NA,Political violence,3112,15.8601,25.5013
2013-07-27T00:00:00Z,Northern Africa,Sudan,South Darfur,violence against civilians,Attack,1,3,NA,Political violence,3118,10.9002,24.3019
2013-07-27T00:00:00Z,Northern Africa,Sudan,South Kordofan,battles,Armed clash,1,52,NA,Political violence,3119,11.2289,30.914
2013-07-27T00:00:00Z,Northern Africa,Sudan,South Kordofan,explosions/remote violence,Grenade,1,9,NA,Political violence,3119,11.2289,30.914
2013-08-03T00:00:00Z,Northern Africa,Sudan,Abyei,battles,Armed clash,1,1,NA,Political violence,3104,9.7332,28.4712
2013-08-03T00:00:00Z,Northern Africa,Sudan,North Darfur,battles,Armed clash,1,4,NA,Political violence,3112,15.8601,25.5013
2013-08-03T00:00:00Z,Northern Africa,Sudan,South Darfur,battles,Armed clash,1,1,NA,Political violence,3118,10.9002,24.3019
2013-08-03T00:00:00Z,Northern Africa,Sudan,South Darfur,violence against civilians,Attack,1,1,NA,Political violence,3118,10.9002,24.3019
2013-08-03T00:00:00Z,Northern Africa,Sudan,South Kordofan,explosions/remote violence,Air/drone strike,1,1,NA,Political violence,3119,11.2289,30.914
2013-08-03T00:00:00Z,Northern Africa,Sudan,West Kordofan,battles,Armed clash,1,5,NA,Political violence,3121,11.8686,28.2211
2013-08-10T00:00:00Z,Northern Africa,Sudan,East Darfur,battles,Armed clash,2,80,NA,Political violence,3108,11.2299,26.3972
2013-08-10T00:00:00Z,Northern Africa,Sudan,North Darfur,explosions/remote violence,Air/drone strike,4,7,NA,Political violence,3112,15.8601,25.5013
2013-08-10T00:00:00Z,Northern Africa,Sudan,North Darfur,explosions/remote violence,Shelling/artillery/missile attack,1,2,NA,Political violence,3112,15.8601,25.5013
2013-08-10T00:00:00Z,Northern Africa,Sudan,South Darfur,battles,Armed clash,1,1,NA,Political violence,3118,10.9002,24.3019
2013-08-10T00:00:00Z,Northern Africa,Sudan,South Kordofan,explosions/remote violence,Remote explosive/landmine/IED,1,4,NA,Political violence,3119,11.2289,30.914
2013-08-10T00:00:00Z,Northern Africa,Sudan,West Kordofan,battles,Armed clash,2,115,NA,Political violence,3121,11.8686,28.2211
2013-08-10T00:00:00Z,Northern Africa,Sudan,West Kordofan,explosions/remote violence,Remote explosive/landmine/IED,1,13,NA,Political violence,3121,11.8686,28.2211
2013-08-17T00:00:00Z,Northern Africa,Sudan,Kassala,battles,Armed clash,1,21,NA,Political violence,3110,15.7104,35.5356
2013-08-17T00:00:00Z,Northern Africa,Sudan,North Darfur,explosions/remote violence,Air/drone strike,1,2,NA,Political violence,3112,15.8601,25.5013
2013-08-17T00:00:00Z,Northern Africa,Sudan,North Darfur,violence against civilians,Attack,4,5,NA,Political violence,3112,15.8601,25.5013
2013-08-17T00:00:00Z,Northern Africa,Sudan,South Darfur,violence against civilians,Attack,1,1,NA,Political violence,3118,10.9002,24.3019
2013-08-17T00:00:00Z,Northern Africa,Sudan,South Kordofan,violence against civilians,Attack,1,5,NA,Political violence,3119,11.2289,30.914
2013-08-17T00:00:00Z,Northern Africa,Sudan,West Kordofan,violence against civilians,Attack,1,1,NA,Political violence,3121,11.8686,28.2211
2013-08-24T00:00:00Z,Northern Africa,Sudan,Blue Nile,battles,Armed clash,1,22,NA,Political violence,3106,11.0079,34.0954
2013-08-24T00:00:00Z,Northern Africa,Sudan,Blue Nile,battles,Government regains territory,1,10,NA,Political violence,3106,11.0079,34.0954
2013-08-24T00:00:00Z,Northern Africa,Sudan,Central Darfur,violence against civilians,Attack,2,1,NA,Political violence,3107,12.3084,23.2341
2013-08-24T00:00:00Z,Northern Africa,Sudan,North Darfur,battles,Armed clash,1,2,NA,Political violence,3112,15.8601,25.5013
2013-08-24T00:00:00Z,Northern Africa,Sudan,North Darfur,violence against civilians,Sexual violence,1,1,NA,Political violence,3112,15.8601,25.5013
2013-08-24T00:00:00Z,Northern Africa,Sudan,Red Sea,battles,Armed clash,1,4,NA,Political violence,3115,20.0739,35.4126
2013-08-24T00:00:00Z,Northern Africa,Sudan,South Kordofan,battles,Armed clash,1,10,NA,Political violence,3119,11.2289,30.914
2013-08-24T00:00:00Z,Northern Africa,Sudan,West Darfur,violence against civilians,Attack,2,1,NA,Political violence,3120,13.5081,22.7026
2013-08-24T00:00:00Z,Northern Africa,Sudan,West Kordofan,explosions/remote violence,Remote explosive/landmine/IED,1,1,NA,Political violence,3121,11.8686,28.2211
2013-08-31T00:00:00Z,Northern Africa,Sudan,Blue Nile,battles,Armed clash,1,10,NA,Political violence,3106,11.0079,34.0954
2013-08-31T00:00:00Z,Northern Africa,Sudan,North Darfur,explosions/remote violence,Air/drone strike,4,21,NA,Political violence,3112,15.8601,25.5013
2013-08-31T00:00:00Z,Northern Africa,Sudan,South Darfur,battles,Armed clash,1,10,NA,Political violence,3118,10.9002,24.3019
2013-08-31T00:00:00Z,Northern Africa,Sudan,West Darfur,violence against civilians,Attack,2,1,NA,Political violence,3120,13.5081,22.7026
2013-09-07T00:00:00Z,Northern Africa,Sudan,North Darfur,battles,Non-state actor overtakes territory,1,26,NA,Political violence,3112,15.8601,25.5013
2013-09-07T00:00:00Z,Northern Africa,Sudan,North Darfur,explosions/remote violence,Air/drone strike,5,10,NA,Political violence,3112,15.8601,25.5013
2013-09-07T00:00:00Z,Northern Africa,Sudan,Northern,violence against civilians,Attack,1,1,NA,Political violence,3114,19.3656,29.8955
2013-09-07T00:00:00Z,Northern Africa,Sudan,South Darfur,battles,Armed clash,3,6,NA,Political violence,3118,10.9002,24.3019
2013-09-07T00:00:00Z,Northern Africa,Sudan,South Darfur,violence against civilians,Attack,4,3,NA,Political violence,3118,10.9002,24.3019
2013-09-14T00:00:00Z,Northern Africa,Sudan,Central Darfur,battles,Armed clash,2,4,NA,Political violence,3107,12.3084,23.2341
2013-09-14T00:00:00Z,Northern Africa,Sudan,East Darfur,battles,Armed clash,1,39,NA,Political violence,3108,11.2299,26.3972
2013-09-14T00:00:00Z,Northern Africa,Sudan,South Darfur,riots,Violent demonstration,1,7,NA,Demonstrations,3118,10.9002,24.3019
2013-09-14T00:00:00Z,Northern Africa,Sudan,South Darfur,violence against civilians,Attack,4,5,NA,Political violence,3118,10.9002,24.3019
2013-09-21T00:00:00Z,Northern Africa,Sudan,Al Jazirah,protests,Excessive force against protesters,2,16,NA,Political violence; Demonstrations,3105,14.6593,33.2294
2013-09-21T00:00:00Z,Northern Africa,Sudan,Al Jazirah,riots,Violent demonstration,4,12,NA,Demonstrations,3105,14.6593,33.2294
2013-09-21T00:00:00Z,Northern Africa,Sudan,Al Jazirah,violence against civilians,Attack,2,1,NA,Political violence,3105,14.6593,33.2294
2013-09-21T00:00:00Z,Northern Africa,Sudan,Central Darfur,battles,Armed clash,2,38,NA,Political violence,3107,12.3084,23.2341
2013-09-21T00:00:00Z,Northern Africa,Sudan,Khartoum,protests,Excessive force against protesters,3,46,NA,Political violence; Demonstrations,3111,15.915,33.1352
2013-09-21T00:00:00Z,Northern Africa,Sudan,Khartoum,riots,Mob violence,2,79,NA,Political violence,3111,15.915,33.1352
2013-09-21T00:00:00Z,Northern Africa,Sudan,Khartoum,riots,Violent demonstration,7,125,NA,Demonstrations,3111,15.915,33.1352
2013-09-21T00:00:00Z,Northern Africa,Sudan,Khartoum,violence against civilians,Attack,2,4,NA,Political violence,3111,15.915,33.1352
2013-09-21T00:00:00Z,Northern Africa,Sudan,North Darfur,battles,Armed clash,3,13,NA,Political violence,3112,15.8601,25.5013
2013-09-21T00:00:00Z,Northern Africa,Sudan,North Darfur,explosions/remote violence,Air/drone strike,1,3,NA,Political violence,3112,15.8601,25.5013
2013-09-21T00:00:00Z,Northern Africa,Sudan,South Darfur,battles,Armed clash,1,3,NA,Political violence,3118,10.9002,24.3019
2013-09-21T00:00:00Z,Northern Africa,Sudan,South Darfur,violence against civilians,Attack,1,3,NA,Political violence,3118,10.9002,24.3019
2013-09-21T00:00:00Z,Northern Africa,Sudan,West Darfur,explosions/remote violence,Grenade,1,1,NA,Political violence,3120,13.5081,22.7026
2013-09-21T00:00:00Z,Northern Africa,Sudan,West Darfur,violence against civilians,Attack,1,2,NA,Political violence,3120,13.5081,22.7026
2013-09-28T00:00:00Z,Northern Africa,Sudan,Central Darfur,battles,Armed clash,3,20,NA,Political violence,3107,12.3084,23.2341
2013-09-28T00:00:00Z,Northern Africa,Sudan,Khartoum,protests,Excessive force against protesters,2,42,NA,Political violence; Demonstrations,3111,15.915,33.1352
2013-09-28T00:00:00Z,Northern Africa,Sudan,North Darfur,battles,Armed clash,2,10,NA,Political violence,3112,15.8601,25.5013
2013-09-28T00:00:00Z,Northern Africa,Sudan,North Darfur,battles,Non-state actor overtakes territory,1,10,NA,Political violence,3112,15.8601,25.5013
2013-09-28T00:00:00Z,Northern Africa,Sudan,North Darfur,explosions/remote violence,Air/drone strike,3,6,NA,Political violence,3112,15.8601,25.5013
2013-09-28T00:00:00Z,Northern Africa,Sudan,North Darfur,protests,Excessive force against protesters,1,3,NA,Political violence; Demonstrations,3112,15.8601,25.5013
2013-09-28T00:00:00Z,Northern Africa,Sudan,North Darfur,violence against civilians,Attack,2,2,NA,Political violence,3112,15.8601,25.5013
2013-09-28T00:00:00Z,Northern Africa,Sudan,South Darfur,violence against civilians,Attack,2,2,NA,Political violence,3118,10.9002,24.3019
2013-10-05T00:00:00Z,Northern Africa,Sudan,Central Darfur,violence against civilians,Attack,2,1,NA,Political violence,3107,12.3084,23.2341
2013-10-05T00:00:00Z,Northern Africa,Sudan,East Darfur,battles,Armed clash,1,2,NA,Political violence,3108,11.2299,26.3972
2013-10-05T00:00:00Z,Northern Africa,Sudan,North Darfur,battles,Armed clash,2,13,NA,Political violence,3112,15.8601,25.5013
2013-10-05T00:00:00Z,Northern Africa,Sudan,North Darfur,violence against civilians,Attack,4,7,NA,Political violence,3112,15.8601,25.5013
2013-10-05T00:00:00Z,Northern Africa,Sudan,South Darfur,violence against civilians,Attack,8,8,NA,Political violence,3118,10.9002,24.3019
2013-10-05T00:00:00Z,Northern Africa,Sudan,South Kordofan,violence against civilians,Attack,1,1,NA,Political violence,3119,11.2289,30.914
2013-10-12T00:00:00Z,Northern Africa,Sudan,Kassala,violence against civilians,Attack,1,1,NA,Political violence,3110,15.7104,35.5356
2013-10-12T00:00:00Z,Northern Africa,Sudan,North Darfur,battles,Armed clash,3,7,NA,Political violence,3112,15.8601,25.5013
2013-10-12T00:00:00Z,Northern Africa,Sudan,North Darfur,explosions/remote violence,Air/drone strike,2,2,NA,Political violence,3112,15.8601,25.5013
2013-10-12T00:00:00Z,Northern Africa,Sudan,North Darfur,violence against civilians,Attack,3,2,NA,Political violence,3112,15.8601,25.5013
2013-10-12T00:00:00Z,Northern Africa,Sudan,South Darfur,battles,Armed clash,2,10,NA,Political violence,3118,10.9002,24.3019
2013-10-12T00:00:00Z,Northern Africa,Sudan,South Darfur,violence against civilians,Attack,5,5,NA,Political violence,3118,10.9002,24.3019
2013-10-12T00:00:00Z,Northern Africa,Sudan,West Darfur,battles,Armed clash,1,3,NA,Political violence,3120,13.5081,22.7026
2013-10-19T00:00:00Z,Northern Africa,Sudan,Central Darfur,battles,Armed clash,3,13,NA,Political violence,3107,12.3084,23.2341
2013-10-19T00:00:00Z,Northern Africa,Sudan,East Darfur,battles,Armed clash,1,3,NA,Political violence,3108,11.2299,26.3972
2013-10-19T00:00:00Z,Northern Africa,Sudan,North Darfur,battles,Armed clash,1,10,NA,Political violence,3112,15.8601,25.5013
2013-10-19T00:00:00Z,Northern Africa,Sudan,North Darfur,battles,Non-state actor overtakes territory,1,5,NA,Political violence,3112,15.8601,25.5013
2013-10-19T00:00:00Z,Northern Africa,Sudan,North Darfur,explosions/remote violence,Air/drone strike,3,1,NA,Political violence,3112,15.8601,25.5013
2013-10-19T00:00:00Z,Northern Africa,Sudan,South Darfur,violence against civilians,Attack,4,15,NA,Political violence,3118,10.9002,24.3019
2013-10-19T00:00:00Z,Northern Africa,Sudan,South Kordofan,explosions/remote violence,Air/drone strike,3,3,NA,Political violence,3119,11.2289,30.914
2013-10-26T00:00:00Z,Northern Africa,Sudan,Central Darfur,battles,Armed clash,2,125,NA,Political violence,3107,12.3084,23.2341
2013-10-26T00:00:00Z,Northern Africa,Sudan,Central Darfur,violence against civilians,Attack,1,2,NA,Political violence,3107,12.3084,23.2341
2013-10-26T00:00:00Z,Northern Africa,Sudan,North Darfur,battles,Armed clash,1,1,NA,Political violence,3112,15.8601,25.5013
2013-10-26T00:00:00Z,Northern Africa,Sudan,North Darfur,violence against civilians,Attack,2,2,NA,Political violence,3112,15.8601,25.5013
2013-10-26T00:00:00Z,Northern Africa,Sudan,South Darfur,battles,Armed clash,2,6,NA,Political violence,3118,10.9002,24.3019
2013-10-26T00:00:00Z,Northern Africa,Sudan,South Darfur,violence against civilians,Attack,3,2,NA,Political violence,3118,10.9002,24.3019
2013-10-26T00:00:00Z,Northern Africa,Sudan,South Kordofan,explosions/remote violence,Air/drone strike,1,5,NA,Political violence,3119,11.2289,30.914
2013-11-02T00:00:00Z,Northern Africa,Sudan,Central Darfur,battles,Armed clash,1,105,NA,Political violence,3107,12.3084,23.2341
2013-11-02T00:00:00Z,Northern Africa,Sudan,North Darfur,battles,Armed clash,1,200,NA,Political violence,3112,15.8601,25.5013
2013-11-02T00:00:00Z,Northern Africa,Sudan,North Darfur,violence against civilians,Attack,1,6,NA,Political violence,3112,15.8601,25.5013
2013-11-02T00:00:00Z,Northern Africa,Sudan,South Kordofan,explosions/remote violence,Air/drone strike,2,1,NA,Political violence,3119,11.2289,30.914
2013-11-09T00:00:00Z,Northern Africa,Sudan,Central Darfur,battles,Armed clash,4,142,NA,Political violence,3107,12.3084,23.2341
2013-11-09T00:00:00Z,Northern Africa,Sudan,Central Darfur,explosions/remote violence,Air/drone strike,2,14,NA,Political violence,3107,12.3084,23.2341
2013-11-09T00:00:00Z,Northern Africa,Sudan,South Darfur,battles,Armed clash,1,21,NA,Political violence,3118,10.9002,24.3019
2013-11-09T00:00:00Z,Northern Africa,Sudan,South Darfur,explosions/remote violence,Shelling/artillery/missile attack,1,10,NA,Political violence,3118,10.9002,24.3019
2013-11-09T00:00:00Z,Northern Africa,Sudan,South Kordofan,battles,Armed clash,3,65,NA,Political violence,3119,11.2289,30.914
2013-11-09T00:00:00Z,Northern Africa,Sudan,South Kordofan,battles,Non-state actor overtakes territory,3,3,NA,Political violence,3119,11.2289,30.914
2013-11-09T00:00:00Z,Northern Africa,Sudan,West Darfur,battles,Armed clash,2,40,NA,Political violence,3120,13.5081,22.7026
2013-11-16T00:00:00Z,Northern Africa,Sudan,Central Darfur,explosions/remote violence,Air/drone strike,4,4,NA,Political violence,3107,12.3084,23.2341
2013-11-16T00:00:00Z,Northern Africa,Sudan,North Darfur,explosions/remote violence,Air/drone strike,1,3,NA,Political violence,3112,15.8601,25.5013
2013-11-16T00:00:00Z,Northern Africa,Sudan,North Darfur,violence against civilians,Attack,4,2,NA,Political violence,3112,15.8601,25.5013
2013-11-16T00:00:00Z,Northern Africa,Sudan,South Darfur,battles,Armed clash,1,9,NA,Political violence,3118,10.9002,24.3019
2013-11-16T00:00:00Z,Northern Africa,Sudan,South Darfur,explosions/remote violence,Air/drone strike,1,2,NA,Political violence,3118,10.9002,24.3019
2013-11-16T00:00:00Z,Northern Africa,Sudan,South Kordofan,battles,Armed clash,2,15,NA,Political violence,3119,11.2289,30.914
2013-11-16T00:00:00Z,Northern Africa,Sudan,South Kordofan,battles,Government regains territory,2,10,NA,Political violence,3119,11.2289,30.914
2013-11-16T00:00:00Z,Northern Africa,Sudan,South Kordofan,battles,Non-state actor overtakes territory,1,10,NA,Political violence,3119,11.2289,30.914
2013-11-16T00:00:00Z,Northern Africa,Sudan,South Kordofan,explosions/remote violence,Shelling/artillery/missile attack,1,2,NA,Political violence,3119,11.2289,30.914
2013-11-16T00:00:00Z,Northern Africa,Sudan,West Darfur,violence against civilians,Attack,1,1,NA,Political violence,3120,13.5081,22.7026
2013-11-16T00:00:00Z,Northern Africa,Sudan,West Kordofan,battles,Armed clash,1,3,NA,Political violence,3121,11.8686,28.2211
2013-11-16T00:00:00Z,Northern Africa,Sudan,West Kordofan,battles,Non-state actor overtakes territory,1,10,NA,Political violence,3121,11.8686,28.2211
2013-11-23T00:00:00Z,Northern Africa,Sudan,Blue Nile,battles,Armed clash,1,5,NA,Political violence,3106,11.0079,34.0954
2013-11-23T00:00:00Z,Northern Africa,Sudan,Central Darfur,explosions/remote violence,Air/drone strike,2,10,NA,Political violence,3107,12.3084,23.2341
2013-11-23T00:00:00Z,Northern Africa,Sudan,Central Darfur,explosions/remote violence,Remote explosive/landmine/IED,1,3,NA,Political violence,3107,12.3084,23.2341
2013-11-23T00:00:00Z,Northern Africa,Sudan,Central Darfur,violence against civilians,Attack,2,1,NA,Political violence,3107,12.3084,23.2341
2013-11-23T00:00:00Z,Northern Africa,Sudan,Kassala,violence against civilians,Attack,1,1,NA,Political violence,3110,15.7104,35.5356
2013-11-23T00:00:00Z,Northern Africa,Sudan,North Darfur,battles,Armed clash,1,1,NA,Political violence,3112,15.8601,25.5013
2013-11-23T00:00:00Z,Northern Africa,Sudan,North Darfur,explosions/remote violence,Air/drone strike,1,3,NA,Political violence,3112,15.8601,25.5013
2013-11-23T00:00:00Z,Northern Africa,Sudan,North Darfur,explosions/remote violence,Remote explosive/landmine/IED,1,14,NA,Political violence,3112,15.8601,25.5013
2013-11-23T00:00:00Z,Northern Africa,Sudan,North Darfur,violence against civilians,Attack,3,5,NA,Political violence,3112,15.8601,25.5013
2013-11-23T00:00:00Z,Northern Africa,Sudan,South Darfur,violence against civilians,Attack,2,5,NA,Political violence,3118,10.9002,24.3019
2013-11-23T00:00:00Z,Northern Africa,Sudan,South Kordofan,battles,Armed clash,2,10,NA,Political violence,3119,11.2289,30.914
2013-11-23T00:00:00Z,Northern Africa,Sudan,West Darfur,violence against civilians,Attack,5,4,NA,Political violence,3120,13.5081,22.7026
2013-11-23T00:00:00Z,Northern Africa,Sudan,West Darfur,violence against civilians,Sexual violence,1,3,NA,Political violence,3120,13.5081,22.7026
2013-11-23T00:00:00Z,Northern Africa,Sudan,West Kordofan,battles,Armed clash,1,12,NA,Political violence,3121,11.8686,28.2211
2013-11-30T00:00:00Z,Northern Africa,Sudan,Central Darfur,battles,Armed clash,1,50,NA,Political violence,3107,12.3084,23.2341
2013-11-30T00:00:00Z,Northern Africa,Sudan,Central Darfur,explosions/remote violence,Air/drone strike,1,1,NA,Political violence,3107,12.3084,23.2341
2013-11-30T00:00:00Z,Northern Africa,Sudan,Central Darfur,violence against civilians,Attack,3,2,NA,Political violence,3107,12.3084,23.2341
2013-11-30T00:00:00Z,Northern Africa,Sudan,North Darfur,violence against civilians,Attack,2,1,NA,Political violence,3112,15.8601,25.5013
2013-11-30T00:00:00Z,Northern Africa,Sudan,South Kordofan,battles,Armed clash,3,50,NA,Political violence,3119,11.2289,30.914
2013-11-30T00:00:00Z,Northern Africa,Sudan,South Kordofan,explosions/remote violence,Air/drone strike,1,1,NA,Political violence,3119,11.2289,30.914
2013-11-30T00:00:00Z,Northern Africa,Sudan,West Darfur,violence against civilians,Sexual violence,1,1,NA,Political violence,3120,13.5081,22.7026
2013-11-30T00:00:00Z,Northern Africa,Sudan,West Kordofan,battles,Armed clash,4,114,NA,Political violence,3121,11.8686,28.2211
2013-11-30T00:00:00Z,Northern Africa,Sudan,West Kordofan,explosions/remote violence,Air/drone strike,1,7,NA,Political violence,3121,11.8686,28.2211
2013-12-07T00:00:00Z,Northern Africa,Sudan,Blue Nile,battles,Armed clash,1,11,NA,Political violence,3106,11.0079,34.0954
2013-12-07T00:00:00Z,Northern Africa,Sudan,Central Darfur,battles,Armed clash,2,9,NA,Political violence,3107,12.3084,23.2341
2013-12-07T00:00:00Z,Northern Africa,Sudan,North Darfur,explosions/remote violence,Air/drone strike,2,4,NA,Political violence,3112,15.8601,25.5013
2013-12-07T00:00:00Z,Northern Africa,Sudan,North Darfur,violence against civilians,Attack,1,1,NA,Political violence,3112,15.8601,25.5013
2013-12-07T00:00:00Z,Northern Africa,Sudan,South Darfur,battles,Armed clash,2,10,NA,Political violence,3118,10.9002,24.3019
2013-12-07T00:00:00Z,Northern Africa,Sudan,South Darfur,violence against civilians,Attack,5,4,NA,Political violence,3118,10.9002,24.3019
2013-12-07T00:00:00Z,Northern Africa,Sudan,South Kordofan,explosions/remote violence,Remote explosive/landmine/IED,1,1,NA,Political violence,3119,11.2289,30.914
2013-12-14T00:00:00Z,Northern Africa,Sudan,South Darfur,battles,Armed clash,1,27,NA,Political violence,3118,10.9002,24.3019
2013-12-14T00:00:00Z,Northern Africa,Sudan,South Kordofan,battles,Government regains territory,1,12,NA,Political violence,3119,11.2289,30.914
2013-12-14T00:00:00Z,Northern Africa,Sudan,South Kordofan,explosions/remote violence,Air/drone strike,6,21,NA,Political violence,3119,11.2289,30.914
2013-12-14T00:00:00Z,Northern Africa,Sudan,South Kordofan,violence against civilians,Attack,1,12,NA,Political violence,3119,11.2289,30.914
2013-12-21T00:00:00Z,Northern Africa,Sudan,Abyei,violence against civilians,Attack,1,30,NA,Political violence,3104,9.7332,28.4712
2013-12-21T00:00:00Z,Northern Africa,Sudan,Blue Nile,battles,Armed clash,1,1,NA,Political violence,3106,11.0079,34.0954
2013-12-21T00:00:00Z,Northern Africa,Sudan,North Darfur,violence against civilians,Attack,2,1,NA,Political violence,3112,15.8601,25.5013
2013-12-21T00:00:00Z,Northern Africa,Sudan,South Darfur,battles,Non-state actor overtakes territory,1,20,NA,Political violence,3118,10.9002,24.3019
2013-12-28T00:00:00Z,Northern Africa,Sudan,Central Darfur,explosions/remote violence,Air/drone strike,1,1,NA,Political violence,3107,12.3084,23.2341
2013-12-28T00:00:00Z,Northern Africa,Sudan,North Darfur,battles,Armed clash,2,23,NA,Political violence,3112,15.8601,25.5013
2013-12-28T00:00:00Z,Northern Africa,Sudan,North Darfur,explosions/remote violence,Air/drone strike,1,2,NA,Political violence,3112,15.8601,25.5013
2013-12-28T00:00:00Z,Northern Africa,Sudan,North Darfur,explosions/remote violence,Remote explosive/landmine/IED,1,43,NA,Political violence,3112,15.8601,25.5013
2013-12-28T00:00:00Z,Northern Africa,Sudan,South Darfur,battles,Armed clash,1,2,NA,Political violence,3118,10.9002,24.3019
2014-01-04T00:00:00Z,Northern Africa,Sudan,Abyei,battles,Armed clash,1,8,NA,Political violence,3104,9.7332,28.4712
2014-01-04T00:00:00Z,Northern Africa,Sudan,Central Darfur,battles,Armed clash,3,168,NA,Political violence,3107,12.3084,23.2341
2014-01-04T00:00:00Z,Northern Africa,Sudan,South Darfur,battles,Armed clash,1,11,NA,Political violence,3118,10.9002,24.3019
2014-01-04T00:00:00Z,Northern Africa,Sudan,South Darfur,violence against civilians,Attack,3,6,NA,Political violence,3118,10.9002,24.3019
2014-01-04T00:00:00Z,Northern Africa,Sudan,South Kordofan,battles,Armed clash,3,7,NA,Political violence,3119,11.2289,30.914
2014-01-04T00:00:00Z,Northern Africa,Sudan,South Kordofan,battles,Government regains territory,1,12,NA,Political violence,3119,11.2289,30.914
2014-01-04T00:00:00Z,Northern Africa,Sudan,South Kordofan,explosions/remote violence,Air/drone strike,1,1,NA,Political violence,3119,11.2289,30.914
2014-01-11T00:00:00Z,Northern Africa,Sudan,Blue Nile,battles,Armed clash,2,74,NA,Political violence,3106,11.0079,34.0954
2014-01-11T00:00:00Z,Northern Africa,Sudan,Central Darfur,violence against civilians,Attack,4,1,NA,Political violence,3107,12.3084,23.2341
2014-01-11T00:00:00Z,Northern Africa,Sudan,East Darfur,violence against civilians,Attack,1,2,NA,Political violence,3108,11.2299,26.3972
2014-01-11T00:00:00Z,Northern Africa,Sudan,North Darfur,violence against civilians,Attack,3,3,NA,Political violence,3112,15.8601,25.5013
2014-01-11T00:00:00Z,Northern Africa,Sudan,South Darfur,battles,Armed clash,1,13,NA,Political violence,3118,10.9002,24.3019
2014-01-11T00:00:00Z,Northern Africa,Sudan,South Darfur,violence against civilians,Attack,6,14,NA,Political violence,3118,10.9002,24.3019
2014-01-18T00:00:00Z,Northern Africa,Sudan,Blue Nile,battles,Armed clash,1,12,NA,Political violence,3106,11.0079,34.0954
2014-01-18T00:00:00Z,Northern Africa,Sudan,Central Darfur,violence against civilians,Attack,2,1,NA,Political violence,3107,12.3084,23.2341
2014-01-18T00:00:00Z,Northern Africa,Sudan,East Darfur,battles,Armed clash,1,6,NA,Political violence,3108,11.2299,26.3972
2014-01-18T00:00:00Z,Northern Africa,Sudan,North Darfur,battles,Armed clash,1,17,NA,Political violence,3112,15.8601,25.5013
2014-01-18T00:00:00Z,Northern Africa,Sudan,North Darfur,explosions/remote violence,Air/drone strike,5,1,NA,Political violence,3112,15.8601,25.5013
2014-01-18T00:00:00Z,Northern Africa,Sudan,South Darfur,violence against civilians,Attack,4,3,NA,Political violence,3118,10.9002,24.3019
2014-01-25T00:00:00Z,Northern Africa,Sudan,Abyei,violence against civilians,Attack,1,18,NA,Political violence,3104,9.7332,28.4712
2014-01-25T00:00:00Z,Northern Africa,Sudan,East Darfur,battles,Armed clash,1,9,NA,Political violence,3108,11.2299,26.3972
2014-01-25T00:00:00Z,Northern Africa,Sudan,North Darfur,battles,Armed clash,1,1,NA,Political violence,3112,15.8601,25.5013
2014-01-25T00:00:00Z,Northern Africa,Sudan,North Darfur,explosions/remote violence,Remote explosive/landmine/IED,1,2,NA,Political violence,3112,15.8601,25.5013
2014-01-25T00:00:00Z,Northern Africa,Sudan,North Kordofan,violence against civilians,Attack,1,1,NA,Political violence,3113,14.3894,29.437
2014-01-25T00:00:00Z,Northern Africa,Sudan,South Darfur,violence against civilians,Attack,1,2,NA,Political violence,3118,10.9002,24.3019
2014-02-01T00:00:00Z,Northern Africa,Sudan,North Kordofan,violence against civilians,Attack,1,1,NA,Political violence,3113,14.3894,29.437
2014-02-01T00:00:00Z,Northern Africa,Sudan,South Darfur,battles,Armed clash,1,4,NA,Political violence,3118,10.9002,24.3019
2014-02-08T00:00:00Z,Northern Africa,Sudan,East Darfur,battles,Armed clash,1,1,NA,Political violence,3108,11.2299,26.3972
2014-02-08T00:00:00Z,Northern Africa,Sudan,North Darfur,violence against civilians,Attack,1,2,NA,Political violence,3112,15.8601,25.5013
2014-02-08T00:00:00Z,Northern Africa,Sudan,South Darfur,battles,Armed clash,1,3,NA,Political violence,3118,10.9002,24.3019
2014-02-08T00:00:00Z,Northern Africa,Sudan,South Darfur,violence against civilians,Attack,1,1,NA,Political violence,3118,10.9002,24.3019
2014-02-08T00:00:00Z,Northern Africa,Sudan,South Kordofan,explosions/remote violence,Air/drone strike,3,1,NA,Political violence,3119,11.2289,30.914
2014-02-08T00:00:00Z,Northern Africa,Sudan,South Kordofan,explosions/remote violence,Remote explosive/landmine/IED,2,10,NA,Political violence,3119,11.2289,30.914
2014-02-08T00:00:00Z,Northern Africa,Sudan,South Kordofan,violence against civilians,Attack,3,11,NA,Political violence,3119,11.2289,30.914
2014-02-15T00:00:00Z,Northern Africa,Sudan,Central Darfur,battles,Armed clash,2,14,NA,Political violence,3107,12.3084,23.2341
2014-02-15T00:00:00Z,Northern Africa,Sudan,Central Darfur,violence against civilians,Attack,2,2,NA,Political violence,3107,12.3084,23.2341
2014-02-15T00:00:00Z,Northern Africa,Sudan,East Darfur,violence against civilians,Attack,1,1,NA,Political violence,3108,11.2299,26.3972
2014-02-15T00:00:00Z,Northern Africa,Sudan,South Kordofan,explosions/remote violence,Remote explosive/landmine/IED,2,1,NA,Political violence,3119,11.2289,30.914
2014-02-15T00:00:00Z,Northern Africa,Sudan,West Darfur,riots,Violent demonstration,1,1,NA,Demonstrations,3120,13.5081,22.7026
2014-02-15T00:00:00Z,Northern Africa,Sudan,West Darfur,violence against civilians,Attack,1,1,NA,Political violence,3120,13.5081,22.7026
2014-02-22T00:00:00Z,Northern Africa,Sudan,Abyei,battles,Armed clash,1,7,NA,Political violence,3104,9.7332,28.4712
2014-02-22T00:00:00Z,Northern Africa,Sudan,Central Darfur,explosions/remote violence,Grenade,1,6,NA,Political violence,3107,12.3084,23.2341
2014-02-22T00:00:00Z,Northern Africa,Sudan,East Darfur,battles,Armed clash,1,20,NA,Political violence,3108,11.2299,26.3972
2014-02-22T00:00:00Z,Northern Africa,Sudan,East Darfur,violence against civilians,Attack,1,1,NA,Political violence,3108,11.2299,26.3972
2014-02-22T00:00:00Z,Northern Africa,Sudan,North Darfur,battles,Armed clash,2,34,NA,Political violence,3112,15.8601,25.5013
2014-02-22T00:00:00Z,Northern Africa,Sudan,South Darfur,battles,Armed clash,1,1,NA,Political violence,3118,10.9002,24.3019
2014-02-22T00:00:00Z,Northern Africa,Sudan,South Darfur,violence against civilians,Attack,7,64,NA,Political violence,3118,10.9002,24.3019
2014-02-22T00:00:00Z,Northern Africa,Sudan,South Darfur,violence against civilians,Sexual violence,9,29,NA,Political violence,3118,10.9002,24.3019
2014-02-22T00:00:00Z,Northern Africa,Sudan,South Kordofan,explosions/remote violence,Air/drone strike,1,6,NA,Political violence,3119,11.2289,30.914
2014-02-22T00:00:00Z,Northern Africa,Sudan,West Kordofan,protests,Excessive force against protesters,1,3,NA,Political violence; Demonstrations,3121,11.8686,28.2211
2014-03-01T00:00:00Z,Northern Africa,Sudan,Abyei,battles,Armed clash,4,91,NA,Political violence,3104,9.7332,28.4712
2014-03-01T00:00:00Z,Northern Africa,Sudan,Abyei,violence against civilians,Attack,2,13,NA,Political violence,3104,9.7332,28.4712
2014-03-01T00:00:00Z,Northern Africa,Sudan,North Darfur,battles,Armed clash,5,100,NA,Political violence,3112,15.8601,25.5013
2014-03-01T00:00:00Z,Northern Africa,Sudan,North Darfur,violence against civilians,Attack,7,18,NA,Political violence,3112,15.8601,25.5013
2014-03-01T00:00:00Z,Northern Africa,Sudan,South Darfur,explosions/remote violence,Remote explosive/landmine/IED,1,1,NA,Political violence,3118,10.9002,24.3019
2014-03-01T00:00:00Z,Northern Africa,Sudan,South Darfur,violence against civilians,Attack,6,224,NA,Political violence,3118,10.9002,24.3019
2014-03-08T00:00:00Z,Northern Africa,Sudan,Khartoum,protests,Excessive force against protesters,1,1,NA,Political violence; Demonstrations,3111,15.915,33.1352
2014-03-08T00:00:00Z,Northern Africa,Sudan,North Darfur,battles,Armed clash,5,102,NA,Political violence,3112,15.8601,25.5013
2014-03-08T00:00:00Z,Northern Africa,Sudan,North Darfur,violence against civilians,Attack,3,7,NA,Political violence,3112,15.8601,25.5013
2014-03-08T00:00:00Z,Northern Africa,Sudan,South Kordofan,explosions/remote violence,Air/drone strike,1,3,NA,Political violence,3119,11.2289,30.914
2014-03-08T00:00:00Z,Northern Africa,Sudan,South Kordofan,violence against civilians,Attack,2,6,NA,Political violence,3119,11.2289,30.914
2014-03-08T00:00:00Z,Northern Africa,Sudan,West Darfur,violence against civilians,Attack,1,2,NA,Political violence,3120,13.5081,22.7026
2014-03-15T00:00:00Z,Northern Africa,Sudan,Abyei,violence against civilians,Attack,1,2,NA,Political violence,3104,9.7332,28.4712
2014-03-15T00:00:00Z,Northern Africa,Sudan,Central Darfur,battles,Armed clash,1,44,NA,Political violence,3107,12.3084,23.2341
2014-03-15T00:00:00Z,Northern Africa,Sudan,Central Darfur,violence against civilians,Sexual violence,1,2,NA,Political violence,3107,12.3084,23.2341
2014-03-15T00:00:00Z,Northern Africa,Sudan,East Darfur,battles,Armed clash,2,22,NA,Political violence,3108,11.2299,26.3972
2014-03-15T00:00:00Z,Northern Africa,Sudan,North Darfur,battles,Armed clash,4,11,NA,Political violence,3112,15.8601,25.5013
2014-03-15T00:00:00Z,Northern Africa,Sudan,North Darfur,explosions/remote violence,Air/drone strike,9,90,NA,Political violence,3112,15.8601,25.5013
2014-03-15T00:00:00Z,Northern Africa,Sudan,North Darfur,violence against civilians,Attack,24,5,NA,Political violence,3112,15.8601,25.5013
2014-03-15T00:00:00Z,Northern Africa,Sudan,South Darfur,violence against civilians,Attack,4,6,NA,Political violence,3118,10.9002,24.3019
2014-03-15T00:00:00Z,Northern Africa,Sudan,South Kordofan,violence against civilians,Attack,1,3,NA,Political violence,3119,11.2289,30.914
2014-03-22T00:00:00Z,Northern Africa,Sudan,Central Darfur,battles,Armed clash,1,1,NA,Political violence,3107,12.3084,23.2341
2014-03-22T00:00:00Z,Northern Africa,Sudan,North Darfur,battles,Armed clash,5,287,NA,Political violence,3112,15.8601,25.5013
2014-03-22T00:00:00Z,Northern Africa,Sudan,North Darfur,explosions/remote violence,Air/drone strike,1,3,NA,Political violence,3112,15.8601,25.5013
2014-03-22T00:00:00Z,Northern Africa,Sudan,South Darfur,violence against civilians,Attack,2,1,NA,Political violence,3118,10.9002,24.3019
2014-03-29T00:00:00Z,Northern Africa,Sudan,Central Darfur,battles,Armed clash,1,3,NA,Political violence,3107,12.3084,23.2341
2014-03-29T00:00:00Z,Northern Africa,Sudan,North Darfur,battles,Armed clash,1,3,NA,Political violence,3112,15.8601,25.5013
2014-03-29T00:00:00Z,Northern Africa,Sudan,North Darfur,violence against civilians,Attack,2,2,NA,Political violence,3112,15.8601,25.5013
2014-03-29T00:00:00Z,Northern Africa,Sudan,South Darfur,battles,Armed clash,1,1,NA,Political violence,3118,10.9002,24.3019
2014-03-29T00:00:00Z,Northern Africa,Sudan,South Kordofan,explosions/remote violence,Air/drone strike,1,2,NA,Political violence,3119,11.2289,30.914
2014-03-29T00:00:00Z,Northern Africa,Sudan,West Kordofan,battles,Armed clash,1,1,NA,Political violence,3121,11.8686,28.2211
2014-04-05T00:00:00Z,Northern Africa,Sudan,Central Darfur,battles,Armed clash,1,15,NA,Political violence,3107,12.3084,23.2341
2014-04-05T00:00:00Z,Northern Africa,Sudan,East Darfur,battles,Armed clash,2,64,NA,Political violence,3108,11.2299,26.3972
2014-04-05T00:00:00Z,Northern Africa,Sudan,North Darfur,explosions/remote violence,Air/drone strike,4,1,NA,Political violence,3112,15.8601,25.5013
2014-04-05T00:00:00Z,Northern Africa,Sudan,North Darfur,explosions/remote violence,Remote explosive/landmine/IED,1,1,NA,Political violence,3112,15.8601,25.5013
2014-04-05T00:00:00Z,Northern Africa,Sudan,North Darfur,violence against civilians,Attack,9,2,NA,Political violence,3112,15.8601,25.5013
2014-04-05T00:00:00Z,Northern Africa,Sudan,North Darfur,violence against civilians,Sexual violence,1,10,NA,Political violence,3112,15.8601,25.5013
2014-04-12T00:00:00Z,Northern Africa,Sudan,North Darfur,explosions/remote violence,Air/drone strike,1,10,NA,Political violence,3112,15.8601,25.5013
2014-04-12T00:00:00Z,Northern Africa,Sudan,North Darfur,violence against civilians,Attack,4,27,NA,Political violence,3112,15.8601,25.5013
2014-04-12T00:00:00Z,Northern Africa,Sudan,Northern,protests,Excessive force against protesters,1,1,NA,Political violence; Demonstrations,3114,19.3656,29.8955
2014-04-12T00:00:00Z,Northern Africa,Sudan,South Darfur,violence against civilians,Attack,1,1,NA,Political violence,3118,10.9002,24.3019
2014-04-19T00:00:00Z,Northern Africa,Sudan,North Darfur,battles,Armed clash,2,5,NA,Political violence,3112,15.8601,25.5013
2014-04-19T00:00:00Z,Northern Africa,Sudan,North Darfur,violence against civilians,Attack,2,2,NA,Political violence,3112,15.8601,25.5013
2014-04-19T00:00:00Z,Northern Africa,Sudan,West Kordofan,battles,Armed clash,1,3,NA,Political violence,3121,11.8686,28.2211
2014-04-26T00:00:00Z,Northern Africa,Sudan,Central Darfur,battles,Armed clash,2,27,NA,Political violence,3107,12.3084,23.2341
2014-04-26T00:00:00Z,Northern Africa,Sudan,North Darfur,explosions/remote violence,Air/drone strike,3,1,NA,Political violence,3112,15.8601,25.5013
2014-04-26T00:00:00Z,Northern Africa,Sudan,North Darfur,explosions/remote violence,Remote explosive/landmine/IED,1,3,NA,Political violence,3112,15.8601,25.5013
2014-04-26T00:00:00Z,Northern Africa,Sudan,South Darfur,explosions/remote violence,Remote explosive/landmine/IED,1,2,NA,Political violence,3118,10.9002,24.3019
2014-04-26T00:00:00Z,Northern Africa,Sudan,South Kordofan,battles,Armed clash,6,22,NA,Political violence,3119,11.2289,30.914
2014-04-26T00:00:00Z,Northern Africa,Sudan,West Darfur,battles,Armed clash,1,2,NA,Political violence,3120,13.5081,22.7026
2014-05-03T00:00:00Z,Northern Africa,Sudan,Central Darfur,violence against civilians,Attack,2,1,NA,Political violence,3107,12.3084,23.2341
2014-05-03T00:00:00Z,Northern Africa,Sudan,East Darfur,battles,Armed clash,1,2,NA,Political violence,3108,11.2299,26.3972
2014-05-03T00:00:00Z,Northern Africa,Sudan,North Darfur,violence against civilians,Attack,5,4,NA,Political violence,3112,15.8601,25.5013
2014-05-03T00:00:00Z,Northern Africa,Sudan,River Nile,violence against civilians,Attack,1,1,NA,Political violence,3116,18.8347,33.1231
2014-05-03T00:00:00Z,Northern Africa,Sudan,South Darfur,battles,Armed clash,1,1,NA,Political violence,3118,10.9002,24.3019
2014-05-03T00:00:00Z,Northern Africa,Sudan,South Darfur,violence against civilians,Attack,3,3,NA,Political violence,3118,10.9002,24.3019
2014-05-03T00:00:00Z,Northern Africa,Sudan,South Kordofan,battles,Armed clash,1,1,NA,Political violence,3119,11.2289,30.914
2014-05-03T00:00:00Z,Northern Africa,Sudan,South Kordofan,explosions/remote violence,Remote explosive/landmine/IED,1,4,NA,Political violence,3119,11.2289,30.914
2014-05-03T00:00:00Z,Northern Africa,Sudan,West Darfur,violence against civilians,Attack,2,3,NA,Political violence,3120,13.5081,22.7026
2014-05-10T00:00:00Z,Northern Africa,Sudan,Central Darfur,explosions/remote violence,Shelling/artillery/missile attack,1,3,NA,Political violence,3107,12.3084,23.2341
2014-05-10T00:00:00Z,Northern Africa,Sudan,Central Darfur,violence against civilians,Attack,1,1,NA,Political violence,3107,12.3084,23.2341
2014-05-10T00:00:00Z,Northern Africa,Sudan,North Darfur,battles,Armed clash,8,1,NA,Political violence,3112,15.8601,25.5013
2014-05-10T00:00:00Z,Northern Africa,Sudan,South Darfur,explosions/remote violence,Remote explosive/landmine/IED,1,2,NA,Political violence,3118,10.9002,24.3019
2014-05-10T00:00:00Z,Northern Africa,Sudan,South Darfur,violence against civilians,Attack,1,3,NA,Political violence,3118,10.9002,24.3019
2014-05-10T00:00:00Z,Northern Africa,Sudan,South Kordofan,battles,Armed clash,7,98,NA,Political violence,3119,11.2289,30.914
2014-05-10T00:00:00Z,Northern Africa,Sudan,South Kordofan,explosions/remote violence,Air/drone strike,2,3,NA,Political violence,3119,11.2289,30.914
2014-05-10T00:00:00Z,Northern Africa,Sudan,West Darfur,violence against civilians,Attack,2,1,NA,Political violence,3120,13.5081,22.7026
2014-05-17T00:00:00Z,Northern Africa,Sudan,Central Darfur,violence against civilians,Attack,2,2,NA,Political violence,3107,12.3084,23.2341
2014-05-17T00:00:00Z,Northern Africa,Sudan,East Darfur,battles,Armed clash,2,28,NA,Political violence,3108,11.2299,26.3972
2014-05-17T00:00:00Z,Northern Africa,Sudan,North Darfur,battles,Armed clash,5,38,NA,Political violence,3112,15.8601,25.5013
2014-05-17T00:00:00Z,Northern Africa,Sudan,South Darfur,battles,Armed clash,1,1,NA,Political violence,3118,10.9002,24.3019
2014-05-17T00:00:00Z,Northern Africa,Sudan,South Darfur,violence against civilians,Attack,2,2,NA,Political violence,3118,10.9002,24.3019
2014-05-17T00:00:00Z,Northern Africa,Sudan,South Kordofan,battles,Government regains territory,1,6,NA,Political violence,3119,11.2289,30.914
2014-05-24T00:00:00Z,Northern Africa,Sudan,Blue Nile,violence against civilians,Attack,1,3,NA,Political violence,3106,11.0079,34.0954
2014-05-24T00:00:00Z,Northern Africa,Sudan,Central Darfur,violence against civilians,Attack,1,2,NA,Political violence,3107,12.3084,23.2341
2014-05-24T00:00:00Z,Northern Africa,Sudan,North Darfur,battles,Armed clash,2,2,NA,Political violence,3112,15.8601,25.5013
2014-05-24T00:00:00Z,Northern Africa,Sudan,North Darfur,violence against civilians,Attack,2,2,NA,Political violence,3112,15.8601,25.5013
2014-05-24T00:00:00Z,Northern Africa,Sudan,South Darfur,battles,Armed clash,3,4,NA,Political violence,3118,10.9002,24.3019
2014-05-24T00:00:00Z,Northern Africa,Sudan,South Darfur,violence against civilians,Attack,6,3,NA,Political violence,3118,10.9002,24.3019
2014-05-24T00:00:00Z,Northern Africa,Sudan,South Kordofan,battles,Armed clash,1,6,NA,Political violence,3119,11.2289,30.914
2014-05-24T00:00:00Z,Northern Africa,Sudan,West Kordofan,battles,Armed clash,2,43,NA,Political violence,3121,11.8686,28.2211
2014-05-31T00:00:00Z,Northern Africa,Sudan,Blue Nile,violence against civilians,Attack,1,1,NA,Political violence,3106,11.0079,34.0954
2014-05-31T00:00:00Z,Northern Africa,Sudan,Central Darfur,explosions/remote violence,Remote explosive/landmine/IED,1,3,NA,Political violence,3107,12.3084,23.2341
2014-05-31T00:00:00Z,Northern Africa,Sudan,Central Darfur,violence against civilians,Attack,1,1,NA,Political violence,3107,12.3084,23.2341
2014-05-31T00:00:00Z,Northern Africa,Sudan,North Darfur,violence against civilians,Attack,5,12,NA,Political violence,3112,15.8601,25.5013
2014-05-31T00:00:00Z,Northern Africa,Sudan,South Darfur,violence against civilians,Attack,5,1,NA,Political violence,3118,10.9002,24.3019
2014-05-31T00:00:00Z,Northern Africa,Sudan,West Kordofan,battles,Armed clash,2,41,NA,Political violence,3121,11.8686,28.2211
2014-05-31T00:00:00Z,Northern Africa,Sudan,White Nile,violence against civilians,Attack,1,7,NA,Political violence,3122,13.5895,32.3521
2014-06-07T00:00:00Z,Northern Africa,Sudan,Central Darfur,violence against civilians,Attack,4,1,NA,Political violence,3107,12.3084,23.2341
2014-06-07T00:00:00Z,Northern Africa,Sudan,Khartoum,protests,Excessive force against protesters,2,1,NA,Political violence; Demonstrations,3111,15.915,33.1352
2014-06-07T00:00:00Z,Northern Africa,Sudan,North Darfur,violence against civilians,Attack,2,3,NA,Political violence,3112,15.8601,25.5013
2014-06-07T00:00:00Z,Northern Africa,Sudan,South Darfur,battles,Armed clash,1,6,NA,Political violence,3118,10.9002,24.3019
2014-06-07T00:00:00Z,Northern Africa,Sudan,South Darfur,violence against civilians,Sexual violence,1,1,NA,Political violence,3118,10.9002,24.3019
2014-06-07T00:00:00Z,Northern Africa,Sudan,South Kordofan,battles,Armed clash,2,114,NA,Political violence,3119,11.2289,30.914
2014-06-14T00:00:00Z,Northern Africa,Sudan,Abyei,violence against civilians,Attack,2,8,NA,Political violence,3104,9.7332,28.4712
2014-06-14T00:00:00Z,Northern Africa,Sudan,Blue Nile,battles,Armed clash,1,6,NA,Political violence,3106,11.0079,34.0954
2014-06-14T00:00:00Z,Northern Africa,Sudan,Central Darfur,battles,Armed clash,3,9,NA,Political violence,3107,12.3084,23.2341
2014-06-14T00:00:00Z,Northern Africa,Sudan,Central Darfur,explosions/remote violence,Remote explosive/landmine/IED,1,4,NA,Political violence,3107,12.3084,23.2341
2014-06-14T00:00:00Z,Northern Africa,Sudan,East Darfur,battles,Armed clash,2,9,NA,Political violence,3108,11.2299,26.3972
2014-06-14T00:00:00Z,Northern Africa,Sudan,East Darfur,violence against civilians,Attack,1,1,NA,Political violence,3108,11.2299,26.3972
2014-06-14T00:00:00Z,Northern Africa,Sudan,North Darfur,battles,Armed clash,1,4,NA,Political violence,3112,15.8601,25.5013
2014-06-14T00:00:00Z,Northern Africa,Sudan,North Darfur,explosions/remote violence,Shelling/artillery/missile attack,1,2,NA,Political violence,3112,15.8601,25.5013
2014-06-14T00:00:00Z,Northern Africa,Sudan,South Kordofan,explosions/remote violence,Air/drone strike,3,2,NA,Political violence,3119,11.2289,30.914
2014-06-14T00:00:00Z,Northern Africa,Sudan,West Darfur,battles,Armed clash,1,2,NA,Political violence,3120,13.5081,22.7026
2014-06-21T00:00:00Z,Northern Africa,Sudan,Central Darfur,battles,Armed clash,3,130,NA,Political violence,3107,12.3084,23.2341
2014-06-21T00:00:00Z,Northern Africa,Sudan,Central Darfur,violence against civilians,Attack,5,2,NA,Political violence,3107,12.3084,23.2341
2014-06-21T00:00:00Z,Northern Africa,Sudan,Gedaref,battles,Armed clash,1,10,NA,Political violence,3109,14.2138,35.0222
2014-06-21T00:00:00Z,Northern Africa,Sudan,North Darfur,battles,Armed clash,4,27,NA,Political violence,3112,15.8601,25.5013
2014-06-21T00:00:00Z,Northern Africa,Sudan,North Darfur,violence against civilians,Attack,3,15,NA,Political violence,3112,15.8601,25.5013
2014-06-21T00:00:00Z,Northern Africa,Sudan,West Darfur,violence against civilians,Attack,4,7,NA,Political violence,3120,13.5081,22.7026
2014-06-21T00:00:00Z,Northern Africa,Sudan,West Kordofan,battles,Armed clash,2,93,NA,Political violence,3121,11.8686,28.2211
2014-06-28T00:00:00Z,Northern Africa,Sudan,Central Darfur,violence against civilians,Attack,1,1,NA,Political violence,3107,12.3084,23.2341
2014-06-28T00:00:00Z,Northern Africa,Sudan,East Darfur,battles,Armed clash,2,15,NA,Political violence,3108,11.2299,26.3972
2014-06-28T00:00:00Z,Northern Africa,Sudan,Gedaref,battles,Armed clash,2,10,NA,Political violence,3109,14.2138,35.0222
2014-06-28T00:00:00Z,Northern Africa,Sudan,Gedaref,violence against civilians,Attack,1,10,NA,Political violence,3109,14.2138,35.0222
2014-06-28T00:00:00Z,Northern Africa,Sudan,North Darfur,violence against civilians,Attack,3,4,NA,Political violence,3112,15.8601,25.5013
2014-06-28T00:00:00Z,Northern Africa,Sudan,South Darfur,violence against civilians,Attack,3,2,NA,Political violence,3118,10.9002,24.3019
2014-06-28T00:00:00Z,Northern Africa,Sudan,South Kordofan,battles,Armed clash,2,65,NA,Political violence,3119,11.2289,30.914
2014-06-28T00:00:00Z,Northern Africa,Sudan,West Kordofan,battles,Armed clash,2,87,NA,Political violence,3121,11.8686,28.2211
2014-07-05T00:00:00Z,Northern Africa,Sudan,Central Darfur,violence against civilians,Attack,1,2,NA,Political violence,3107,12.3084,23.2341
2014-07-05T00:00:00Z,Northern Africa,Sudan,East Darfur,battles,Armed clash,2,30,NA,Political violence,3108,11.2299,26.3972
2014-07-05T00:00:00Z,Northern Africa,Sudan,North Darfur,battles,Armed clash,2,19,NA,Political violence,3112,15.8601,25.5013
2014-07-05T00:00:00Z,Northern Africa,Sudan,North Darfur,explosions/remote violence,Air/drone strike,3,1,NA,Political violence,3112,15.8601,25.5013
2014-07-05T00:00:00Z,Northern Africa,Sudan,North Darfur,violence against civilians,Attack,3,2,NA,Political violence,3112,15.8601,25.5013
2014-07-05T00:00:00Z,Northern Africa,Sudan,South Darfur,battles,Armed clash,1,18,NA,Political violence,3118,10.9002,24.3019
2014-07-05T00:00:00Z,Northern Africa,Sudan,South Darfur,violence against civilians,Attack,4,4,NA,Political violence,3118,10.9002,24.3019
2014-07-12T00:00:00Z,Northern Africa,Sudan,Abyei,violence against civilians,Attack,2,10,NA,Political violence,3104,9.7332,28.4712
2014-07-12T00:00:00Z,Northern Africa,Sudan,Blue Nile,battles,Armed clash,1,6,NA,Political violence,3106,11.0079,34.0954
2014-07-12T00:00:00Z,Northern Africa,Sudan,Central Darfur,battles,Armed clash,1,31,NA,Political violence,3107,12.3084,23.2341
2014-07-12T00:00:00Z,Northern Africa,Sudan,East Darfur,battles,Armed clash,1,5,NA,Political violence,3108,11.2299,26.3972
2014-07-12T00:00:00Z,Northern Africa,Sudan,North Darfur,violence against civilians,Attack,4,3,NA,Political violence,3112,15.8601,25.5013
2014-07-12T00:00:00Z,Northern Africa,Sudan,South Darfur,violence against civilians,Attack,3,3,NA,Political violence,3118,10.9002,24.3019
2014-07-19T00:00:00Z,Northern Africa,Sudan,Central Darfur,explosions/remote violence,Grenade,1,1,NA,Political violence,3107,12.3084,23.2341
2014-07-19T00:00:00Z,Northern Africa,Sudan,North Darfur,battles,Armed clash,1,2,NA,Political violence,3112,15.8601,25.5013
2014-07-19T00:00:00Z,Northern Africa,Sudan,North Darfur,violence against civilians,Attack,2,14,NA,Political violence,3112,15.8601,25.5013
2014-07-19T00:00:00Z,Northern Africa,Sudan,Red Sea,violence against civilians,Attack,1,1,NA,Political violence,3115,20.0739,35.4126
2014-07-19T00:00:00Z,Northern Africa,Sudan,South Darfur,violence against civilians,Attack,2,4,NA,Political violence,3118,10.9002,24.3019
2014-07-19T00:00:00Z,Northern Africa,Sudan,South Kordofan,battles,Armed clash,3,4,NA,Political violence,3119,11.2289,30.914
2014-07-26T00:00:00Z,Northern Africa,Sudan,Blue Nile,battles,Armed clash,2,2,NA,Political violence,3106,11.0079,34.0954
2014-07-26T00:00:00Z,Northern Africa,Sudan,Central Darfur,explosions/remote violence,Air/drone strike,1,2,NA,Political violence,3107,12.3084,23.2341
2014-07-26T00:00:00Z,Northern Africa,Sudan,North Darfur,explosions/remote violence,Grenade,1,1,NA,Political violence,3112,15.8601,25.5013
2014-07-26T00:00:00Z,Northern Africa,Sudan,North Darfur,violence against civilians,Attack,1,1,NA,Political violence,3112,15.8601,25.5013
2014-07-26T00:00:00Z,Northern Africa,Sudan,North Darfur,violence against civilians,Sexual violence,2,1,NA,Political violence,3112,15.8601,25.5013
2014-07-26T00:00:00Z,Northern Africa,Sudan,South Darfur,violence against civilians,Attack,3,2,NA,Political violence,3118,10.9002,24.3019
2014-07-26T00:00:00Z,Northern Africa,Sudan,West Darfur,violence against civilians,Attack,1,1,NA,Political violence,3120,13.5081,22.7026
2014-08-02T00:00:00Z,Northern Africa,Sudan,Blue Nile,battles,Armed clash,2,5,NA,Political violence,3106,11.0079,34.0954
2014-08-02T00:00:00Z,Northern Africa,Sudan,Blue Nile,violence against civilians,Attack,2,1,NA,Political violence,3106,11.0079,34.0954
2014-08-02T00:00:00Z,Northern Africa,Sudan,Central Darfur,violence against civilians,Attack,3,2,NA,Political violence,3107,12.3084,23.2341
2014-08-02T00:00:00Z,Northern Africa,Sudan,North Darfur,violence against civilians,Attack,3,3,NA,Political violence,3112,15.8601,25.5013
2014-08-02T00:00:00Z,Northern Africa,Sudan,Red Sea,violence against civilians,Attack,1,2,NA,Political violence,3115,20.0739,35.4126
2014-08-02T00:00:00Z,Northern Africa,Sudan,South Darfur,violence against civilians,Attack,4,3,NA,Political violence,3118,10.9002,24.3019
2014-08-09T00:00:00Z,Northern Africa,Sudan,Blue Nile,violence against civilians,Sexual violence,1,1,NA,Political violence,3106,11.0079,34.0954
2014-08-09T00:00:00Z,Northern Africa,Sudan,Central Darfur,battles,Armed clash,1,17,NA,Political violence,3107,12.3084,23.2341
2014-08-09T00:00:00Z,Northern Africa,Sudan,Central Darfur,violence against civilians,Attack,1,1,NA,Political violence,3107,12.3084,23.2341
2014-08-09T00:00:00Z,Northern Africa,Sudan,North Darfur,violence against civilians,Attack,3,1,NA,Political violence,3112,15.8601,25.5013
2014-08-09T00:00:00Z,Northern Africa,Sudan,South Kordofan,protests,Excessive force against protesters,1,1,NA,Political violence; Demonstrations,3119,11.2289,30.914
2014-08-09T00:00:00Z,Northern Africa,Sudan,South Kordofan,violence against civilians,Attack,1,4,NA,Political violence,3119,11.2289,30.914
2014-08-09T00:00:00Z,Northern Africa,Sudan,West Darfur,violence against civilians,Attack,1,1,NA,Political violence,3120,13.5081,22.7026
2014-08-16T00:00:00Z,Northern Africa,Sudan,Central Darfur,violence against civilians,Attack,2,1,NA,Political violence,3107,12.3084,23.2341
2014-08-16T00:00:00Z,Northern Africa,Sudan,East Darfur,battles,Armed clash,4,187,NA,Political violence,3108,11.2299,26.3972
2014-08-16T00:00:00Z,Northern Africa,Sudan,North Darfur,violence against civilians,Attack,1,1,NA,Political violence,3112,15.8601,25.5013
2014-08-16T00:00:00Z,Northern Africa,Sudan,West Darfur,violence against civilians,Attack,1,1,NA,Political violence,3120,13.5081,22.7026
2014-08-23T00:00:00Z,Northern Africa,Sudan,Central Darfur,explosions/remote violence,Air/drone strike,1,1,NA,Political violence,3107,12.3084,23.2341
2014-08-23T00:00:00Z,Northern Africa,Sudan,Central Darfur,violence against civilians,Attack,2,3,NA,Political violence,3107,12.3084,23.2341
2014-08-23T00:00:00Z,Northern Africa,Sudan,East Darfur,battles,Armed clash,2,1,NA,Political violence,3108,11.2299,26.3972
2014-08-23T00:00:00Z,Northern Africa,Sudan,East Darfur,violence against civilians,Attack,1,1,NA,Political violence,3108,11.2299,26.3972
2014-08-23T00:00:00Z,Northern Africa,Sudan,North Darfur,battles,Armed clash,3,35,NA,Political violence,3112,15.8601,25.5013
2014-08-23T00:00:00Z,Northern Africa,Sudan,North Darfur,violence against civilians,Attack,3,21,NA,Political violence,3112,15.8601,25.5013
2014-08-23T00:00:00Z,Northern Africa,Sudan,West Darfur,explosions/remote violence,Grenade,2,4,NA,Political violence,3120,13.5081,22.7026
2014-08-30T00:00:00Z,Northern Africa,Sudan,Central Darfur,explosions/remote violence,Air/drone strike,1,1,NA,Political violence,3107,12.3084,23.2341
2014-08-30T00:00:00Z,Northern Africa,Sudan,Central Darfur,violence against civilians,Attack,2,2,NA,Political violence,3107,12.3084,23.2341
2014-08-30T00:00:00Z,Northern Africa,Sudan,North Darfur,violence against civilians,Attack,2,1,NA,Political violence,3112,15.8601,25.5013
2014-08-30T00:00:00Z,Northern Africa,Sudan,South Darfur,battles,Armed clash,1,7,NA,Political violence,3118,10.9002,24.3019
2014-08-30T00:00:00Z,Northern Africa,Sudan,South Darfur,protests,Excessive force against protesters,2,6,NA,Political violence; Demonstrations,3118,10.9002,24.3019
2014-09-06T00:00:00Z,Northern Africa,Sudan,North Darfur,battles,Armed clash,3,24,NA,Political violence,3112,15.8601,25.5013
2014-09-06T00:00:00Z,Northern Africa,Sudan,North Darfur,battles,Non-state actor overtakes territory,1,17,NA,Political violence,3112,15.8601,25.5013
2014-09-06T00:00:00Z,Northern Africa,Sudan,South Darfur,battles,Armed clash,1,2,NA,Political violence,3118,10.9002,24.3019
2014-09-06T00:00:00Z,Northern Africa,Sudan,South Darfur,violence against civilians,Attack,2,4,NA,Political violence,3118,10.9002,24.3019
2014-09-06T00:00:00Z,Northern Africa,Sudan,West Darfur,violence against civilians,Attack,2,1,NA,Political violence,3120,13.5081,22.7026
2014-09-13T00:00:00Z,Northern Africa,Sudan,Blue Nile,violence against civilians,Attack,1,1,NA,Political violence,3106,11.0079,34.0954
2014-09-13T00:00:00Z,Northern Africa,Sudan,Central Darfur,violence against civilians,Sexual violence,1,7,NA,Political violence,3107,12.3084,23.2341
2014-09-13T00:00:00Z,Northern Africa,Sudan,East Darfur,violence against civilians,Attack,1,1,NA,Political violence,3108,11.2299,26.3972
2014-09-13T00:00:00Z,Northern Africa,Sudan,North Darfur,explosions/remote violence,Air/drone strike,2,4,NA,Political violence,3112,15.8601,25.5013
2014-09-13T00:00:00Z,Northern Africa,Sudan,South Darfur,explosions/remote violence,Grenade,1,3,NA,Political violence,3118,10.9002,24.3019
2014-09-20T00:00:00Z,Northern Africa,Sudan,Blue Nile,violence against civilians,Attack,1,2,NA,Political violence,3106,11.0079,34.0954
2014-09-20T00:00:00Z,Northern Africa,Sudan,North Darfur,violence against civilians,Attack,1,1,NA,Political violence,3112,15.8601,25.5013
2014-09-20T00:00:00Z,Northern Africa,Sudan,South Darfur,violence against civilians,Attack,2,1,NA,Political violence,3118,10.9002,24.3019
2014-09-20T00:00:00Z,Northern Africa,Sudan,West Darfur,violence against civilians,Attack,1,1,NA,Political violence,3120,13.5081,22.7026
2014-09-27T00:00:00Z,Northern Africa,Sudan,North Darfur,battles,Armed clash,1,6,NA,Political violence,3112,15.8601,25.5013
2014-09-27T00:00:00Z,Northern Africa,Sudan,North Darfur,violence against civilians,Attack,1,1,NA,Political violence,3112,15.8601,25.5013
2014-10-04T00:00:00Z,Northern Africa,Sudan,Central Darfur,battles,Armed clash,1,16,NA,Political violence,3107,12.3084,23.2341
2014-10-04T00:00:00Z,Northern Africa,Sudan,East Darfur,battles,Armed clash,5,5,NA,Political violence,3108,11.2299,26.3972
2014-10-04T00:00:00Z,Northern Africa,Sudan,East Darfur,violence against civilians,Attack,2,5,NA,Political violence,3108,11.2299,26.3972
2014-10-04T00:00:00Z,Northern Africa,Sudan,North Darfur,battles,Armed clash,1,1,NA,Political violence,3112,15.8601,25.5013
2014-10-04T00:00:00Z,Northern Africa,Sudan,North Darfur,violence against civilians,Attack,2,5,NA,Political violence,3112,15.8601,25.5013
2014-10-11T00:00:00Z,Northern Africa,Sudan,Central Darfur,battles,Armed clash,2,35,NA,Political violence,3107,12.3084,23.2341
2014-10-11T00:00:00Z,Northern Africa,Sudan,Central Darfur,explosions/remote violence,Air/drone strike,1,2,NA,Political violence,3107,12.3084,23.2341
2014-10-11T00:00:00Z,Northern Africa,Sudan,East Darfur,battles,Armed clash,1,1,NA,Political violence,3108,11.2299,26.3972
2014-10-11T00:00:00Z,Northern Africa,Sudan,North Darfur,battles,Armed clash,2,7,NA,Political violence,3112,15.8601,25.5013
2014-10-11T00:00:00Z,Northern Africa,Sudan,North Darfur,violence against civilians,Attack,1,1,NA,Political violence,3112,15.8601,25.5013
2014-10-11T00:00:00Z,Northern Africa,Sudan,North Darfur,violence against civilians,Sexual violence,2,1,NA,Political violence,3112,15.8601,25.5013
2014-10-11T00:00:00Z,Northern Africa,Sudan,South Darfur,battles,Armed clash,1,1,NA,Political violence,3118,10.9002,24.3019
2014-10-11T00:00:00Z,Northern Africa,Sudan,South Kordofan,explosions/remote violence,Air/drone strike,1,5,NA,Political violence,3119,11.2289,30.914
2014-10-11T00:00:00Z,Northern Africa,Sudan,West Kordofan,violence against civilians,Attack,1,1,NA,Political violence,3121,11.8686,28.2211
2014-10-18T00:00:00Z,Northern Africa,Sudan,Central Darfur,riots,Mob violence,1,1,NA,Political violence,3107,12.3084,23.2341
2014-10-18T00:00:00Z,Northern Africa,Sudan,Central Darfur,violence against civilians,Attack,4,3,NA,Political violence,3107,12.3084,23.2341
2014-10-18T00:00:00Z,Northern Africa,Sudan,North Darfur,battles,Armed clash,2,2,NA,Political violence,3112,15.8601,25.5013
2014-10-18T00:00:00Z,Northern Africa,Sudan,North Darfur,explosions/remote violence,Air/drone strike,2,1,NA,Political violence,3112,15.8601,25.5013
2014-10-18T00:00:00Z,Northern Africa,Sudan,North Darfur,violence against civilians,Attack,2,2,NA,Political violence,3112,15.8601,25.5013
2014-10-18T00:00:00Z,Northern Africa,Sudan,South Darfur,violence against civilians,Attack,1,1,NA,Political violence,3118,10.9002,24.3019
2014-10-25T00:00:00Z,Northern Africa,Sudan,Central Darfur,battles,Armed clash,2,3,NA,Political violence,3107,12.3084,23.2341
2014-10-25T00:00:00Z,Northern Africa,Sudan,North Darfur,explosions/remote violence,Air/drone strike,3,6,NA,Political violence,3112,15.8601,25.5013
2014-10-25T00:00:00Z,Northern Africa,Sudan,North Darfur,explosions/remote violence,Shelling/artillery/missile attack,1,1,NA,Political violence,3112,15.8601,25.5013
2014-10-25T00:00:00Z,Northern Africa,Sudan,South Darfur,battles,Armed clash,2,39,NA,Political violence,3118,10.9002,24.3019
2014-10-25T00:00:00Z,Northern Africa,Sudan,South Darfur,explosions/remote violence,Shelling/artillery/missile attack,1,3,NA,Political violence,3118,10.9002,24.3019
2014-10-25T00:00:00Z,Northern Africa,Sudan,South Darfur,violence against civilians,Attack,3,4,NA,Political violence,3118,10.9002,24.3019
2014-10-25T00:00:00Z,Northern Africa,Sudan,South Kordofan,explosions/remote violence,Air/drone strike,2,1,NA,Political violence,3119,11.2289,30.914
2014-10-25T00:00:00Z,Northern Africa,Sudan,West Darfur,violence against civilians,Sexual violence,1,1,NA,Political violence,3120,13.5081,22.7026
2014-11-01T00:00:00Z,Northern Africa,Sudan,North Darfur,violence against civilians,Attack,1,3,NA,Political violence,3112,15.8601,25.5013
2014-11-01T00:00:00Z,Northern Africa,Sudan,West Darfur,violence against civilians,Attack,1,1,NA,Political violence,3120,13.5081,22.7026
2014-11-08T00:00:00Z,Northern Africa,Sudan,Blue Nile,explosions/remote violence,Air/drone strike,1,3,NA,Political violence,3106,11.0079,34.0954
2014-11-08T00:00:00Z,Northern Africa,Sudan,Central Darfur,violence against civilians,Attack,1,2,NA,Political violence,3107,12.3084,23.2341
2014-11-08T00:00:00Z,Northern Africa,Sudan,Khartoum,battles,Armed clash,1,3,NA,Political violence,3111,15.915,33.1352
2014-11-08T00:00:00Z,Northern Africa,Sudan,North Darfur,violence against civilians,Attack,3,3,NA,Political violence,3112,15.8601,25.5013
2014-11-08T00:00:00Z,Northern Africa,Sudan,South Kordofan,explosions/remote violence,Air/drone strike,3,1,NA,Political violence,3119,11.2289,30.914
2014-11-15T00:00:00Z,Northern Africa,Sudan,North Darfur,battles,Armed clash,1,3,NA,Political violence,3112,15.8601,25.5013
2014-11-15T00:00:00Z,Northern Africa,Sudan,North Darfur,violence against civilians,Attack,1,1,NA,Political violence,3112,15.8601,25.5013
2014-11-15T00:00:00Z,Northern Africa,Sudan,South Darfur,violence against civilians,Attack,2,15,NA,Political violence,3118,10.9002,24.3019
2014-11-22T00:00:00Z,Northern Africa,Sudan,Blue Nile,battles,Armed clash,1,4,NA,Political violence,3106,11.0079,34.0954
2014-11-22T00:00:00Z,Northern Africa,Sudan,Blue Nile,explosions/remote violence,Air/drone strike,5,1,NA,Political violence,3106,11.0079,34.0954
2014-11-22T00:00:00Z,Northern Africa,Sudan,Central Darfur,violence against civilians,Attack,2,1,NA,Political violence,3107,12.3084,23.2341
2014-11-22T00:00:00Z,Northern Africa,Sudan,North Darfur,battles,Armed clash,2,32,NA,Political violence,3112,15.8601,25.5013
2014-11-22T00:00:00Z,Northern Africa,Sudan,North Darfur,explosions/remote violence,Shelling/artillery/missile attack,1,1,NA,Political violence,3112,15.8601,25.5013
2014-11-22T00:00:00Z,Northern Africa,Sudan,South Darfur,violence against civilians,Attack,3,17,NA,Political violence,3118,10.9002,24.3019
2014-11-22T00:00:00Z,Northern Africa,Sudan,West Kordofan,battles,Armed clash,6,156,NA,Political violence,3121,11.8686,28.2211
2014-11-29T00:00:00Z,Northern Africa,Sudan,Central Darfur,violence against civilians,Attack,4,3,NA,Political violence,3107,12.3084,23.2341
2014-11-29T00:00:00Z,Northern Africa,Sudan,North Darfur,violence against civilians,Attack,2,1,NA,Political violence,3112,15.8601,25.5013
2014-11-29T00:00:00Z,Northern Africa,Sudan,South Kordofan,battles,Armed clash,4,58,NA,Political violence,3119,11.2289,30.914
2014-11-29T00:00:00Z,Northern Africa,Sudan,South Kordofan,violence against civilians,Attack,1,2,NA,Political violence,3119,11.2289,30.914
2014-11-29T00:00:00Z,Northern Africa,Sudan,West Darfur,battles,Armed clash,1,5,NA,Political violence,3120,13.5081,22.7026
2014-12-06T00:00:00Z,Northern Africa,Sudan,Abyei,violence against civilians,Attack,2,7,NA,Political violence,3104,9.7332,28.4712
2014-12-06T00:00:00Z,Northern Africa,Sudan,Central Darfur,battles,Armed clash,2,63,NA,Political violence,3107,12.3084,23.2341
2014-12-06T00:00:00Z,Northern Africa,Sudan,Central Darfur,violence against civilians,Attack,3,2,NA,Political violence,3107,12.3084,23.2341
2014-12-06T00:00:00Z,Northern Africa,Sudan,North Darfur,battles,Armed clash,1,9,NA,Political violence,3112,15.8601,25.5013
2014-12-06T00:00:00Z,Northern Africa,Sudan,South Darfur,violence against civilians,Attack,1,1,NA,Political violence,3118,10.9002,24.3019
2014-12-06T00:00:00Z,Northern Africa,Sudan,South Kordofan,battles,Armed clash,2,15,NA,Political violence,3119,11.2289,30.914
2014-12-06T00:00:00Z,Northern Africa,Sudan,South Kordofan,explosions/remote violence,Shelling/artillery/missile attack,1,1,NA,Political violence,3119,11.2289,30.914
2014-12-13T00:00:00Z,Northern Africa,Sudan,Central Darfur,battles,Armed clash,3,16,NA,Political violence,3107,12.3084,23.2341
2014-12-13T00:00:00Z,Northern Africa,Sudan,Central Darfur,explosions/remote violence,Air/drone strike,4,1,NA,Political violence,3107,12.3084,23.2341
2014-12-13T00:00:00Z,Northern Africa,Sudan,Central Darfur,violence against civilians,Attack,3,2,NA,Political violence,3107,12.3084,23.2341
2014-12-13T00:00:00Z,Northern Africa,Sudan,North Darfur,battles,Armed clash,1,1,NA,Political violence,3112,15.8601,25.5013
2014-12-13T00:00:00Z,Northern Africa,Sudan,North Darfur,violence against civilians,Attack,5,1,NA,Political violence,3112,15.8601,25.5013
2014-12-13T00:00:00Z,Northern Africa,Sudan,South Darfur,violence against civilians,Attack,2,10,NA,Political violence,3118,10.9002,24.3019
2014-12-13T00:00:00Z,Northern Africa,Sudan,South Kordofan,battles,Armed clash,3,6,NA,Political violence,3119,11.2289,30.914
2014-12-13T00:00:00Z,Northern Africa,Sudan,South Kordofan,explosions/remote violence,Air/drone strike,1,1,NA,Political violence,3119,11.2289,30.914
2014-12-13T00:00:00Z,Northern Africa,Sudan,West Darfur,violence against civilians,Attack,1,1,NA,Political violence,3120,13.5081,22.7026
2014-12-13T00:00:00Z,Northern Africa,Sudan,West Kordofan,battles,Armed clash,1,12,NA,Political violence,3121,11.8686,28.2211
2014-12-20T00:00:00Z,Northern Africa,Sudan,Central Darfur,violence against civilians,Attack,1,1,NA,Political violence,3107,12.3084,23.2341
2014-12-20T00:00:00Z,Northern Africa,Sudan,North Darfur,violence against civilians,Attack,8,8,NA,Political violence,3112,15.8601,25.5013
2014-12-20T00:00:00Z,Northern Africa,Sudan,River Nile,battles,Armed clash,2,1,NA,Political violence,3116,18.8347,33.1231
2014-12-20T00:00:00Z,Northern Africa,Sudan,South Darfur,violence against civilians,Attack,2,1,NA,Political violence,3118,10.9002,24.3019
2014-12-20T00:00:00Z,Northern Africa,Sudan,South Kordofan,battles,Armed clash,1,25,NA,Political violence,3119,11.2289,30.914
2014-12-20T00:00:00Z,Northern Africa,Sudan,South Kordofan,explosions/remote violence,Air/drone strike,1,2,NA,Political violence,3119,11.2289,30.914
2014-12-20T00:00:00Z,Northern Africa,Sudan,South Kordofan,violence against civilians,Attack,1,1,NA,Political violence,3119,11.2289,30.914
2014-12-20T00:00:00Z,Northern Africa,Sudan,West Kordofan,violence against civilians,Attack,1,1,NA,Political violence,3121,11.8686,28.2211
2014-12-27T00:00:00Z,Northern Africa,Sudan,Central Darfur,violence against civilians,Sexual violence,1,1,NA,Political violence,3107,12.3084,23.2341
2014-12-27T00:00:00Z,Northern Africa,Sudan,East Darfur,battles,Armed clash,1,4,NA,Political violence,3108,11.2299,26.3972
2014-12-27T00:00:00Z,Northern Africa,Sudan,North Darfur,battles,Armed clash,1,12,30634,Political violence,3112,15.8601,25.5013
2014-12-27T00:00:00Z,Northern Africa,Sudan,North Darfur,battles,Government regains territory,1,50,15488,Political violence,3112,15.8601,25.5013
2014-12-27T00:00:00Z,Northern Africa,Sudan,North Darfur,explosions/remote violence,Air/drone strike,4,9,30634,Political violence,3112,15.8601,25.5013
2014-12-27T00:00:00Z,Northern Africa,Sudan,North Darfur,violence against civilians,Attack,3,14,20262,Political violence,3112,15.8601,25.5013
2014-12-27T00:00:00Z,Northern Africa,Sudan,South Darfur,violence against civilians,Attack,4,9,1409246,Political violence,3118,10.9002,24.3019
2015-01-03T00:00:00Z,Northern Africa,Sudan,North Darfur,explosions/remote violence,Air/drone strike,2,1,32959,Political violence,3112,15.8601,25.5013
2015-01-03T00:00:00Z,Northern Africa,Sudan,North Darfur,violence against civilians,Attack,5,22,68392,Political violence,3112,15.8601,25.5013
2015-01-03T00:00:00Z,Northern Africa,Sudan,South Darfur,battles,Armed clash,2,3,12163,Political violence,3118,10.9002,24.3019
2015-01-03T00:00:00Z,Northern Africa,Sudan,South Kordofan,battles,Armed clash,3,27,126731,Political violence,3119,11.2289,30.914
2015-01-03T00:00:00Z,Northern Africa,Sudan,South Kordofan,explosions/remote violence,Air/drone strike,1,1,1464,Political violence,3119,11.2289,30.914
2015-01-10T00:00:00Z,Northern Africa,Sudan,Blue Nile,battles,Armed clash,1,4,261944,Political violence,3106,11.0079,34.0954
2015-01-10T00:00:00Z,Northern Africa,Sudan,Blue Nile,explosions/remote violence,Air/drone strike,2,2,7312,Political violence,3106,11.0079,34.0954
2015-01-10T00:00:00Z,Northern Africa,Sudan,Central Darfur,battles,Armed clash,2,5,14530,Political violence,3107,12.3084,23.2341
2015-01-10T00:00:00Z,Northern Africa,Sudan,Central Darfur,violence against civilians,Attack,1,1,16634,Political violence,3107,12.3084,23.2341
2015-01-10T00:00:00Z,Northern Africa,Sudan,East Darfur,battles,Armed clash,2,4,1674,Political violence,3108,11.2299,26.3972
2015-01-10T00:00:00Z,Northern Africa,Sudan,North Darfur,battles,Armed clash,3,22,650557,Political violence,3112,15.8601,25.5013
2015-01-10T00:00:00Z,Northern Africa,Sudan,North Darfur,battles,Government regains territory,1,31,645493,Political violence,3112,15.8601,25.5013
2015-01-10T00:00:00Z,Northern Africa,Sudan,North Darfur,explosions/remote violence,Remote explosive/landmine/IED,1,3,30634,Political violence,3112,15.8601,25.5013
2015-01-10T00:00:00Z,Northern Africa,Sudan,North Darfur,violence against civilians,Attack,12,16,824433,Political violence,3112,15.8601,25.5013
2015-01-10T00:00:00Z,Northern Africa,Sudan,North Darfur,violence against civilians,Sexual violence,1,1,645493,Political violence,3112,15.8601,25.5013
2015-01-10T00:00:00Z,Northern Africa,Sudan,South Darfur,violence against civilians,Attack,2,1,316969,Political violence,3118,10.9002,24.3019
2015-01-10T00:00:00Z,Northern Africa,Sudan,South Kordofan,battles,Armed clash,1,11,2855,Political violence,3119,11.2289,30.914
2015-01-10T00:00:00Z,Northern Africa,Sudan,South Kordofan,battles,Government regains territory,1,41,125706,Political violence,3119,11.2289,30.914
2015-01-10T00:00:00Z,Northern Africa,Sudan,South Kordofan,battles,Non-state actor overtakes territory,3,118,137605,Political violence,3119,11.2289,30.914
2015-01-10T00:00:00Z,Northern Africa,Sudan,South Kordofan,explosions/remote violence,Air/drone strike,3,2,11518,Political violence,3119,11.2289,30.914
2015-01-17T00:00:00Z,Northern Africa,Sudan,Central Darfur,battles,Armed clash,1,1,89799,Political violence,3107,12.3084,23.2341
2015-01-17T00:00:00Z,Northern Africa,Sudan,Central Darfur,explosions/remote violence,Air/drone strike,1,6,2548,Political violence,3107,12.3084,23.2341
2015-01-17T00:00:00Z,Northern Africa,Sudan,Central Darfur,violence against civilians,Attack,3,1,134598,Political violence,3107,12.3084,23.2341
2015-01-17T00:00:00Z,Northern Africa,Sudan,East Darfur,battles,Armed clash,1,1,33110,Political violence,3108,11.2299,26.3972
2015-01-17T00:00:00Z,Northern Africa,Sudan,North Darfur,battles,Armed clash,1,1,906,Political violence,3112,15.8601,25.5013
2015-01-17T00:00:00Z,Northern Africa,Sudan,North Darfur,explosions/remote violence,Remote explosive/landmine/IED,1,6,2454,Political violence,3112,15.8601,25.5013
2015-01-17T00:00:00Z,Northern Africa,Sudan,North Darfur,violence against civilians,Attack,9,10,728019,Political violence,3112,15.8601,25.5013
2015-01-17T00:00:00Z,Northern Africa,Sudan,South Darfur,battles,Armed clash,2,1,4814,Political violence,3118,10.9002,24.3019
2015-01-17T00:00:00Z,Northern Africa,Sudan,South Darfur,violence against civilians,Attack,2,1,316969,Political violence,3118,10.9002,24.3019
2015-01-17T00:00:00Z,Northern Africa,Sudan,West Darfur,violence against civilians,Attack,2,2,370845,Political violence,3120,13.5081,22.7026
2015-01-24T00:00:00Z,Northern Africa,Sudan,Abyei,violence against civilians,Attack,1,5,10868,Political violence,3104,9.7332,28.4712
2015-01-24T00:00:00Z,Northern Africa,Sudan,Central Darfur,battles,Armed clash,5,113,18576,Political violence,3107,12.3084,23.2341
2015-01-24T00:00:00Z,Northern Africa,Sudan,Central Darfur,explosions/remote violence,Shelling/artillery/missile attack,1,1,8065,Political violence,3107,12.3084,23.2341
2015-01-24T00:00:00Z,Northern Africa,Sudan,Central Darfur,violence against civilians,Attack,4,2,10961,Political violence,3107,12.3084,23.2341
2015-01-24T00:00:00Z,Northern Africa,Sudan,Central Darfur,violence against civilians,Sexual violence,4,12,9506,Political violence,3107,12.3084,23.2341
2015-01-24T00:00:00Z,Northern Africa,Sudan,North Darfur,battles,Armed clash,1,3,3050,Political violence,3112,15.8601,25.5013
2015-01-24T00:00:00Z,Northern Africa,Sudan,North Darfur,explosions/remote violence,Air/drone strike,1,1,1322,Political violence,3112,15.8601,25.5013
2015-01-24T00:00:00Z,Northern Africa,Sudan,North Darfur,violence against civilians,Attack,10,5,920582,Political violence,3112,15.8601,25.5013
2015-01-24T00:00:00Z,Northern Africa,Sudan,South Darfur,battles,Armed clash,1,19,1409246,Political violence,3118,10.9002,24.3019
2015-01-24T00:00:00Z,Northern Africa,Sudan,South Darfur,violence against civilians,Attack,5,1,37737,Political violence,3118,10.9002,24.3019
2015-01-24T00:00:00Z,Northern Africa,Sudan,South Kordofan,explosions/remote violence,Air/drone strike,3,6,3317,Political violence,3119,11.2289,30.914
2015-01-24T00:00:00Z,Northern Africa,Sudan,West Darfur,violence against civilians,Sexual violence,2,8,263,Political violence,3120,13.5081,22.7026
2015-01-24T00:00:00Z,Northern Africa,Sudan,West Kordofan,battles,Armed clash,1,7,97680,Political violence,3121,11.8686,28.2211
2015-01-31T00:00:00Z,Northern Africa,Sudan,Al Jazirah,violence against civilians,Attack,1,1,1610,Political violence,3105,14.6593,33.2294
2015-01-31T00:00:00Z,Northern Africa,Sudan,Central Darfur,explosions/remote violence,Air/drone strike,2,1,10152,Political violence,3107,12.3084,23.2341
2015-01-31T00:00:00Z,Northern Africa,Sudan,Khartoum,protests,Excessive force against protesters,1,1,14958,Political violence; Demonstrations,3111,15.915,33.1352
2015-01-31T00:00:00Z,Northern Africa,Sudan,North Darfur,violence against civilians,Attack,10,24,400886,Political violence,3112,15.8601,25.5013
2015-01-31T00:00:00Z,Northern Africa,Sudan,South Darfur,battles,Armed clash,3,23,1446469,Political violence,3118,10.9002,24.3019
2015-01-31T00:00:00Z,Northern Africa,Sudan,South Darfur,violence against civilians,Attack,5,6,1476452,Political violence,3118,10.9002,24.3019
2015-01-31T00:00:00Z,Northern Africa,Sudan,South Kordofan,battles,Armed clash,1,15,1582,Political violence,3119,11.2289,30.914
2015-01-31T00:00:00Z,Northern Africa,Sudan,South Kordofan,explosions/remote violence,Air/drone strike,4,5,6565,Political violence,3119,11.2289,30.914
2015-01-31T00:00:00Z,Northern Africa,Sudan,West Darfur,battles,Armed clash,1,2,370845,Political violence,3120,13.5081,22.7026
2015-02-07T00:00:00Z,Northern Africa,Sudan,Abyei,battles,Armed clash,1,13,10868,Political violence,3104,9.7332,28.4712
2015-02-07T00:00:00Z,Northern Africa,Sudan,Blue Nile,battles,Armed clash,2,8,262624,Political violence,3106,11.0079,34.0954
2015-02-07T00:00:00Z,Northern Africa,Sudan,Blue Nile,violence against civilians,Attack,1,3,261944,Political violence,3106,11.0079,34.0954
2015-02-07T00:00:00Z,Northern Africa,Sudan,Central Darfur,battles,Armed clash,1,2,89799,Political violence,3107,12.3084,23.2341
2015-02-07T00:00:00Z,Northern Africa,Sudan,Central Darfur,explosions/remote violence,Remote explosive/landmine/IED,1,3,2548,Political violence,3107,12.3084,23.2341
2015-02-07T00:00:00Z,Northern Africa,Sudan,Central Darfur,violence against civilians,Attack,2,5,77111,Political violence,3107,12.3084,23.2341
2015-02-07T00:00:00Z,Northern Africa,Sudan,North Darfur,battles,Armed clash,3,10,115398,Political violence,3112,15.8601,25.5013
2015-02-07T00:00:00Z,Northern Africa,Sudan,North Darfur,riots,Mob violence,1,2,217706,Political violence,3112,15.8601,25.5013
2015-02-07T00:00:00Z,Northern Africa,Sudan,North Darfur,violence against civilians,Attack,4,7,77318,Political violence,3112,15.8601,25.5013
2015-02-07T00:00:00Z,Northern Africa,Sudan,South Kordofan,violence against civilians,Attack,1,2,3757,Political violence,3119,11.2289,30.914
2015-02-14T00:00:00Z,Northern Africa,Sudan,Abyei,violence against civilians,Attack,1,6,10868,Political violence,3104,9.7332,28.4712
2015-02-14T00:00:00Z,Northern Africa,Sudan,Blue Nile,explosions/remote violence,Air/drone strike,3,1,6654,Political violence,3106,11.0079,34.0954
2015-02-14T00:00:00Z,Northern Africa,Sudan,Central Darfur,battles,Armed clash,4,23,8065,Political violence,3107,12.3084,23.2341
2015-02-14T00:00:00Z,Northern Africa,Sudan,Central Darfur,explosions/remote violence,Air/drone strike,1,1,4842,Political violence,3107,12.3084,23.2341
2015-02-14T00:00:00Z,Northern Africa,Sudan,East Darfur,battles,Armed clash,1,11,242421,Political violence,3108,11.2299,26.3972
2015-02-14T00:00:00Z,Northern Africa,Sudan,East Darfur,violence against civilians,Attack,2,5,242421,Political violence,3108,11.2299,26.3972
2015-02-14T00:00:00Z,Northern Africa,Sudan,North Darfur,explosions/remote violence,Air/drone strike,2,2,645493,Political violence,3112,15.8601,25.5013
2015-02-14T00:00:00Z,Northern Africa,Sudan,North Darfur,violence against civilians,Attack,1,1,300,Political violence,3112,15.8601,25.5013
2015-02-14T00:00:00Z,Northern Africa,Sudan,South Kordofan,explosions/remote violence,Air/drone strike,2,1,5800,Political violence,3119,11.2289,30.914
2015-02-14T00:00:00Z,Northern Africa,Sudan,West Kordofan,violence against civilians,Attack,1,1,1123,Political violence,3121,11.8686,28.2211
2015-02-21T00:00:00Z,Northern Africa,Sudan,Abyei,violence against civilians,Attack,1,4,440,Political violence,3104,9.7332,28.4712
2015-02-21T00:00:00Z,Northern Africa,Sudan,Central Darfur,explosions/remote violence,Air/drone strike,1,2,127,Political violence,3107,12.3084,23.2341
2015-02-21T00:00:00Z,Northern Africa,Sudan,Central Darfur,violence against civilians,Attack,3,4,108435,Political violence,3107,12.3084,23.2341
2015-02-21T00:00:00Z,Northern Africa,Sudan,Central Darfur,violence against civilians,Sexual violence,1,14,8065,Political violence,3107,12.3084,23.2341
2015-02-21T00:00:00Z,Northern Africa,Sudan,East Darfur,battles,Armed clash,2,5,254247,Political violence,3108,11.2299,26.3972
2015-02-21T00:00:00Z,Northern Africa,Sudan,Kassala,violence against civilians,Attack,1,1,456242,Political violence,3110,15.7104,35.5356
2015-02-21T00:00:00Z,Northern Africa,Sudan,North Darfur,explosions/remote violence,Remote explosive/landmine/IED,1,2,1322,Political violence,3112,15.8601,25.5013
2015-02-21T00:00:00Z,Northern Africa,Sudan,North Darfur,violence against civilians,Attack,4,6,148406,Political violence,3112,15.8601,25.5013
2015-02-21T00:00:00Z,Northern Africa,Sudan,South Darfur,violence against civilians,Attack,2,4,36275,Political violence,3118,10.9002,24.3019
2015-02-21T00:00:00Z,Northern Africa,Sudan,South Kordofan,battles,Non-state actor overtakes territory,1,10,125706,Political violence,3119,11.2289,30.914
2015-02-21T00:00:00Z,Northern Africa,Sudan,South Kordofan,violence against civilians,Attack,1,1,372,Political violence,3119,11.2289,30.914
2015-02-21T00:00:00Z,Northern Africa,Sudan,West Kordofan,violence against civilians,Attack,1,3,1399,Political violence,3121,11.8686,28.2211
2015-02-28T00:00:00Z,Northern Africa,Sudan,Abyei,battles,Armed clash,1,3,2,Political violence,3104,9.7332,28.4712
2015-02-28T00:00:00Z,Northern Africa,Sudan,Abyei,violence against civilians,Attack,2,10,5735,Political violence,3104,9.7332,28.4712
2015-02-28T00:00:00Z,Northern Africa,Sudan,Central Darfur,battles,Armed clash,3,5,34094,Political violence,3107,12.3084,23.2341
2015-02-28T00:00:00Z,Northern Africa,Sudan,East Darfur,violence against civilians,Attack,2,4,242421,Political violence,3108,11.2299,26.3972
2015-02-28T00:00:00Z,Northern Africa,Sudan,North Darfur,battles,Armed clash,3,22,645493,Political violence,3112,15.8601,25.5013
2015-02-28T00:00:00Z,Northern Africa,Sudan,North Darfur,violence against civilians,Attack,1,6,645493,Political violence,3112,15.8601,25.5013
2015-03-07T00:00:00Z,Northern Africa,Sudan,Central Darfur,battles,Armed clash,1,9,8065,Political violence,3107,12.3084,23.2341
2015-03-07T00:00:00Z,Northern Africa,Sudan,Central Darfur,battles,Non-state actor overtakes territory,1,68,4842,Political violence,3107,12.3084,23.2341
2015-03-07T00:00:00Z,Northern Africa,Sudan,Central Darfur,violence against civilians,Sexual violence,1,1,2548,Political violence,3107,12.3084,23.2341
2015-03-07T00:00:00Z,Northern Africa,Sudan,East Darfur,battles,Armed clash,1,1,242421,Political violence,3108,11.2299,26.3972
2015-03-07T00:00:00Z,Northern Africa,Sudan,North Darfur,battles,Armed clash,4,2,719944,Political violence,3112,15.8601,25.5013
2015-03-07T00:00:00Z,Northern Africa,Sudan,North Darfur,violence against civilians,Attack,2,1,701148,Political violence,3112,15.8601,25.5013
2015-03-07T00:00:00Z,Northern Africa,Sudan,South Darfur,violence against civilians,Attack,1,2,1409246,Political violence,3118,10.9002,24.3019
2015-03-07T00:00:00Z,Northern Africa,Sudan,South Kordofan,battles,Armed clash,2,60,68611,Political violence,3119,11.2289,30.914
2015-03-07T00:00:00Z,Northern Africa,Sudan,West Darfur,violence against civilians,Attack,2,1,436550,Political violence,3120,13.5081,22.7026
2015-03-14T00:00:00Z,Northern Africa,Sudan,Central Darfur,explosions/remote violence,Remote explosive/landmine/IED,1,5,2548,Political violence,3107,12.3084,23.2341
2015-03-14T00:00:00Z,Northern Africa,Sudan,Central Darfur,violence against civilians,Attack,4,8,95228,Political violence,3107,12.3084,23.2341
2015-03-14T00:00:00Z,Northern Africa,Sudan,North Darfur,battles,Armed clash,7,77,759569,Political violence,3112,15.8601,25.5013
2015-03-14T00:00:00Z,Northern Africa,Sudan,North Darfur,violence against civilians,Attack,4,16,439736,Political violence,3112,15.8601,25.5013
2015-03-14T00:00:00Z,Northern Africa,Sudan,North Kordofan,violence against civilians,Attack,1,1,603,Political violence,3113,14.3894,29.437
2015-03-14T00:00:00Z,Northern Africa,Sudan,South Darfur,battles,Armed clash,2,2,1409246,Political violence,3118,10.9002,24.3019
2015-03-14T00:00:00Z,Northern Africa,Sudan,South Darfur,violence against civilians,Attack,2,2,1414724,Political violence,3118,10.9002,24.3019
2015-03-21T00:00:00Z,Northern Africa,Sudan,Blue Nile,battles,Armed clash,1,12,261944,Political violence,3106,11.0079,34.0954
2015-03-21T00:00:00Z,Northern Africa,Sudan,Central Darfur,battles,Armed clash,1,5,1010,Political violence,3107,12.3084,23.2341
2015-03-21T00:00:00Z,Northern Africa,Sudan,North Darfur,battles,Armed clash,4,14,144710,Political violence,3112,15.8601,25.5013
2015-03-21T00:00:00Z,Northern Africa,Sudan,North Darfur,explosions/remote violence,Remote explosive/landmine/IED,1,1,9767,Political violence,3112,15.8601,25.5013
2015-03-21T00:00:00Z,Northern Africa,Sudan,North Darfur,violence against civilians,Attack,6,9,391840,Political violence,3112,15.8601,25.5013
2015-03-21T00:00:00Z,Northern Africa,Sudan,South Darfur,battles,Armed clash,8,87,1455541,Political violence,3118,10.9002,24.3019
2015-03-21T00:00:00Z,Northern Africa,Sudan,South Kordofan,battles,Armed clash,1,9,1582,Political violence,3119,11.2289,30.914
2015-03-21T00:00:00Z,Northern Africa,Sudan,West Kordofan,battles,Armed clash,1,1,97680,Political violence,3121,11.8686,28.2211
2015-03-28T00:00:00Z,Northern Africa,Sudan,Central Darfur,explosions/remote violence,Air/drone strike,3,20,9509,Political violence,3107,12.3084,23.2341
2015-03-28T00:00:00Z,Northern Africa,Sudan,East Darfur,battles,Armed clash,4,27,265317,Political violence,3108,11.2299,26.3972
2015-03-28T00:00:00Z,Northern Africa,Sudan,East Darfur,violence against civilians,Attack,1,1,11070,Political violence,3108,11.2299,26.3972
2015-03-28T00:00:00Z,Northern Africa,Sudan,Gedaref,violence against civilians,Attack,1,1,2556,Political violence,3109,14.2138,35.0222
2015-03-28T00:00:00Z,Northern Africa,Sudan,Kassala,violence against civilians,Attack,1,2,13334,Political violence,3110,15.7104,35.5356
2015-03-28T00:00:00Z,Northern Africa,Sudan,North Darfur,battles,Armed clash,1,1,107954,Political violence,3112,15.8601,25.5013
2015-03-28T00:00:00Z,Northern Africa,Sudan,North Darfur,violence against civilians,Attack,5,89,188768,Political violence,3112,15.8601,25.5013
2015-03-28T00:00:00Z,Northern Africa,Sudan,South Darfur,violence against civilians,Attack,3,2,1591659,Political violence,3118,10.9002,24.3019
2015-03-28T00:00:00Z,Northern Africa,Sudan,South Kordofan,battles,Armed clash,3,36,145300,Political violence,3119,11.2289,30.914
2015-03-28T00:00:00Z,Northern Africa,Sudan,West Darfur,battles,Armed clash,1,75,26582,Political violence,3120,13.5081,22.7026
2015-03-28T00:00:00Z,Northern Africa,Sudan,West Kordofan,violence against civilians,Attack,2,3,16184,Political violence,3121,11.8686,28.2211
2015-04-04T00:00:00Z,Northern Africa,Sudan,Abyei,violence against civilians,Attack,1,6,10868,Political violence,3104,9.7332,28.4712
2015-04-04T00:00:00Z,Northern Africa,Sudan,Blue Nile,battles,Armed clash,1,9,261944,Political violence,3106,11.0079,34.0954
2015-04-04T00:00:00Z,Northern Africa,Sudan,Central Darfur,explosions/remote violence,Remote explosive/landmine/IED,1,2,2548,Political violence,3107,12.3084,23.2341
2015-04-04T00:00:00Z,Northern Africa,Sudan,Central Darfur,explosions/remote violence,Shelling/artillery/missile attack,1,2,2548,Political violence,3107,12.3084,23.2341
2015-04-04T00:00:00Z,Northern Africa,Sudan,East Darfur,battles,Armed clash,2,5,242421,Political violence,3108,11.2299,26.3972
2015-04-04T00:00:00Z,Northern Africa,Sudan,East Darfur,violence against civilians,Attack,2,10,242421,Political violence,3108,11.2299,26.3972
2015-04-04T00:00:00Z,Northern Africa,Sudan,North Darfur,violence against civilians,Attack,2,12,3810,Political violence,3112,15.8601,25.5013
2015-04-04T00:00:00Z,Northern Africa,Sudan,South Darfur,battles,Armed clash,2,2,1409246,Political violence,3118,10.9002,24.3019
2015-04-04T00:00:00Z,Northern Africa,Sudan,South Kordofan,battles,Armed clash,2,4,38398,Political violence,3119,11.2289,30.914
2015-04-04T00:00:00Z,Northern Africa,Sudan,South Kordofan,explosions/remote violence,Air/drone strike,5,23,7268,Political violence,3119,11.2289,30.914
2015-04-04T00:00:00Z,Northern Africa,Sudan,West Darfur,violence against civilians,Attack,1,1,81789,Political violence,3120,13.5081,22.7026
2015-04-04T00:00:00Z,Northern Africa,Sudan,West Kordofan,violence against civilians,Attack,1,2,4135,Political violence,3121,11.8686,28.2211
2015-04-11T00:00:00Z,Northern Africa,Sudan,Abyei,battles,Armed clash,1,5,5295,Political violence,3104,9.7332,28.4712
2015-04-11T00:00:00Z,Northern Africa,Sudan,Al Jazirah,explosions/remote violence,Shelling/artillery/missile attack,1,7,16137,Political violence,3105,14.6593,33.2294
2015-04-11T00:00:00Z,Northern Africa,Sudan,Blue Nile,explosions/remote violence,Air/drone strike,1,1,6654,Political violence,3106,11.0079,34.0954
2015-04-11T00:00:00Z,Northern Africa,Sudan,Central Darfur,battles,Armed clash,1,10,89799,Political violence,3107,12.3084,23.2341
2015-04-11T00:00:00Z,Northern Africa,Sudan,South Darfur,battles,Armed clash,1,1,1409246,Political violence,3118,10.9002,24.3019
2015-04-11T00:00:00Z,Northern Africa,Sudan,South Kordofan,explosions/remote violence,Air/drone strike,3,3,128945,Political violence,3119,11.2289,30.914
2015-04-11T00:00:00Z,Northern Africa,Sudan,South Kordofan,explosions/remote violence,Remote explosive/landmine/IED,1,3,125706,Political violence,3119,11.2289,30.914
2015-04-11T00:00:00Z,Northern Africa,Sudan,South Kordofan,explosions/remote violence,Shelling/artillery/missile attack,6,9,217237,Political violence,3119,11.2289,30.914
2015-04-11T00:00:00Z,Northern Africa,Sudan,West Kordofan,battles,Armed clash,1,5,97680,Political violence,3121,11.8686,28.2211
2015-04-18T00:00:00Z,Northern Africa,Sudan,Abyei,battles,Armed clash,1,32,5295,Political violence,3104,9.7332,28.4712
2015-04-18T00:00:00Z,Northern Africa,Sudan,Blue Nile,battles,Armed clash,3,22,262820,Political violence,3106,11.0079,34.0954
2015-04-18T00:00:00Z,Northern Africa,Sudan,Central Darfur,explosions/remote violence,Shelling/artillery/missile attack,1,3,2031,Political violence,3107,12.3084,23.2341
2015-04-18T00:00:00Z,Northern Africa,Sudan,North Darfur,battles,Armed clash,2,2,646484,Political violence,3112,15.8601,25.5013
2015-04-18T00:00:00Z,Northern Africa,Sudan,South Darfur,battles,Armed clash,2,5,154107,Political violence,3118,10.9002,24.3019
2015-04-18T00:00:00Z,Northern Africa,Sudan,South Darfur,protests,Excessive force against protesters,2,2,37183,Political violence; Demonstrations,3118,10.9002,24.3019
2015-04-18T00:00:00Z,Northern Africa,Sudan,South Darfur,violence against civilians,Attack,3,2,353837,Political violence,3118,10.9002,24.3019
2015-04-18T00:00:00Z,Northern Africa,Sudan,South Kordofan,explosions/remote violence,Air/drone strike,1,1,3757,Political violence,3119,11.2289,30.914
2015-04-18T00:00:00Z,Northern Africa,Sudan,South Kordofan,explosions/remote violence,Remote explosive/landmine/IED,1,1,1523,Political violence,3119,11.2289,30.914
2015-04-18T00:00:00Z,Northern Africa,Sudan,West Darfur,violence against civilians,Attack,3,1,372787,Political violence,3120,13.5081,22.7026
2015-04-25T00:00:00Z,Northern Africa,Sudan,Central Darfur,battles,Armed clash,2,10,4808,Political violence,3107,12.3084,23.2341
2015-04-25T00:00:00Z,Northern Africa,Sudan,East Darfur,battles,Armed clash,4,28,257291,Political violence,3108,11.2299,26.3972
2015-04-25T00:00:00Z,Northern Africa,Sudan,Khartoum,violence against civilians,Attack,1,1,393321,Political violence,3111,15.915,33.1352
2015-04-25T00:00:00Z,Northern Africa,Sudan,North Darfur,violence against civilians,Attack,3,2,331782,Political violence,3112,15.8601,25.5013
2015-04-25T00:00:00Z,Northern Africa,Sudan,South Darfur,battles,Armed clash,6,12,1460367,Political violence,3118,10.9002,24.3019
2015-04-25T00:00:00Z,Northern Africa,Sudan,South Darfur,battles,Non-state actor overtakes territory,1,10,49248,Political violence,3118,10.9002,24.3019
2015-04-25T00:00:00Z,Northern Africa,Sudan,South Darfur,explosions/remote violence,Air/drone strike,2,16,10590,Political violence,3118,10.9002,24.3019
2015-04-25T00:00:00Z,Northern Africa,Sudan,South Darfur,violence against civilians,Attack,4,2,1230961,Political violence,3118,10.9002,24.3019
2015-04-25T00:00:00Z,Northern Africa,Sudan,South Kordofan,battles,Non-state actor overtakes territory,1,15,932,Political violence,3119,11.2289,30.914
2015-04-25T00:00:00Z,Northern Africa,Sudan,South Kordofan,explosions/remote violence,Air/drone strike,2,2,7747,Political violence,3119,11.2289,30.914
2015-04-25T00:00:00Z,Northern Africa,Sudan,West Kordofan,battles,Armed clash,1,3,38429,Political violence,3121,11.8686,28.2211
2015-04-25T00:00:00Z,Northern Africa,Sudan,West Kordofan,explosions/remote violence,Remote explosive/landmine/IED,1,1,1750,Political violence,3121,11.8686,28.2211
2015-05-02T00:00:00Z,Northern Africa,Sudan,Blue Nile,battles,Armed clash,3,13,1556,Political violence,3106,11.0079,34.0954
2015-05-02T00:00:00Z,Northern Africa,Sudan,Central Darfur,battles,Armed clash,2,7,90402,Political violence,3107,12.3084,23.2341
2015-05-02T00:00:00Z,Northern Africa,Sudan,Central Darfur,violence against civilians,Attack,1,1,5450,Political violence,3107,12.3084,23.2341
2015-05-02T00:00:00Z,Northern Africa,Sudan,North Darfur,battles,Armed clash,1,64,71672,Political violence,3112,15.8601,25.5013
2015-05-02T00:00:00Z,Northern Africa,Sudan,North Darfur,violence against civilians,Attack,5,8,247820,Political violence,3112,15.8601,25.5013
2015-05-02T00:00:00Z,Northern Africa,Sudan,South Darfur,violence against civilians,Attack,3,3,53419,Political violence,3118,10.9002,24.3019
2015-05-02T00:00:00Z,Northern Africa,Sudan,South Kordofan,explosions/remote violence,Air/drone strike,1,2,372,Political violence,3119,11.2289,30.914
2015-05-02T00:00:00Z,Northern Africa,Sudan,South Kordofan,violence against civilians,Attack,2,5,624,Political violence,3119,11.2289,30.914
2015-05-09T00:00:00Z,Northern Africa,Sudan,Blue Nile,battles,Armed clash,3,14,262619,Political violence,3106,11.0079,34.0954
2015-05-09T00:00:00Z,Northern Africa,Sudan,East Darfur,battles,Armed clash,2,107,11826,Political violence,3108,11.2299,26.3972
2015-05-09T00:00:00Z,Northern Africa,Sudan,North Darfur,explosions/remote violence,Air/drone strike,1,1,305,Political violence,3112,15.8601,25.5013
2015-05-09T00:00:00Z,Northern Africa,Sudan,North Darfur,violence against civilians,Attack,3,1,702109,Political violence,3112,15.8601,25.5013
2015-05-09T00:00:00Z,Northern Africa,Sudan,South Kordofan,battles,Armed clash,2,9,1791,Political violence,3119,11.2289,30.914
2015-05-09T00:00:00Z,Northern Africa,Sudan,West Darfur,battles,Armed clash,1,1,370845,Political violence,3120,13.5081,22.7026
2015-05-09T00:00:00Z,Northern Africa,Sudan,West Darfur,violence against civilians,Attack,3,1,371697,Political violence,3120,13.5081,22.7026
2015-05-16T00:00:00Z,Northern Africa,Sudan,Abyei,violence against civilians,Attack,1,2,10868,Political violence,3104,9.7332,28.4712
2015-05-16T00:00:00Z,Northern Africa,Sudan,Blue Nile,battles,Armed clash,2,11,261944,Political violence,3106,11.0079,34.0954
2015-05-16T00:00:00Z,Northern Africa,Sudan,Blue Nile,violence against civilians,Attack,2,2,262429,Political violence,3106,11.0079,34.0954
2015-05-16T00:00:00Z,Northern Africa,Sudan,North Darfur,explosions/remote violence,Air/drone strike,1,16,645493,Political violence,3112,15.8601,25.5013
2015-05-16T00:00:00Z,Northern Africa,Sudan,South Darfur,violence against civilians,Attack,1,2,36868,Political violence,3118,10.9002,24.3019
2015-05-23T00:00:00Z,Northern Africa,Sudan,Abyei,battles,Armed clash,4,23,8540,Political violence,3104,9.7332,28.4712
2015-05-23T00:00:00Z,Northern Africa,Sudan,Central Darfur,explosions/remote violence,Air/drone strike,2,5,2031,Political violence,3107,12.3084,23.2341
2015-05-23T00:00:00Z,Northern Africa,Sudan,Central Darfur,violence against civilians,Attack,2,1,102973,Political violence,3107,12.3084,23.2341
2015-05-23T00:00:00Z,Northern Africa,Sudan,North Darfur,battles,Armed clash,1,1,645493,Political violence,3112,15.8601,25.5013
2015-05-23T00:00:00Z,Northern Africa,Sudan,North Darfur,explosions/remote violence,Air/drone strike,2,7,675785,Political violence,3112,15.8601,25.5013
2015-05-23T00:00:00Z,Northern Africa,Sudan,South Darfur,violence against civilians,Attack,3,5,1522986,Political violence,3118,10.9002,24.3019
2015-05-23T00:00:00Z,Northern Africa,Sudan,South Kordofan,explosions/remote violence,Air/drone strike,2,1,7630,Political violence,3119,11.2289,30.914
2015-05-30T00:00:00Z,Northern Africa,Sudan,Central Darfur,battles,Armed clash,1,1,89799,Political violence,3107,12.3084,23.2341
2015-05-30T00:00:00Z,Northern Africa,Sudan,Central Darfur,violence against civilians,Attack,2,2,92316,Political violence,3107,12.3084,23.2341
2015-05-30T00:00:00Z,Northern Africa,Sudan,North Darfur,battles,Armed clash,2,1,109375,Political violence,3112,15.8601,25.5013
2015-05-30T00:00:00Z,Northern Africa,Sudan,North Darfur,explosions/remote violence,Remote explosive/landmine/IED,1,1,906,Political violence,3112,15.8601,25.5013
2015-05-30T00:00:00Z,Northern Africa,Sudan,South Darfur,battles,Armed clash,1,6,1229816,Political violence,3118,10.9002,24.3019
2015-05-30T00:00:00Z,Northern Africa,Sudan,South Darfur,violence against civilians,Attack,1,1,50787,Political violence,3118,10.9002,24.3019
2015-05-30T00:00:00Z,Northern Africa,Sudan,South Kordofan,battles,Armed clash,1,6,7630,Political violence,3119,11.2289,30.914
2015-05-30T00:00:00Z,Northern Africa,Sudan,West Darfur,violence against civilians,Attack,4,1,40675,Political violence,3120,13.5081,22.7026
2015-06-06T00:00:00Z,Northern Africa,Sudan,Central Darfur,battles,Armed clash,3,30,98363,Political violence,3107,12.3084,23.2341
2015-06-06T00:00:00Z,Northern Africa,Sudan,Central Darfur,explosions/remote violence,Air/drone strike,4,3,3990,Political violence,3107,12.3084,23.2341
2015-06-06T00:00:00Z,Northern Africa,Sudan,Central Darfur,violence against civilians,Attack,2,2,17172,Political violence,3107,12.3084,23.2341
2015-06-06T00:00:00Z,Northern Africa,Sudan,Khartoum,riots,Violent demonstration,1,1,87036,Demonstrations,3111,15.915,33.1352
2015-06-06T00:00:00Z,Northern Africa,Sudan,North Darfur,battles,Armed clash,2,8,21754,Political violence,3112,15.8601,25.5013
2015-06-06T00:00:00Z,Northern Africa,Sudan,North Darfur,violence against civilians,Attack,2,1,46885,Political violence,3112,15.8601,25.5013
2015-06-06T00:00:00Z,Northern Africa,Sudan,Sennar,battles,Armed clash,1,57,1825,Political violence,3117,12.9093,34.0815
2015-06-06T00:00:00Z,Northern Africa,Sudan,Sennar,explosions/remote violence,Air/drone strike,1,3,1825,Political violence,3117,12.9093,34.0815
2015-06-06T00:00:00Z,Northern Africa,Sudan,South Darfur,violence against civilians,Attack,2,3,1232903,Political violence,3118,10.9002,24.3019
2015-06-06T00:00:00Z,Northern Africa,Sudan,South Kordofan,battles,Non-state actor overtakes territory,2,2,9044,Political violence,3119,11.2289,30.914
2015-06-06T00:00:00Z,Northern Africa,Sudan,West Darfur,violence against civilians,Attack,1,1,81789,Political violence,3120,13.5081,22.7026
2015-06-13T00:00:00Z,Northern Africa,Sudan,Blue Nile,battles,Armed clash,1,18,261944,Political violence,3106,11.0079,34.0954
2015-06-13T00:00:00Z,Northern Africa,Sudan,Central Darfur,battles,Armed clash,7,23,7580,Political violence,3107,12.3084,23.2341
2015-06-13T00:00:00Z,Northern Africa,Sudan,Central Darfur,battles,Government regains territory,1,9,2341,Political violence,3107,12.3084,23.2341
2015-06-13T00:00:00Z,Northern Africa,Sudan,Central Darfur,explosions/remote violence,Air/drone strike,4,14,16374,Political violence,3107,12.3084,23.2341
2015-06-13T00:00:00Z,Northern Africa,Sudan,East Darfur,battles,Armed clash,1,1,1674,Political violence,3108,11.2299,26.3972
2015-06-13T00:00:00Z,Northern Africa,Sudan,North Darfur,battles,Armed clash,2,3,675785,Political violence,3112,15.8601,25.5013
2015-06-13T00:00:00Z,Northern Africa,Sudan,North Darfur,explosions/remote violence,Grenade,1,1,41876,Political violence,3112,15.8601,25.5013
2015-06-13T00:00:00Z,Northern Africa,Sudan,Sennar,battles,Armed clash,1,10,1825,Political violence,3117,12.9093,34.0815
2015-06-13T00:00:00Z,Northern Africa,Sudan,South Darfur,battles,Armed clash,1,3,366,Political violence,3118,10.9002,24.3019
2015-06-13T00:00:00Z,Northern Africa,Sudan,South Darfur,violence against civilians,Attack,4,1,1320718,Political violence,3118,10.9002,24.3019
2015-06-13T00:00:00Z,Northern Africa,Sudan,South Kordofan,battles,Armed clash,1,1,19357,Political violence,3119,11.2289,30.914
2015-06-13T00:00:00Z,Northern Africa,Sudan,West Darfur,battles,Armed clash,2,14,3249,Political violence,3120,13.5081,22.7026
2015-06-13T00:00:00Z,Northern Africa,Sudan,West Darfur,violence against civilians,Attack,1,1,3215,Political violence,3120,13.5081,22.7026
2015-06-20T00:00:00Z,Northern Africa,Sudan,Central Darfur,explosions/remote violence,Air/drone strike,3,3,4089,Political violence,3107,12.3084,23.2341
2015-06-20T00:00:00Z,Northern Africa,Sudan,Central Darfur,violence against civilians,Attack,1,1,89799,Political violence,3107,12.3084,23.2341
2015-06-20T00:00:00Z,Northern Africa,Sudan,North Darfur,violence against civilians,Attack,3,9,92584,Political violence,3112,15.8601,25.5013
2015-06-20T00:00:00Z,Northern Africa,Sudan,South Darfur,violence against civilians,Attack,4,2,1349989,Political violence,3118,10.9002,24.3019
2015-06-20T00:00:00Z,Northern Africa,Sudan,South Kordofan,violence against civilians,Attack,1,38,9044,Political violence,3119,11.2289,30.914
2015-06-20T00:00:00Z,Northern Africa,Sudan,West Darfur,explosions/remote violence,Grenade,1,1,70019,Political violence,3120,13.5081,22.7026
2015-06-27T00:00:00Z,Northern Africa,Sudan,Abyei,battles,Armed clash,1,3,10868,Political violence,3104,9.7332,28.4712
2015-06-27T00:00:00Z,Northern Africa,Sudan,Blue Nile,explosions/remote violence,Remote explosive/landmine/IED,1,5,611,Political violence,3106,11.0079,34.0954
2015-06-27T00:00:00Z,Northern Africa,Sudan,Central Darfur,battles,Armed clash,1,9,1548,Political violence,3107,12.3084,23.2341
2015-06-27T00:00:00Z,Northern Africa,Sudan,East Darfur,battles,Armed clash,3,7,16280,Political violence,3108,11.2299,26.3972
2015-06-27T00:00:00Z,Northern Africa,Sudan,North Darfur,violence against civilians,Attack,1,2,645493,Political violence,3112,15.8601,25.5013
2015-06-27T00:00:00Z,Northern Africa,Sudan,South Darfur,violence against civilians,Attack,3,3,1232811,Political violence,3118,10.9002,24.3019
2015-06-27T00:00:00Z,Northern Africa,Sudan,South Kordofan,explosions/remote violence,Shelling/artillery/missile attack,2,5,5873,Political violence,3119,11.2289,30.914
2015-06-27T00:00:00Z,Northern Africa,Sudan,South Kordofan,violence against civilians,Attack,1,2,751,Political violence,3119,11.2289,30.914
2015-06-27T00:00:00Z,Northern Africa,Sudan,West Darfur,battles,Armed clash,1,5,2317,Political violence,3120,13.5081,22.7026
2015-06-27T00:00:00Z,Northern Africa,Sudan,West Kordofan,violence against civilians,Attack,1,2,6066,Political violence,3121,11.8686,28.2211
2015-07-04T00:00:00Z,Northern Africa,Sudan,Central Darfur,battles,Armed clash,1,1,706,Political violence,3107,12.3084,23.2341
2015-07-04T00:00:00Z,Northern Africa,Sudan,Central Darfur,violence against civilians,Attack,1,2,2031,Political violence,3107,12.3084,23.2341
2015-07-04T00:00:00Z,Northern Africa,Sudan,East Darfur,battles,Armed clash,1,1,5535,Political violence,3108,11.2299,26.3972
2015-07-04T00:00:00Z,Northern Africa,Sudan,East Darfur,violence against civilians,Attack,1,1,242421,Political violence,3108,11.2299,26.3972
2015-07-04T00:00:00Z,Northern Africa,Sudan,North Darfur,battles,Armed clash,2,5,645673,Political violence,3112,15.8601,25.5013
2015-07-04T00:00:00Z,Northern Africa,Sudan,North Darfur,violence against civilians,Attack,9,15,768707,Political violence,3112,15.8601,25.5013
2015-07-04T00:00:00Z,Northern Africa,Sudan,South Darfur,battles,Armed clash,3,8,1235737,Political violence,3118,10.9002,24.3019
2015-07-04T00:00:00Z,Northern Africa,Sudan,South Darfur,violence against civilians,Attack,6,44,364409,Political violence,3118,10.9002,24.3019
2015-07-04T00:00:00Z,Northern Africa,Sudan,West Darfur,violence against civilians,Attack,2,1,4916,Political violence,3120,13.5081,22.7026
2015-07-11T00:00:00Z,Northern Africa,Sudan,Central Darfur,violence against civilians,Attack,1,1,681,Political violence,3107,12.3084,23.2341
2015-07-11T00:00:00Z,Northern Africa,Sudan,East Darfur,battles,Armed clash,1,1,2241,Political violence,3108,11.2299,26.3972
2015-07-11T00:00:00Z,Northern Africa,Sudan,North Darfur,battles,Armed clash,2,5,6314,Political violence,3112,15.8601,25.5013
2015-07-11T00:00:00Z,Northern Africa,Sudan,North Darfur,violence against civilians,Attack,7,2,210401,Political violence,3112,15.8601,25.5013
2015-07-11T00:00:00Z,Northern Africa,Sudan,South Darfur,battles,Armed clash,1,176,4995,Political violence,3118,10.9002,24.3019
2015-07-11T00:00:00Z,Northern Africa,Sudan,West Darfur,violence against civilians,Attack,2,1,2136,Political violence,3120,13.5081,22.7026
2015-07-18T00:00:00Z,Northern Africa,Sudan,North Darfur,explosions/remote violence,Grenade,1,1,353,Political violence,3112,15.8601,25.5013
2015-07-18T00:00:00Z,Northern Africa,Sudan,North Darfur,violence against civilians,Attack,3,8,18701,Political violence,3112,15.8601,25.5013
2015-07-18T00:00:00Z,Northern Africa,Sudan,North Kordofan,battles,Armed clash,2,1,1671,Political violence,3113,14.3894,29.437
2015-07-18T00:00:00Z,Northern Africa,Sudan,South Darfur,violence against civilians,Attack,6,8,1435578,Political violence,3118,10.9002,24.3019
2015-07-18T00:00:00Z,Northern Africa,Sudan,West Darfur,violence against civilians,Attack,2,1,37542,Political violence,3120,13.5081,22.7026
2015-07-18T00:00:00Z,Northern Africa,Sudan,West Kordofan,violence against civilians,Attack,1,1,77859,Political violence,3121,11.8686,28.2211
2015-07-25T00:00:00Z,Northern Africa,Sudan,Khartoum,battles,Armed clash,1,7,595921,Political violence,3111,15.915,33.1352
2015-07-25T00:00:00Z,Northern Africa,Sudan,North Darfur,violence against civilians,Attack,3,4,115190,Political violence,3112,15.8601,25.5013
2015-07-25T00:00:00Z,Northern Africa,Sudan,South Kordofan,violence against civilians,Attack,1,1,7,Political violence,3119,11.2289,30.914
2015-07-25T00:00:00Z,Northern Africa,Sudan,West Darfur,violence against civilians,Attack,2,1,196509,Political violence,3120,13.5081,22.7026
2015-08-01T00:00:00Z,Northern Africa,Sudan,Blue Nile,violence against civilians,Attack,1,1,12527,Political violence,3106,11.0079,34.0954
2015-08-01T00:00:00Z,Northern Africa,Sudan,Central Darfur,violence against civilians,Attack,2,1,22969,Political violence,3107,12.3084,23.2341
2015-08-01T00:00:00Z,Northern Africa,Sudan,North Darfur,explosions/remote violence,Remote explosive/landmine/IED,1,1,469,Political violence,3112,15.8601,25.5013
2015-08-08T00:00:00Z,Northern Africa,Sudan,Abyei,violence against civilians,Attack,1,6,10868,Political violence,3104,9.7332,28.4712
2015-08-08T00:00:00Z,Northern Africa,Sudan,Central Darfur,violence against civilians,Attack,1,1,89799,Political violence,3107,12.3084,23.2341
2015-08-08T00:00:00Z,Northern Africa,Sudan,North Darfur,explosions/remote violence,Remote explosive/landmine/IED,1,1,30292,Political violence,3112,15.8601,25.5013
2015-08-08T00:00:00Z,Northern Africa,Sudan,South Darfur,battles,Armed clash,2,54,56716,Political violence,3118,10.9002,24.3019
2015-08-08T00:00:00Z,Northern Africa,Sudan,South Darfur,violence against civilians,Attack,4,3,365829,Political violence,3118,10.9002,24.3019
2015-08-08T00:00:00Z,Northern Africa,Sudan,West Kordofan,battles,Non-state actor overtakes territory,1,6,149,Political violence,3121,11.8686,28.2211
2015-08-15T00:00:00Z,Northern Africa,Sudan,Blue Nile,battles,Armed clash,2,10,795,Political violence,3106,11.0079,34.0954
2015-08-15T00:00:00Z,Northern Africa,Sudan,East Darfur,violence against civilians,Attack,1,1,242421,Political violence,3108,11.2299,26.3972
2015-08-15T00:00:00Z,Northern Africa,Sudan,South Darfur,violence against civilians,Attack,1,3,1229816,Political violence,3118,10.9002,24.3019
2015-08-15T00:00:00Z,Northern Africa,Sudan,South Kordofan,violence against civilians,Attack,1,10,125706,Political violence,3119,11.2289,30.914
2015-08-22T00:00:00Z,Northern Africa,Sudan,Blue Nile,explosions/remote violence,Air/drone strike,5,1,1996,Political violence,3106,11.0079,34.0954
2015-08-22T00:00:00Z,Northern Africa,Sudan,North Darfur,violence against civilians,Sexual violence,2,1,15325,Political violence,3112,15.8601,25.5013
2015-08-22T00:00:00Z,Northern Africa,Sudan,South Kordofan,battles,Armed clash,1,2,38198,Political violence,3119,11.2289,30.914
2015-08-29T00:00:00Z,Northern Africa,Sudan,North Darfur,violence against civilians,Attack,4,2,11210,Political violence,3112,15.8601,25.5013
2015-08-29T00:00:00Z,Northern Africa,Sudan,North Darfur,violence against civilians,Sexual violence,2,4,2668,Political violence,3112,15.8601,25.5013
2015-08-29T00:00:00Z,Northern Africa,Sudan,South Darfur,battles,Armed clash,1,1,1514,Political violence,3118,10.9002,24.3019
2015-09-05T00:00:00Z,Northern Africa,Sudan,North Darfur,battles,Armed clash,1,1,645493,Political violence,3112,15.8601,25.5013
2015-09-05T00:00:00Z,Northern Africa,Sudan,North Darfur,violence against civilians,Attack,1,1,1207,Political violence,3112,15.8601,25.5013
2015-09-05T00:00:00Z,Northern Africa,Sudan,South Kordofan,battles,Armed clash,1,1,3757,Political violence,3119,11.2289,30.914
2015-09-05T00:00:00Z,Northern Africa,Sudan,West Darfur,violence against civilians,Attack,1,2,22037,Political violence,3120,13.5081,22.7026
2015-09-12T00:00:00Z,Northern Africa,Sudan,Blue Nile,battles,Armed clash,4,203,262171,Political violence,3106,11.0079,34.0954
2015-09-12T00:00:00Z,Northern Africa,Sudan,Central Darfur,battles,Armed clash,4,14,10869,Political violence,3107,12.3084,23.2341
2015-09-12T00:00:00Z,Northern Africa,Sudan,Central Darfur,explosions/remote violence,Air/drone strike,3,4,2031,Political violence,3107,12.3084,23.2341
2015-09-12T00:00:00Z,Northern Africa,Sudan,Central Darfur,violence against civilians,Attack,1,1,232,Political violence,3107,12.3084,23.2341
2015-09-12T00:00:00Z,Northern Africa,Sudan,Gedaref,battles,Armed clash,1,8,884,Political violence,3109,14.2138,35.0222
2015-09-12T00:00:00Z,Northern Africa,Sudan,North Darfur,violence against civilians,Attack,5,4,2637,Political violence,3112,15.8601,25.5013
2015-09-12T00:00:00Z,Northern Africa,Sudan,South Darfur,violence against civilians,Attack,3,2,1437587,Political violence,3118,10.9002,24.3019
2015-09-12T00:00:00Z,Northern Africa,Sudan,South Kordofan,explosions/remote violence,Air/drone strike,5,1,7197,Political violence,3119,11.2289,30.914
2015-09-19T00:00:00Z,Northern Africa,Sudan,Blue Nile,explosions/remote violence,Air/drone strike,4,1,263328,Political violence,3106,11.0079,34.0954
2015-09-19T00:00:00Z,Northern Africa,Sudan,Central Darfur,violence against civilians,Attack,1,1,89799,Political violence,3107,12.3084,23.2341
2015-09-19T00:00:00Z,Northern Africa,Sudan,East Darfur,battles,Armed clash,1,3,191,Political violence,3108,11.2299,26.3972
2015-09-19T00:00:00Z,Northern Africa,Sudan,North Darfur,violence against civilians,Attack,3,9,34383,Political violence,3112,15.8601,25.5013
2015-09-19T00:00:00Z,Northern Africa,Sudan,South Darfur,violence against civilians,Attack,3,1,73692,Political violence,3118,10.9002,24.3019
2015-09-26T00:00:00Z,Northern Africa,Sudan,North Darfur,battles,Armed clash,1,1,114076,Political violence,3112,15.8601,25.5013
2015-10-03T00:00:00Z,Northern Africa,Sudan,Central Darfur,explosions/remote violence,Air/drone strike,1,2,2031,Political violence,3107,12.3084,23.2341
2015-10-03T00:00:00Z,Northern Africa,Sudan,South Darfur,violence against civilians,Attack,1,1,960,Political violence,3118,10.9002,24.3019
2015-10-10T00:00:00Z,Northern Africa,Sudan,Central Darfur,violence against civilians,Attack,3,1,90242,Political violence,3107,12.3084,23.2341
2015-10-10T00:00:00Z,Northern Africa,Sudan,Gedaref,battles,Armed clash,1,1,2492,Political violence,3109,14.2138,35.0222
2015-10-10T00:00:00Z,Northern Africa,Sudan,Gedaref,violence against civilians,Attack,1,2,360,Political violence,3109,14.2138,35.0222
2015-10-10T00:00:00Z,Northern Africa,Sudan,North Darfur,battles,Armed clash,1,6,1226,Political violence,3112,15.8601,25.5013
2015-10-17T00:00:00Z,Northern Africa,Sudan,Central Darfur,battles,Armed clash,2,7,18539,Political violence,3107,12.3084,23.2341
2015-10-17T00:00:00Z,Northern Africa,Sudan,North Darfur,battles,Armed clash,1,1,114076,Political violence,3112,15.8601,25.5013
2015-10-17T00:00:00Z,Northern Africa,Sudan,North Darfur,violence against civilians,Sexual violence,3,1,21463,Political violence,3112,15.8601,25.5013
2015-10-17T00:00:00Z,Northern Africa,Sudan,West Darfur,battles,Armed clash,1,1,22037,Political violence,3120,13.5081,22.7026
2015-10-24T00:00:00Z,Northern Africa,Sudan,Blue Nile,battles,Armed clash,2,40,675,Political violence,3106,11.0079,34.0954
2015-10-24T00:00:00Z,Northern Africa,Sudan,Blue Nile,violence against civilians,Attack,1,10,5729,Political violence,3106,11.0079,34.0954
2015-10-24T00:00:00Z,Northern Africa,Sudan,Gedaref,violence against civilians,Attack,1,16,572145,Political violence,3109,14.2138,35.0222
2015-10-24T00:00:00Z,Northern Africa,Sudan,West Darfur,battles,Armed clash,1,1,1098,Political violence,3120,13.5081,22.7026
2015-10-31T00:00:00Z,Northern Africa,Sudan,Blue Nile,battles,Armed clash,1,10,12807,Political violence,3106,11.0079,34.0954
2015-10-31T00:00:00Z,Northern Africa,Sudan,South Darfur,battles,Armed clash,1,7,6101,Political violence,3118,10.9002,24.3019
2015-10-31T00:00:00Z,Northern Africa,Sudan,South Darfur,explosions/remote violence,Shelling/artillery/missile attack,1,2,6101,Political violence,3118,10.9002,24.3019
2015-10-31T00:00:00Z,Northern Africa,Sudan,South Darfur,violence against civilians,Sexual violence,3,1,37256,Political violence,3118,10.9002,24.3019
2015-11-07T00:00:00Z,Northern Africa,Sudan,Abyei,violence against civilians,Attack,2,28,10868,Political violence,3104,9.7332,28.4712
2015-11-07T00:00:00Z,Northern Africa,Sudan,North Darfur,battles,Armed clash,1,2,267,Political violence,3112,15.8601,25.5013
2015-11-07T00:00:00Z,Northern Africa,Sudan,North Darfur,explosions/remote violence,Remote explosive/landmine/IED,1,3,114076,Political violence,3112,15.8601,25.5013
2015-11-07T00:00:00Z,Northern Africa,Sudan,North Darfur,violence against civilians,Attack,4,3,152305,Political violence,3112,15.8601,25.5013
2015-11-07T00:00:00Z,Northern Africa,Sudan,South Darfur,riots,Mob violence,1,1,120132,Political violence,3118,10.9002,24.3019
2015-11-07T00:00:00Z,Northern Africa,Sudan,South Darfur,violence against civilians,Attack,4,2,120618,Political violence,3118,10.9002,24.3019
2015-11-14T00:00:00Z,Northern Africa,Sudan,Central Darfur,explosions/remote violence,Remote explosive/landmine/IED,1,2,1957,Political violence,3107,12.3084,23.2341
2015-11-14T00:00:00Z,Northern Africa,Sudan,South Darfur,battles,Armed clash,1,4,8105,Political violence,3118,10.9002,24.3019
2015-11-21T00:00:00Z,Northern Africa,Sudan,Abyei,explosions/remote violence,Shelling/artillery/missile attack,1,2,10868,Political violence,3104,9.7332,28.4712
2015-11-21T00:00:00Z,Northern Africa,Sudan,Central Darfur,explosions/remote violence,Air/drone strike,1,1,13590,Political violence,3107,12.3084,23.2341
2015-11-21T00:00:00Z,Northern Africa,Sudan,East Darfur,violence against civilians,Attack,1,2,1344,Political violence,3108,11.2299,26.3972
2015-11-21T00:00:00Z,Northern Africa,Sudan,Gedaref,violence against civilians,Attack,1,1,6452,Political violence,3109,14.2138,35.0222
2015-11-21T00:00:00Z,Northern Africa,Sudan,North Darfur,battles,Armed clash,1,7,1330,Political violence,3112,15.8601,25.5013
2015-11-21T00:00:00Z,Northern Africa,Sudan,Northern,battles,Armed clash,1,2,75810,Political violence,3114,19.3656,29.8955
2015-11-21T00:00:00Z,Northern Africa,Sudan,South Darfur,violence against civilians,Attack,1,1,708,Political violence,3118,10.9002,24.3019
2015-11-21T00:00:00Z,Northern Africa,Sudan,West Darfur,violence against civilians,Attack,1,3,1467,Political violence,3120,13.5081,22.7026
2015-11-28T00:00:00Z,Northern Africa,Sudan,Abyei,violence against civilians,Attack,2,4,10868,Political violence,3104,9.7332,28.4712
2015-11-28T00:00:00Z,Northern Africa,Sudan,Central Darfur,battles,Armed clash,2,3,35173,Political violence,3107,12.3084,23.2341
2015-11-28T00:00:00Z,Northern Africa,Sudan,North Darfur,violence against civilians,Attack,8,18,78337,Political violence,3112,15.8601,25.5013
2015-11-28T00:00:00Z,Northern Africa,Sudan,South Kordofan,battles,Armed clash,1,9,90677,Political violence,3119,11.2289,30.914
2015-12-05T00:00:00Z,Northern Africa,Sudan,Blue Nile,battles,Armed clash,1,7,6316,Political violence,3106,11.0079,34.0954
2015-12-05T00:00:00Z,Northern Africa,Sudan,Central Darfur,battles,Armed clash,1,3,18539,Political violence,3107,12.3084,23.2341
2015-12-05T00:00:00Z,Northern Africa,Sudan,Central Darfur,violence against civilians,Attack,1,3,13590,Political violence,3107,12.3084,23.2341
2015-12-05T00:00:00Z,Northern Africa,Sudan,North Darfur,violence against civilians,Attack,4,3,74931,Political violence,3112,15.8601,25.5013
2015-12-05T00:00:00Z,Northern Africa,Sudan,West Kordofan,violence against civilians,Attack,1,2,841,Political violence,3121,11.8686,28.2211
2015-12-12T00:00:00Z,Northern Africa,Sudan,Central Darfur,battles,Armed clash,3,30,3849,Political violence,3107,12.3084,23.2341
2015-12-12T00:00:00Z,Northern Africa,Sudan,Central Darfur,violence against civilians,Attack,1,1,5450,Political violence,3107,12.3084,23.2341
2015-12-12T00:00:00Z,Northern Africa,Sudan,North Darfur,violence against civilians,Attack,2,1,64395,Political violence,3112,15.8601,25.5013
2015-12-12T00:00:00Z,Northern Africa,Sudan,North Darfur,violence against civilians,Sexual violence,2,1,2308,Political violence,3112,15.8601,25.5013
2015-12-12T00:00:00Z,Northern Africa,Sudan,South Darfur,battles,Armed clash,1,17,396,Political violence,3118,10.9002,24.3019
2015-12-12T00:00:00Z,Northern Africa,Sudan,South Darfur,violence against civilians,Attack,1,1,36394,Political violence,3118,10.9002,24.3019
2015-12-19T00:00:00Z,Northern Africa,Sudan,Blue Nile,battles,Armed clash,1,4,611,Political violence,3106,11.0079,34.0954
2015-12-19T00:00:00Z,Northern Africa,Sudan,Central Darfur,battles,Armed clash,1,1,5450,Political violence,3107,12.3084,23.2341
2015-12-19T00:00:00Z,Northern Africa,Sudan,Central Darfur,violence against civilians,Attack,1,1,9795,Political violence,3107,12.3084,23.2341
2015-12-19T00:00:00Z,Northern Africa,Sudan,North Darfur,battles,Armed clash,1,2,3,Political violence,3112,15.8601,25.5013
2015-12-19T00:00:00Z,Northern Africa,Sudan,North Darfur,violence against civilians,Sexual violence,3,1,34511,Political violence,3112,15.8601,25.5013
2015-12-19T00:00:00Z,Northern Africa,Sudan,South Darfur,violence against civilians,Attack,3,1,258464,Political violence,3118,10.9002,24.3019
2015-12-26T00:00:00Z,Northern Africa,Sudan,Blue Nile,battles,Armed clash,2,17,1291,Political violence,3106,11.0079,34.0954
2015-12-26T00:00:00Z,Northern Africa,Sudan,Central Darfur,battles,Armed clash,5,15,11880,Political violence,3107,12.3084,23.2341
2015-12-26T00:00:00Z,Northern Africa,Sudan,Central Darfur,battles,Non-state actor overtakes territory,1,5,1548,Political violence,3107,12.3084,23.2341
2015-12-26T00:00:00Z,Northern Africa,Sudan,Central Darfur,explosions/remote violence,Air/drone strike,6,7,4379,Political violence,3107,12.3084,23.2341
2015-12-26T00:00:00Z,Northern Africa,Sudan,Central Darfur,explosions/remote violence,Shelling/artillery/missile attack,6,10,6805,Political violence,3107,12.3084,23.2341
2015-12-26T00:00:00Z,Northern Africa,Sudan,Central Darfur,violence against civilians,Attack,1,1,381,Political violence,3107,12.3084,23.2341
2015-12-26T00:00:00Z,Northern Africa,Sudan,Central Darfur,violence against civilians,Sexual violence,1,1,2590,Political violence,3107,12.3084,23.2341
2015-12-26T00:00:00Z,Northern Africa,Sudan,North Darfur,battles,Armed clash,1,1,72171,Political violence,3112,15.8601,25.5013
2015-12-26T00:00:00Z,Northern Africa,Sudan,North Darfur,explosions/remote violence,Air/drone strike,1,2,2053,Political violence,3112,15.8601,25.5013
2015-12-26T00:00:00Z,Northern Africa,Sudan,South Darfur,battles,Armed clash,1,2,1180130,Political violence,3118,10.9002,24.3019
2015-12-26T00:00:00Z,Northern Africa,Sudan,South Kordofan,battles,Armed clash,1,34,95150,Political violence,3119,11.2289,30.914
2015-12-26T00:00:00Z,Northern Africa,Sudan,South Kordofan,violence against civilians,Sexual violence,1,2,40132,Political violence,3119,11.2289,30.914
2015-12-26T00:00:00Z,Northern Africa,Sudan,West Darfur,protests,Excessive force against protesters,1,2,58143,Political violence; Demonstrations,3120,13.5081,22.7026
2015-12-26T00:00:00Z,Northern Africa,Sudan,West Kordofan,violence against civilians,Attack,1,1,76626,Political violence,3121,11.8686,28.2211
2016-01-02T00:00:00Z,Northern Africa,Sudan,South Kordofan,violence against civilians,Attack,1,1,1262,Political violence,3119,11.2289,30.914
2016-01-02T00:00:00Z,Northern Africa,Sudan,South Kordofan,violence against civilians,Sexual violence,2,4,40132,Political violence,3119,11.2289,30.914
2016-01-02T00:00:00Z,Northern Africa,Sudan,West Darfur,violence against civilians,Attack,1,1,1693,Political violence,3120,13.5081,22.7026
2016-01-02T00:00:00Z,Northern Africa,Sudan,West Kordofan,battles,Armed clash,1,1,4403,Political violence,3121,11.8686,28.2211
2016-01-02T00:00:00Z,Northern Africa,Sudan,West Kordofan,violence against civilians,Attack,1,2,81831,Political violence,3121,11.8686,28.2211
2016-01-09T00:00:00Z,Northern Africa,Sudan,Central Darfur,battles,Armed clash,3,1,33437,Political violence,3107,12.3084,23.2341
2016-01-09T00:00:00Z,Northern Africa,Sudan,Central Darfur,battles,Government regains territory,1,10,2077,Political violence,3107,12.3084,23.2341
2016-01-09T00:00:00Z,Northern Africa,Sudan,Central Darfur,explosions/remote violence,Shelling/artillery/missile attack,1,18,2077,Political violence,3107,12.3084,23.2341
2016-01-09T00:00:00Z,Northern Africa,Sudan,Central Darfur,violence against civilians,Attack,2,22,16144,Political violence,3107,12.3084,23.2341
2016-01-09T00:00:00Z,Northern Africa,Sudan,North Darfur,battles,Government regains territory,2,20,207,Political violence,3112,15.8601,25.5013
2016-01-09T00:00:00Z,Northern Africa,Sudan,North Darfur,explosions/remote violence,Air/drone strike,3,10,1643,Political violence,3112,15.8601,25.5013
2016-01-09T00:00:00Z,Northern Africa,Sudan,North Darfur,violence against civilians,Attack,2,10,13024,Political violence,3112,15.8601,25.5013
2016-01-09T00:00:00Z,Northern Africa,Sudan,South Darfur,battles,Armed clash,4,2,1418956,Political violence,3118,10.9002,24.3019
2016-01-09T00:00:00Z,Northern Africa,Sudan,South Darfur,battles,Government regains territory,1,10,645,Political violence,3118,10.9002,24.3019
2016-01-09T00:00:00Z,Northern Africa,Sudan,South Darfur,violence against civilians,Attack,1,1,1211228,Political violence,3118,10.9002,24.3019
2016-01-09T00:00:00Z,Northern Africa,Sudan,South Darfur,violence against civilians,Sexual violence,3,10,4789,Political violence,3118,10.9002,24.3019
2016-01-09T00:00:00Z,Northern Africa,Sudan,West Darfur,battles,Armed clash,3,6,366995,Political violence,3120,13.5081,22.7026
2016-01-09T00:00:00Z,Northern Africa,Sudan,West Darfur,protests,Excessive force against protesters,1,3,59883,Political violence; Demonstrations,3120,13.5081,22.7026
2016-01-09T00:00:00Z,Northern Africa,Sudan,West Darfur,riots,Violent demonstration,1,14,200121,Demonstrations,3120,13.5081,22.7026
2016-01-09T00:00:00Z,Northern Africa,Sudan,West Darfur,violence against civilians,Attack,3,3,369024,Political violence,3120,13.5081,22.7026
2016-01-16T00:00:00Z,Northern Africa,Sudan,Central Darfur,battles,Armed clash,8,20,17087,Political violence,3107,12.3084,23.2341
2016-01-16T00:00:00Z,Northern Africa,Sudan,Central Darfur,explosions/remote violence,Air/drone strike,16,32,130363,Political violence,3107,12.3084,23.2341
2016-01-16T00:00:00Z,Northern Africa,Sudan,Central Darfur,violence against civilians,Attack,8,63,73564,Political violence,3107,12.3084,23.2341
2016-01-16T00:00:00Z,Northern Africa,Sudan,Central Darfur,violence against civilians,Sexual violence,1,17,2068,Political violence,3107,12.3084,23.2341
2016-01-16T00:00:00Z,Northern Africa,Sudan,North Darfur,explosions/remote violence,Chemical weapon,3,5,54,Political violence,3112,15.8601,25.5013
2016-01-16T00:00:00Z,Northern Africa,Sudan,North Darfur,violence against civilians,Attack,3,10,73306,Political violence,3112,15.8601,25.5013
2016-01-16T00:00:00Z,Northern Africa,Sudan,South Darfur,battles,Armed clash,2,20,9625,Political violence,3118,10.9002,24.3019
2016-01-16T00:00:00Z,Northern Africa,Sudan,South Darfur,battles,Non-state actor overtakes territory,1,10,645,Political violence,3118,10.9002,24.3019
2016-01-16T00:00:00Z,Northern Africa,Sudan,South Darfur,explosions/remote violence,Air/drone strike,1,1,5727,Political violence,3118,10.9002,24.3019
2016-01-16T00:00:00Z,Northern Africa,Sudan,West Darfur,battles,Armed clash,1,1,45365,Political violence,3120,13.5081,22.7026
2016-01-23T00:00:00Z,Northern Africa,Sudan,Central Darfur,explosions/remote violence,Air/drone strike,7,16,24156,Political violence,3107,12.3084,23.2341
2016-01-23T00:00:00Z,Northern Africa,Sudan,North Darfur,explosions/remote violence,Air/drone strike,2,6,30646,Political violence,3112,15.8601,25.5013
2016-01-23T00:00:00Z,Northern Africa,Sudan,North Darfur,violence against civilians,Attack,1,1,2131,Political violence,3112,15.8601,25.5013
2016-01-23T00:00:00Z,Northern Africa,Sudan,South Darfur,explosions/remote violence,Air/drone strike,3,3,3487,Political violence,3118,10.9002,24.3019
2016-01-30T00:00:00Z,Northern Africa,Sudan,Blue Nile,battles,Armed clash,1,32,688,Political violence,3106,11.0079,34.0954
2016-01-30T00:00:00Z,Northern Africa,Sudan,Khartoum,violence against civilians,Attack,2,1,587797,Political violence,3111,15.915,33.1352
2016-01-30T00:00:00Z,Northern Africa,Sudan,North Darfur,violence against civilians,Sexual violence,1,2,2060,Political violence,3112,15.8601,25.5013
2016-01-30T00:00:00Z,Northern Africa,Sudan,South Darfur,violence against civilians,Attack,1,1,37977,Political violence,3118,10.9002,24.3019
2016-01-30T00:00:00Z,Northern Africa,Sudan,West Darfur,violence against civilians,Attack,2,1,365302,Political violence,3120,13.5081,22.7026
2016-02-06T00:00:00Z,Northern Africa,Sudan,Central Darfur,explosions/remote violence,Air/drone strike,6,11,13653,Political violence,3107,12.3084,23.2341
2016-02-06T00:00:00Z,Northern Africa,Sudan,Central Darfur,explosions/remote violence,Remote explosive/landmine/IED,1,1,102,Political violence,3107,12.3084,23.2341
2016-02-06T00:00:00Z,Northern Africa,Sudan,North Darfur,violence against civilians,Attack,2,3,32816,Political violence,3112,15.8601,25.5013
2016-02-06T00:00:00Z,Northern Africa,Sudan,South Darfur,battles,Armed clash,1,13,5942,Political violence,3118,10.9002,24.3019
2016-02-06T00:00:00Z,Northern Africa,Sudan,South Darfur,violence against civilians,Attack,1,2,725,Political violence,3118,10.9002,24.3019
2016-02-13T00:00:00Z,Northern Africa,Sudan,Blue Nile,battles,Armed clash,1,17,25446,Political violence,3106,11.0079,34.0954
2016-02-13T00:00:00Z,Northern Africa,Sudan,Central Darfur,battles,Armed clash,3,37,10703,Political violence,3107,12.3084,23.2341
2016-02-13T00:00:00Z,Northern Africa,Sudan,Central Darfur,battles,Non-state actor overtakes territory,1,53,199,Political violence,3107,12.3084,23.2341
2016-02-13T00:00:00Z,Northern Africa,Sudan,Central Darfur,explosions/remote violence,Air/drone strike,9,4,108355,Political violence,3107,12.3084,23.2341
2016-02-13T00:00:00Z,Northern Africa,Sudan,North Darfur,battles,Armed clash,2,10,207,Political violence,3112,15.8601,25.5013
2016-02-13T00:00:00Z,Northern Africa,Sudan,North Darfur,explosions/remote violence,Air/drone strike,1,10,153,Political violence,3112,15.8601,25.5013
2016-02-13T00:00:00Z,Northern Africa,Sudan,North Darfur,violence against civilians,Attack,2,10,474,Political violence,3112,15.8601,25.5013
2016-02-13T00:00:00Z,Northern Africa,Sudan,South Darfur,battles,Armed clash,2,24,1214405,Political violence,3118,10.9002,24.3019
2016-02-13T00:00:00Z,Northern Africa,Sudan,South Darfur,battles,Government regains territory,1,10,3822,Political violence,3118,10.9002,24.3019
2016-02-13T00:00:00Z,Northern Africa,Sudan,South Darfur,battles,Non-state actor overtakes territory,1,10,3822,Political violence,3118,10.9002,24.3019
2016-02-13T00:00:00Z,Northern Africa,Sudan,South Darfur,explosions/remote violence,Air/drone strike,1,10,2071,Political violence,3118,10.9002,24.3019
2016-02-13T00:00:00Z,Northern Africa,Sudan,South Darfur,violence against civilians,Attack,4,24,4437,Political violence,3118,10.9002,24.3019
2016-02-13T00:00:00Z,Northern Africa,Sudan,South Kordofan,battles,Armed clash,1,67,1694,Political violence,3119,11.2289,30.914
2016-02-13T00:00:00Z,Northern Africa,Sudan,South Kordofan,explosions/remote violence,Air/drone strike,6,1,6279,Political violence,3119,11.2289,30.914
2016-02-13T00:00:00Z,Northern Africa,Sudan,West Kordofan,violence against civilians,Attack,2,4,81831,Political violence,3121,11.8686,28.2211
2016-02-20T00:00:00Z,Northern Africa,Sudan,Blue Nile,battles,Armed clash,1,201,688,Political violence,3106,11.0079,34.0954
2016-02-20T00:00:00Z,Northern Africa,Sudan,North Darfur,battles,Armed clash,2,19,3675,Political violence,3112,15.8601,25.5013
2016-02-20T00:00:00Z,Northern Africa,Sudan,North Darfur,violence against civilians,Attack,3,3,104353,Political violence,3112,15.8601,25.5013
2016-02-20T00:00:00Z,Northern Africa,Sudan,South Darfur,battles,Armed clash,1,2,7031,Political violence,3118,10.9002,24.3019
2016-02-20T00:00:00Z,Northern Africa,Sudan,South Darfur,explosions/remote violence,Air/drone strike,3,1,5873,Political violence,3118,10.9002,24.3019
2016-02-20T00:00:00Z,Northern Africa,Sudan,South Kordofan,battles,Armed clash,1,32,2320,Political violence,3119,11.2289,30.914
2016-02-20T00:00:00Z,Northern Africa,Sudan,West Darfur,violence against civilians,Attack,1,1,1477,Political violence,3120,13.5081,22.7026
2016-02-20T00:00:00Z,Northern Africa,Sudan,West Kordofan,battles,Armed clash,1,23,4403,Political violence,3121,11.8686,28.2211
2016-02-27T00:00:00Z,Northern Africa,Sudan,Central Darfur,explosions/remote violence,Air/drone strike,2,8,1404,Political violence,3107,12.3084,23.2341
2016-02-27T00:00:00Z,Northern Africa,Sudan,East Darfur,battles,Armed clash,1,3,252691,Political violence,3108,11.2299,26.3972
2016-02-27T00:00:00Z,Northern Africa,Sudan,North Darfur,violence against civilians,Attack,3,1,187856,Political violence,3112,15.8601,25.5013
2016-02-27T00:00:00Z,Northern Africa,Sudan,South Kordofan,battles,Armed clash,1,31,NA,Political violence,3119,11.2289,30.914
2016-02-27T00:00:00Z,Northern Africa,Sudan,West Darfur,explosions/remote violence,Air/drone strike,1,13,2273,Political violence,3120,13.5081,22.7026
2016-03-05T00:00:00Z,Northern Africa,Sudan,Blue Nile,battles,Armed clash,2,18,688,Political violence,3106,11.0079,34.0954
2016-03-05T00:00:00Z,Northern Africa,Sudan,Central Darfur,battles,Armed clash,1,12,181,Political violence,3107,12.3084,23.2341
2016-03-05T00:00:00Z,Northern Africa,Sudan,Central Darfur,explosions/remote violence,Air/drone strike,2,2,2565,Political violence,3107,12.3084,23.2341
2016-03-05T00:00:00Z,Northern Africa,Sudan,Central Darfur,explosions/remote violence,Shelling/artillery/missile attack,1,1,2068,Political violence,3107,12.3084,23.2341
2016-03-05T00:00:00Z,Northern Africa,Sudan,Central Darfur,violence against civilians,Attack,2,2,2526,Political violence,3107,12.3084,23.2341
2016-03-05T00:00:00Z,Northern Africa,Sudan,North Darfur,battles,Armed clash,1,2,72171,Political violence,3112,15.8601,25.5013
2016-03-05T00:00:00Z,Northern Africa,Sudan,North Darfur,explosions/remote violence,Remote explosive/landmine/IED,1,2,2074,Political violence,3112,15.8601,25.5013
2016-03-05T00:00:00Z,Northern Africa,Sudan,South Darfur,violence against civilians,Attack,2,8,52326,Political violence,3118,10.9002,24.3019
2016-03-05T00:00:00Z,Northern Africa,Sudan,South Kordofan,battles,Armed clash,2,19,1262,Political violence,3119,11.2289,30.914
2016-03-12T00:00:00Z,Northern Africa,Sudan,Blue Nile,battles,Armed clash,2,42,269958,Political violence,3106,11.0079,34.0954
2016-03-12T00:00:00Z,Northern Africa,Sudan,Central Darfur,battles,Armed clash,3,11,4379,Political violence,3107,12.3084,23.2341
2016-03-12T00:00:00Z,Northern Africa,Sudan,North Darfur,explosions/remote violence,Remote explosive/landmine/IED,1,2,72171,Political violence,3112,15.8601,25.5013
2016-03-12T00:00:00Z,Northern Africa,Sudan,North Darfur,violence against civilians,Attack,1,1,30513,Political violence,3112,15.8601,25.5013
2016-03-12T00:00:00Z,Northern Africa,Sudan,North Kordofan,battles,Armed clash,1,5,537911,Political violence,3113,14.3894,29.437
2016-03-12T00:00:00Z,Northern Africa,Sudan,South Darfur,battles,Armed clash,1,37,159183,Political violence,3118,10.9002,24.3019
2016-03-12T00:00:00Z,Northern Africa,Sudan,South Darfur,explosions/remote violence,Air/drone strike,2,4,6929,Political violence,3118,10.9002,24.3019
2016-03-12T00:00:00Z,Northern Africa,Sudan,West Darfur,battles,Armed clash,2,1,369795,Political violence,3120,13.5081,22.7026
2016-03-19T00:00:00Z,Northern Africa,Sudan,Central Darfur,battles,Armed clash,2,23,2226,Political violence,3107,12.3084,23.2341
2016-03-19T00:00:00Z,Northern Africa,Sudan,North Darfur,explosions/remote violence,Remote explosive/landmine/IED,2,10,547,Political violence,3112,15.8601,25.5013
2016-03-19T00:00:00Z,Northern Africa,Sudan,South Darfur,battles,Armed clash,1,9,645,Political violence,3118,10.9002,24.3019
2016-03-19T00:00:00Z,Northern Africa,Sudan,South Darfur,explosions/remote violence,Air/drone strike,1,2,4824,Political violence,3118,10.9002,24.3019
2016-03-19T00:00:00Z,Northern Africa,Sudan,South Kordofan,explosions/remote violence,Shelling/artillery/missile attack,2,3,2409,Political violence,3119,11.2289,30.914
2016-03-26T00:00:00Z,Northern Africa,Sudan,South Darfur,explosions/remote violence,Air/drone strike,1,4,462,Political violence,3118,10.9002,24.3019
2016-03-26T00:00:00Z,Northern Africa,Sudan,South Kordofan,battles,Armed clash,15,42,13383,Political violence,3119,11.2289,30.914
2016-03-26T00:00:00Z,Northern Africa,Sudan,South Kordofan,battles,Government regains territory,6,105,3887,Political violence,3119,11.2289,30.914
2016-03-26T00:00:00Z,Northern Africa,Sudan,South Kordofan,battles,Non-state actor overtakes territory,1,60,17,Political violence,3119,11.2289,30.914
2016-03-26T00:00:00Z,Northern Africa,Sudan,South Kordofan,explosions/remote violence,Air/drone strike,2,2,22572,Political violence,3119,11.2289,30.914
2016-03-26T00:00:00Z,Northern Africa,Sudan,South Kordofan,explosions/remote violence,Remote explosive/landmine/IED,1,3,17248,Political violence,3119,11.2289,30.914
2016-04-02T00:00:00Z,Northern Africa,Sudan,Blue Nile,battles,Armed clash,4,30,6818,Political violence,3106,11.0079,34.0954
2016-04-02T00:00:00Z,Northern Africa,Sudan,Central Darfur,battles,Armed clash,3,95,7195,Political violence,3107,12.3084,23.2341
2016-04-02T00:00:00Z,Northern Africa,Sudan,Central Darfur,battles,Government regains territory,1,10,2267,Political violence,3107,12.3084,23.2341
2016-04-02T00:00:00Z,Northern Africa,Sudan,Central Darfur,explosions/remote violence,Air/drone strike,1,1,8977,Political violence,3107,12.3084,23.2341
2016-04-02T00:00:00Z,Northern Africa,Sudan,Central Darfur,violence against civilians,Attack,2,47,11244,Political violence,3107,12.3084,23.2341
2016-04-02T00:00:00Z,Northern Africa,Sudan,North Darfur,battles,Armed clash,2,2,664058,Political violence,3112,15.8601,25.5013
2016-04-02T00:00:00Z,Northern Africa,Sudan,South Kordofan,battles,Armed clash,6,186,15226,Political violence,3119,11.2289,30.914
2016-04-02T00:00:00Z,Northern Africa,Sudan,South Kordofan,explosions/remote violence,Air/drone strike,6,1,17468,Political violence,3119,11.2289,30.914
2016-04-02T00:00:00Z,Northern Africa,Sudan,South Kordofan,explosions/remote violence,Shelling/artillery/missile attack,1,3,131293,Political violence,3119,11.2289,30.914
2016-04-02T00:00:00Z,Northern Africa,Sudan,South Kordofan,violence against civilians,Attack,1,1,131293,Political violence,3119,11.2289,30.914
2016-04-09T00:00:00Z,Northern Africa,Sudan,Blue Nile,violence against civilians,Attack,1,1,269270,Political violence,3106,11.0079,34.0954
2016-04-09T00:00:00Z,Northern Africa,Sudan,Central Darfur,battles,Armed clash,4,164,34938,Political violence,3107,12.3084,23.2341
2016-04-09T00:00:00Z,Northern Africa,Sudan,Central Darfur,battles,Government regains territory,1,150,1507,Political violence,3107,12.3084,23.2341
2016-04-09T00:00:00Z,Northern Africa,Sudan,Central Darfur,violence against civilians,Attack,4,55,13441,Political violence,3107,12.3084,23.2341
2016-04-09T00:00:00Z,Northern Africa,Sudan,South Kordofan,battles,Armed clash,5,50,146156,Political violence,3119,11.2289,30.914
2016-04-09T00:00:00Z,Northern Africa,Sudan,South Kordofan,explosions/remote violence,Air/drone strike,7,4,9324,Political violence,3119,11.2289,30.914
2016-04-09T00:00:00Z,Northern Africa,Sudan,South Kordofan,explosions/remote violence,Shelling/artillery/missile attack,2,8,2496,Political violence,3119,11.2289,30.914
2016-04-09T00:00:00Z,Northern Africa,Sudan,South Kordofan,violence against civilians,Attack,1,8,20323,Political violence,3119,11.2289,30.914
2016-04-16T00:00:00Z,Northern Africa,Sudan,Blue Nile,battles,Armed clash,1,50,269270,Political violence,3106,11.0079,34.0954
2016-04-16T00:00:00Z,Northern Africa,Sudan,East Darfur,battles,Armed clash,3,27,264280,Political violence,3108,11.2299,26.3972
2016-04-16T00:00:00Z,Northern Africa,Sudan,North Darfur,battles,Armed clash,3,30,73106,Political violence,3112,15.8601,25.5013
2016-04-16T00:00:00Z,Northern Africa,Sudan,North Darfur,violence against civilians,Attack,1,1,36556,Political violence,3112,15.8601,25.5013
2016-04-16T00:00:00Z,Northern Africa,Sudan,North Darfur,violence against civilians,Sexual violence,1,1,153,Political violence,3112,15.8601,25.5013
2016-04-16T00:00:00Z,Northern Africa,Sudan,North Kordofan,battles,Armed clash,1,18,537911,Political violence,3113,14.3894,29.437
2016-04-16T00:00:00Z,Northern Africa,Sudan,North Kordofan,violence against civilians,Attack,1,1,537911,Political violence,3113,14.3894,29.437
2016-04-16T00:00:00Z,Northern Africa,Sudan,South Darfur,violence against civilians,Attack,3,1,12720,Political violence,3118,10.9002,24.3019
2016-04-16T00:00:00Z,Northern Africa,Sudan,South Kordofan,battles,Armed clash,1,90,2367,Political violence,3119,11.2289,30.914
2016-04-23T00:00:00Z,Northern Africa,Sudan,Abyei,violence against civilians,Attack,2,2,11387,Political violence,3104,9.7332,28.4712
2016-04-23T00:00:00Z,Northern Africa,Sudan,East Darfur,explosions/remote violence,Grenade,1,2,252691,Political violence,3108,11.2299,26.3972
2016-04-23T00:00:00Z,Northern Africa,Sudan,East Darfur,violence against civilians,Attack,1,2,1916,Political violence,3108,11.2299,26.3972
2016-04-23T00:00:00Z,Northern Africa,Sudan,Khartoum,violence against civilians,Attack,1,1,497025,Political violence,3111,15.915,33.1352
2016-04-23T00:00:00Z,Northern Africa,Sudan,South Darfur,violence against civilians,Attack,2,1,1240740,Political violence,3118,10.9002,24.3019
2016-04-23T00:00:00Z,Northern Africa,Sudan,South Kordofan,battles,Armed clash,2,30,1455,Political violence,3119,11.2289,30.914
2016-04-23T00:00:00Z,Northern Africa,Sudan,West Darfur,battles,Armed clash,1,1,338087,Political violence,3120,13.5081,22.7026
2016-04-30T00:00:00Z,Northern Africa,Sudan,Blue Nile,violence against civilians,Attack,1,1,279998,Political violence,3106,11.0079,34.0954
2016-04-30T00:00:00Z,Northern Africa,Sudan,Central Darfur,explosions/remote violence,Remote explosive/landmine/IED,1,2,1994,Political violence,3107,12.3084,23.2341
2016-04-30T00:00:00Z,Northern Africa,Sudan,Central Darfur,violence against civilians,Attack,1,2,1577,Political violence,3107,12.3084,23.2341
2016-04-30T00:00:00Z,Northern Africa,Sudan,North Darfur,violence against civilians,Attack,4,1,122881,Political violence,3112,15.8601,25.5013
2016-04-30T00:00:00Z,Northern Africa,Sudan,North Kordofan,explosions/remote violence,Shelling/artillery/missile attack,1,5,537911,Political violence,3113,14.3894,29.437
2016-04-30T00:00:00Z,Northern Africa,Sudan,South Darfur,violence against civilians,Sexual violence,3,2,5938,Political violence,3118,10.9002,24.3019
2016-04-30T00:00:00Z,Northern Africa,Sudan,South Kordofan,explosions/remote violence,Air/drone strike,9,7,141177,Political violence,3119,11.2289,30.914
2016-04-30T00:00:00Z,Northern Africa,Sudan,West Kordofan,violence against civilians,Attack,1,1,5677,Political violence,3121,11.8686,28.2211
2016-05-07T00:00:00Z,Northern Africa,Sudan,Abyei,battles,Armed clash,1,1,16886,Political violence,3104,9.7332,28.4712
2016-05-07T00:00:00Z,Northern Africa,Sudan,Central Darfur,violence against civilians,Attack,1,1,14067,Political violence,3107,12.3084,23.2341
2016-05-07T00:00:00Z,Northern Africa,Sudan,East Darfur,battles,Armed clash,2,6,14170,Political violence,3108,11.2299,26.3972
2016-05-07T00:00:00Z,Northern Africa,Sudan,North Darfur,violence against civilians,Attack,2,8,2393,Political violence,3112,15.8601,25.5013
2016-05-07T00:00:00Z,Northern Africa,Sudan,North Darfur,violence against civilians,Sexual violence,5,3,21360,Political violence,3112,15.8601,25.5013
2016-05-07T00:00:00Z,Northern Africa,Sudan,South Darfur,battles,Armed clash,1,1,8931,Political violence,3118,10.9002,24.3019
2016-05-07T00:00:00Z,Northern Africa,Sudan,South Kordofan,battles,Armed clash,3,39,3794,Political violence,3119,11.2289,30.914
2016-05-07T00:00:00Z,Northern Africa,Sudan,South Kordofan,explosions/remote violence,Air/drone strike,4,2,11468,Political violence,3119,11.2289,30.914
2016-05-07T00:00:00Z,Northern Africa,Sudan,White Nile,violence against civilians,Attack,1,1,757,Political violence,3122,13.5895,32.3521
2016-05-14T00:00:00Z,Northern Africa,Sudan,Blue Nile,explosions/remote violence,Air/drone strike,1,2,6818,Political violence,3106,11.0079,34.0954
2016-05-14T00:00:00Z,Northern Africa,Sudan,Blue Nile,violence against civilians,Attack,1,2,2217,Political violence,3106,11.0079,34.0954
2016-05-14T00:00:00Z,Northern Africa,Sudan,Khartoum,riots,Violent demonstration,2,1,84035,Demonstrations,3111,15.915,33.1352
2016-05-14T00:00:00Z,Northern Africa,Sudan,North Darfur,violence against civilians,Attack,1,1,15946,Political violence,3112,15.8601,25.5013
2016-05-14T00:00:00Z,Northern Africa,Sudan,South Kordofan,battles,Armed clash,2,53,3801,Political violence,3119,11.2289,30.914
2016-05-14T00:00:00Z,Northern Africa,Sudan,West Kordofan,battles,Armed clash,1,37,151407,Political violence,3121,11.8686,28.2211
2016-05-21T00:00:00Z,Northern Africa,Sudan,Central Darfur,violence against civilians,Attack,1,1,2074,Political violence,3107,12.3084,23.2341
2016-05-21T00:00:00Z,Northern Africa,Sudan,South Kordofan,explosions/remote violence,Air/drone strike,7,7,9532,Political violence,3119,11.2289,30.914
2016-05-21T00:00:00Z,Northern Africa,Sudan,West Darfur,battles,Armed clash,1,1,7792,Political violence,3120,13.5081,22.7026
2016-05-21T00:00:00Z,Northern Africa,Sudan,West Darfur,violence against civilians,Attack,1,9,7792,Political violence,3120,13.5081,22.7026
2016-05-28T00:00:00Z,Northern Africa,Sudan,Blue Nile,battles,Armed clash,2,3,688,Political violence,3106,11.0079,34.0954
2016-05-28T00:00:00Z,Northern Africa,Sudan,Blue Nile,battles,Government regains territory,1,10,688,Political violence,3106,11.0079,34.0954
2016-05-28T00:00:00Z,Northern Africa,Sudan,Central Darfur,explosions/remote violence,Air/drone strike,1,2,14067,Political violence,3107,12.3084,23.2341
2016-05-28T00:00:00Z,Northern Africa,Sudan,North Darfur,battles,Armed clash,1,1,30513,Political violence,3112,15.8601,25.5013
2016-05-28T00:00:00Z,Northern Africa,Sudan,North Darfur,battles,Non-state actor overtakes territory,1,77,108761,Political violence,3112,15.8601,25.5013
2016-05-28T00:00:00Z,Northern Africa,Sudan,South Darfur,violence against civilians,Attack,2,2,44180,Political violence,3118,10.9002,24.3019
2016-05-28T00:00:00Z,Northern Africa,Sudan,South Kordofan,battles,Armed clash,2,26,6602,Political violence,3119,11.2289,30.914
2016-06-04T00:00:00Z,Northern Africa,Sudan,Abyei,violence against civilians,Attack,2,4,26456,Political violence,3104,9.7332,28.4712
2016-06-04T00:00:00Z,Northern Africa,Sudan,Central Darfur,battles,Armed clash,1,1,93027,Political violence,3107,12.3084,23.2341
2016-06-04T00:00:00Z,Northern Africa,Sudan,Central Darfur,explosions/remote violence,Air/drone strike,3,12,16141,Political violence,3107,12.3084,23.2341
2016-06-04T00:00:00Z,Northern Africa,Sudan,North Darfur,battles,Armed clash,2,4,58743,Political violence,3112,15.8601,25.5013
2016-06-04T00:00:00Z,Northern Africa,Sudan,South Kordofan,explosions/remote violence,Remote explosive/landmine/IED,1,2,17,Political violence,3119,11.2289,30.914
2016-06-04T00:00:00Z,Northern Africa,Sudan,West Darfur,violence against civilians,Attack,1,1,45365,Political violence,3120,13.5081,22.7026
2016-06-04T00:00:00Z,Northern Africa,Sudan,West Kordofan,violence against civilians,Attack,2,2,85416,Political violence,3121,11.8686,28.2211
2016-06-11T00:00:00Z,Northern Africa,Sudan,Blue Nile,violence against civilians,Attack,1,1,279998,Political violence,3106,11.0079,34.0954
2016-06-11T00:00:00Z,Northern Africa,Sudan,Central Darfur,violence against civilians,Attack,2,2,50361,Political violence,3107,12.3084,23.2341
2016-06-11T00:00:00Z,Northern Africa,Sudan,East Darfur,explosions/remote violence,Remote explosive/landmine/IED,1,2,252691,Political violence,3108,11.2299,26.3972
2016-06-11T00:00:00Z,Northern Africa,Sudan,North Darfur,battles,Armed clash,4,3,31377,Political violence,3112,15.8601,25.5013
2016-06-11T00:00:00Z,Northern Africa,Sudan,North Darfur,violence against civilians,Attack,2,3,983,Political violence,3112,15.8601,25.5013
2016-06-11T00:00:00Z,Northern Africa,Sudan,South Kordofan,explosions/remote violence,Remote explosive/landmine/IED,3,1,5325,Political violence,3119,11.2289,30.914
2016-06-18T00:00:00Z,Northern Africa,Sudan,Abyei,violence against civilians,Attack,1,3,3041,Political violence,3104,9.7332,28.4712
2016-06-18T00:00:00Z,Northern Africa,Sudan,Central Darfur,explosions/remote violence,Air/drone strike,1,2,1507,Political violence,3107,12.3084,23.2341
2016-06-18T00:00:00Z,Northern Africa,Sudan,Central Darfur,violence against civilians,Attack,5,9,18780,Political violence,3107,12.3084,23.2341
2016-06-18T00:00:00Z,Northern Africa,Sudan,North Darfur,battles,Armed clash,1,1,649385,Political violence,3112,15.8601,25.5013
2016-06-18T00:00:00Z,Northern Africa,Sudan,South Darfur,violence against civilians,Attack,4,6,1528370,Political violence,3118,10.9002,24.3019
2016-06-18T00:00:00Z,Northern Africa,Sudan,West Darfur,battles,Armed clash,2,24,22896,Political violence,3120,13.5081,22.7026
2016-06-18T00:00:00Z,Northern Africa,Sudan,West Kordofan,violence against civilians,Attack,1,3,5677,Political violence,3121,11.8686,28.2211
2016-06-25T00:00:00Z,Northern Africa,Sudan,Abyei,violence against civilians,Attack,1,2,3041,Political violence,3104,9.7332,28.4712
2016-06-25T00:00:00Z,Northern Africa,Sudan,Central Darfur,violence against civilians,Attack,3,1,106078,Political violence,3107,12.3084,23.2341
2016-06-25T00:00:00Z,Northern Africa,Sudan,East Darfur,battles,Armed clash,1,1,252691,Political violence,3108,11.2299,26.3972
2016-06-25T00:00:00Z,Northern Africa,Sudan,North Darfur,violence against civilians,Attack,4,3,649495,Political violence,3112,15.8601,25.5013
2016-06-25T00:00:00Z,Northern Africa,Sudan,South Darfur,explosions/remote violence,Air/drone strike,1,2,5938,Political violence,3118,10.9002,24.3019
2016-06-25T00:00:00Z,Northern Africa,Sudan,South Darfur,violence against civilians,Attack,2,3,39455,Political violence,3118,10.9002,24.3019
2016-06-25T00:00:00Z,Northern Africa,Sudan,West Darfur,battles,Armed clash,1,3,952,Political violence,3120,13.5081,22.7026
2016-06-25T00:00:00Z,Northern Africa,Sudan,West Darfur,violence against civilians,Attack,1,1,952,Political violence,3120,13.5081,22.7026
2016-07-02T00:00:00Z,Northern Africa,Sudan,Central Darfur,violence against civilians,Attack,2,5,10091,Political violence,3107,12.3084,23.2341
2016-07-02T00:00:00Z,Northern Africa,Sudan,East Darfur,battles,Armed clash,1,9,2646,Political violence,3108,11.2299,26.3972
2016-07-02T00:00:00Z,Northern Africa,Sudan,Gedaref,violence against civilians,Attack,2,7,599494,Political violence,3109,14.2138,35.0222
2016-07-02T00:00:00Z,Northern Africa,Sudan,North Darfur,explosions/remote violence,Remote explosive/landmine/IED,1,2,114604,Political violence,3112,15.8601,25.5013
2016-07-02T00:00:00Z,Northern Africa,Sudan,South Darfur,violence against civilians,Attack,1,1,23060,Political violence,3118,10.9002,24.3019
2016-07-09T00:00:00Z,Northern Africa,Sudan,Central Darfur,battles,Armed clash,4,16,37488,Political violence,3107,12.3084,23.2341
2016-07-09T00:00:00Z,Northern Africa,Sudan,Central Darfur,battles,Non-state actor overtakes territory,1,37,238,Political violence,3107,12.3084,23.2341
2016-07-09T00:00:00Z,Northern Africa,Sudan,Central Darfur,violence against civilians,Attack,4,2,60600,Political violence,3107,12.3084,23.2341
2016-07-09T00:00:00Z,Northern Africa,Sudan,North Darfur,violence against civilians,Attack,5,1,148471,Political violence,3112,15.8601,25.5013
2016-07-09T00:00:00Z,Northern Africa,Sudan,South Darfur,explosions/remote violence,Air/drone strike,1,3,5938,Political violence,3118,10.9002,24.3019
2016-07-09T00:00:00Z,Northern Africa,Sudan,South Darfur,violence against civilians,Attack,2,1,1211228,Political violence,3118,10.9002,24.3019
2016-07-09T00:00:00Z,Northern Africa,Sudan,South Kordofan,battles,Armed clash,1,10,374,Political violence,3119,11.2289,30.914
2016-07-09T00:00:00Z,Northern Africa,Sudan,South Kordofan,violence against civilians,Attack,1,1,374,Political violence,3119,11.2289,30.914
2016-07-09T00:00:00Z,Northern Africa,Sudan,West Kordofan,battles,Armed clash,1,4,21885,Political violence,3121,11.8686,28.2211
2016-07-16T00:00:00Z,Northern Africa,Sudan,Central Darfur,battles,Non-state actor overtakes territory,1,174,2144,Political violence,3107,12.3084,23.2341
2016-07-16T00:00:00Z,Northern Africa,Sudan,South Darfur,explosions/remote violence,Shelling/artillery/missile attack,1,2,5938,Political violence,3118,10.9002,24.3019
2016-07-16T00:00:00Z,Northern Africa,Sudan,South Darfur,violence against civilians,Attack,1,3,37829,Political violence,3118,10.9002,24.3019
2016-07-23T00:00:00Z,Northern Africa,Sudan,Central Darfur,battles,Non-state actor overtakes territory,1,10,8427,Political violence,3107,12.3084,23.2341
2016-07-23T00:00:00Z,Northern Africa,Sudan,Central Darfur,explosions/remote violence,Air/drone strike,2,1,2144,Political violence,3107,12.3084,23.2341
2016-07-23T00:00:00Z,Northern Africa,Sudan,South Darfur,explosions/remote violence,Air/drone strike,3,2,169139,Political violence,3118,10.9002,24.3019
2016-07-23T00:00:00Z,Northern Africa,Sudan,South Darfur,violence against civilians,Attack,2,1,37829,Political violence,3118,10.9002,24.3019
2016-07-30T00:00:00Z,Northern Africa,Sudan,Central Darfur,explosions/remote violence,Shelling/artillery/missile attack,1,2,2144,Political violence,3107,12.3084,23.2341
2016-07-30T00:00:00Z,Northern Africa,Sudan,East Darfur,violence against civilians,Attack,2,5,253587,Political violence,3108,11.2299,26.3972
2016-07-30T00:00:00Z,Northern Africa,Sudan,North Darfur,violence against civilians,Attack,1,1,649385,Political violence,3112,15.8601,25.5013
2016-07-30T00:00:00Z,Northern Africa,Sudan,South Darfur,violence against civilians,Attack,4,2,83990,Political violence,3118,10.9002,24.3019
2016-07-30T00:00:00Z,Northern Africa,Sudan,South Kordofan,battles,Armed clash,1,10,2249,Political violence,3119,11.2289,30.914
2016-07-30T00:00:00Z,Northern Africa,Sudan,South Kordofan,explosions/remote violence,Shelling/artillery/missile attack,1,2,3059,Political violence,3119,11.2289,30.914
2016-08-06T00:00:00Z,Northern Africa,Sudan,Blue Nile,violence against civilians,Attack,1,1,6818,Political violence,3106,11.0079,34.0954
2016-08-06T00:00:00Z,Northern Africa,Sudan,Blue Nile,violence against civilians,Sexual violence,1,1,102,Political violence,3106,11.0079,34.0954
2016-08-06T00:00:00Z,Northern Africa,Sudan,Central Darfur,battles,Armed clash,1,7,2144,Political violence,3107,12.3084,23.2341
2016-08-06T00:00:00Z,Northern Africa,Sudan,Central Darfur,explosions/remote violence,Air/drone strike,10,9,29778,Political violence,3107,12.3084,23.2341
2016-08-06T00:00:00Z,Northern Africa,Sudan,North Darfur,violence against civilians,Attack,1,1,909,Political violence,3112,15.8601,25.5013
2016-08-06T00:00:00Z,Northern Africa,Sudan,South Darfur,violence against civilians,Attack,2,1,483565,Political violence,3118,10.9002,24.3019
2016-08-06T00:00:00Z,Northern Africa,Sudan,West Darfur,violence against civilians,Attack,1,3,27436,Political violence,3120,13.5081,22.7026
2016-08-13T00:00:00Z,Northern Africa,Sudan,Blue Nile,violence against civilians,Attack,1,5,6818,Political violence,3106,11.0079,34.0954
2016-08-13T00:00:00Z,Northern Africa,Sudan,Central Darfur,battles,Armed clash,1,10,8427,Political violence,3107,12.3084,23.2341
2016-08-13T00:00:00Z,Northern Africa,Sudan,Central Darfur,violence against civilians,Attack,3,4,91445,Political violence,3107,12.3084,23.2341
2016-08-13T00:00:00Z,Northern Africa,Sudan,North Darfur,violence against civilians,Attack,5,7,141815,Political violence,3112,15.8601,25.5013
2016-08-13T00:00:00Z,Northern Africa,Sudan,South Darfur,violence against civilians,Attack,1,1,1211228,Political violence,3118,10.9002,24.3019
2016-08-20T00:00:00Z,Northern Africa,Sudan,Blue Nile,violence against civilians,Attack,1,1,279998,Political violence,3106,11.0079,34.0954
2016-08-20T00:00:00Z,Northern Africa,Sudan,North Darfur,violence against civilians,Attack,3,2,33200,Political violence,3112,15.8601,25.5013
2016-08-20T00:00:00Z,Northern Africa,Sudan,South Darfur,explosions/remote violence,Air/drone strike,1,1,685,Political violence,3118,10.9002,24.3019
2016-08-20T00:00:00Z,Northern Africa,Sudan,South Darfur,violence against civilians,Attack,4,5,29512,Political violence,3118,10.9002,24.3019
2016-08-20T00:00:00Z,Northern Africa,Sudan,White Nile,riots,Mob violence,1,1,163074,Political violence,3122,13.5895,32.3521
2016-08-27T00:00:00Z,Northern Africa,Sudan,Blue Nile,violence against civilians,Attack,2,3,125648,Political violence,3106,11.0079,34.0954
2016-08-27T00:00:00Z,Northern Africa,Sudan,North Darfur,riots,Mob violence,1,2,218934,Political violence,3112,15.8601,25.5013
2016-08-27T00:00:00Z,Northern Africa,Sudan,North Darfur,violence against civilians,Attack,3,8,112978,Political violence,3112,15.8601,25.5013
2016-08-27T00:00:00Z,Northern Africa,Sudan,South Darfur,battles,Armed clash,1,2,1072,Political violence,3118,10.9002,24.3019
2016-08-27T00:00:00Z,Northern Africa,Sudan,South Darfur,riots,Mob violence,1,3,41,Political violence,3118,10.9002,24.3019
2016-08-27T00:00:00Z,Northern Africa,Sudan,South Darfur,violence against civilians,Attack,2,7,37829,Political violence,3118,10.9002,24.3019
2016-08-27T00:00:00Z,Northern Africa,Sudan,South Kordofan,violence against civilians,Attack,1,8,40132,Political violence,3119,11.2289,30.914
2016-08-27T00:00:00Z,Northern Africa,Sudan,West Kordofan,riots,Mob violence,1,1,61176,Political violence,3121,11.8686,28.2211
2016-09-03T00:00:00Z,Northern Africa,Sudan,Abyei,battles,Armed clash,2,43,16886,Political violence,3104,9.7332,28.4712
2016-09-03T00:00:00Z,Northern Africa,Sudan,Abyei,violence against civilians,Attack,1,1,16886,Political violence,3104,9.7332,28.4712
2016-09-03T00:00:00Z,Northern Africa,Sudan,Blue Nile,violence against civilians,Attack,1,1,4714,Political violence,3106,11.0079,34.0954
2016-09-03T00:00:00Z,Northern Africa,Sudan,North Darfur,battles,Armed clash,1,3,153,Political violence,3112,15.8601,25.5013
2016-09-03T00:00:00Z,Northern Africa,Sudan,North Darfur,violence against civilians,Attack,4,2,338022,Political violence,3112,15.8601,25.5013
2016-09-03T00:00:00Z,Northern Africa,Sudan,South Darfur,violence against civilians,Attack,2,1,1335354,Political violence,3118,10.9002,24.3019
2016-09-03T00:00:00Z,Northern Africa,Sudan,South Kordofan,explosions/remote violence,Shelling/artillery/missile attack,6,1,4686,Political violence,3119,11.2289,30.914
2016-09-03T00:00:00Z,Northern Africa,Sudan,West Kordofan,explosions/remote violence,Shelling/artillery/missile attack,1,4,81831,Political violence,3121,11.8686,28.2211
2016-09-10T00:00:00Z,Northern Africa,Sudan,North Darfur,explosions/remote violence,Air/drone strike,1,3,29884,Political violence,3112,15.8601,25.5013
2016-09-10T00:00:00Z,Northern Africa,Sudan,North Darfur,violence against civilians,Attack,3,2,128813,Political violence,3112,15.8601,25.5013
2016-09-10T00:00:00Z,Northern Africa,Sudan,South Darfur,violence against civilians,Attack,4,9,1370411,Political violence,3118,10.9002,24.3019
2016-09-10T00:00:00Z,Northern Africa,Sudan,South Kordofan,violence against civilians,Attack,2,3,171425,Political violence,3119,11.2289,30.914
2016-09-10T00:00:00Z,Northern Africa,Sudan,West Kordofan,battles,Armed clash,1,7,151407,Political violence,3121,11.8686,28.2211
2016-09-17T00:00:00Z,Northern Africa,Sudan,Central Darfur,battles,Armed clash,3,108,2144,Political violence,3107,12.3084,23.2341
2016-09-17T00:00:00Z,Northern Africa,Sudan,Central Darfur,violence against civilians,Attack,8,10,21365,Political violence,3107,12.3084,23.2341
2016-09-17T00:00:00Z,Northern Africa,Sudan,North Darfur,battles,Armed clash,2,1,42916,Political violence,3112,15.8601,25.5013
2016-09-17T00:00:00Z,Northern Africa,Sudan,North Darfur,violence against civilians,Attack,11,8,154956,Political violence,3112,15.8601,25.5013
2016-09-17T00:00:00Z,Northern Africa,Sudan,South Darfur,explosions/remote violence,Air/drone strike,1,1,1808,Political violence,3118,10.9002,24.3019
2016-09-17T00:00:00Z,Northern Africa,Sudan,South Darfur,violence against civilians,Attack,1,1,1211228,Political violence,3118,10.9002,24.3019
2016-09-24T00:00:00Z,Northern Africa,Sudan,Central Darfur,explosions/remote violence,Remote explosive/landmine/IED,1,1,2144,Political violence,3107,12.3084,23.2341
2016-09-24T00:00:00Z,Northern Africa,Sudan,Central Darfur,violence against civilians,Attack,5,1,49023,Political violence,3107,12.3084,23.2341
2016-09-24T00:00:00Z,Northern Africa,Sudan,North Darfur,violence against civilians,Attack,2,1,33678,Political violence,3112,15.8601,25.5013
2016-09-24T00:00:00Z,Northern Africa,Sudan,South Darfur,violence against civilians,Attack,4,3,1249057,Political violence,3118,10.9002,24.3019
2016-10-01T00:00:00Z,Northern Africa,Sudan,North Darfur,violence against civilians,Attack,4,2,223105,Political violence,3112,15.8601,25.5013
2016-10-01T00:00:00Z,Northern Africa,Sudan,South Darfur,battles,Armed clash,1,2,13296,Political violence,3118,10.9002,24.3019
2016-10-01T00:00:00Z,Northern Africa,Sudan,South Darfur,violence against civilians,Attack,2,1,188695,Political violence,3118,10.9002,24.3019
2016-10-01T00:00:00Z,Northern Africa,Sudan,South Kordofan,violence against civilians,Attack,1,5,131293,Political violence,3119,11.2289,30.914
2016-10-08T00:00:00Z,Northern Africa,Sudan,Central Darfur,explosions/remote violence,Air/drone strike,1,1,2144,Political violence,3107,12.3084,23.2341
2016-10-08T00:00:00Z,Northern Africa,Sudan,South Darfur,battles,Armed clash,3,10,1316208,Political violence,3118,10.9002,24.3019
2016-10-08T00:00:00Z,Northern Africa,Sudan,South Darfur,violence against civilians,Attack,2,1,188695,Political violence,3118,10.9002,24.3019
2016-10-08T00:00:00Z,Northern Africa,Sudan,South Kordofan,battles,Armed clash,1,1,95150,Political violence,3119,11.2289,30.914
2016-10-08T00:00:00Z,Northern Africa,Sudan,South Kordofan,violence against civilians,Attack,2,1,4058,Political violence,3119,11.2289,30.914
2016-10-08T00:00:00Z,Northern Africa,Sudan,West Darfur,violence against civilians,Sexual violence,2,2,45365,Political violence,3120,13.5081,22.7026
2016-10-15T00:00:00Z,Northern Africa,Sudan,Abyei,violence against civilians,Attack,2,2,25876,Political violence,3104,9.7332,28.4712
2016-10-15T00:00:00Z,Northern Africa,Sudan,East Darfur,violence against civilians,Attack,3,2,268621,Political violence,3108,11.2299,26.3972
2016-10-15T00:00:00Z,Northern Africa,Sudan,North Darfur,violence against civilians,Attack,1,1,56433,Political violence,3112,15.8601,25.5013
2016-10-15T00:00:00Z,Northern Africa,Sudan,North Darfur,violence against civilians,Sexual violence,1,1,405,Political violence,3112,15.8601,25.5013
2016-10-15T00:00:00Z,Northern Africa,Sudan,South Darfur,violence against civilians,Attack,2,3,35249,Political violence,3118,10.9002,24.3019
2016-10-15T00:00:00Z,Northern Africa,Sudan,West Darfur,violence against civilians,Attack,1,1,7792,Political violence,3120,13.5081,22.7026
2016-10-22T00:00:00Z,Northern Africa,Sudan,Central Darfur,violence against civilians,Sexual violence,3,3,35464,Political violence,3107,12.3084,23.2341
2016-10-22T00:00:00Z,Northern Africa,Sudan,Khartoum,violence against civilians,Attack,1,1,491383,Political violence,3111,15.915,33.1352
2016-10-22T00:00:00Z,Northern Africa,Sudan,North Darfur,explosions/remote violence,Remote explosive/landmine/IED,1,3,649385,Political violence,3112,15.8601,25.5013
2016-10-22T00:00:00Z,Northern Africa,Sudan,North Darfur,violence against civilians,Attack,5,2,359385,Political violence,3112,15.8601,25.5013
2016-10-22T00:00:00Z,Northern Africa,Sudan,Sennar,battles,Non-state actor overtakes territory,1,17,135115,Political violence,3117,12.9093,34.0815
2016-10-22T00:00:00Z,Northern Africa,Sudan,South Darfur,explosions/remote violence,Shelling/artillery/missile attack,1,1,5938,Political violence,3118,10.9002,24.3019
2016-10-22T00:00:00Z,Northern Africa,Sudan,South Darfur,violence against civilians,Attack,2,2,1421551,Political violence,3118,10.9002,24.3019
2016-10-22T00:00:00Z,Northern Africa,Sudan,West Darfur,battles,Armed clash,2,1,2673,Political violence,3120,13.5081,22.7026
2016-10-29T00:00:00Z,Northern Africa,Sudan,Abyei,violence against civilians,Attack,1,1,760,Political violence,3104,9.7332,28.4712
2016-10-29T00:00:00Z,Northern Africa,Sudan,Central Darfur,explosions/remote violence,Remote explosive/landmine/IED,1,1,2144,Political violence,3107,12.3084,23.2341
2016-10-29T00:00:00Z,Northern Africa,Sudan,Kassala,battles,Armed clash,1,1,470923,Political violence,3110,15.7104,35.5356
2016-10-29T00:00:00Z,Northern Africa,Sudan,Sennar,battles,Armed clash,1,10,135115,Political violence,3117,12.9093,34.0815
2016-10-29T00:00:00Z,Northern Africa,Sudan,South Darfur,violence against civilians,Attack,3,2,105832,Political violence,3118,10.9002,24.3019
2016-10-29T00:00:00Z,Northern Africa,Sudan,West Darfur,battles,Armed clash,3,28,11893,Political violence,3120,13.5081,22.7026
2016-11-05T00:00:00Z,Northern Africa,Sudan,North Darfur,violence against civilians,Attack,1,1,29884,Political violence,3112,15.8601,25.5013
2016-11-05T00:00:00Z,Northern Africa,Sudan,South Darfur,battles,Armed clash,5,21,97829,Political violence,3118,10.9002,24.3019
2016-11-05T00:00:00Z,Northern Africa,Sudan,South Darfur,violence against civilians,Attack,4,10,1299480,Political violence,3118,10.9002,24.3019
2016-11-12T00:00:00Z,Northern Africa,Sudan,Central Darfur,violence against civilians,Attack,1,1,14067,Political violence,3107,12.3084,23.2341
2016-11-12T00:00:00Z,Northern Africa,Sudan,North Darfur,battles,Armed clash,3,6,651890,Political violence,3112,15.8601,25.5013
2016-11-12T00:00:00Z,Northern Africa,Sudan,South Darfur,battles,Armed clash,2,17,329,Political violence,3118,10.9002,24.3019
2016-11-12T00:00:00Z,Northern Africa,Sudan,South Darfur,violence against civilians,Attack,1,8,329,Political violence,3118,10.9002,24.3019
2016-11-12T00:00:00Z,Northern Africa,Sudan,South Kordofan,battles,Armed clash,1,10,2673,Political violence,3119,11.2289,30.914
2016-11-19T00:00:00Z,Northern Africa,Sudan,Blue Nile,violence against civilians,Attack,1,2,279589,Political violence,3106,11.0079,34.0954
2016-11-19T00:00:00Z,Northern Africa,Sudan,North Darfur,violence against civilians,Attack,3,1,772176,Political violence,3112,15.8601,25.5013
2016-11-19T00:00:00Z,Northern Africa,Sudan,South Darfur,violence against civilians,Attack,4,6,1386494,Political violence,3118,10.9002,24.3019
2016-11-19T00:00:00Z,Northern Africa,Sudan,West Darfur,violence against civilians,Attack,1,1,7792,Political violence,3120,13.5081,22.7026
2016-11-26T00:00:00Z,Northern Africa,Sudan,North Darfur,violence against civilians,Attack,5,4,127260,Political violence,3112,15.8601,25.5013
2016-11-26T00:00:00Z,Northern Africa,Sudan,South Darfur,violence against civilians,Attack,1,1,37829,Political violence,3118,10.9002,24.3019
2016-11-26T00:00:00Z,Northern Africa,Sudan,West Darfur,battles,Armed clash,2,3,3815,Political violence,3120,13.5081,22.7026
2016-12-03T00:00:00Z,Northern Africa,Sudan,Central Darfur,battles,Armed clash,2,4,16246,Political violence,3107,12.3084,23.2341
2016-12-03T00:00:00Z,Northern Africa,Sudan,East Darfur,violence against civilians,Attack,1,1,1994,Political violence,3108,11.2299,26.3972
2016-12-03T00:00:00Z,Northern Africa,Sudan,North Darfur,battles,Armed clash,2,2,15885,Political violence,3112,15.8601,25.5013
2016-12-03T00:00:00Z,Northern Africa,Sudan,North Darfur,violence against civilians,Attack,7,5,763093,Political violence,3112,15.8601,25.5013
2016-12-03T00:00:00Z,Northern Africa,Sudan,South Darfur,violence against civilians,Attack,2,1,30690,Political violence,3118,10.9002,24.3019
2016-12-03T00:00:00Z,Northern Africa,Sudan,West Darfur,violence against civilians,Attack,2,3,130159,Political violence,3120,13.5081,22.7026
2016-12-10T00:00:00Z,Northern Africa,Sudan,Central Darfur,violence against civilians,Attack,2,1,53343,Political violence,3107,12.3084,23.2341
2016-12-10T00:00:00Z,Northern Africa,Sudan,North Darfur,explosions/remote violence,Remote explosive/landmine/IED,1,2,29884,Political violence,3112,15.8601,25.5013
2016-12-10T00:00:00Z,Northern Africa,Sudan,North Darfur,violence against civilians,Attack,3,2,10231,Political violence,3112,15.8601,25.5013
2016-12-10T00:00:00Z,Northern Africa,Sudan,South Darfur,violence against civilians,Attack,2,3,29512,Political violence,3118,10.9002,24.3019
2016-12-10T00:00:00Z,Northern Africa,Sudan,West Darfur,violence against civilians,Attack,2,2,53157,Political violence,3120,13.5081,22.7026
2016-12-17T00:00:00Z,Northern Africa,Sudan,Central Darfur,riots,Mob violence,1,2,9742,Political violence,3107,12.3084,23.2341
2016-12-17T00:00:00Z,Northern Africa,Sudan,North Darfur,violence against civilians,Attack,3,1,108820,Political violence,3112,15.8601,25.5013
2016-12-17T00:00:00Z,Northern Africa,Sudan,South Darfur,battles,Armed clash,1,9,37095,Political violence,3118,10.9002,24.3019
2016-12-17T00:00:00Z,Northern Africa,Sudan,West Darfur,violence against civilians,Attack,2,7,87467,Political violence,3120,13.5081,22.7026
2016-12-24T00:00:00Z,Northern Africa,Sudan,Central Darfur,violence against civilians,Attack,3,3,59633,Political violence,3107,12.3084,23.2341
2016-12-24T00:00:00Z,Northern Africa,Sudan,North Darfur,battles,Armed clash,1,1,108761,Political violence,3112,15.8601,25.5013
2016-12-24T00:00:00Z,Northern Africa,Sudan,South Darfur,violence against civilians,Attack,1,4,37095,Political violence,3118,10.9002,24.3019
2016-12-24T00:00:00Z,Northern Africa,Sudan,West Darfur,battles,Armed clash,1,1,84794,Political violence,3120,13.5081,22.7026
2016-12-31T00:00:00Z,Northern Africa,Sudan,Central Darfur,battles,Armed clash,1,1,14067,Political violence,3107,12.3084,23.2341
2016-12-31T00:00:00Z,Northern Africa,Sudan,Central Darfur,violence against civilians,Attack,5,23,137337,Political violence,3107,12.3084,23.2341
2016-12-31T00:00:00Z,Northern Africa,Sudan,East Darfur,battles,Armed clash,1,2,19747,Political violence,3108,11.2299,26.3972
2016-12-31T00:00:00Z,Northern Africa,Sudan,South Darfur,violence against civilians,Attack,1,1,39485,Political violence,3118,10.9002,24.3019
2016-12-31T00:00:00Z,Northern Africa,Sudan,West Darfur,battles,Armed clash,2,7,361635,Political violence,3120,13.5081,22.7026
2017-01-07T00:00:00Z,Northern Africa,Sudan,North Darfur,battles,Armed clash,1,1,56809,Political violence,3112,15.8601,25.5013
2017-01-07T00:00:00Z,Northern Africa,Sudan,North Darfur,violence against civilians,Attack,2,2,72882,Political violence,3112,15.8601,25.5013
2017-01-07T00:00:00Z,Northern Africa,Sudan,South Darfur,violence against civilians,Attack,2,3,313785,Political violence,3118,10.9002,24.3019
2017-01-14T00:00:00Z,Northern Africa,Sudan,Central Darfur,violence against civilians,Attack,4,1,101364,Political violence,3107,12.3084,23.2341
2017-01-14T00:00:00Z,Northern Africa,Sudan,North Darfur,explosions/remote violence,Remote explosive/landmine/IED,1,1,3097,Political violence,3112,15.8601,25.5013
2017-01-14T00:00:00Z,Northern Africa,Sudan,North Darfur,violence against civilians,Attack,5,2,779139,Political violence,3112,15.8601,25.5013
2017-01-14T00:00:00Z,Northern Africa,Sudan,South Darfur,violence against civilians,Attack,1,1,54666,Political violence,3118,10.9002,24.3019
2017-01-21T00:00:00Z,Northern Africa,Sudan,Central Darfur,violence against civilians,Attack,2,1,1875,Political violence,3107,12.3084,23.2341
2017-01-21T00:00:00Z,Northern Africa,Sudan,West Darfur,battles,Armed clash,2,3,5924,Political violence,3120,13.5081,22.7026
2017-01-28T00:00:00Z,Northern Africa,Sudan,North Darfur,battles,Armed clash,3,9,683260,Political violence,3112,15.8601,25.5013
2017-01-28T00:00:00Z,Northern Africa,Sudan,South Darfur,battles,Armed clash,1,2,36663,Political violence,3118,10.9002,24.3019
2017-01-28T00:00:00Z,Northern Africa,Sudan,West Darfur,battles,Armed clash,1,4,2515,Political violence,3120,13.5081,22.7026
2017-02-04T00:00:00Z,Northern Africa,Sudan,Abyei,violence against civilians,Attack,1,1,17749,Political violence,3104,9.7332,28.4712
2017-02-04T00:00:00Z,Northern Africa,Sudan,Central Darfur,riots,Mob violence,2,1,134253,Political violence,3107,12.3084,23.2341
2017-02-04T00:00:00Z,Northern Africa,Sudan,Central Darfur,violence against civilians,Attack,1,3,2121,Political violence,3107,12.3084,23.2341
2017-02-04T00:00:00Z,Northern Africa,Sudan,North Darfur,protests,Excessive force against protesters,1,1,23536,Political violence; Demonstrations,3112,15.8601,25.5013
2017-02-04T00:00:00Z,Northern Africa,Sudan,North Darfur,violence against civilians,Attack,1,1,1115,Political violence,3112,15.8601,25.5013
2017-02-04T00:00:00Z,Northern Africa,Sudan,South Kordofan,violence against civilians,Attack,2,7,138094,Political violence,3119,11.2289,30.914
2017-02-11T00:00:00Z,Northern Africa,Sudan,Central Darfur,battles,Armed clash,1,12,20088,Political violence,3107,12.3084,23.2341
2017-02-11T00:00:00Z,Northern Africa,Sudan,Central Darfur,violence against civilians,Attack,1,1,10687,Political violence,3107,12.3084,23.2341
2017-02-11T00:00:00Z,Northern Africa,Sudan,North Darfur,battles,Armed clash,3,12,653137,Political violence,3112,15.8601,25.5013
2017-02-11T00:00:00Z,Northern Africa,Sudan,North Darfur,violence against civilians,Attack,2,2,683260,Political violence,3112,15.8601,25.5013
2017-02-11T00:00:00Z,Northern Africa,Sudan,North Darfur,violence against civilians,Sexual violence,3,4,712983,Political violence,3112,15.8601,25.5013
2017-02-11T00:00:00Z,Northern Africa,Sudan,South Kordofan,violence against civilians,Attack,1,2,42026,Political violence,3119,11.2289,30.914
2017-02-18T00:00:00Z,Northern Africa,Sudan,Abyei,violence against civilians,Attack,1,1,17749,Political violence,3104,9.7332,28.4712
2017-02-18T00:00:00Z,Northern Africa,Sudan,Central Darfur,violence against civilians,Attack,1,1,17979,Political violence,3107,12.3084,23.2341
2017-02-18T00:00:00Z,Northern Africa,Sudan,East Darfur,battles,Armed clash,5,23,14786,Political violence,3108,11.2299,26.3972
2017-02-18T00:00:00Z,Northern Africa,Sudan,North Kordofan,violence against civilians,Attack,1,1,541021,Political violence,3113,14.3894,29.437
2017-02-18T00:00:00Z,Northern Africa,Sudan,South Darfur,battles,Armed clash,1,1,47377,Political violence,3118,10.9002,24.3019
2017-02-18T00:00:00Z,Northern Africa,Sudan,South Darfur,violence against civilians,Attack,3,2,255072,Political violence,3118,10.9002,24.3019
2017-02-18T00:00:00Z,Northern Africa,Sudan,South Kordofan,battles,Armed clash,3,13,143084,Political violence,3119,11.2289,30.914
2017-02-18T00:00:00Z,Northern Africa,Sudan,West Kordofan,battles,Armed clash,2,7,106654,Political violence,3121,11.8686,28.2211
2017-02-25T00:00:00Z,Northern Africa,Sudan,Central Darfur,explosions/remote violence,Remote explosive/landmine/IED,1,1,2121,Political violence,3107,12.3084,23.2341
2017-02-25T00:00:00Z,Northern Africa,Sudan,East Darfur,riots,Mob violence,1,1,120845,Political violence,3108,11.2299,26.3972
2017-02-25T00:00:00Z,Northern Africa,Sudan,North Darfur,violence against civilians,Attack,3,1,75394,Political violence,3112,15.8601,25.5013
2017-02-25T00:00:00Z,Northern Africa,Sudan,South Kordofan,violence against civilians,Attack,1,3,748,Political violence,3119,11.2289,30.914
2017-03-04T00:00:00Z,Northern Africa,Sudan,Central Darfur,battles,Armed clash,1,1,96383,Political violence,3107,12.3084,23.2341
2017-03-04T00:00:00Z,Northern Africa,Sudan,West Kordofan,violence against civilians,Attack,2,7,19289,Political violence,3121,11.8686,28.2211
2017-03-11T00:00:00Z,Northern Africa,Sudan,Abyei,violence against civilians,Attack,2,2,21701,Political violence,3104,9.7332,28.4712
2017-03-11T00:00:00Z,Northern Africa,Sudan,Central Darfur,violence against civilians,Attack,5,10,33945,Political violence,3107,12.3084,23.2341
2017-03-11T00:00:00Z,Northern Africa,Sudan,North Darfur,explosions/remote violence,Remote explosive/landmine/IED,1,1,518,Political violence,3112,15.8601,25.5013
2017-03-11T00:00:00Z,Northern Africa,Sudan,North Darfur,violence against civilians,Attack,1,7,30123,Political violence,3112,15.8601,25.5013
2017-03-11T00:00:00Z,Northern Africa,Sudan,South Darfur,violence against civilians,Attack,1,1,2704,Political violence,3118,10.9002,24.3019
2017-03-11T00:00:00Z,Northern Africa,Sudan,South Kordofan,violence against civilians,Attack,1,2,42026,Political violence,3119,11.2289,30.914
2017-03-18T00:00:00Z,Northern Africa,Sudan,East Darfur,battles,Armed clash,2,6,276831,Political violence,3108,11.2299,26.3972
2017-03-18T00:00:00Z,Northern Africa,Sudan,North Darfur,battles,Armed clash,1,1,115616,Political violence,3112,15.8601,25.5013
2017-03-25T00:00:00Z,Northern Africa,Sudan,Central Darfur,battles,Armed clash,1,6,1112,Political violence,3107,12.3084,23.2341
2017-03-25T00:00:00Z,Northern Africa,Sudan,Central Darfur,violence against civilians,Attack,3,8,2224,Political violence,3107,12.3084,23.2341
2017-03-25T00:00:00Z,Northern Africa,Sudan,East Darfur,battles,Armed clash,2,10,262668,Political violence,3108,11.2299,26.3972
2017-03-25T00:00:00Z,Northern Africa,Sudan,North Darfur,violence against civilians,Attack,2,2,46487,Political violence,3112,15.8601,25.5013
2017-03-25T00:00:00Z,Northern Africa,Sudan,South Darfur,violence against civilians,Attack,1,1,1293538,Political violence,3118,10.9002,24.3019
2017-03-25T00:00:00Z,Northern Africa,Sudan,West Darfur,violence against civilians,Attack,1,1,87690,Political violence,3120,13.5081,22.7026
2017-04-01T00:00:00Z,Northern Africa,Sudan,Central Darfur,violence against civilians,Attack,2,2,1875,Political violence,3107,12.3084,23.2341
2017-04-01T00:00:00Z,Northern Africa,Sudan,Khartoum,protests,Excessive force against protesters,1,1,22439,Political violence; Demonstrations,3111,15.915,33.1352
2017-04-01T00:00:00Z,Northern Africa,Sudan,North Darfur,riots,Mob violence,1,4,49859,Political violence,3112,15.8601,25.5013
2017-04-01T00:00:00Z,Northern Africa,Sudan,North Darfur,violence against civilians,Attack,2,1,654987,Political violence,3112,15.8601,25.5013
2017-04-01T00:00:00Z,Northern Africa,Sudan,South Darfur,battles,Armed clash,4,6,9865,Political violence,3118,10.9002,24.3019
2017-04-01T00:00:00Z,Northern Africa,Sudan,South Darfur,violence against civilians,Attack,2,1,88089,Political violence,3118,10.9002,24.3019
2017-04-01T00:00:00Z,Northern Africa,Sudan,West Kordofan,battles,Armed clash,1,55,106654,Political violence,3121,11.8686,28.2211
2017-04-01T00:00:00Z,Northern Africa,Sudan,West Kordofan,violence against civilians,Attack,1,36,152248,Political violence,3121,11.8686,28.2211
2017-04-08T00:00:00Z,Northern Africa,Sudan,Central Darfur,explosions/remote violence,Remote explosive/landmine/IED,1,2,1407,Political violence,3107,12.3084,23.2341
2017-04-08T00:00:00Z,Northern Africa,Sudan,East Darfur,battles,Armed clash,1,3,1019,Political violence,3108,11.2299,26.3972
2017-04-08T00:00:00Z,Northern Africa,Sudan,North Darfur,violence against civilians,Attack,2,1,47356,Political violence,3112,15.8601,25.5013
2017-04-08T00:00:00Z,Northern Africa,Sudan,South Darfur,violence against civilians,Attack,2,3,13009,Political violence,3118,10.9002,24.3019
2017-04-08T00:00:00Z,Northern Africa,Sudan,West Darfur,battles,Armed clash,1,3,1999,Political violence,3120,13.5081,22.7026
2017-04-08T00:00:00Z,Northern Africa,Sudan,West Darfur,riots,Violent demonstration,1,3,45078,Demonstrations,3120,13.5081,22.7026
2017-04-15T00:00:00Z,Northern Africa,Sudan,Central Darfur,battles,Armed clash,1,1,96383,Political violence,3107,12.3084,23.2341
2017-04-15T00:00:00Z,Northern Africa,Sudan,East Darfur,battles,Armed clash,1,3,1019,Political violence,3108,11.2299,26.3972
2017-04-15T00:00:00Z,Northern Africa,Sudan,North Darfur,violence against civilians,Attack,1,1,1956,Political violence,3112,15.8601,25.5013
2017-04-15T00:00:00Z,Northern Africa,Sudan,North Kordofan,explosions/remote violence,Remote explosive/landmine/IED,1,2,541021,Political violence,3113,14.3894,29.437
2017-04-15T00:00:00Z,Northern Africa,Sudan,South Darfur,violence against civilians,Attack,1,2,36441,Political violence,3118,10.9002,24.3019
2017-04-22T00:00:00Z,Northern Africa,Sudan,Central Darfur,battles,Armed clash,1,17,14590,Political violence,3107,12.3084,23.2341
2017-04-22T00:00:00Z,Northern Africa,Sudan,North Darfur,battles,Armed clash,1,4,316,Political violence,3112,15.8601,25.5013
2017-04-22T00:00:00Z,Northern Africa,Sudan,North Darfur,explosions/remote violence,Remote explosive/landmine/IED,1,1,3060,Political violence,3112,15.8601,25.5013
2017-04-22T00:00:00Z,Northern Africa,Sudan,North Darfur,violence against civilians,Attack,2,3,2600,Political violence,3112,15.8601,25.5013
2017-04-22T00:00:00Z,Northern Africa,Sudan,West Kordofan,battles,Armed clash,1,6,1219,Political violence,3121,11.8686,28.2211
2017-04-29T00:00:00Z,Northern Africa,Sudan,South Darfur,battles,Armed clash,2,11,1346805,Political violence,3118,10.9002,24.3019
2017-04-29T00:00:00Z,Northern Africa,Sudan,West Darfur,violence against civilians,Attack,1,1,343787,Political violence,3120,13.5081,22.7026
2017-05-06T00:00:00Z,Northern Africa,Sudan,Blue Nile,battles,Armed clash,1,2,2090,Political violence,3106,11.0079,34.0954
2017-05-06T00:00:00Z,Northern Africa,Sudan,Central Darfur,violence against civilians,Attack,1,1,253,Political violence,3107,12.3084,23.2341
2017-05-06T00:00:00Z,Northern Africa,Sudan,Central Darfur,violence against civilians,Sexual violence,7,9,5579,Political violence,3107,12.3084,23.2341
2017-05-06T00:00:00Z,Northern Africa,Sudan,East Darfur,battles,Armed clash,1,7,19236,Political violence,3108,11.2299,26.3972
2017-05-06T00:00:00Z,Northern Africa,Sudan,South Darfur,battles,Armed clash,2,17,58344,Political violence,3118,10.9002,24.3019
2017-05-06T00:00:00Z,Northern Africa,Sudan,White Nile,riots,Violent demonstration,1,2,16377,Demonstrations,3122,13.5895,32.3521
2017-05-13T00:00:00Z,Northern Africa,Sudan,Abyei,violence against civilians,Attack,1,1,17749,Political violence,3104,9.7332,28.4712
2017-05-13T00:00:00Z,Northern Africa,Sudan,Central Darfur,battles,Armed clash,3,13,24466,Political violence,3107,12.3084,23.2341
2017-05-13T00:00:00Z,Northern Africa,Sudan,Central Darfur,explosions/remote violence,Remote explosive/landmine/IED,1,1,343,Political violence,3107,12.3084,23.2341
2017-05-13T00:00:00Z,Northern Africa,Sudan,Central Darfur,violence against civilians,Attack,1,1,20088,Political violence,3107,12.3084,23.2341
2017-05-13T00:00:00Z,Northern Africa,Sudan,East Darfur,battles,Armed clash,2,19,267220,Political violence,3108,11.2299,26.3972
2017-05-13T00:00:00Z,Northern Africa,Sudan,North Darfur,violence against civilians,Attack,2,2,19871,Political violence,3112,15.8601,25.5013
2017-05-13T00:00:00Z,Northern Africa,Sudan,South Kordofan,violence against civilians,Attack,1,1,4985,Political violence,3119,11.2289,30.914
2017-05-20T00:00:00Z,Northern Africa,Sudan,Abyei,violence against civilians,Attack,1,1,17749,Political violence,3104,9.7332,28.4712
2017-05-20T00:00:00Z,Northern Africa,Sudan,Central Darfur,battles,Armed clash,3,19,2845,Political violence,3107,12.3084,23.2341
2017-05-20T00:00:00Z,Northern Africa,Sudan,East Darfur,battles,Armed clash,3,38,42636,Political violence,3108,11.2299,26.3972
2017-05-20T00:00:00Z,Northern Africa,Sudan,North Darfur,battles,Armed clash,3,200,655987,Political violence,3112,15.8601,25.5013
2017-05-20T00:00:00Z,Northern Africa,Sudan,South Darfur,explosions/remote violence,Remote explosive/landmine/IED,1,12,1293538,Political violence,3118,10.9002,24.3019
2017-05-27T00:00:00Z,Northern Africa,Sudan,Central Darfur,explosions/remote violence,Air/drone strike,1,2,2121,Political violence,3107,12.3084,23.2341
2017-05-27T00:00:00Z,Northern Africa,Sudan,North Darfur,battles,Armed clash,3,20,110130,Political violence,3112,15.8601,25.5013
2017-05-27T00:00:00Z,Northern Africa,Sudan,North Darfur,violence against civilians,Attack,6,28,659,Political violence,3112,15.8601,25.5013
2017-05-27T00:00:00Z,Northern Africa,Sudan,South Darfur,battles,Armed clash,1,1,1293538,Political violence,3118,10.9002,24.3019
2017-05-27T00:00:00Z,Northern Africa,Sudan,South Kordofan,violence against civilians,Attack,1,2,2072,Political violence,3119,11.2289,30.914
2017-05-27T00:00:00Z,Northern Africa,Sudan,South Kordofan,violence against civilians,Sexual violence,1,1,137725,Political violence,3119,11.2289,30.914
2017-05-27T00:00:00Z,Northern Africa,Sudan,White Nile,battles,Armed clash,1,4,3366,Political violence,3122,13.5895,32.3521
2017-06-03T00:00:00Z,Northern Africa,Sudan,North Darfur,battles,Armed clash,2,21,59138,Political violence,3112,15.8601,25.5013
2017-06-03T00:00:00Z,Northern Africa,Sudan,North Darfur,violence against civilians,Attack,8,4,289203,Political violence,3112,15.8601,25.5013
2017-06-03T00:00:00Z,Northern Africa,Sudan,South Darfur,battles,Armed clash,2,7,3488,Political violence,3118,10.9002,24.3019
2017-06-03T00:00:00Z,Northern Africa,Sudan,South Darfur,violence against civilians,Attack,1,1,36441,Political violence,3118,10.9002,24.3019
2017-06-10T00:00:00Z,Northern Africa,Sudan,Blue Nile,violence against civilians,Attack,1,5,26229,Political violence,3106,11.0079,34.0954
2017-06-10T00:00:00Z,Northern Africa,Sudan,Central Darfur,battles,Armed clash,2,2,105119,Political violence,3107,12.3084,23.2341
2017-06-10T00:00:00Z,Northern Africa,Sudan,Central Darfur,explosions/remote violence,Remote explosive/landmine/IED,1,1,1407,Political violence,3107,12.3084,23.2341
2017-06-10T00:00:00Z,Northern Africa,Sudan,Central Darfur,violence against civilians,Attack,4,4,119211,Political violence,3107,12.3084,23.2341
2017-06-10T00:00:00Z,Northern Africa,Sudan,North Darfur,battles,Armed clash,1,2,13794,Political violence,3112,15.8601,25.5013
2017-06-10T00:00:00Z,Northern Africa,Sudan,North Darfur,violence against civilians,Attack,2,1,17545,Political violence,3112,15.8601,25.5013
2017-06-10T00:00:00Z,Northern Africa,Sudan,Northern,battles,Armed clash,1,3,24990,Political violence,3114,19.3656,29.8955
2017-06-10T00:00:00Z,Northern Africa,Sudan,South Darfur,violence against civilians,Attack,1,3,163797,Political violence,3118,10.9002,24.3019
2017-06-10T00:00:00Z,Northern Africa,Sudan,West Darfur,violence against civilians,Attack,1,1,2775,Political violence,3120,13.5081,22.7026
2017-06-17T00:00:00Z,Northern Africa,Sudan,White Nile,riots,Mob violence,1,7,2006,Political violence,3122,13.5895,32.3521
2017-06-24T00:00:00Z,Northern Africa,Sudan,Abyei,violence against civilians,Attack,1,1,17749,Political violence,3104,9.7332,28.4712
2017-06-24T00:00:00Z,Northern Africa,Sudan,Blue Nile,battles,Armed clash,1,20,125,Political violence,3106,11.0079,34.0954
2017-06-24T00:00:00Z,Northern Africa,Sudan,Central Darfur,battles,Armed clash,1,8,581,Political violence,3107,12.3084,23.2341
2017-06-24T00:00:00Z,Northern Africa,Sudan,Central Darfur,riots,Mob violence,1,1,8676,Political violence,3107,12.3084,23.2341
2017-06-24T00:00:00Z,Northern Africa,Sudan,Central Darfur,violence against civilians,Attack,1,1,14590,Political violence,3107,12.3084,23.2341
2017-06-24T00:00:00Z,Northern Africa,Sudan,Central Darfur,violence against civilians,Sexual violence,1,11,11504,Political violence,3107,12.3084,23.2341
2017-06-24T00:00:00Z,Northern Africa,Sudan,East Darfur,battles,Armed clash,2,10,27779,Political violence,3108,11.2299,26.3972
2017-07-01T00:00:00Z,Northern Africa,Sudan,Central Darfur,violence against civilians,Attack,2,2,34612,Political violence,3107,12.3084,23.2341
2017-07-01T00:00:00Z,Northern Africa,Sudan,North Darfur,battles,Armed clash,1,4,240,Political violence,3112,15.8601,25.5013
2017-07-01T00:00:00Z,Northern Africa,Sudan,North Darfur,violence against civilians,Attack,2,1,30691,Political violence,3112,15.8601,25.5013
2017-07-01T00:00:00Z,Northern Africa,Sudan,South Darfur,violence against civilians,Attack,2,1,164058,Political violence,3118,10.9002,24.3019
2017-07-08T00:00:00Z,Northern Africa,Sudan,Abyei,violence against civilians,Attack,2,3,18538,Political violence,3104,9.7332,28.4712
2017-07-08T00:00:00Z,Northern Africa,Sudan,South Kordofan,battles,Armed clash,1,2,280,Political violence,3119,11.2289,30.914
2017-07-08T00:00:00Z,Northern Africa,Sudan,South Kordofan,explosions/remote violence,Remote explosive/landmine/IED,1,1,555,Political violence,3119,11.2289,30.914
2017-07-08T00:00:00Z,Northern Africa,Sudan,West Darfur,violence against civilians,Attack,1,3,343787,Political violence,3120,13.5081,22.7026
2017-07-15T00:00:00Z,Northern Africa,Sudan,Central Darfur,battles,Armed clash,2,4,114362,Political violence,3107,12.3084,23.2341
2017-07-15T00:00:00Z,Northern Africa,Sudan,East Darfur,battles,Armed clash,1,14,5685,Political violence,3108,11.2299,26.3972
2017-07-15T00:00:00Z,Northern Africa,Sudan,South Darfur,violence against civilians,Attack,1,5,1087,Political violence,3118,10.9002,24.3019
2017-07-22T00:00:00Z,Northern Africa,Sudan,Abyei,violence against civilians,Attack,3,11,17749,Political violence,3104,9.7332,28.4712
2017-07-22T00:00:00Z,Northern Africa,Sudan,Central Darfur,violence against civilians,Attack,3,1,82712,Political violence,3107,12.3084,23.2341
2017-07-22T00:00:00Z,Northern Africa,Sudan,East Darfur,battles,Armed clash,2,27,262668,Political violence,3108,11.2299,26.3972
2017-07-22T00:00:00Z,Northern Africa,Sudan,Khartoum,riots,Violent demonstration,2,1,129445,Demonstrations,3111,15.915,33.1352
2017-07-22T00:00:00Z,Northern Africa,Sudan,Red Sea,violence against civilians,Attack,1,2,12629,Political violence,3115,20.0739,35.4126
2017-07-22T00:00:00Z,Northern Africa,Sudan,South Darfur,violence against civilians,Attack,1,6,2498,Political violence,3118,10.9002,24.3019
2017-07-29T00:00:00Z,Northern Africa,Sudan,Central Darfur,battles,Armed clash,1,2,734,Political violence,3107,12.3084,23.2341
2017-07-29T00:00:00Z,Northern Africa,Sudan,North Kordofan,violence against civilians,Attack,1,1,541021,Political violence,3113,14.3894,29.437
2017-07-29T00:00:00Z,Northern Africa,Sudan,South Darfur,battles,Armed clash,2,7,170102,Political violence,3118,10.9002,24.3019
2017-07-29T00:00:00Z,Northern Africa,Sudan,White Nile,violence against civilians,Sexual violence,1,1,5565,Political violence,3122,13.5895,32.3521
2017-08-05T00:00:00Z,Northern Africa,Sudan,Abyei,violence against civilians,Attack,1,2,385,Political violence,3104,9.7332,28.4712
2017-08-05T00:00:00Z,Northern Africa,Sudan,North Darfur,explosions/remote violence,Remote explosive/landmine/IED,1,1,2487,Political violence,3112,15.8601,25.5013
2017-08-12T00:00:00Z,Northern Africa,Sudan,Blue Nile,battles,Armed clash,3,27,3801,Political violence,3106,11.0079,34.0954
2017-08-12T00:00:00Z,Northern Africa,Sudan,Blue Nile,violence against civilians,Attack,1,4,2268,Political violence,3106,11.0079,34.0954
2017-08-12T00:00:00Z,Northern Africa,Sudan,North Darfur,violence against civilians,Attack,3,2,75394,Political violence,3112,15.8601,25.5013
2017-08-19T00:00:00Z,Northern Africa,Sudan,Central Darfur,violence against civilians,Attack,3,2,16711,Political violence,3107,12.3084,23.2341
2017-08-19T00:00:00Z,Northern Africa,Sudan,North Darfur,violence against civilians,Attack,1,1,2329,Political violence,3112,15.8601,25.5013
2017-08-19T00:00:00Z,Northern Africa,Sudan,South Kordofan,violence against civilians,Attack,1,1,510,Political violence,3119,11.2289,30.914
2017-08-19T00:00:00Z,Northern Africa,Sudan,West Darfur,battles,Armed clash,1,1,343787,Political violence,3120,13.5081,22.7026
2017-08-26T00:00:00Z,Northern Africa,Sudan,Abyei,violence against civilians,Attack,2,2,13758,Political violence,3104,9.7332,28.4712
2017-08-26T00:00:00Z,Northern Africa,Sudan,Central Darfur,violence against civilians,Attack,1,1,103,Political violence,3107,12.3084,23.2341
2017-08-26T00:00:00Z,Northern Africa,Sudan,Khartoum,riots,Mob violence,1,3,126180,Political violence,3111,15.915,33.1352
2017-08-26T00:00:00Z,Northern Africa,Sudan,South Darfur,battles,Armed clash,1,1,36663,Political violence,3118,10.9002,24.3019
2017-09-02T00:00:00Z,Northern Africa,Sudan,Blue Nile,violence against civilians,Attack,1,1,641,Political violence,3106,11.0079,34.0954
2017-09-02T00:00:00Z,Northern Africa,Sudan,Central Darfur,violence against civilians,Attack,2,1,83866,Political violence,3107,12.3084,23.2341
2017-09-02T00:00:00Z,Northern Africa,Sudan,North Darfur,violence against civilians,Attack,1,1,109154,Political violence,3112,15.8601,25.5013
2017-09-02T00:00:00Z,Northern Africa,Sudan,South Darfur,violence against civilians,Attack,2,1,167830,Political violence,3118,10.9002,24.3019
2017-09-09T00:00:00Z,Northern Africa,Sudan,Blue Nile,battles,Armed clash,1,10,246,Political violence,3106,11.0079,34.0954
2017-09-09T00:00:00Z,Northern Africa,Sudan,North Darfur,violence against civilians,Attack,1,1,552,Political violence,3112,15.8601,25.5013
2017-09-09T00:00:00Z,Northern Africa,Sudan,South Darfur,violence against civilians,Attack,1,10,1329,Political violence,3118,10.9002,24.3019
2017-09-09T00:00:00Z,Northern Africa,Sudan,South Kordofan,battles,Armed clash,1,10,137725,Political violence,3119,11.2289,30.914
2017-09-09T00:00:00Z,Northern Africa,Sudan,West Darfur,battles,Armed clash,1,1,47137,Political violence,3120,13.5081,22.7026
2017-09-16T00:00:00Z,Northern Africa,Sudan,Abyei,violence against civilians,Attack,1,1,17733,Political violence,3104,9.7332,28.4712
2017-09-16T00:00:00Z,Northern Africa,Sudan,Central Darfur,violence against civilians,Attack,3,1,26445,Political violence,3107,12.3084,23.2341
2017-09-16T00:00:00Z,Northern Africa,Sudan,North Darfur,violence against civilians,Attack,1,1,1891,Political violence,3112,15.8601,25.5013
2017-09-16T00:00:00Z,Northern Africa,Sudan,South Darfur,riots,Violent demonstration,1,6,47774,Demonstrations,3118,10.9002,24.3019
2017-09-23T00:00:00Z,Northern Africa,Sudan,Central Darfur,riots,Mob violence,1,1,2170,Political violence,3107,12.3084,23.2341
2017-09-23T00:00:00Z,Northern Africa,Sudan,Central Darfur,violence against civilians,Attack,2,4,33898,Political violence,3107,12.3084,23.2341
2017-09-23T00:00:00Z,Northern Africa,Sudan,Red Sea,violence against civilians,Attack,1,1,14377,Political violence,3115,20.0739,35.4126
2017-09-23T00:00:00Z,Northern Africa,Sudan,South Darfur,violence against civilians,Attack,1,5,1040,Political violence,3118,10.9002,24.3019
2017-09-23T00:00:00Z,Northern Africa,Sudan,West Darfur,violence against civilians,Attack,1,1,5036,Political violence,3120,13.5081,22.7026
2017-09-30T00:00:00Z,Northern Africa,Sudan,Central Darfur,battles,Armed clash,1,1,96383,Political violence,3107,12.3084,23.2341
2017-09-30T00:00:00Z,Northern Africa,Sudan,Central Darfur,explosions/remote violence,Remote explosive/landmine/IED,1,1,1895,Political violence,3107,12.3084,23.2341
2017-09-30T00:00:00Z,Northern Africa,Sudan,Central Darfur,riots,Mob violence,1,1,2170,Political violence,3107,12.3084,23.2341
2017-09-30T00:00:00Z,Northern Africa,Sudan,Central Darfur,violence against civilians,Attack,2,2,97197,Political violence,3107,12.3084,23.2341
2017-09-30T00:00:00Z,Northern Africa,Sudan,North Darfur,battles,Armed clash,1,1,109154,Political violence,3112,15.8601,25.5013
2017-09-30T00:00:00Z,Northern Africa,Sudan,North Darfur,violence against civilians,Attack,6,4,149430,Political violence,3112,15.8601,25.5013
2017-09-30T00:00:00Z,Northern Africa,Sudan,South Darfur,violence against civilians,Attack,2,3,31772,Political violence,3118,10.9002,24.3019
2017-09-30T00:00:00Z,Northern Africa,Sudan,South Kordofan,explosions/remote violence,Remote explosive/landmine/IED,1,1,1671,Political violence,3119,11.2289,30.914
2017-10-07T00:00:00Z,Northern Africa,Sudan,Abyei,violence against civilians,Attack,1,2,17733,Political violence,3104,9.7332,28.4712
2017-10-07T00:00:00Z,Northern Africa,Sudan,South Darfur,battles,Armed clash,1,2,7050,Political violence,3118,10.9002,24.3019
2017-10-07T00:00:00Z,Northern Africa,Sudan,South Darfur,violence against civilians,Attack,1,1,1293538,Political violence,3118,10.9002,24.3019
2017-10-14T00:00:00Z,Northern Africa,Sudan,Abyei,violence against civilians,Attack,1,1,6182,Political violence,3104,9.7332,28.4712
2017-10-14T00:00:00Z,Northern Africa,Sudan,North Darfur,battles,Armed clash,3,7,762291,Political violence,3112,15.8601,25.5013
2017-10-14T00:00:00Z,Northern Africa,Sudan,North Darfur,violence against civilians,Attack,2,6,109154,Political violence,3112,15.8601,25.5013
2017-10-14T00:00:00Z,Northern Africa,Sudan,South Darfur,violence against civilians,Attack,1,1,1293538,Political violence,3118,10.9002,24.3019
2017-10-14T00:00:00Z,Northern Africa,Sudan,West Darfur,battles,Armed clash,4,27,10133,Political violence,3120,13.5081,22.7026
2017-10-21T00:00:00Z,Northern Africa,Sudan,Khartoum,violence against civilians,Attack,1,1,434878,Political violence,3111,15.915,33.1352
2017-10-21T00:00:00Z,Northern Africa,Sudan,South Darfur,battles,Armed clash,2,1,45415,Political violence,3118,10.9002,24.3019
2017-10-21T00:00:00Z,Northern Africa,Sudan,South Darfur,violence against civilians,Attack,4,12,41137,Political violence,3118,10.9002,24.3019
2017-10-21T00:00:00Z,Northern Africa,Sudan,South Kordofan,violence against civilians,Attack,1,1,6787,Political violence,3119,11.2289,30.914
2017-10-21T00:00:00Z,Northern Africa,Sudan,West Kordofan,battles,Armed clash,1,1,5881,Political violence,3121,11.8686,28.2211
2017-10-28T00:00:00Z,Northern Africa,Sudan,East Darfur,battles,Armed clash,1,5,35668,Political violence,3108,11.2299,26.3972
2017-10-28T00:00:00Z,Northern Africa,Sudan,North Darfur,violence against civilians,Attack,2,1,65932,Political violence,3112,15.8601,25.5013
2017-10-28T00:00:00Z,Northern Africa,Sudan,South Darfur,violence against civilians,Attack,3,3,1360741,Political violence,3118,10.9002,24.3019
2017-11-04T00:00:00Z,Northern Africa,Sudan,North Darfur,battles,Armed clash,3,10,8092,Political violence,3112,15.8601,25.5013
2017-11-04T00:00:00Z,Northern Africa,Sudan,West Kordofan,violence against civilians,Attack,1,2,84569,Political violence,3121,11.8686,28.2211
2017-11-11T00:00:00Z,Northern Africa,Sudan,North Darfur,battles,Armed clash,3,1,762997,Political violence,3112,15.8601,25.5013
2017-11-11T00:00:00Z,Northern Africa,Sudan,South Darfur,battles,Armed clash,1,10,6432,Political violence,3118,10.9002,24.3019
2017-11-11T00:00:00Z,Northern Africa,Sudan,South Darfur,explosions/remote violence,Remote explosive/landmine/IED,1,4,1293538,Political violence,3118,10.9002,24.3019
2017-11-11T00:00:00Z,Northern Africa,Sudan,South Kordofan,riots,Violent demonstration,1,1,6669,Demonstrations,3119,11.2289,30.914
2017-11-18T00:00:00Z,Northern Africa,Sudan,Central Darfur,violence against civilians,Attack,1,1,17986,Political violence,3107,12.3084,23.2341
2017-11-18T00:00:00Z,Northern Africa,Sudan,North Darfur,violence against civilians,Attack,2,2,58051,Political violence,3112,15.8601,25.5013
2017-11-18T00:00:00Z,Northern Africa,Sudan,North Darfur,violence against civilians,Sexual violence,1,1,302,Political violence,3112,15.8601,25.5013
2017-11-18T00:00:00Z,Northern Africa,Sudan,South Darfur,violence against civilians,Attack,3,3,39498,Political violence,3118,10.9002,24.3019
2017-11-25T00:00:00Z,Northern Africa,Sudan,Central Darfur,violence against civilians,Attack,2,2,24829,Political violence,3107,12.3084,23.2341
2017-11-25T00:00:00Z,Northern Africa,Sudan,Khartoum,violence against civilians,Attack,1,2,646928,Political violence,3111,15.915,33.1352
2017-11-25T00:00:00Z,Northern Africa,Sudan,North Darfur,battles,Armed clash,1,24,3853,Political violence,3112,15.8601,25.5013
2017-12-02T00:00:00Z,Northern Africa,Sudan,Blue Nile,battles,Armed clash,2,11,1879,Political violence,3106,11.0079,34.0954
2017-12-02T00:00:00Z,Northern Africa,Sudan,Central Darfur,violence against civilians,Attack,1,1,76729,Political violence,3107,12.3084,23.2341
2017-12-02T00:00:00Z,Northern Africa,Sudan,North Darfur,explosions/remote violence,Remote explosive/landmine/IED,1,1,13147,Political violence,3112,15.8601,25.5013
2017-12-02T00:00:00Z,Northern Africa,Sudan,North Kordofan,violence against civilians,Attack,1,1,541021,Political violence,3113,14.3894,29.437
2017-12-02T00:00:00Z,Northern Africa,Sudan,West Darfur,violence against civilians,Attack,1,1,1341,Political violence,3120,13.5081,22.7026
2017-12-09T00:00:00Z,Northern Africa,Sudan,Blue Nile,battles,Armed clash,1,1,11,Political violence,3106,11.0079,34.0954
2017-12-09T00:00:00Z,Northern Africa,Sudan,South Darfur,battles,Armed clash,1,10,6432,Political violence,3118,10.9002,24.3019
2017-12-16T00:00:00Z,Northern Africa,Sudan,South Darfur,battles,Armed clash,1,2,40148,Political violence,3118,10.9002,24.3019
2017-12-16T00:00:00Z,Northern Africa,Sudan,West Kordofan,violence against civilians,Attack,2,3,9199,Political violence,3121,11.8686,28.2211
2017-12-30T00:00:00Z,Northern Africa,Sudan,North Darfur,violence against civilians,Attack,2,2,62191,Political violence,3112,15.8601,25.5013
2018-01-06T00:00:00Z,Northern Africa,Sudan,Central Darfur,violence against civilians,Attack,3,1,20986,Political violence,3107,12.3084,23.2341
2018-01-06T00:00:00Z,Northern Africa,Sudan,North Darfur,explosions/remote violence,Remote explosive/landmine/IED,1,1,657813,Political violence,3112,15.8601,25.5013
2018-01-06T00:00:00Z,Northern Africa,Sudan,North Darfur,violence against civilians,Attack,1,1,31423,Political violence,3112,15.8601,25.5013
2018-01-06T00:00:00Z,Northern Africa,Sudan,South Darfur,battles,Armed clash,1,2,38328,Political violence,3118,10.9002,24.3019
2018-01-06T00:00:00Z,Northern Africa,Sudan,South Darfur,violence against civilians,Attack,1,1,42162,Political violence,3118,10.9002,24.3019
2018-01-06T00:00:00Z,Northern Africa,Sudan,South Kordofan,violence against civilians,Attack,1,3,106354,Political violence,3119,11.2289,30.914
2018-01-06T00:00:00Z,Northern Africa,Sudan,West Darfur,riots,Violent demonstration,1,1,213144,Demonstrations,3120,13.5081,22.7026
2018-01-13T00:00:00Z,Northern Africa,Sudan,Central Darfur,battles,Armed clash,3,1,122748,Political violence,3107,12.3084,23.2341
2018-01-13T00:00:00Z,Northern Africa,Sudan,Central Darfur,riots,Violent demonstration,1,1,86090,Demonstrations,3107,12.3084,23.2341
2018-01-20T00:00:00Z,Northern Africa,Sudan,Central Darfur,battles,Armed clash,1,5,100650,Political violence,3107,12.3084,23.2341
2018-01-20T00:00:00Z,Northern Africa,Sudan,East Darfur,battles,Armed clash,1,3,275073,Political violence,3108,11.2299,26.3972
2018-02-03T00:00:00Z,Northern Africa,Sudan,Central Darfur,riots,Mob violence,1,1,20977,Political violence,3107,12.3084,23.2341
2018-02-03T00:00:00Z,Northern Africa,Sudan,North Darfur,violence against civilians,Attack,1,1,110021,Political violence,3112,15.8601,25.5013
2018-02-03T00:00:00Z,Northern Africa,Sudan,South Darfur,battles,Armed clash,1,1,1332538,Political violence,3118,10.9002,24.3019
2018-02-03T00:00:00Z,Northern Africa,Sudan,South Darfur,violence against civilians,Attack,1,1,405,Political violence,3118,10.9002,24.3019
2018-02-10T00:00:00Z,Northern Africa,Sudan,Kassala,violence against civilians,Attack,1,1,503586,Political violence,3110,15.7104,35.5356
2018-02-10T00:00:00Z,Northern Africa,Sudan,West Darfur,violence against civilians,Attack,2,10,16227,Political violence,3120,13.5081,22.7026
2018-02-10T00:00:00Z,Northern Africa,Sudan,West Kordofan,battles,Armed clash,3,46,18302,Political violence,3121,11.8686,28.2211
2018-02-17T00:00:00Z,Northern Africa,Sudan,Blue Nile,battles,Armed clash,2,12,75,Political violence,3106,11.0079,34.0954
2018-02-17T00:00:00Z,Northern Africa,Sudan,North Darfur,violence against civilians,Attack,1,2,707,Political violence,3112,15.8601,25.5013
2018-02-17T00:00:00Z,Northern Africa,Sudan,South Kordofan,violence against civilians,Attack,1,1,788,Political violence,3119,11.2289,30.914
2018-02-17T00:00:00Z,Northern Africa,Sudan,West Kordofan,violence against civilians,Attack,2,6,3164,Political violence,3121,11.8686,28.2211
2018-02-24T00:00:00Z,Northern Africa,Sudan,Central Darfur,explosions/remote violence,Shelling/artillery/missile attack,1,1,2642,Political violence,3107,12.3084,23.2341
2018-02-24T00:00:00Z,Northern Africa,Sudan,North Darfur,violence against civilians,Attack,2,4,141444,Political violence,3112,15.8601,25.5013
2018-03-03T00:00:00Z,Northern Africa,Sudan,River Nile,riots,Violent demonstration,1,1,NA,Demonstrations,3116,18.8347,33.1231
2018-03-03T00:00:00Z,Northern Africa,Sudan,West Darfur,violence against civilians,Attack,1,1,49433,Political violence,3120,13.5081,22.7026
2018-03-10T00:00:00Z,Northern Africa,Sudan,Central Darfur,battles,Armed clash,1,3,26053,Political violence,3107,12.3084,23.2341
2018-03-10T00:00:00Z,Northern Africa,Sudan,North Darfur,violence against civilians,Attack,2,3,19328,Political violence,3112,15.8601,25.5013
2018-03-10T00:00:00Z,Northern Africa,Sudan,South Darfur,battles,Armed clash,2,8,6388,Political violence,3118,10.9002,24.3019
2018-03-17T00:00:00Z,Northern Africa,Sudan,Central Darfur,battles,Armed clash,1,6,4362,Political violence,3107,12.3084,23.2341
2018-03-17T00:00:00Z,Northern Africa,Sudan,Central Darfur,battles,Government regains territory,2,3,1442,Political violence,3107,12.3084,23.2341
2018-03-17T00:00:00Z,Northern Africa,Sudan,Central Darfur,violence against civilians,Attack,2,2,26406,Political violence,3107,12.3084,23.2341
2018-03-17T00:00:00Z,Northern Africa,Sudan,South Darfur,battles,Armed clash,3,11,18559,Political violence,3118,10.9002,24.3019
2018-03-17T00:00:00Z,Northern Africa,Sudan,South Darfur,battles,Government regains territory,3,6,5138,Political violence,3118,10.9002,24.3019
2018-03-17T00:00:00Z,Northern Africa,Sudan,South Darfur,violence against civilians,Attack,1,2,1332538,Political violence,3118,10.9002,24.3019
2018-03-24T00:00:00Z,Northern Africa,Sudan,Central Darfur,battles,Armed clash,1,3,2293,Political violence,3107,12.3084,23.2341
2018-03-24T00:00:00Z,Northern Africa,Sudan,East Darfur,battles,Armed clash,1,10,275073,Political violence,3108,11.2299,26.3972
2018-03-24T00:00:00Z,Northern Africa,Sudan,Kassala,riots,Mob violence,1,3,101181,Political violence,3110,15.7104,35.5356
2018-03-24T00:00:00Z,Northern Africa,Sudan,North Darfur,battles,Armed clash,3,7,35291,Political violence,3112,15.8601,25.5013
2018-03-24T00:00:00Z,Northern Africa,Sudan,North Darfur,violence against civilians,Attack,1,2,601,Political violence,3112,15.8601,25.5013
2018-03-24T00:00:00Z,Northern Africa,Sudan,South Darfur,battles,Armed clash,4,2,21714,Political violence,3118,10.9002,24.3019
2018-03-24T00:00:00Z,Northern Africa,Sudan,South Darfur,explosions/remote violence,Remote explosive/landmine/IED,1,1,3412,Political violence,3118,10.9002,24.3019
2018-03-24T00:00:00Z,Northern Africa,Sudan,South Darfur,violence against civilians,Attack,2,1,8667,Political violence,3118,10.9002,24.3019
2018-03-24T00:00:00Z,Northern Africa,Sudan,West Darfur,battles,Armed clash,1,3,1032,Political violence,3120,13.5081,22.7026
2018-03-31T00:00:00Z,Northern Africa,Sudan,Central Darfur,battles,Armed clash,1,2,2293,Political violence,3107,12.3084,23.2341
2018-03-31T00:00:00Z,Northern Africa,Sudan,North Darfur,battles,Armed clash,1,1,2210,Political violence,3112,15.8601,25.5013
2018-03-31T00:00:00Z,Northern Africa,Sudan,North Darfur,violence against civilians,Attack,2,1,19364,Political violence,3112,15.8601,25.5013
2018-03-31T00:00:00Z,Northern Africa,Sudan,South Darfur,violence against civilians,Attack,1,10,4098,Political violence,3118,10.9002,24.3019
2018-03-31T00:00:00Z,Northern Africa,Sudan,West Darfur,battles,Armed clash,1,2,1032,Political violence,3120,13.5081,22.7026
2018-03-31T00:00:00Z,Northern Africa,Sudan,West Darfur,violence against civilians,Attack,1,11,1032,Political violence,3120,13.5081,22.7026
2018-04-07T00:00:00Z,Northern Africa,Sudan,Central Darfur,battles,Armed clash,1,2,1259,Political violence,3107,12.3084,23.2341
2018-04-07T00:00:00Z,Northern Africa,Sudan,North Darfur,violence against civilians,Attack,2,1,33487,Political violence,3112,15.8601,25.5013
2018-04-07T00:00:00Z,Northern Africa,Sudan,Red Sea,violence against civilians,Attack,1,1,14434,Political violence,3115,20.0739,35.4126
2018-04-07T00:00:00Z,Northern Africa,Sudan,South Darfur,explosions/remote violence,Remote explosive/landmine/IED,1,2,4098,Political violence,3118,10.9002,24.3019
2018-04-07T00:00:00Z,Northern Africa,Sudan,South Darfur,explosions/remote violence,Shelling/artillery/missile attack,1,1,3733,Political violence,3118,10.9002,24.3019
2018-04-14T00:00:00Z,Northern Africa,Sudan,Abyei,violence against civilians,Attack,1,1,18882,Political violence,3104,9.7332,28.4712
2018-04-14T00:00:00Z,Northern Africa,Sudan,Central Darfur,battles,Armed clash,2,27,1455,Political violence,3107,12.3084,23.2341
2018-04-14T00:00:00Z,Northern Africa,Sudan,Central Darfur,violence against civilians,Attack,8,10,3516,Political violence,3107,12.3084,23.2341
2018-04-14T00:00:00Z,Northern Africa,Sudan,North Darfur,violence against civilians,Attack,2,2,2521,Political violence,3112,15.8601,25.5013
2018-04-14T00:00:00Z,Northern Africa,Sudan,South Darfur,violence against civilians,Attack,2,4,139766,Political violence,3118,10.9002,24.3019
2018-04-21T00:00:00Z,Northern Africa,Sudan,Blue Nile,battles,Armed clash,1,8,127,Political violence,3106,11.0079,34.0954
2018-04-21T00:00:00Z,Northern Africa,Sudan,Central Darfur,battles,Armed clash,2,13,3509,Political violence,3107,12.3084,23.2341
2018-04-21T00:00:00Z,Northern Africa,Sudan,North Darfur,violence against civilians,Attack,2,1,32280,Political violence,3112,15.8601,25.5013
2018-04-21T00:00:00Z,Northern Africa,Sudan,West Darfur,violence against civilians,Attack,1,1,9347,Political violence,3120,13.5081,22.7026
2018-04-28T00:00:00Z,Northern Africa,Sudan,Blue Nile,battles,Armed clash,2,8,912,Political violence,3106,11.0079,34.0954
2018-04-28T00:00:00Z,Northern Africa,Sudan,Blue Nile,battles,Government regains territory,1,10,127,Political violence,3106,11.0079,34.0954
2018-04-28T00:00:00Z,Northern Africa,Sudan,South Darfur,violence against civilians,Attack,1,1,915,Political violence,3118,10.9002,24.3019
2018-05-05T00:00:00Z,Northern Africa,Sudan,North Darfur,battles,Armed clash,2,7,111025,Political violence,3112,15.8601,25.5013
2018-05-05T00:00:00Z,Northern Africa,Sudan,South Darfur,battles,Armed clash,3,5,2244,Political violence,3118,10.9002,24.3019
2018-05-05T00:00:00Z,Northern Africa,Sudan,South Kordofan,battles,Armed clash,1,1,24656,Political violence,3119,11.2289,30.914
2018-05-12T00:00:00Z,Northern Africa,Sudan,Abyei,violence against civilians,Attack,1,3,18882,Political violence,3104,9.7332,28.4712
2018-05-12T00:00:00Z,Northern Africa,Sudan,North Darfur,violence against civilians,Attack,1,3,34933,Political violence,3112,15.8601,25.5013
2018-05-19T00:00:00Z,Northern Africa,Sudan,Abyei,battles,Armed clash,1,2,18882,Political violence,3104,9.7332,28.4712
2018-05-19T00:00:00Z,Northern Africa,Sudan,Central Darfur,battles,Armed clash,3,37,101001,Political violence,3107,12.3084,23.2341
2018-05-19T00:00:00Z,Northern Africa,Sudan,Central Darfur,riots,Mob violence,1,1,34128,Political violence,3107,12.3084,23.2341
2018-05-19T00:00:00Z,Northern Africa,Sudan,Central Darfur,violence against civilians,Attack,3,3,139259,Political violence,3107,12.3084,23.2341
2018-05-19T00:00:00Z,Northern Africa,Sudan,South Kordofan,violence against civilians,Attack,1,3,10329,Political violence,3119,11.2289,30.914
2018-05-19T00:00:00Z,Northern Africa,Sudan,West Darfur,riots,Mob violence,1,1,213144,Political violence,3120,13.5081,22.7026
2018-05-26T00:00:00Z,Northern Africa,Sudan,Central Darfur,battles,Armed clash,1,13,351,Political violence,3107,12.3084,23.2341
2018-05-26T00:00:00Z,Northern Africa,Sudan,South Darfur,battles,Armed clash,1,14,169468,Political violence,3118,10.9002,24.3019
2018-05-26T00:00:00Z,Northern Africa,Sudan,South Darfur,explosions/remote violence,Shelling/artillery/missile attack,1,2,169468,Political violence,3118,10.9002,24.3019
2018-05-26T00:00:00Z,Northern Africa,Sudan,South Darfur,violence against civilians,Attack,1,1,42162,Political violence,3118,10.9002,24.3019
2018-06-02T00:00:00Z,Northern Africa,Sudan,South Darfur,battles,Armed clash,2,3,1374700,Political violence,3118,10.9002,24.3019
2018-06-02T00:00:00Z,Northern Africa,Sudan,South Darfur,violence against civilians,Attack,9,16,55495,Political violence,3118,10.9002,24.3019
2018-06-02T00:00:00Z,Northern Africa,Sudan,West Darfur,violence against civilians,Attack,1,1,49433,Political violence,3120,13.5081,22.7026
2018-06-09T00:00:00Z,Northern Africa,Sudan,Central Darfur,battles,Armed clash,9,83,31601,Political violence,3107,12.3084,23.2341
2018-06-09T00:00:00Z,Northern Africa,Sudan,Central Darfur,explosions/remote violence,Shelling/artillery/missile attack,1,3,16681,Political violence,3107,12.3084,23.2341
2018-06-09T00:00:00Z,Northern Africa,Sudan,North Darfur,violence against civilians,Attack,4,1,21138,Political violence,3112,15.8601,25.5013
2018-06-09T00:00:00Z,Northern Africa,Sudan,South Darfur,battles,Armed clash,1,34,156,Political violence,3118,10.9002,24.3019
2018-06-09T00:00:00Z,Northern Africa,Sudan,South Kordofan,battles,Armed clash,4,2,72458,Political violence,3119,11.2289,30.914
2018-06-16T00:00:00Z,Northern Africa,Sudan,Central Darfur,battles,Armed clash,1,4,1455,Political violence,3107,12.3084,23.2341
2018-06-16T00:00:00Z,Northern Africa,Sudan,Central Darfur,violence against civilians,Attack,1,1,26053,Political violence,3107,12.3084,23.2341
2018-06-16T00:00:00Z,Northern Africa,Sudan,South Darfur,violence against civilians,Attack,1,1,3733,Political violence,3118,10.9002,24.3019
2018-06-16T00:00:00Z,Northern Africa,Sudan,South Kordofan,violence against civilians,Attack,2,2,90872,Political violence,3119,11.2289,30.914
2018-06-16T00:00:00Z,Northern Africa,Sudan,West Darfur,violence against civilians,Attack,1,1,4211,Political violence,3120,13.5081,22.7026
2018-06-23T00:00:00Z,Northern Africa,Sudan,Central Darfur,battles,Armed clash,2,79,1799,Political violence,3107,12.3084,23.2341
2018-06-23T00:00:00Z,Northern Africa,Sudan,South Darfur,violence against civilians,Attack,3,3,175050,Political violence,3118,10.9002,24.3019
2018-06-23T00:00:00Z,Northern Africa,Sudan,South Kordofan,violence against civilians,Attack,1,2,335,Political violence,3119,11.2289,30.914
2018-06-30T00:00:00Z,Northern Africa,Sudan,Abyei,violence against civilians,Attack,1,1,18882,Political violence,3104,9.7332,28.4712
2018-06-30T00:00:00Z,Northern Africa,Sudan,Central Darfur,battles,Armed clash,1,46,673,Political violence,3107,12.3084,23.2341
2018-06-30T00:00:00Z,Northern Africa,Sudan,South Darfur,battles,Armed clash,1,3,5773,Political violence,3118,10.9002,24.3019
2018-06-30T00:00:00Z,Northern Africa,Sudan,South Darfur,violence against civilians,Attack,3,4,1340598,Political violence,3118,10.9002,24.3019
2018-06-30T00:00:00Z,Northern Africa,Sudan,South Kordofan,battles,Armed clash,1,1,2741,Political violence,3119,11.2289,30.914
2018-06-30T00:00:00Z,Northern Africa,Sudan,South Kordofan,violence against civilians,Attack,1,2,2741,Political violence,3119,11.2289,30.914
2018-07-07T00:00:00Z,Northern Africa,Sudan,South Darfur,violence against civilians,Attack,2,3,2062,Political violence,3118,10.9002,24.3019
2018-07-14T00:00:00Z,Northern Africa,Sudan,Central Darfur,battles,Armed clash,1,10,16681,Political violence,3107,12.3084,23.2341
2018-07-14T00:00:00Z,Northern Africa,Sudan,Central Darfur,violence against civilians,Attack,5,1,31715,Political violence,3107,12.3084,23.2341
2018-07-14T00:00:00Z,Northern Africa,Sudan,North Darfur,violence against civilians,Attack,2,1,31423,Political violence,3112,15.8601,25.5013
2018-07-14T00:00:00Z,Northern Africa,Sudan,South Kordofan,violence against civilians,Attack,1,1,273,Political violence,3119,11.2289,30.914
2018-07-21T00:00:00Z,Northern Africa,Sudan,Central Darfur,battles,Armed clash,2,11,18136,Political violence,3107,12.3084,23.2341
2018-07-21T00:00:00Z,Northern Africa,Sudan,Central Darfur,violence against civilians,Attack,1,1,319,Political violence,3107,12.3084,23.2341
2018-07-21T00:00:00Z,Northern Africa,Sudan,Gedaref,battles,Armed clash,2,11,7163,Political violence,3109,14.2138,35.0222
2018-07-21T00:00:00Z,Northern Africa,Sudan,South Darfur,battles,Armed clash,3,7,55636,Political violence,3118,10.9002,24.3019
2018-07-21T00:00:00Z,Northern Africa,Sudan,South Darfur,explosions/remote violence,Shelling/artillery/missile attack,1,2,169468,Political violence,3118,10.9002,24.3019
2018-07-21T00:00:00Z,Northern Africa,Sudan,South Darfur,violence against civilians,Attack,2,6,13262,Political violence,3118,10.9002,24.3019
2018-07-28T00:00:00Z,Northern Africa,Sudan,North Darfur,explosions/remote violence,Remote explosive/landmine/IED,1,2,2550,Political violence,3112,15.8601,25.5013
2018-08-04T00:00:00Z,Northern Africa,Sudan,Central Darfur,violence against civilians,Attack,1,2,1792,Political violence,3107,12.3084,23.2341
2018-08-04T00:00:00Z,Northern Africa,Sudan,North Darfur,violence against civilians,Attack,1,1,2550,Political violence,3112,15.8601,25.5013
2018-08-04T00:00:00Z,Northern Africa,Sudan,South Darfur,battles,Armed clash,1,4,4098,Political violence,3118,10.9002,24.3019
2018-08-11T00:00:00Z,Northern Africa,Sudan,Khartoum,violence against civilians,Attack,1,4,372920,Political violence,3111,15.915,33.1352
2018-08-18T00:00:00Z,Northern Africa,Sudan,South Darfur,violence against civilians,Attack,1,1,42162,Political violence,3118,10.9002,24.3019
2018-08-25T00:00:00Z,Northern Africa,Sudan,Central Darfur,violence against civilians,Attack,1,2,100093,Political violence,3107,12.3084,23.2341
2018-08-25T00:00:00Z,Northern Africa,Sudan,East Darfur,violence against civilians,Attack,1,4,NA,Political violence,3108,11.2299,26.3972
2018-08-25T00:00:00Z,Northern Africa,Sudan,North Darfur,violence against civilians,Attack,2,1,3236,Political violence,3112,15.8601,25.5013
2018-08-25T00:00:00Z,Northern Africa,Sudan,South Darfur,battles,Armed clash,1,3,375,Political violence,3118,10.9002,24.3019
2018-09-01T00:00:00Z,Northern Africa,Sudan,Khartoum,violence against civilians,Attack,1,1,372920,Political violence,3111,15.915,33.1352
2018-09-01T00:00:00Z,Northern Africa,Sudan,North Darfur,battles,Armed clash,1,3,57292,Political violence,3112,15.8601,25.5013
2018-09-01T00:00:00Z,Northern Africa,Sudan,North Darfur,violence against civilians,Attack,3,1,2593,Political violence,3112,15.8601,25.5013
2018-09-01T00:00:00Z,Northern Africa,Sudan,Northern,riots,Mob violence,1,1,2457,Political violence,3114,19.3656,29.8955
2018-09-01T00:00:00Z,Northern Africa,Sudan,South Darfur,violence against civilians,Attack,4,3,111225,Political violence,3118,10.9002,24.3019
2018-09-01T00:00:00Z,Northern Africa,Sudan,South Darfur,violence against civilians,Sexual violence,1,1,39613,Political violence,3118,10.9002,24.3019
2018-09-08T00:00:00Z,Northern Africa,Sudan,North Darfur,battles,Armed clash,1,2,31423,Political violence,3112,15.8601,25.5013
2018-09-08T00:00:00Z,Northern Africa,Sudan,South Kordofan,violence against civilians,Attack,1,1,44517,Political violence,3119,11.2289,30.914
2018-09-15T00:00:00Z,Northern Africa,Sudan,South Darfur,battles,Armed clash,9,35,6138,Political violence,3118,10.9002,24.3019
2018-09-22T00:00:00Z,Northern Africa,Sudan,Central Darfur,violence against civilians,Sexual violence,1,1,18867,Political violence,3107,12.3084,23.2341
2018-09-22T00:00:00Z,Northern Africa,Sudan,North Darfur,violence against civilians,Attack,3,2,1529,Political violence,3112,15.8601,25.5013
2018-09-22T00:00:00Z,Northern Africa,Sudan,Sennar,battles,Armed clash,1,2,11149,Political violence,3117,12.9093,34.0815
2018-09-22T00:00:00Z,Northern Africa,Sudan,South Darfur,violence against civilians,Attack,2,1,42203,Political violence,3118,10.9002,24.3019
2018-09-29T00:00:00Z,Northern Africa,Sudan,Central Darfur,explosions/remote violence,Shelling/artillery/missile attack,1,3,3278,Political violence,3107,12.3084,23.2341
2018-09-29T00:00:00Z,Northern Africa,Sudan,North Darfur,explosions/remote violence,Remote explosive/landmine/IED,1,1,31423,Political violence,3112,15.8601,25.5013
2018-09-29T00:00:00Z,Northern Africa,Sudan,South Kordofan,violence against civilians,Attack,1,1,22398,Political violence,3119,11.2289,30.914
2018-10-06T00:00:00Z,Northern Africa,Sudan,Central Darfur,battles,Armed clash,2,4,18136,Political violence,3107,12.3084,23.2341
2018-10-06T00:00:00Z,Northern Africa,Sudan,North Darfur,violence against civilians,Attack,2,1,33705,Political violence,3112,15.8601,25.5013
2018-10-06T00:00:00Z,Northern Africa,Sudan,South Darfur,violence against civilians,Attack,1,1,42162,Political violence,3118,10.9002,24.3019
2018-10-13T00:00:00Z,Northern Africa,Sudan,Central Darfur,battles,Armed clash,1,2,16681,Political violence,3107,12.3084,23.2341
2018-10-13T00:00:00Z,Northern Africa,Sudan,Central Darfur,violence against civilians,Attack,4,28,26692,Political violence,3107,12.3084,23.2341
2018-10-13T00:00:00Z,Northern Africa,Sudan,South Darfur,explosions/remote violence,Shelling/artillery/missile attack,1,2,658,Political violence,3118,10.9002,24.3019
2018-10-13T00:00:00Z,Northern Africa,Sudan,South Darfur,violence against civilians,Attack,8,27,382424,Political violence,3118,10.9002,24.3019
2018-10-20T00:00:00Z,Northern Africa,Sudan,Blue Nile,violence against civilians,Attack,1,1,297156,Political violence,3106,11.0079,34.0954
2018-10-20T00:00:00Z,Northern Africa,Sudan,Central Darfur,battles,Armed clash,2,5,18136,Political violence,3107,12.3084,23.2341
2018-10-20T00:00:00Z,Northern Africa,Sudan,Central Darfur,violence against civilians,Attack,1,2,1455,Political violence,3107,12.3084,23.2341
2018-10-20T00:00:00Z,Northern Africa,Sudan,Gedaref,violence against civilians,Attack,1,1,659822,Political violence,3109,14.2138,35.0222
2018-10-20T00:00:00Z,Northern Africa,Sudan,North Darfur,violence against civilians,Attack,2,1,3052,Political violence,3112,15.8601,25.5013
2018-10-20T00:00:00Z,Northern Africa,Sudan,North Darfur,violence against civilians,Sexual violence,1,1,2841,Political violence,3112,15.8601,25.5013
2018-10-20T00:00:00Z,Northern Africa,Sudan,North Kordofan,violence against civilians,Attack,1,1,545074,Political violence,3113,14.3894,29.437
2018-10-20T00:00:00Z,Northern Africa,Sudan,South Darfur,violence against civilians,Attack,2,2,37972,Political violence,3118,10.9002,24.3019
2018-10-27T00:00:00Z,Northern Africa,Sudan,Central Darfur,battles,Armed clash,1,2,4446,Political violence,3107,12.3084,23.2341
2018-10-27T00:00:00Z,Northern Africa,Sudan,Central Darfur,violence against civilians,Attack,1,1,123,Political violence,3107,12.3084,23.2341
2018-10-27T00:00:00Z,Northern Africa,Sudan,West Darfur,battles,Armed clash,1,1,2035,Political violence,3120,13.5081,22.7026
2018-11-03T00:00:00Z,Northern Africa,Sudan,Gedaref,violence against civilians,Attack,1,1,103476,Political violence,3109,14.2138,35.0222
2018-11-03T00:00:00Z,Northern Africa,Sudan,Khartoum,violence against civilians,Attack,1,1,372920,Political violence,3111,15.915,33.1352
2018-11-03T00:00:00Z,Northern Africa,Sudan,West Kordofan,violence against civilians,Attack,1,3,153317,Political violence,3121,11.8686,28.2211
2018-11-10T00:00:00Z,Northern Africa,Sudan,Abyei,battles,Armed clash,1,1,20438,Political violence,3104,9.7332,28.4712
2018-11-10T00:00:00Z,Northern Africa,Sudan,Central Darfur,battles,Armed clash,2,3,8596,Political violence,3107,12.3084,23.2341
2018-11-10T00:00:00Z,Northern Africa,Sudan,Central Darfur,violence against civilians,Attack,2,2,21046,Political violence,3107,12.3084,23.2341
2018-11-10T00:00:00Z,Northern Africa,Sudan,North Darfur,violence against civilians,Attack,2,1,395,Political violence,3112,15.8601,25.5013
2018-11-10T00:00:00Z,Northern Africa,Sudan,South Darfur,battles,Non-state actor overtakes territory,1,7,3412,Political violence,3118,10.9002,24.3019
2018-11-10T00:00:00Z,Northern Africa,Sudan,South Darfur,explosions/remote violence,Shelling/artillery/missile attack,3,3,3733,Political violence,3118,10.9002,24.3019
2018-11-10T00:00:00Z,Northern Africa,Sudan,South Darfur,violence against civilians,Attack,1,5,3733,Political violence,3118,10.9002,24.3019
2018-11-17T00:00:00Z,Northern Africa,Sudan,Central Darfur,battles,Armed clash,2,15,1455,Political violence,3107,12.3084,23.2341
2018-11-17T00:00:00Z,Northern Africa,Sudan,Central Darfur,explosions/remote violence,Air/drone strike,2,1,1987,Political violence,3107,12.3084,23.2341
2018-11-17T00:00:00Z,Northern Africa,Sudan,South Darfur,battles,Armed clash,1,2,42162,Political violence,3118,10.9002,24.3019
2018-11-24T00:00:00Z,Northern Africa,Sudan,Gedaref,violence against civilians,Attack,1,1,3203,Political violence,3109,14.2138,35.0222
2018-11-24T00:00:00Z,Northern Africa,Sudan,South Darfur,battles,Armed clash,3,20,4911,Political violence,3118,10.9002,24.3019
2018-12-01T00:00:00Z,Northern Africa,Sudan,Blue Nile,battles,Armed clash,1,7,127,Political violence,3106,11.0079,34.0954
2018-12-01T00:00:00Z,Northern Africa,Sudan,Central Darfur,battles,Armed clash,1,1,100093,Political violence,3107,12.3084,23.2341
2018-12-01T00:00:00Z,Northern Africa,Sudan,North Kordofan,violence against civilians,Attack,1,1,545074,Political violence,3113,14.3894,29.437
2018-12-01T00:00:00Z,Northern Africa,Sudan,South Darfur,violence against civilians,Attack,1,1,42162,Political violence,3118,10.9002,24.3019
2018-12-01T00:00:00Z,Northern Africa,Sudan,South Kordofan,violence against civilians,Attack,1,1,1951,Political violence,3119,11.2289,30.914
2018-12-01T00:00:00Z,Northern Africa,Sudan,West Darfur,violence against civilians,Attack,2,5,10588,Political violence,3120,13.5081,22.7026
2018-12-08T00:00:00Z,Northern Africa,Sudan,Central Darfur,explosions/remote violence,Shelling/artillery/missile attack,1,3,383,Political violence,3107,12.3084,23.2341
2018-12-08T00:00:00Z,Northern Africa,Sudan,Central Darfur,violence against civilians,Attack,1,16,1455,Political violence,3107,12.3084,23.2341
2018-12-08T00:00:00Z,Northern Africa,Sudan,South Darfur,violence against civilians,Attack,1,1,14382,Political violence,3118,10.9002,24.3019
2018-12-08T00:00:00Z,Northern Africa,Sudan,South Kordofan,battles,Armed clash,1,1,1951,Political violence,3119,11.2289,30.914
2018-12-08T00:00:00Z,Northern Africa,Sudan,South Kordofan,violence against civilians,Attack,1,1,106354,Political violence,3119,11.2289,30.914
2018-12-15T00:00:00Z,Northern Africa,Sudan,Central Darfur,battles,Armed clash,1,2,1455,Political violence,3107,12.3084,23.2341
2018-12-15T00:00:00Z,Northern Africa,Sudan,Gedaref,riots,Violent demonstration,1,12,217969,Demonstrations,3109,14.2138,35.0222
2018-12-15T00:00:00Z,Northern Africa,Sudan,Northern,protests,Excessive force against protesters,1,2,1575,Political violence; Demonstrations,3114,19.3656,29.8955
2018-12-15T00:00:00Z,Northern Africa,Sudan,River Nile,riots,Violent demonstration,5,6,112322,Demonstrations,3116,18.8347,33.1231
2018-12-15T00:00:00Z,Northern Africa,Sudan,South Kordofan,protests,Excessive force against protesters,1,1,24209,Political violence; Demonstrations,3119,11.2289,30.914
2018-12-15T00:00:00Z,Northern Africa,Sudan,South Kordofan,violence against civilians,Attack,1,2,44517,Political violence,3119,11.2289,30.914
2018-12-22T00:00:00Z,Northern Africa,Sudan,Al Jazirah,protests,Excessive force against protesters,1,2,50175,Political violence; Demonstrations,3105,14.6593,33.2294
2018-12-22T00:00:00Z,Northern Africa,Sudan,Khartoum,violence against civilians,Attack,2,1,293670,Political violence,3111,15.915,33.1352
2018-12-22T00:00:00Z,Northern Africa,Sudan,South Kordofan,violence against civilians,Attack,1,2,13439,Political violence,3119,11.2289,30.914
2018-12-29T00:00:00Z,Northern Africa,Sudan,Central Darfur,battles,Armed clash,1,3,466,Political violence,3107,12.3084,23.2341
2018-12-29T00:00:00Z,Northern Africa,Sudan,Khartoum,protests,Excessive force against protesters,1,4,17123,Political violence; Demonstrations,3111,15.915,33.1352
2019-01-05T00:00:00Z,Northern Africa,Sudan,Khartoum,protests,Excessive force against protesters,2,3,37770,Political violence; Demonstrations,3111,15.915,33.1352
2019-01-12T00:00:00Z,Northern Africa,Sudan,Central Darfur,battles,Armed clash,2,9,7031,Political violence,3107,12.3084,23.2341
2019-01-12T00:00:00Z,Northern Africa,Sudan,Khartoum,protests,Excessive force against protesters,5,7,143321,Political violence; Demonstrations,3111,15.915,33.1352
2019-01-12T00:00:00Z,Northern Africa,Sudan,North Darfur,violence against civilians,Attack,1,1,76721,Political violence,3112,15.8601,25.5013
2019-01-12T00:00:00Z,Northern Africa,Sudan,South Darfur,violence against civilians,Attack,2,1,345490,Political violence,3118,10.9002,24.3019
2019-01-12T00:00:00Z,Northern Africa,Sudan,West Darfur,battles,Armed clash,4,24,2802,Political violence,3120,13.5081,22.7026
2019-01-12T00:00:00Z,Northern Africa,Sudan,West Kordofan,protests,Excessive force against protesters,2,1,65814,Political violence; Demonstrations,3121,11.8686,28.2211
2019-01-19T00:00:00Z,Northern Africa,Sudan,Central Darfur,riots,Mob violence,1,1,11151,Political violence,3107,12.3084,23.2341
2019-01-19T00:00:00Z,Northern Africa,Sudan,Khartoum,protests,Excessive force against protesters,7,2,103737,Political violence; Demonstrations,3111,15.915,33.1352
2019-01-19T00:00:00Z,Northern Africa,Sudan,North Darfur,violence against civilians,Attack,2,2,33915,Political violence,3112,15.8601,25.5013
2019-01-19T00:00:00Z,Northern Africa,Sudan,Red Sea,battles,Armed clash,1,1,577846,Political violence,3115,20.0739,35.4126
2019-01-19T00:00:00Z,Northern Africa,Sudan,West Darfur,violence against civilians,Attack,1,2,1001,Political violence,3120,13.5081,22.7026
2019-01-26T00:00:00Z,Northern Africa,Sudan,Central Darfur,battles,Armed clash,4,10,8118,Political violence,3107,12.3084,23.2341
2019-01-26T00:00:00Z,Northern Africa,Sudan,Kassala,violence against civilians,Attack,1,1,517735,Political violence,3110,15.7104,35.5356
2019-02-02T00:00:00Z,Northern Africa,Sudan,North Darfur,violence against civilians,Attack,2,6,664113,Political violence,3112,15.8601,25.5013
2019-02-09T00:00:00Z,Northern Africa,Sudan,Central Darfur,battles,Armed clash,4,12,7949,Political violence,3107,12.3084,23.2341
2019-02-09T00:00:00Z,Northern Africa,Sudan,Central Darfur,violence against civilians,Attack,1,2,1496,Political violence,3107,12.3084,23.2341
2019-02-16T00:00:00Z,Northern Africa,Sudan,Abyei,battles,Armed clash,1,1,19870,Political violence,3104,9.7332,28.4712
2019-02-16T00:00:00Z,Northern Africa,Sudan,Central Darfur,battles,Armed clash,1,2,3266,Political violence,3107,12.3084,23.2341
2019-02-16T00:00:00Z,Northern Africa,Sudan,Khartoum,protests,Excessive force against protesters,1,1,41205,Political violence; Demonstrations,3111,15.915,33.1352
2019-02-23T00:00:00Z,Northern Africa,Sudan,Central Darfur,battles,Armed clash,2,9,4890,Political violence,3107,12.3084,23.2341
2019-02-23T00:00:00Z,Northern Africa,Sudan,Central Darfur,violence against civilians,Attack,1,2,1496,Political violence,3107,12.3084,23.2341
2019-02-23T00:00:00Z,Northern Africa,Sudan,West Darfur,battles,Armed clash,1,3,1650,Political violence,3120,13.5081,22.7026
2019-03-02T00:00:00Z,Northern Africa,Sudan,Central Darfur,battles,Armed clash,2,4,3266,Political violence,3107,12.3084,23.2341
2019-03-09T00:00:00Z,Northern Africa,Sudan,Central Darfur,battles,Armed clash,3,10,5002,Political violence,3107,12.3084,23.2341
2019-03-09T00:00:00Z,Northern Africa,Sudan,Central Darfur,violence against civilians,Attack,1,1,1496,Political violence,3107,12.3084,23.2341
2019-03-09T00:00:00Z,Northern Africa,Sudan,Gedaref,violence against civilians,Attack,1,2,3145,Political violence,3109,14.2138,35.0222
2019-03-09T00:00:00Z,Northern Africa,Sudan,Khartoum,protests,Excessive force against protesters,1,1,17842,Political violence; Demonstrations,3111,15.915,33.1352
2019-03-09T00:00:00Z,Northern Africa,Sudan,North Darfur,violence against civilians,Attack,1,1,60559,Political violence,3112,15.8601,25.5013
2019-03-09T00:00:00Z,Northern Africa,Sudan,South Darfur,violence against civilians,Attack,1,1,1364396,Political violence,3118,10.9002,24.3019
2019-03-09T00:00:00Z,Northern Africa,Sudan,West Darfur,battles,Armed clash,2,8,424728,Political violence,3120,13.5081,22.7026
2019-03-09T00:00:00Z,Northern Africa,Sudan,West Darfur,violence against civilians,Attack,1,3,423724,Political violence,3120,13.5081,22.7026
2019-03-16T00:00:00Z,Northern Africa,Sudan,Central Darfur,battles,Armed clash,1,2,3218,Political violence,3107,12.3084,23.2341
2019-03-16T00:00:00Z,Northern Africa,Sudan,North Darfur,violence against civilians,Attack,2,1,3386,Political violence,3112,15.8601,25.5013
2019-03-16T00:00:00Z,Northern Africa,Sudan,South Darfur,violence against civilians,Attack,2,1,136495,Political violence,3118,10.9002,24.3019
2019-03-16T00:00:00Z,Northern Africa,Sudan,South Kordofan,explosions/remote violence,Remote explosive/landmine/IED,1,2,9636,Political violence,3119,11.2289,30.914
2019-03-23T00:00:00Z,Northern Africa,Sudan,Central Darfur,battles,Armed clash,3,8,4762,Political violence,3107,12.3084,23.2341
2019-03-23T00:00:00Z,Northern Africa,Sudan,East Darfur,violence against civilians,Attack,1,2,796,Political violence,3108,11.2299,26.3972
2019-03-23T00:00:00Z,Northern Africa,Sudan,Khartoum,explosions/remote violence,Remote explosive/landmine/IED,1,8,387983,Political violence,3111,15.915,33.1352
2019-03-23T00:00:00Z,Northern Africa,Sudan,Khartoum,protests,Excessive force against protesters,1,1,41205,Political violence; Demonstrations,3111,15.915,33.1352
2019-03-30T00:00:00Z,Northern Africa,Sudan,Abyei,violence against civilians,Attack,1,2,3241,Political violence,3104,9.7332,28.4712
2019-03-30T00:00:00Z,Northern Africa,Sudan,North Darfur,violence against civilians,Attack,1,1,533,Political violence,3112,15.8601,25.5013
2019-04-06T00:00:00Z,Northern Africa,Sudan,Al Jazirah,protests,Excessive force against protesters,1,2,72890,Political violence; Demonstrations,3105,14.6593,33.2294
2019-04-06T00:00:00Z,Northern Africa,Sudan,Central Darfur,battles,Armed clash,1,1,176629,Political violence,3107,12.3084,23.2341
2019-04-06T00:00:00Z,Northern Africa,Sudan,Central Darfur,protests,Excessive force against protesters,1,6,33772,Political violence; Demonstrations,3107,12.3084,23.2341
2019-04-06T00:00:00Z,Northern Africa,Sudan,Khartoum,battles,Armed clash,2,4,505775,Political violence,3111,15.915,33.1352
2019-04-06T00:00:00Z,Northern Africa,Sudan,Khartoum,protests,Excessive force against protesters,3,3,42390,Political violence; Demonstrations,3111,15.915,33.1352
2019-04-06T00:00:00Z,Northern Africa,Sudan,Khartoum,riots,Violent demonstration,1,5,103582,Demonstrations,3111,15.915,33.1352
2019-04-06T00:00:00Z,Northern Africa,Sudan,North Darfur,riots,Violent demonstration,1,1,222674,Demonstrations,3112,15.8601,25.5013
2019-04-06T00:00:00Z,Northern Africa,Sudan,North Kordofan,protests,Excessive force against protesters,1,1,49096,Political violence; Demonstrations,3113,14.3894,29.437
2019-04-06T00:00:00Z,Northern Africa,Sudan,River Nile,protests,Excessive force against protesters,1,1,24794,Political violence; Demonstrations,3116,18.8347,33.1231
2019-04-06T00:00:00Z,Northern Africa,Sudan,South Darfur,protests,Excessive force against protesters,2,1,125793,Political violence; Demonstrations,3118,10.9002,24.3019
2019-04-13T00:00:00Z,Northern Africa,Sudan,South Darfur,battles,Armed clash,1,16,59605,Political violence,3118,10.9002,24.3019
2019-04-13T00:00:00Z,Northern Africa,Sudan,South Kordofan,battles,Armed clash,4,14,113295,Political violence,3119,11.2289,30.914
2019-04-20T00:00:00Z,Northern Africa,Sudan,South Kordofan,battles,Armed clash,3,9,119586,Political violence,3119,11.2289,30.914
2019-04-20T00:00:00Z,Northern Africa,Sudan,South Kordofan,violence against civilians,Attack,2,2,12263,Political violence,3119,11.2289,30.914
2019-04-27T00:00:00Z,Northern Africa,Sudan,South Kordofan,violence against civilians,Attack,1,1,11327,Political violence,3119,11.2289,30.914
2019-05-04T00:00:00Z,Northern Africa,Sudan,Blue Nile,battles,Armed clash,1,2,198,Political violence,3106,11.0079,34.0954
2019-05-04T00:00:00Z,Northern Africa,Sudan,Central Darfur,violence against civilians,Attack,1,1,3218,Political violence,3107,12.3084,23.2341
2019-05-04T00:00:00Z,Northern Africa,Sudan,Khartoum,battles,Armed clash,1,9,505775,Political violence,3111,15.915,33.1352
2019-05-04T00:00:00Z,Northern Africa,Sudan,South Darfur,riots,Violent demonstration,1,1,345490,Demonstrations,3118,10.9002,24.3019
2019-05-11T00:00:00Z,Northern Africa,Sudan,Gedaref,battles,Armed clash,2,7,689001,Political violence,3109,14.2138,35.0222
2019-05-11T00:00:00Z,Northern Africa,Sudan,Khartoum,protests,Excessive force against protesters,3,6,17842,Political violence; Demonstrations,3111,15.915,33.1352
2019-05-18T00:00:00Z,Northern Africa,Sudan,South Darfur,violence against civilians,Attack,1,1,2304,Political violence,3118,10.9002,24.3019
2019-05-25T00:00:00Z,Northern Africa,Sudan,Khartoum,battles,Armed clash,1,1,505775,Political violence,3111,15.915,33.1352
2019-05-25T00:00:00Z,Northern Africa,Sudan,Khartoum,protests,Excessive force against protesters,1,2,17842,Political violence; Demonstrations,3111,15.915,33.1352
2019-05-25T00:00:00Z,Northern Africa,Sudan,North Darfur,violence against civilians,Attack,1,2,1214,Political violence,3112,15.8601,25.5013
2019-05-25T00:00:00Z,Northern Africa,Sudan,South Darfur,violence against civilians,Attack,2,1,6522,Political violence,3118,10.9002,24.3019
2019-06-01T00:00:00Z,Northern Africa,Sudan,Abyei,violence against civilians,Attack,1,2,19870,Political violence,3104,9.7332,28.4712
2019-06-01T00:00:00Z,Northern Africa,Sudan,Central Darfur,battles,Armed clash,6,2,13924,Political violence,3107,12.3084,23.2341
2019-06-01T00:00:00Z,Northern Africa,Sudan,East Darfur,battles,Armed clash,2,5,2031,Political violence,3108,11.2299,26.3972
2019-06-01T00:00:00Z,Northern Africa,Sudan,Gedaref,violence against civilians,Attack,1,6,689001,Political violence,3109,14.2138,35.0222
2019-06-01T00:00:00Z,Northern Africa,Sudan,Khartoum,protests,Excessive force against protesters,2,103,42390,Political violence; Demonstrations,3111,15.915,33.1352
2019-06-01T00:00:00Z,Northern Africa,Sudan,Khartoum,riots,Violent demonstration,2,12,103582,Demonstrations,3111,15.915,33.1352
2019-06-01T00:00:00Z,Northern Africa,Sudan,Khartoum,violence against civilians,Attack,1,4,387983,Political violence,3111,15.915,33.1352
2019-06-01T00:00:00Z,Northern Africa,Sudan,Khartoum,violence against civilians,Sexual violence,1,5,406000,Political violence,3111,15.915,33.1352
2019-06-01T00:00:00Z,Northern Africa,Sudan,Red Sea,riots,Violent demonstration,1,4,126879,Demonstrations,3115,20.0739,35.4126
2019-06-01T00:00:00Z,Northern Africa,Sudan,South Darfur,battles,Armed clash,1,5,59605,Political violence,3118,10.9002,24.3019
2019-06-01T00:00:00Z,Northern Africa,Sudan,West Darfur,protests,Excessive force against protesters,1,3,4239,Political violence; Demonstrations,3120,13.5081,22.7026
2019-06-01T00:00:00Z,Northern Africa,Sudan,West Kordofan,protests,Excessive force against protesters,1,1,42015,Political violence; Demonstrations,3121,11.8686,28.2211
2019-06-01T00:00:00Z,Northern Africa,Sudan,White Nile,protests,Excessive force against protesters,1,4,23912,Political violence; Demonstrations,3122,13.5895,32.3521
2019-06-08T00:00:00Z,Northern Africa,Sudan,Central Darfur,violence against civilians,Attack,2,17,19619,Political violence,3107,12.3084,23.2341
2019-06-08T00:00:00Z,Northern Africa,Sudan,Khartoum,protests,Excessive force against protesters,2,4,61133,Political violence; Demonstrations,3111,15.915,33.1352
2019-06-15T00:00:00Z,Northern Africa,Sudan,West Darfur,violence against civilians,Attack,1,1,423724,Political violence,3120,13.5081,22.7026
2019-06-22T00:00:00Z,Northern Africa,Sudan,South Kordofan,violence against civilians,Attack,1,1,2895,Political violence,3119,11.2289,30.914
2019-06-29T00:00:00Z,Northern Africa,Sudan,Abyei,violence against civilians,Attack,1,1,4410,Political violence,3104,9.7332,28.4712
2019-06-29T00:00:00Z,Northern Africa,Sudan,Central Darfur,battles,Armed clash,1,2,3266,Political violence,3107,12.3084,23.2341
2019-06-29T00:00:00Z,Northern Africa,Sudan,Gedaref,protests,Excessive force against protesters,1,1,52674,Political violence; Demonstrations,3109,14.2138,35.0222
2019-06-29T00:00:00Z,Northern Africa,Sudan,Khartoum,protests,Excessive force against protesters,1,9,24548,Political violence; Demonstrations,3111,15.915,33.1352
2019-06-29T00:00:00Z,Northern Africa,Sudan,River Nile,protests,Excessive force against protesters,2,1,24794,Political violence; Demonstrations,3116,18.8347,33.1231
2019-07-06T00:00:00Z,Northern Africa,Sudan,North Darfur,explosions/remote violence,Remote explosive/landmine/IED,1,1,550,Political violence,3112,15.8601,25.5013
2019-07-06T00:00:00Z,Northern Africa,Sudan,South Darfur,violence against civilians,Attack,1,1,2304,Political violence,3118,10.9002,24.3019
2019-07-13T00:00:00Z,Northern Africa,Sudan,Abyei,battles,Armed clash,1,7,19870,Political violence,3104,9.7332,28.4712
2019-07-13T00:00:00Z,Northern Africa,Sudan,East Darfur,violence against civilians,Attack,1,1,285297,Political violence,3108,11.2299,26.3972
2019-07-13T00:00:00Z,Northern Africa,Sudan,North Darfur,battles,Armed clash,1,10,869,Political violence,3112,15.8601,25.5013
2019-07-13T00:00:00Z,Northern Africa,Sudan,North Darfur,violence against civilians,Attack,2,2,1525,Political violence,3112,15.8601,25.5013
2019-07-13T00:00:00Z,Northern Africa,Sudan,Sennar,protests,Excessive force against protesters,1,2,15463,Political violence; Demonstrations,3117,12.9093,34.0815
2019-07-20T00:00:00Z,Northern Africa,Sudan,Central Darfur,battles,Armed clash,1,10,667,Political violence,3107,12.3084,23.2341
2019-07-20T00:00:00Z,Northern Africa,Sudan,Central Darfur,explosions/remote violence,Shelling/artillery/missile attack,1,4,2590,Political violence,3107,12.3084,23.2341
2019-07-20T00:00:00Z,Northern Africa,Sudan,North Darfur,violence against civilians,Attack,5,6,85220,Political violence,3112,15.8601,25.5013
2019-07-20T00:00:00Z,Northern Africa,Sudan,South Darfur,violence against civilians,Attack,1,5,173906,Political violence,3118,10.9002,24.3019
2019-07-20T00:00:00Z,Northern Africa,Sudan,South Kordofan,battles,Armed clash,1,1,8187,Political violence,3119,11.2289,30.914
2019-07-20T00:00:00Z,Northern Africa,Sudan,South Kordofan,violence against civilians,Attack,1,1,111848,Political violence,3119,11.2289,30.914
2019-07-27T00:00:00Z,Northern Africa,Sudan,Khartoum,protests,Excessive force against protesters,2,4,24548,Political violence; Demonstrations,3111,15.915,33.1352
2019-07-27T00:00:00Z,Northern Africa,Sudan,North Kordofan,protests,Excessive force against protesters,1,5,49096,Political violence; Demonstrations,3113,14.3894,29.437
2019-08-03T00:00:00Z,Northern Africa,Sudan,Khartoum,violence against civilians,Attack,1,1,387983,Political violence,3111,15.915,33.1352
2019-08-03T00:00:00Z,Northern Africa,Sudan,Northern,protests,Excessive force against protesters,1,1,9317,Political violence; Demonstrations,3114,19.3656,29.8955
2019-08-10T00:00:00Z,Northern Africa,Sudan,North Darfur,violence against civilians,Attack,2,4,1505,Political violence,3112,15.8601,25.5013
2019-08-17T00:00:00Z,Northern Africa,Sudan,Abyei,battles,Armed clash,1,1,2315,Political violence,3104,9.7332,28.4712
2019-08-17T00:00:00Z,Northern Africa,Sudan,Central Darfur,violence against civilians,Attack,4,5,1521,Political violence,3107,12.3084,23.2341
2019-08-17T00:00:00Z,Northern Africa,Sudan,Red Sea,battles,Armed clash,3,28,577846,Political violence,3115,20.0739,35.4126
2019-08-17T00:00:00Z,Northern Africa,Sudan,West Darfur,explosions/remote violence,Remote explosive/landmine/IED,1,2,51345,Political violence,3120,13.5081,22.7026
2019-08-24T00:00:00Z,Northern Africa,Sudan,Red Sea,battles,Armed clash,3,10,577846,Political violence,3115,20.0739,35.4126
2019-08-31T00:00:00Z,Northern Africa,Sudan,Central Darfur,violence against civilians,Attack,1,1,18419,Political violence,3107,12.3084,23.2341
2019-09-14T00:00:00Z,Northern Africa,Sudan,North Darfur,violence against civilians,Attack,1,1,90,Political violence,3112,15.8601,25.5013
2019-09-14T00:00:00Z,Northern Africa,Sudan,South Darfur,battles,Armed clash,1,1,363,Political violence,3118,10.9002,24.3019
2019-09-14T00:00:00Z,Northern Africa,Sudan,South Darfur,riots,Violent demonstration,2,3,37449,Demonstrations,3118,10.9002,24.3019
2019-09-14T00:00:00Z,Northern Africa,Sudan,South Darfur,violence against civilians,Attack,5,12,83391,Political violence,3118,10.9002,24.3019
2019-09-14T00:00:00Z,Northern Africa,Sudan,South Kordofan,battles,Armed clash,1,2,255,Political violence,3119,11.2289,30.914
2019-09-14T00:00:00Z,Northern Africa,Sudan,South Kordofan,violence against civilians,Attack,2,3,793,Political violence,3119,11.2289,30.914
2019-09-28T00:00:00Z,Northern Africa,Sudan,Central Darfur,battles,Armed clash,1,10,2590,Political violence,3107,12.3084,23.2341
2019-09-28T00:00:00Z,Northern Africa,Sudan,Central Darfur,violence against civilians,Attack,3,1,938,Political violence,3107,12.3084,23.2341
2019-09-28T00:00:00Z,Northern Africa,Sudan,South Darfur,protests,Excessive force against protesters,1,3,306,Political violence; Demonstrations,3118,10.9002,24.3019
2019-09-28T00:00:00Z,Northern Africa,Sudan,South Darfur,violence against civilians,Attack,1,1,1513,Political violence,3118,10.9002,24.3019
2019-09-28T00:00:00Z,Northern Africa,Sudan,South Kordofan,riots,Violent demonstration,1,4,9553,Demonstrations,3119,11.2289,30.914
2019-10-05T00:00:00Z,Northern Africa,Sudan,South Darfur,violence against civilians,Attack,1,2,39666,Political violence,3118,10.9002,24.3019
2019-10-12T00:00:00Z,Northern Africa,Sudan,North Darfur,violence against civilians,Attack,1,1,3657,Political violence,3112,15.8601,25.5013
2019-10-19T00:00:00Z,Northern Africa,Sudan,South Darfur,violence against civilians,Attack,4,1,404960,Political violence,3118,10.9002,24.3019
2019-10-26T00:00:00Z,Northern Africa,Sudan,Abyei,violence against civilians,Attack,1,1,19870,Political violence,3104,9.7332,28.4712
2019-10-26T00:00:00Z,Northern Africa,Sudan,North Darfur,violence against civilians,Attack,6,11,53004,Political violence,3112,15.8601,25.5013
2019-10-26T00:00:00Z,Northern Africa,Sudan,South Darfur,riots,Mob violence,1,1,5561,Political violence,3118,10.9002,24.3019
2019-10-26T00:00:00Z,Northern Africa,Sudan,South Darfur,violence against civilians,Attack,2,1,31928,Political violence,3118,10.9002,24.3019
2019-11-02T00:00:00Z,Northern Africa,Sudan,Abyei,violence against civilians,Attack,2,9,956,Political violence,3104,9.7332,28.4712
2019-11-02T00:00:00Z,Northern Africa,Sudan,South Kordofan,battles,Armed clash,2,8,8187,Political violence,3119,11.2289,30.914
2019-11-09T00:00:00Z,Northern Africa,Sudan,Central Darfur,violence against civilians,Attack,2,4,1649,Political violence,3107,12.3084,23.2341
2019-11-09T00:00:00Z,Northern Africa,Sudan,Northern,strategic developments,Other,1,3,NA,Strategic developments,3114,19.3656,29.8955
2019-11-09T00:00:00Z,Northern Africa,Sudan,White Nile,violence against civilians,Attack,2,2,36872,Political violence,3122,13.5895,32.3521
2019-11-16T00:00:00Z,Northern Africa,Sudan,Khartoum,riots,Violent demonstration,1,1,148027,Demonstrations,3111,15.915,33.1352
2019-11-16T00:00:00Z,Northern Africa,Sudan,Red Sea,battles,Armed clash,2,6,577846,Political violence,3115,20.0739,35.4126
2019-11-16T00:00:00Z,Northern Africa,Sudan,South Kordofan,violence against civilians,Attack,4,1,27706,Political violence,3119,11.2289,30.914
2019-11-23T00:00:00Z,Northern Africa,Sudan,Abyei,violence against civilians,Attack,1,2,213,Political violence,3104,9.7332,28.4712
2019-11-23T00:00:00Z,Northern Africa,Sudan,North Darfur,violence against civilians,Attack,4,1,141119,Political violence,3112,15.8601,25.5013
2019-11-23T00:00:00Z,Northern Africa,Sudan,West Darfur,battles,Armed clash,1,1,5468,Political violence,3120,13.5081,22.7026
2019-11-23T00:00:00Z,Northern Africa,Sudan,West Darfur,violence against civilians,Attack,3,1,9437,Political violence,3120,13.5081,22.7026
2019-11-30T00:00:00Z,Northern Africa,Sudan,Central Darfur,violence against civilians,Attack,4,6,36789,Political violence,3107,12.3084,23.2341
2019-11-30T00:00:00Z,Northern Africa,Sudan,North Darfur,violence against civilians,Attack,2,1,1168,Political violence,3112,15.8601,25.5013
2019-11-30T00:00:00Z,Northern Africa,Sudan,South Darfur,battles,Armed clash,1,4,173906,Political violence,3118,10.9002,24.3019
2019-11-30T00:00:00Z,Northern Africa,Sudan,South Darfur,violence against civilians,Attack,2,1,174347,Political violence,3118,10.9002,24.3019
2019-11-30T00:00:00Z,Northern Africa,Sudan,South Kordofan,violence against civilians,Attack,1,1,196,Political violence,3119,11.2289,30.914
2019-11-30T00:00:00Z,Northern Africa,Sudan,West Darfur,violence against civilians,Attack,3,1,29788,Political violence,3120,13.5081,22.7026
2019-12-07T00:00:00Z,Northern Africa,Sudan,Abyei,violence against civilians,Attack,1,3,213,Political violence,3104,9.7332,28.4712
2019-12-07T00:00:00Z,Northern Africa,Sudan,Gedaref,violence against civilians,Attack,1,1,3302,Political violence,3109,14.2138,35.0222
2019-12-07T00:00:00Z,Northern Africa,Sudan,North Darfur,battles,Armed clash,2,3,32404,Political violence,3112,15.8601,25.5013
2019-12-14T00:00:00Z,Northern Africa,Sudan,Gedaref,violence against civilians,Attack,1,3,1634,Political violence,3109,14.2138,35.0222
2019-12-14T00:00:00Z,Northern Africa,Sudan,North Darfur,violence against civilians,Attack,3,6,8903,Political violence,3112,15.8601,25.5013
2019-12-14T00:00:00Z,Northern Africa,Sudan,West Darfur,violence against civilians,Attack,1,1,51345,Political violence,3120,13.5081,22.7026
2019-12-21T00:00:00Z,Northern Africa,Sudan,Gedaref,violence against civilians,Attack,1,1,2165,Political violence,3109,14.2138,35.0222
2019-12-21T00:00:00Z,Northern Africa,Sudan,South Darfur,violence against civilians,Attack,1,1,43821,Political violence,3118,10.9002,24.3019
2019-12-21T00:00:00Z,Northern Africa,Sudan,West Darfur,violence against civilians,Attack,1,2,2803,Political violence,3120,13.5081,22.7026
2019-12-28T00:00:00Z,Northern Africa,Sudan,Khartoum,protests,Excessive force against protesters,1,1,24548,Political violence; Demonstrations,3111,15.915,33.1352
2019-12-28T00:00:00Z,Northern Africa,Sudan,Red Sea,battles,Armed clash,2,8,579768,Political violence,3115,20.0739,35.4126
2019-12-28T00:00:00Z,Northern Africa,Sudan,South Darfur,battles,Armed clash,2,6,1887,Political violence,3118,10.9002,24.3019
2019-12-28T00:00:00Z,Northern Africa,Sudan,West Darfur,battles,Armed clash,3,30,429973,Political violence,3120,13.5081,22.7026
2019-12-28T00:00:00Z,Northern Africa,Sudan,West Darfur,violence against civilians,Attack,7,35,531499,Political violence,3120,13.5081,22.7026
2020-01-04T00:00:00Z,Northern Africa,Sudan,Red Sea,battles,Armed clash,2,6,579768,Political violence,3115,20.0739,35.4126
2020-01-04T00:00:00Z,Northern Africa,Sudan,South Darfur,violence against civilians,Attack,1,4,59179,Political violence,3118,10.9002,24.3019
2020-01-04T00:00:00Z,Northern Africa,Sudan,West Darfur,violence against civilians,Attack,1,2,1148,Political violence,3120,13.5081,22.7026
2020-01-11T00:00:00Z,Northern Africa,Sudan,Central Darfur,violence against civilians,Attack,4,1,29321,Political violence,3107,12.3084,23.2341
2020-01-11T00:00:00Z,Northern Africa,Sudan,Khartoum,battles,Armed clash,2,5,830247,Political violence,3111,15.915,33.1352
2020-01-11T00:00:00Z,Northern Africa,Sudan,South Kordofan,violence against civilians,Attack,1,1,4030,Political violence,3119,11.2289,30.914
2020-01-18T00:00:00Z,Northern Africa,Sudan,Abyei,violence against civilians,Attack,2,36,4081,Political violence,3104,9.7332,28.4712
2020-01-18T00:00:00Z,Northern Africa,Sudan,Kassala,violence against civilians,Attack,1,1,1886,Political violence,3110,15.7104,35.5356
2020-01-18T00:00:00Z,Northern Africa,Sudan,Khartoum,explosions/remote violence,Grenade,1,9,248325,Political violence,3111,15.915,33.1352
2020-01-18T00:00:00Z,Northern Africa,Sudan,North Darfur,battles,Armed clash,1,2,553,Political violence,3112,15.8601,25.5013
2020-01-18T00:00:00Z,Northern Africa,Sudan,South Darfur,violence against civilians,Attack,1,8,431,Political violence,3118,10.9002,24.3019
2020-01-18T00:00:00Z,Northern Africa,Sudan,South Kordofan,violence against civilians,Attack,1,1,48346,Political violence,3119,11.2289,30.914
2020-01-25T00:00:00Z,Northern Africa,Sudan,North Darfur,violence against civilians,Attack,1,2,47727,Political violence,3112,15.8601,25.5013
2020-01-25T00:00:00Z,Northern Africa,Sudan,South Kordofan,violence against civilians,Attack,2,3,24140,Political violence,3119,11.2289,30.914
2020-02-01T00:00:00Z,Northern Africa,Sudan,West Darfur,violence against civilians,Attack,1,2,373215,Political violence,3120,13.5081,22.7026
2020-02-08T00:00:00Z,Northern Africa,Sudan,North Darfur,battles,Armed clash,1,2,188,Political violence,3112,15.8601,25.5013
2020-02-15T00:00:00Z,Northern Africa,Sudan,Central Darfur,violence against civilians,Attack,1,2,12131,Political violence,3107,12.3084,23.2341
2020-02-15T00:00:00Z,Northern Africa,Sudan,East Darfur,battles,Armed clash,1,1,2072,Political violence,3108,11.2299,26.3972
2020-02-15T00:00:00Z,Northern Africa,Sudan,South Kordofan,violence against civilians,Attack,1,1,5668,Political violence,3119,11.2289,30.914
2020-02-22T00:00:00Z,Northern Africa,Sudan,South Kordofan,violence against civilians,Attack,1,1,20908,Political violence,3119,11.2289,30.914
2020-02-22T00:00:00Z,Northern Africa,Sudan,West Darfur,battles,Armed clash,1,1,373215,Political violence,3120,13.5081,22.7026
2020-02-22T00:00:00Z,Northern Africa,Sudan,West Darfur,violence against civilians,Attack,1,1,53062,Political violence,3120,13.5081,22.7026
2020-02-22T00:00:00Z,Northern Africa,Sudan,West Kordofan,violence against civilians,Attack,1,1,97706,Political violence,3121,11.8686,28.2211
2020-02-29T00:00:00Z,Northern Africa,Sudan,Central Darfur,battles,Armed clash,1,4,28053,Political violence,3107,12.3084,23.2341
2020-03-07T00:00:00Z,Northern Africa,Sudan,Gedaref,battles,Armed clash,1,2,2272,Political violence,3109,14.2138,35.0222
2020-03-07T00:00:00Z,Northern Africa,Sudan,Red Sea,explosions/remote violence,Remote explosive/landmine/IED,1,2,456,Political violence,3115,20.0739,35.4126
2020-03-07T00:00:00Z,Northern Africa,Sudan,South Darfur,violence against civilians,Attack,1,13,3098,Political violence,3118,10.9002,24.3019
2020-03-14T00:00:00Z,Northern Africa,Sudan,South Kordofan,violence against civilians,Attack,1,1,156565,Political violence,3119,11.2289,30.914
2020-03-14T00:00:00Z,Northern Africa,Sudan,West Kordofan,violence against civilians,Attack,1,9,71,Political violence,3121,11.8686,28.2211
2020-03-21T00:00:00Z,Northern Africa,Sudan,East Darfur,violence against civilians,Attack,1,1,6162,Political violence,3108,11.2299,26.3972
2020-03-21T00:00:00Z,Northern Africa,Sudan,Gedaref,battles,Armed clash,1,3,382,Political violence,3109,14.2138,35.0222
2020-03-21T00:00:00Z,Northern Africa,Sudan,West Darfur,violence against civilians,Sexual violence,1,1,2756,Political violence,3120,13.5081,22.7026
2020-03-28T00:00:00Z,Northern Africa,Sudan,West Darfur,battles,Armed clash,1,8,728,Political violence,3120,13.5081,22.7026
2020-04-04T00:00:00Z,Northern Africa,Sudan,Abyei,violence against civilians,Attack,1,3,225,Political violence,3104,9.7332,28.4712
2020-04-04T00:00:00Z,Northern Africa,Sudan,Central Darfur,violence against civilians,Attack,2,1,24557,Political violence,3107,12.3084,23.2341
2020-04-04T00:00:00Z,Northern Africa,Sudan,North Darfur,battles,Armed clash,1,2,710,Political violence,3112,15.8601,25.5013
2020-04-04T00:00:00Z,Northern Africa,Sudan,South Kordofan,battles,Armed clash,1,2,5668,Political violence,3119,11.2289,30.914
2020-04-04T00:00:00Z,Northern Africa,Sudan,West Kordofan,battles,Armed clash,1,1,26492,Political violence,3121,11.8686,28.2211
2020-04-04T00:00:00Z,Northern Africa,Sudan,West Kordofan,riots,Mob violence,1,1,23622,Political violence,3121,11.8686,28.2211
2020-04-11T00:00:00Z,Northern Africa,Sudan,Abyei,violence against civilians,Attack,1,4,222,Political violence,3104,9.7332,28.4712
2020-04-11T00:00:00Z,Northern Africa,Sudan,North Darfur,violence against civilians,Attack,1,1,13581,Political violence,3112,15.8601,25.5013
2020-04-11T00:00:00Z,Northern Africa,Sudan,North Kordofan,battles,Armed clash,1,2,3144,Political violence,3113,14.3894,29.437
2020-04-11T00:00:00Z,Northern Africa,Sudan,West Darfur,violence against civilians,Attack,2,1,16327,Political violence,3120,13.5081,22.7026
2020-04-18T00:00:00Z,Northern Africa,Sudan,Abyei,battles,Armed clash,2,2,2644,Political violence,3104,9.7332,28.4712
2020-04-18T00:00:00Z,Northern Africa,Sudan,Central Darfur,violence against civilians,Sexual violence,1,2,113458,Political violence,3107,12.3084,23.2341
2020-04-18T00:00:00Z,Northern Africa,Sudan,Gedaref,battles,Armed clash,1,1,12547,Political violence,3109,14.2138,35.0222
2020-04-18T00:00:00Z,Northern Africa,Sudan,South Darfur,battles,Armed clash,1,11,5735,Political violence,3118,10.9002,24.3019
2020-04-25T00:00:00Z,Northern Africa,Sudan,East Darfur,battles,Armed clash,1,3,294494,Political violence,3108,11.2299,26.3972
2020-04-25T00:00:00Z,Northern Africa,Sudan,South Kordofan,violence against civilians,Attack,1,2,117056,Political violence,3119,11.2289,30.914
2020-04-25T00:00:00Z,Northern Africa,Sudan,West Kordofan,battles,Armed clash,1,5,22205,Political violence,3121,11.8686,28.2211
2020-04-25T00:00:00Z,Northern Africa,Sudan,West Kordofan,violence against civilians,Attack,1,18,22205,Political violence,3121,11.8686,28.2211
2020-05-02T00:00:00Z,Northern Africa,Sudan,Central Darfur,battles,Armed clash,1,1,19908,Political violence,3107,12.3084,23.2341
2020-05-02T00:00:00Z,Northern Africa,Sudan,Kassala,battles,Armed clash,1,4,529522,Political violence,3110,15.7104,35.5356
2020-05-02T00:00:00Z,Northern Africa,Sudan,North Darfur,riots,Violent demonstration,1,1,223662,Demonstrations,3112,15.8601,25.5013
2020-05-02T00:00:00Z,Northern Africa,Sudan,North Darfur,violence against civilians,Attack,1,1,984,Political violence,3112,15.8601,25.5013
2020-05-02T00:00:00Z,Northern Africa,Sudan,South Darfur,battles,Armed clash,6,31,60364,Political violence,3118,10.9002,24.3019
2020-05-02T00:00:00Z,Northern Africa,Sudan,South Kordofan,violence against civilians,Attack,2,2,24140,Political violence,3119,11.2289,30.914
2020-05-09T00:00:00Z,Northern Africa,Sudan,Blue Nile,violence against civilians,Attack,1,2,607,Political violence,3106,11.0079,34.0954
2020-05-09T00:00:00Z,Northern Africa,Sudan,Central Darfur,violence against civilians,Attack,2,1,23511,Political violence,3107,12.3084,23.2341
2020-05-09T00:00:00Z,Northern Africa,Sudan,Kassala,battles,Armed clash,2,7,529522,Political violence,3110,15.7104,35.5356
2020-05-09T00:00:00Z,Northern Africa,Sudan,Khartoum,riots,Mob violence,1,1,1753,Political violence,3111,15.915,33.1352
2020-05-09T00:00:00Z,Northern Africa,Sudan,North Darfur,violence against civilians,Attack,2,3,865,Political violence,3112,15.8601,25.5013
2020-05-09T00:00:00Z,Northern Africa,Sudan,South Kordofan,battles,Armed clash,3,26,166776,Political violence,3119,11.2289,30.914
2020-05-09T00:00:00Z,Northern Africa,Sudan,South Kordofan,violence against civilians,Attack,3,16,154846,Political violence,3119,11.2289,30.914
2020-05-16T00:00:00Z,Northern Africa,Sudan,Central Darfur,battles,Armed clash,1,9,1892,Political violence,3107,12.3084,23.2341
2020-05-16T00:00:00Z,Northern Africa,Sudan,Central Darfur,violence against civilians,Attack,1,1,26607,Political violence,3107,12.3084,23.2341
2020-05-16T00:00:00Z,Northern Africa,Sudan,South Darfur,violence against civilians,Attack,2,7,45731,Political violence,3118,10.9002,24.3019
2020-05-16T00:00:00Z,Northern Africa,Sudan,South Kordofan,violence against civilians,Attack,2,2,154846,Political violence,3119,11.2289,30.914
2020-05-16T00:00:00Z,Northern Africa,Sudan,West Darfur,violence against civilians,Attack,3,4,5571,Political violence,3120,13.5081,22.7026
2020-05-23T00:00:00Z,Northern Africa,Sudan,Central Darfur,violence against civilians,Attack,1,1,26607,Political violence,3107,12.3084,23.2341
2020-05-23T00:00:00Z,Northern Africa,Sudan,Gedaref,battles,Armed clash,2,2,3477,Political violence,3109,14.2138,35.0222
2020-05-23T00:00:00Z,Northern Africa,Sudan,South Darfur,battles,Armed clash,1,13,7442,Political violence,3118,10.9002,24.3019
2020-05-23T00:00:00Z,Northern Africa,Sudan,South Kordofan,battles,Armed clash,1,2,117056,Political violence,3119,11.2289,30.914
2020-05-23T00:00:00Z,Northern Africa,Sudan,South Kordofan,violence against civilians,Attack,1,1,11030,Political violence,3119,11.2289,30.914
2020-05-30T00:00:00Z,Northern Africa,Sudan,Central Darfur,battles,Government regains territory,1,18,261,Political violence,3107,12.3084,23.2341
2020-05-30T00:00:00Z,Northern Africa,Sudan,Central Darfur,battles,Non-state actor overtakes territory,2,18,261,Political violence,3107,12.3084,23.2341
2020-05-30T00:00:00Z,Northern Africa,Sudan,Central Darfur,explosions/remote violence,Shelling/artillery/missile attack,1,2,406,Political violence,3107,12.3084,23.2341
2020-05-30T00:00:00Z,Northern Africa,Sudan,Central Darfur,violence against civilians,Attack,1,3,406,Political violence,3107,12.3084,23.2341
2020-05-30T00:00:00Z,Northern Africa,Sudan,North Darfur,battles,Armed clash,1,3,16,Political violence,3112,15.8601,25.5013
2020-05-30T00:00:00Z,Northern Africa,Sudan,North Darfur,violence against civilians,Attack,3,3,48736,Political violence,3112,15.8601,25.5013
2020-05-30T00:00:00Z,Northern Africa,Sudan,Sennar,battles,Armed clash,1,2,36641,Political violence,3117,12.9093,34.0815
2020-05-30T00:00:00Z,Northern Africa,Sudan,South Kordofan,violence against civilians,Attack,2,4,154708,Political violence,3119,11.2289,30.914
2020-06-06T00:00:00Z,Northern Africa,Sudan,Central Darfur,battles,Armed clash,1,8,1892,Political violence,3107,12.3084,23.2341
2020-06-06T00:00:00Z,Northern Africa,Sudan,Khartoum,battles,Armed clash,1,5,476567,Political violence,3111,15.915,33.1352
2020-06-06T00:00:00Z,Northern Africa,Sudan,North Darfur,battles,Armed clash,1,1,607,Political violence,3112,15.8601,25.5013
2020-06-06T00:00:00Z,Northern Africa,Sudan,South Darfur,violence against civilians,Attack,1,2,61635,Political violence,3118,10.9002,24.3019
2020-06-06T00:00:00Z,Northern Africa,Sudan,South Kordofan,violence against civilians,Attack,1,1,548,Political violence,3119,11.2289,30.914
2020-06-06T00:00:00Z,Northern Africa,Sudan,West Kordofan,violence against civilians,Attack,3,9,27447,Political violence,3121,11.8686,28.2211
2020-06-13T00:00:00Z,Northern Africa,Sudan,Central Darfur,violence against civilians,Sexual violence,1,10,26607,Political violence,3107,12.3084,23.2341
2020-06-13T00:00:00Z,Northern Africa,Sudan,Gedaref,violence against civilians,Attack,1,1,1664,Political violence,3109,14.2138,35.0222
2020-06-13T00:00:00Z,Northern Africa,Sudan,South Darfur,battles,Armed clash,1,1,52797,Political violence,3118,10.9002,24.3019
2020-06-13T00:00:00Z,Northern Africa,Sudan,South Darfur,violence against civilians,Attack,1,1,177903,Political violence,3118,10.9002,24.3019
2020-06-13T00:00:00Z,Northern Africa,Sudan,South Kordofan,battles,Armed clash,1,1,153337,Political violence,3119,11.2289,30.914
2020-06-20T00:00:00Z,Northern Africa,Sudan,Gedaref,battles,Armed clash,2,4,1410,Political violence,3109,14.2138,35.0222
2020-06-20T00:00:00Z,Northern Africa,Sudan,South Kordofan,battles,Armed clash,1,12,9432,Political violence,3119,11.2289,30.914
2020-06-20T00:00:00Z,Northern Africa,Sudan,West Darfur,battles,Armed clash,1,16,43,Political violence,3120,13.5081,22.7026
2020-06-27T00:00:00Z,Northern Africa,Sudan,Central Darfur,battles,Armed clash,1,2,1242,Political violence,3107,12.3084,23.2341
2020-06-27T00:00:00Z,Northern Africa,Sudan,Kassala,riots,Mob violence,1,1,106642,Political violence,3110,15.7104,35.5356
2020-06-27T00:00:00Z,Northern Africa,Sudan,Khartoum,protests,Excessive force against protesters,3,2,81762,Political violence; Demonstrations,3111,15.915,33.1352
2020-06-27T00:00:00Z,Northern Africa,Sudan,South Kordofan,battles,Armed clash,2,7,8028,Political violence,3119,11.2289,30.914
2020-07-04T00:00:00Z,Northern Africa,Sudan,Abyei,violence against civilians,Attack,1,1,18738,Political violence,3104,9.7332,28.4712
2020-07-04T00:00:00Z,Northern Africa,Sudan,Central Darfur,battles,Armed clash,1,10,4189,Political violence,3107,12.3084,23.2341
2020-07-04T00:00:00Z,Northern Africa,Sudan,Central Darfur,violence against civilians,Attack,2,1,23473,Political violence,3107,12.3084,23.2341
2020-07-04T00:00:00Z,Northern Africa,Sudan,East Darfur,battles,Armed clash,1,4,6162,Political violence,3108,11.2299,26.3972
2020-07-04T00:00:00Z,Northern Africa,Sudan,Kassala,battles,Armed clash,3,1,308786,Political violence,3110,15.7104,35.5356
2020-07-04T00:00:00Z,Northern Africa,Sudan,North Darfur,violence against civilians,Attack,2,2,5581,Political violence,3112,15.8601,25.5013
2020-07-04T00:00:00Z,Northern Africa,Sudan,South Darfur,battles,Armed clash,1,4,4503,Political violence,3118,10.9002,24.3019
2020-07-04T00:00:00Z,Northern Africa,Sudan,South Darfur,violence against civilians,Attack,1,1,4503,Political violence,3118,10.9002,24.3019
2020-07-04T00:00:00Z,Northern Africa,Sudan,West Darfur,battles,Armed clash,1,2,373215,Political violence,3120,13.5081,22.7026
2020-07-04T00:00:00Z,Northern Africa,Sudan,West Darfur,violence against civilians,Attack,1,1,373215,Political violence,3120,13.5081,22.7026
2020-07-04T00:00:00Z,Northern Africa,Sudan,West Kordofan,violence against civilians,Attack,1,3,502,Political violence,3121,11.8686,28.2211
2020-07-11T00:00:00Z,Northern Africa,Sudan,North Darfur,battles,Armed clash,1,1,492,Political violence,3112,15.8601,25.5013
2020-07-11T00:00:00Z,Northern Africa,Sudan,North Darfur,protests,Excessive force against protesters,1,10,1640,Political violence; Demonstrations,3112,15.8601,25.5013
2020-07-11T00:00:00Z,Northern Africa,Sudan,South Kordofan,violence against civilians,Attack,2,3,153337,Political violence,3119,11.2289,30.914
2020-07-11T00:00:00Z,Northern Africa,Sudan,West Darfur,protests,Excessive force against protesters,1,2,7023,Political violence; Demonstrations,3120,13.5081,22.7026
2020-07-11T00:00:00Z,Northern Africa,Sudan,West Darfur,violence against civilians,Attack,2,5,400120,Political violence,3120,13.5081,22.7026
2020-07-18T00:00:00Z,Northern Africa,Sudan,Central Darfur,violence against civilians,Attack,1,1,26607,Political violence,3107,12.3084,23.2341
2020-07-18T00:00:00Z,Northern Africa,Sudan,South Darfur,violence against civilians,Attack,2,21,28701,Political violence,3118,10.9002,24.3019
2020-07-18T00:00:00Z,Northern Africa,Sudan,South Kordofan,battles,Armed clash,1,12,153337,Political violence,3119,11.2289,30.914
2020-07-18T00:00:00Z,Northern Africa,Sudan,South Kordofan,violence against civilians,Attack,1,2,4053,Political violence,3119,11.2289,30.914
2020-07-18T00:00:00Z,Northern Africa,Sudan,West Darfur,battles,Armed clash,4,10,373215,Political violence,3120,13.5081,22.7026
2020-07-18T00:00:00Z,Northern Africa,Sudan,West Darfur,violence against civilians,Attack,3,7,16634,Political violence,3120,13.5081,22.7026
2020-07-25T00:00:00Z,Northern Africa,Sudan,North Darfur,battles,Armed clash,1,5,617,Political violence,3112,15.8601,25.5013
2020-07-25T00:00:00Z,Northern Africa,Sudan,South Darfur,battles,Armed clash,2,44,8492,Political violence,3118,10.9002,24.3019
2020-07-25T00:00:00Z,Northern Africa,Sudan,South Darfur,riots,Violent demonstration,1,2,138279,Demonstrations,3118,10.9002,24.3019
2020-07-25T00:00:00Z,Northern Africa,Sudan,South Darfur,violence against civilians,Attack,3,1,2430,Political violence,3118,10.9002,24.3019
2020-07-25T00:00:00Z,Northern Africa,Sudan,South Kordofan,battles,Armed clash,1,1,24140,Political violence,3119,11.2289,30.914
2020-07-25T00:00:00Z,Northern Africa,Sudan,South Kordofan,violence against civilians,Attack,1,1,24140,Political violence,3119,11.2289,30.914
2020-07-25T00:00:00Z,Northern Africa,Sudan,West Darfur,battles,Armed clash,1,77,14318,Political violence,3120,13.5081,22.7026
2020-08-01T00:00:00Z,Northern Africa,Sudan,Kassala,battles,Armed clash,1,2,308786,Political violence,3110,15.7104,35.5356
2020-08-01T00:00:00Z,Northern Africa,Sudan,North Darfur,violence against civilians,Attack,1,1,350,Political violence,3112,15.8601,25.5013
2020-08-01T00:00:00Z,Northern Africa,Sudan,South Darfur,battles,Armed clash,2,25,10843,Political violence,3118,10.9002,24.3019
2020-08-01T00:00:00Z,Northern Africa,Sudan,South Kordofan,violence against civilians,Attack,1,3,194,Political violence,3119,11.2289,30.914
2020-08-08T00:00:00Z,Northern Africa,Sudan,Abyei,battles,Armed clash,2,8,763,Political violence,3104,9.7332,28.4712
2020-08-08T00:00:00Z,Northern Africa,Sudan,Gedaref,violence against civilians,Attack,1,3,5522,Political violence,3109,14.2138,35.0222
2020-08-08T00:00:00Z,Northern Africa,Sudan,Red Sea,battles,Armed clash,5,35,579768,Political violence,3115,20.0739,35.4126
2020-08-15T00:00:00Z,Northern Africa,Sudan,North Darfur,violence against civilians,Attack,2,2,225727,Political violence,3112,15.8601,25.5013
2020-08-15T00:00:00Z,Northern Africa,Sudan,South Darfur,violence against civilians,Attack,1,1,6635,Political violence,3118,10.9002,24.3019
2020-08-22T00:00:00Z,Northern Africa,Sudan,Kassala,battles,Armed clash,4,7,529522,Political violence,3110,15.7104,35.5356
2020-08-29T00:00:00Z,Northern Africa,Sudan,Red Sea,battles,Armed clash,1,1,579768,Political violence,3115,20.0739,35.4126
2020-08-29T00:00:00Z,Northern Africa,Sudan,South Kordofan,violence against civilians,Attack,1,2,1243,Political violence,3119,11.2289,30.914
2020-09-05T00:00:00Z,Northern Africa,Sudan,Central Darfur,protests,Excessive force against protesters,1,2,10229,Political violence; Demonstrations,3107,12.3084,23.2341
2020-09-05T00:00:00Z,Northern Africa,Sudan,Central Darfur,violence against civilians,Attack,3,4,26597,Political violence,3107,12.3084,23.2341
2020-09-05T00:00:00Z,Northern Africa,Sudan,West Darfur,violence against civilians,Attack,1,1,14318,Political violence,3120,13.5081,22.7026
2020-09-12T00:00:00Z,Northern Africa,Sudan,West Darfur,riots,Mob violence,1,2,497,Political violence,3120,13.5081,22.7026
2020-09-19T00:00:00Z,Northern Africa,Sudan,Central Darfur,violence against civilians,Attack,1,2,54,Political violence,3107,12.3084,23.2341
2020-09-19T00:00:00Z,Northern Africa,Sudan,Central Darfur,violence against civilians,Sexual violence,1,1,471,Political violence,3107,12.3084,23.2341
2020-09-19T00:00:00Z,Northern Africa,Sudan,South Kordofan,violence against civilians,Attack,3,4,178298,Political violence,3119,11.2289,30.914
2020-09-26T00:00:00Z,Northern Africa,Sudan,Central Darfur,violence against civilians,Sexual violence,1,1,9773,Political violence,3107,12.3084,23.2341
2020-09-26T00:00:00Z,Northern Africa,Sudan,North Darfur,violence against civilians,Attack,1,1,2337,Political violence,3112,15.8601,25.5013
2020-09-26T00:00:00Z,Northern Africa,Sudan,South Darfur,violence against civilians,Attack,2,4,1337997,Political violence,3118,10.9002,24.3019
2020-09-26T00:00:00Z,Northern Africa,Sudan,South Kordofan,violence against civilians,Attack,1,1,77987,Political violence,3119,11.2289,30.914
2020-10-03T00:00:00Z,Northern Africa,Sudan,Central Darfur,violence against civilians,Attack,1,2,26597,Political violence,3107,12.3084,23.2341
2020-10-03T00:00:00Z,Northern Africa,Sudan,Red Sea,battles,Armed clash,1,1,8415,Political violence,3115,20.0739,35.4126
2020-10-03T00:00:00Z,Northern Africa,Sudan,South Darfur,battles,Armed clash,2,2,11445,Political violence,3118,10.9002,24.3019
2020-10-03T00:00:00Z,Northern Africa,Sudan,South Darfur,violence against civilians,Attack,2,3,1334897,Political violence,3118,10.9002,24.3019
2020-10-03T00:00:00Z,Northern Africa,Sudan,West Darfur,violence against civilians,Attack,1,1,10063,Political violence,3120,13.5081,22.7026
2020-10-10T00:00:00Z,Northern Africa,Sudan,Kassala,riots,Violent demonstration,2,8,106642,Demonstrations,3110,15.7104,35.5356
2020-10-10T00:00:00Z,Northern Africa,Sudan,Red Sea,battles,Armed clash,3,9,672621,Political violence,3115,20.0739,35.4126
2020-10-10T00:00:00Z,Northern Africa,Sudan,West Darfur,violence against civilians,Attack,1,2,54518,Political violence,3120,13.5081,22.7026
2020-10-17T00:00:00Z,Northern Africa,Sudan,Khartoum,protests,Excessive force against protesters,1,2,42613,Political violence; Demonstrations,3111,15.915,33.1352
2020-10-17T00:00:00Z,Northern Africa,Sudan,North Darfur,battles,Armed clash,1,1,47727,Political violence,3112,15.8601,25.5013
2020-10-17T00:00:00Z,Northern Africa,Sudan,Red Sea,battles,Armed clash,2,4,579768,Political violence,3115,20.0739,35.4126
2020-10-17T00:00:00Z,Northern Africa,Sudan,South Darfur,violence against civilians,Attack,3,15,45692,Political violence,3118,10.9002,24.3019
2020-10-24T00:00:00Z,Northern Africa,Sudan,Gedaref,violence against civilians,Attack,2,3,13291,Political violence,3109,14.2138,35.0222
2020-10-31T00:00:00Z,Northern Africa,Sudan,Gedaref,violence against civilians,Attack,1,1,3389,Political violence,3109,14.2138,35.0222
2020-11-07T00:00:00Z,Northern Africa,Sudan,Gedaref,violence against civilians,Attack,1,3,2076,Political violence,3109,14.2138,35.0222
2020-11-07T00:00:00Z,Northern Africa,Sudan,North Darfur,violence against civilians,Attack,2,1,77363,Political violence,3112,15.8601,25.5013
2020-11-07T00:00:00Z,Northern Africa,Sudan,South Kordofan,violence against civilians,Attack,1,1,27692,Political violence,3119,11.2289,30.914
2020-11-14T00:00:00Z,Northern Africa,Sudan,West Darfur,battles,Armed clash,1,1,31064,Political violence,3120,13.5081,22.7026
2020-11-21T00:00:00Z,Northern Africa,Sudan,Central Darfur,violence against civilians,Attack,1,1,26597,Political violence,3107,12.3084,23.2341
2020-11-21T00:00:00Z,Northern Africa,Sudan,Gedaref,violence against civilians,Attack,2,2,11290,Political violence,3109,14.2138,35.0222
2020-11-21T00:00:00Z,Northern Africa,Sudan,Kassala,battles,Armed clash,1,1,693,Political violence,3110,15.7104,35.5356
2020-11-21T00:00:00Z,Northern Africa,Sudan,North Darfur,violence against civilians,Attack,1,2,31944,Political violence,3112,15.8601,25.5013
2020-11-21T00:00:00Z,Northern Africa,Sudan,West Darfur,violence against civilians,Attack,1,1,10843,Political violence,3120,13.5081,22.7026
2020-11-28T00:00:00Z,Northern Africa,Sudan,North Darfur,violence against civilians,Attack,2,1,4176,Political violence,3112,15.8601,25.5013
2020-11-28T00:00:00Z,Northern Africa,Sudan,South Kordofan,violence against civilians,Attack,1,2,381,Political violence,3119,11.2289,30.914
2020-11-28T00:00:00Z,Northern Africa,Sudan,West Darfur,battles,Armed clash,1,2,10063,Political violence,3120,13.5081,22.7026
2020-11-28T00:00:00Z,Northern Africa,Sudan,West Darfur,violence against civilians,Attack,1,1,10063,Political violence,3120,13.5081,22.7026
2020-12-05T00:00:00Z,Northern Africa,Sudan,Gedaref,violence against civilians,Attack,1,1,186,Political violence,3109,14.2138,35.0222
2020-12-05T00:00:00Z,Northern Africa,Sudan,South Darfur,battles,Armed clash,1,2,6309,Political violence,3118,10.9002,24.3019
2020-12-05T00:00:00Z,Northern Africa,Sudan,South Darfur,violence against civilians,Attack,2,1,1647,Political violence,3118,10.9002,24.3019
2020-12-05T00:00:00Z,Northern Africa,Sudan,South Kordofan,violence against civilians,Attack,1,1,2054,Political violence,3119,11.2289,30.914
2020-12-12T00:00:00Z,Northern Africa,Sudan,Central Darfur,battles,Armed clash,1,10,3825,Political violence,3107,12.3084,23.2341
2020-12-12T00:00:00Z,Northern Africa,Sudan,Gedaref,battles,Armed clash,3,4,4486,Political violence,3109,14.2138,35.0222
2020-12-12T00:00:00Z,Northern Africa,Sudan,Khartoum,violence against civilians,Attack,1,1,435638,Political violence,3111,15.915,33.1352
2020-12-12T00:00:00Z,Northern Africa,Sudan,North Darfur,violence against civilians,Attack,3,3,4446,Political violence,3112,15.8601,25.5013
2020-12-12T00:00:00Z,Northern Africa,Sudan,South Kordofan,violence against civilians,Attack,5,1,14386,Political violence,3119,11.2289,30.914
2020-12-19T00:00:00Z,Northern Africa,Sudan,Khartoum,violence against civilians,Attack,1,1,519001,Political violence,3111,15.915,33.1352
2020-12-19T00:00:00Z,Northern Africa,Sudan,West Darfur,battles,Armed clash,1,2,5204,Political violence,3120,13.5081,22.7026
2020-12-26T00:00:00Z,Northern Africa,Sudan,Abyei,battles,Armed clash,1,3,1164,Political violence,3104,9.7332,28.4712
2020-12-26T00:00:00Z,Northern Africa,Sudan,Gedaref,violence against civilians,Sexual violence,1,1,2949,Political violence,3109,14.2138,35.0222
2020-12-26T00:00:00Z,Northern Africa,Sudan,South Darfur,battles,Armed clash,7,11,47392,Political violence,3118,10.9002,24.3019
2020-12-26T00:00:00Z,Northern Africa,Sudan,South Darfur,violence against civilians,Attack,1,13,45327,Political violence,3118,10.9002,24.3019
2020-12-26T00:00:00Z,Northern Africa,Sudan,West Darfur,violence against civilians,Attack,1,1,325589,Political violence,3120,13.5081,22.7026
2021-01-02T00:00:00Z,Northern Africa,Sudan,Gedaref,violence against civilians,Attack,2,2,58820,Political violence,3109,14.2138,35.0222
2021-01-02T00:00:00Z,Northern Africa,Sudan,West Darfur,battles,Armed clash,2,3,341583,Political violence,3120,13.5081,22.7026
2021-01-02T00:00:00Z,Northern Africa,Sudan,White Nile,violence against civilians,Attack,1,2,2550,Political violence,3122,13.5895,32.3521
2021-01-09T00:00:00Z,Northern Africa,Sudan,Gedaref,violence against civilians,Attack,2,7,2367,Political violence,3109,14.2138,35.0222
2021-01-09T00:00:00Z,Northern Africa,Sudan,North Darfur,violence against civilians,Attack,4,1,5803,Political violence,3112,15.8601,25.5013
2021-01-09T00:00:00Z,Northern Africa,Sudan,South Darfur,violence against civilians,Attack,1,2,2528,Political violence,3118,10.9002,24.3019
2021-01-09T00:00:00Z,Northern Africa,Sudan,West Darfur,violence against civilians,Attack,1,1,515,Political violence,3120,13.5081,22.7026
2021-01-16T00:00:00Z,Northern Africa,Sudan,Gedaref,violence against civilians,Attack,2,2,5784,Political violence,3109,14.2138,35.0222
2021-01-16T00:00:00Z,Northern Africa,Sudan,South Darfur,battles,Armed clash,1,72,2528,Political violence,3118,10.9002,24.3019
2021-01-16T00:00:00Z,Northern Africa,Sudan,South Darfur,violence against civilians,Attack,1,1,3163,Political violence,3118,10.9002,24.3019
2021-01-16T00:00:00Z,Northern Africa,Sudan,West Darfur,battles,Armed clash,3,81,396442,Political violence,3120,13.5081,22.7026
2021-01-16T00:00:00Z,Northern Africa,Sudan,West Darfur,violence against civilians,Attack,10,82,500352,Political violence,3120,13.5081,22.7026
2021-01-23T00:00:00Z,Northern Africa,Sudan,East Darfur,violence against civilians,Attack,1,2,25194,Political violence,3108,11.2299,26.3972
2021-01-23T00:00:00Z,Northern Africa,Sudan,North Darfur,violence against civilians,Attack,4,5,3918,Political violence,3112,15.8601,25.5013
2021-01-23T00:00:00Z,Northern Africa,Sudan,South Darfur,battles,Armed clash,2,3,7403,Political violence,3118,10.9002,24.3019
2021-01-23T00:00:00Z,Northern Africa,Sudan,South Darfur,violence against civilians,Attack,2,9,8801,Political violence,3118,10.9002,24.3019
2021-01-30T00:00:00Z,Northern Africa,Sudan,Central Darfur,battles,Armed clash,1,24,3968,Political violence,3107,12.3084,23.2341
2021-01-30T00:00:00Z,Northern Africa,Sudan,Gedaref,battles,Government regains territory,2,4,5437,Political violence,3109,14.2138,35.0222
2021-01-30T00:00:00Z,Northern Africa,Sudan,North Darfur,battles,Armed clash,2,53,2145,Political violence,3112,15.8601,25.5013
2021-01-30T00:00:00Z,Northern Africa,Sudan,North Darfur,violence against civilians,Attack,3,4,16063,Political violence,3112,15.8601,25.5013
2021-02-06T00:00:00Z,Northern Africa,Sudan,Central Darfur,battles,Armed clash,1,1,27401,Political violence,3107,12.3084,23.2341
2021-02-06T00:00:00Z,Northern Africa,Sudan,Central Darfur,violence against civilians,Attack,2,1,463,Political violence,3107,12.3084,23.2341
2021-02-06T00:00:00Z,Northern Africa,Sudan,East Darfur,riots,Violent demonstration,2,4,149489,Demonstrations,3108,11.2299,26.3972
2021-02-06T00:00:00Z,Northern Africa,Sudan,Gedaref,battles,Armed clash,1,3,2112,Political violence,3109,14.2138,35.0222
2021-02-06T00:00:00Z,Northern Africa,Sudan,Gedaref,battles,Government regains territory,3,6,7038,Political violence,3109,14.2138,35.0222
2021-02-06T00:00:00Z,Northern Africa,Sudan,North Darfur,violence against civilians,Attack,1,1,1104,Political violence,3112,15.8601,25.5013
2021-02-06T00:00:00Z,Northern Africa,Sudan,Sennar,battles,Armed clash,1,1,634,Political violence,3117,12.9093,34.0815
2021-02-13T00:00:00Z,Northern Africa,Sudan,Gedaref,violence against civilians,Attack,2,1,1420,Political violence,3109,14.2138,35.0222
2021-02-13T00:00:00Z,Northern Africa,Sudan,Kassala,battles,Armed clash,1,1,1,Political violence,3110,15.7104,35.5356
2021-02-13T00:00:00Z,Northern Africa,Sudan,North Darfur,violence against civilians,Attack,2,2,17134,Political violence,3112,15.8601,25.5013
2021-02-13T00:00:00Z,Northern Africa,Sudan,South Kordofan,battles,Armed clash,1,1,297,Political violence,3119,11.2289,30.914
2021-02-13T00:00:00Z,Northern Africa,Sudan,West Darfur,violence against civilians,Attack,2,9,14775,Political violence,3120,13.5081,22.7026
2021-02-20T00:00:00Z,Northern Africa,Sudan,Gedaref,violence against civilians,Attack,2,1,3930,Political violence,3109,14.2138,35.0222
2021-02-20T00:00:00Z,Northern Africa,Sudan,North Darfur,explosions/remote violence,Remote explosive/landmine/IED,1,4,2164,Political violence,3112,15.8601,25.5013
2021-02-20T00:00:00Z,Northern Africa,Sudan,North Darfur,violence against civilians,Attack,1,3,1144,Political violence,3112,15.8601,25.5013
2021-02-20T00:00:00Z,Northern Africa,Sudan,South Darfur,violence against civilians,Attack,1,3,3933,Political violence,3118,10.9002,24.3019
2021-02-27T00:00:00Z,Northern Africa,Sudan,Gedaref,battles,Armed clash,1,3,5731,Political violence,3109,14.2138,35.0222
2021-02-27T00:00:00Z,Northern Africa,Sudan,Gedaref,battles,Government regains territory,2,3,7677,Political violence,3109,14.2138,35.0222
2021-02-27T00:00:00Z,Northern Africa,Sudan,North Darfur,battles,Armed clash,1,10,39214,Political violence,3112,15.8601,25.5013
2021-02-27T00:00:00Z,Northern Africa,Sudan,South Darfur,battles,Armed clash,1,5,46809,Political violence,3118,10.9002,24.3019
2021-02-27T00:00:00Z,Northern Africa,Sudan,South Darfur,violence against civilians,Attack,4,11,57491,Political violence,3118,10.9002,24.3019
2021-02-27T00:00:00Z,Northern Africa,Sudan,South Kordofan,battles,Armed clash,1,2,122294,Political violence,3119,11.2289,30.914
2021-02-27T00:00:00Z,Northern Africa,Sudan,South Kordofan,violence against civilians,Attack,1,1,1067,Political violence,3119,11.2289,30.914
2021-02-27T00:00:00Z,Northern Africa,Sudan,West Darfur,battles,Armed clash,1,2,333503,Political violence,3120,13.5081,22.7026
2021-02-27T00:00:00Z,Northern Africa,Sudan,West Darfur,violence against civilians,Attack,1,1,333503,Political violence,3120,13.5081,22.7026
2021-02-27T00:00:00Z,Northern Africa,Sudan,West Kordofan,violence against civilians,Attack,2,6,125764,Political violence,3121,11.8686,28.2211
2021-03-06T00:00:00Z,Northern Africa,Sudan,West Kordofan,violence against civilians,Attack,1,3,51,Political violence,3121,11.8686,28.2211
2021-03-13T00:00:00Z,Northern Africa,Sudan,Abyei,violence against civilians,Attack,1,1,836,Political violence,3104,9.7332,28.4712
2021-03-13T00:00:00Z,Northern Africa,Sudan,Central Darfur,violence against civilians,Attack,1,1,27401,Political violence,3107,12.3084,23.2341
2021-03-20T00:00:00Z,Northern Africa,Sudan,Al Jazirah,violence against civilians,Attack,1,1,619385,Political violence,3105,14.6593,33.2294
2021-03-20T00:00:00Z,Northern Africa,Sudan,Gedaref,battles,Armed clash,1,3,1035,Political violence,3109,14.2138,35.0222
2021-03-20T00:00:00Z,Northern Africa,Sudan,South Kordofan,violence against civilians,Attack,3,3,25858,Political violence,3119,11.2289,30.914
2021-03-20T00:00:00Z,Northern Africa,Sudan,West Darfur,violence against civilians,Attack,3,1,12701,Political violence,3120,13.5081,22.7026
2021-03-27T00:00:00Z,Northern Africa,Sudan,Gedaref,battles,Armed clash,5,6,9776,Political violence,3109,14.2138,35.0222
2021-03-27T00:00:00Z,Northern Africa,Sudan,Gedaref,explosions/remote violence,Remote explosive/landmine/IED,1,1,5347,Political violence,3109,14.2138,35.0222
2021-03-27T00:00:00Z,Northern Africa,Sudan,North Darfur,battles,Armed clash,2,15,2164,Political violence,3112,15.8601,25.5013
2021-03-27T00:00:00Z,Northern Africa,Sudan,South Kordofan,violence against civilians,Attack,1,2,5869,Political violence,3119,11.2289,30.914
2021-04-03T00:00:00Z,Northern Africa,Sudan,Central Darfur,battles,Armed clash,1,1,3858,Political violence,3107,12.3084,23.2341
2021-04-03T00:00:00Z,Northern Africa,Sudan,Central Darfur,violence against civilians,Attack,1,1,812,Political violence,3107,12.3084,23.2341
2021-04-03T00:00:00Z,Northern Africa,Sudan,Khartoum,protests,Excessive force against protesters,2,1,19166,Political violence; Demonstrations,3111,15.915,33.1352
2021-04-03T00:00:00Z,Northern Africa,Sudan,South Kordofan,violence against civilians,Attack,5,5,12662,Political violence,3119,11.2289,30.914
2021-04-03T00:00:00Z,Northern Africa,Sudan,West Darfur,battles,Armed clash,5,145,357175,Political violence,3120,13.5081,22.7026
2021-04-03T00:00:00Z,Northern Africa,Sudan,West Darfur,violence against civilians,Attack,1,2,321408,Political violence,3120,13.5081,22.7026
2021-04-10T00:00:00Z,Northern Africa,Sudan,South Darfur,violence against civilians,Attack,4,10,138864,Political violence,3118,10.9002,24.3019
2021-04-17T00:00:00Z,Northern Africa,Sudan,South Kordofan,battles,Armed clash,1,4,50110,Political violence,3119,11.2289,30.914
2021-04-17T00:00:00Z,Northern Africa,Sudan,White Nile,battles,Armed clash,1,3,27162,Political violence,3122,13.5895,32.3521
2021-04-24T00:00:00Z,Northern Africa,Sudan,South Darfur,protests,Excessive force against protesters,1,1,30065,Political violence; Demonstrations,3118,10.9002,24.3019
2021-04-24T00:00:00Z,Northern Africa,Sudan,South Darfur,violence against civilians,Attack,1,3,27102,Political violence,3118,10.9002,24.3019
2021-04-24T00:00:00Z,Northern Africa,Sudan,South Kordofan,battles,Armed clash,6,11,4291,Political violence,3119,11.2289,30.914
2021-04-24T00:00:00Z,Northern Africa,Sudan,South Kordofan,violence against civilians,Attack,2,2,7214,Political violence,3119,11.2289,30.914
2021-05-01T00:00:00Z,Northern Africa,Sudan,North Darfur,battles,Armed clash,2,1,39214,Political violence,3112,15.8601,25.5013
2021-05-01T00:00:00Z,Northern Africa,Sudan,North Darfur,violence against civilians,Attack,5,3,644268,Political violence,3112,15.8601,25.5013
2021-05-01T00:00:00Z,Northern Africa,Sudan,West Kordofan,riots,Violent demonstration,1,1,14625,Demonstrations,3121,11.8686,28.2211
2021-05-08T00:00:00Z,Northern Africa,Sudan,Abyei,violence against civilians,Attack,1,2,18421,Political violence,3104,9.7332,28.4712
2021-05-08T00:00:00Z,Northern Africa,Sudan,Blue Nile,battles,Armed clash,1,2,5875,Political violence,3106,11.0079,34.0954
2021-05-08T00:00:00Z,Northern Africa,Sudan,Blue Nile,violence against civilians,Attack,1,4,306176,Political violence,3106,11.0079,34.0954
2021-05-08T00:00:00Z,Northern Africa,Sudan,Central Darfur,violence against civilians,Attack,1,1,940,Political violence,3107,12.3084,23.2341
2021-05-08T00:00:00Z,Northern Africa,Sudan,Khartoum,battles,Armed clash,1,7,493517,Political violence,3111,15.915,33.1352
2021-05-08T00:00:00Z,Northern Africa,Sudan,Khartoum,riots,Violent demonstration,3,2,294756,Demonstrations,3111,15.915,33.1352
2021-05-08T00:00:00Z,Northern Africa,Sudan,South Darfur,battles,Armed clash,1,14,7185,Political violence,3118,10.9002,24.3019
2021-05-15T00:00:00Z,Northern Africa,Sudan,Abyei,violence against civilians,Attack,1,11,408,Political violence,3104,9.7332,28.4712
2021-05-15T00:00:00Z,Northern Africa,Sudan,Gedaref,violence against civilians,Attack,1,1,354,Political violence,3109,14.2138,35.0222
2021-05-15T00:00:00Z,Northern Africa,Sudan,South Kordofan,violence against civilians,Attack,1,3,928,Political violence,3119,11.2289,30.914
2021-05-15T00:00:00Z,Northern Africa,Sudan,West Darfur,battles,Armed clash,1,5,10402,Political violence,3120,13.5081,22.7026
2021-05-15T00:00:00Z,Northern Africa,Sudan,West Kordofan,battles,Armed clash,2,6,4734,Political violence,3121,11.8686,28.2211
2021-05-15T00:00:00Z,Northern Africa,Sudan,West Kordofan,explosions/remote violence,Remote explosive/landmine/IED,1,3,101588,Political violence,3121,11.8686,28.2211
2021-05-22T00:00:00Z,Northern Africa,Sudan,Gedaref,battles,Armed clash,1,3,143,Political violence,3109,14.2138,35.0222
2021-05-22T00:00:00Z,Northern Africa,Sudan,Red Sea,battles,Armed clash,1,4,581637,Political violence,3115,20.0739,35.4126
2021-05-22T00:00:00Z,Northern Africa,Sudan,South Darfur,battles,Armed clash,1,5,1482,Political violence,3118,10.9002,24.3019
2021-05-22T00:00:00Z,Northern Africa,Sudan,South Kordofan,battles,Armed clash,1,1,158485,Political violence,3119,11.2289,30.914
2021-05-22T00:00:00Z,Northern Africa,Sudan,South Kordofan,violence against civilians,Attack,2,8,125359,Political violence,3119,11.2289,30.914
2021-05-22T00:00:00Z,Northern Africa,Sudan,West Darfur,violence against civilians,Attack,1,1,99824,Political violence,3120,13.5081,22.7026
2021-05-29T00:00:00Z,Northern Africa,Sudan,Gedaref,violence against civilians,Attack,2,3,887,Political violence,3109,14.2138,35.0222
2021-05-29T00:00:00Z,Northern Africa,Sudan,Khartoum,riots,Violent demonstration,1,1,111029,Demonstrations,3111,15.915,33.1352
2021-05-29T00:00:00Z,Northern Africa,Sudan,North Darfur,battles,Armed clash,1,1,633285,Political violence,3112,15.8601,25.5013
2021-05-29T00:00:00Z,Northern Africa,Sudan,North Darfur,violence against civilians,Attack,1,1,111621,Political violence,3112,15.8601,25.5013
2021-05-29T00:00:00Z,Northern Africa,Sudan,South Kordofan,violence against civilians,Attack,1,5,29126,Political violence,3119,11.2289,30.914
2021-05-29T00:00:00Z,Northern Africa,Sudan,West Darfur,battles,Armed clash,1,10,99824,Political violence,3120,13.5081,22.7026
2021-06-05T00:00:00Z,Northern Africa,Sudan,Central Darfur,battles,Armed clash,1,1,93205,Political violence,3107,12.3084,23.2341
2021-06-05T00:00:00Z,Northern Africa,Sudan,Gedaref,violence against civilians,Attack,1,2,3549,Political violence,3109,14.2138,35.0222
2021-06-05T00:00:00Z,Northern Africa,Sudan,Khartoum,protests,Excessive force against protesters,1,1,19166,Political violence; Demonstrations,3111,15.915,33.1352
2021-06-05T00:00:00Z,Northern Africa,Sudan,North Darfur,riots,Mob violence,1,3,7408,Political violence,3112,15.8601,25.5013
2021-06-05T00:00:00Z,Northern Africa,Sudan,Red Sea,battles,Armed clash,2,1,581637,Political violence,3115,20.0739,35.4126
2021-06-05T00:00:00Z,Northern Africa,Sudan,South Darfur,battles,Armed clash,2,49,185130,Political violence,3118,10.9002,24.3019
2021-06-05T00:00:00Z,Northern Africa,Sudan,South Kordofan,battles,Armed clash,1,5,9878,Political violence,3119,11.2289,30.914
2021-06-05T00:00:00Z,Northern Africa,Sudan,South Kordofan,violence against civilians,Attack,1,2,1143,Political violence,3119,11.2289,30.914
2021-06-05T00:00:00Z,Northern Africa,Sudan,West Darfur,violence against civilians,Attack,1,2,321408,Political violence,3120,13.5081,22.7026
2021-06-12T00:00:00Z,Northern Africa,Sudan,North Darfur,battles,Armed clash,1,4,5721,Political violence,3112,15.8601,25.5013
2021-06-12T00:00:00Z,Northern Africa,Sudan,North Darfur,violence against civilians,Attack,2,1,695,Political violence,3112,15.8601,25.5013
2021-06-12T00:00:00Z,Northern Africa,Sudan,Red Sea,violence against civilians,Attack,2,2,581637,Political violence,3115,20.0739,35.4126
2021-06-12T00:00:00Z,Northern Africa,Sudan,South Darfur,violence against civilians,Attack,1,1,46809,Political violence,3118,10.9002,24.3019
2021-06-12T00:00:00Z,Northern Africa,Sudan,South Kordofan,battles,Armed clash,2,2,150136,Political violence,3119,11.2289,30.914
2021-06-12T00:00:00Z,Northern Africa,Sudan,South Kordofan,violence against civilians,Attack,8,6,16545,Political violence,3119,11.2289,30.914
2021-06-12T00:00:00Z,Northern Africa,Sudan,West Kordofan,battles,Armed clash,2,30,155853,Political violence,3121,11.8686,28.2211
2021-06-19T00:00:00Z,Northern Africa,Sudan,Central Darfur,battles,Armed clash,1,1,17053,Political violence,3107,12.3084,23.2341
2021-06-19T00:00:00Z,Northern Africa,Sudan,Central Darfur,violence against civilians,Attack,2,1,92576,Political violence,3107,12.3084,23.2341
2021-06-19T00:00:00Z,Northern Africa,Sudan,North Darfur,violence against civilians,Attack,1,1,992,Political violence,3112,15.8601,25.5013
2021-06-19T00:00:00Z,Northern Africa,Sudan,South Kordofan,battles,Armed clash,3,6,154858,Political violence,3119,11.2289,30.914
2021-06-19T00:00:00Z,Northern Africa,Sudan,South Kordofan,violence against civilians,Attack,3,1,17452,Political violence,3119,11.2289,30.914
2021-06-19T00:00:00Z,Northern Africa,Sudan,West Darfur,violence against civilians,Attack,1,1,10402,Political violence,3120,13.5081,22.7026
2021-06-26T00:00:00Z,Northern Africa,Sudan,Gedaref,riots,Violent demonstration,1,1,243471,Demonstrations,3109,14.2138,35.0222
2021-06-26T00:00:00Z,Northern Africa,Sudan,Khartoum,violence against civilians,Attack,1,5,450122,Political violence,3111,15.915,33.1352
2021-06-26T00:00:00Z,Northern Africa,Sudan,North Kordofan,battles,Armed clash,1,1,554478,Political violence,3113,14.3894,29.437
2021-06-26T00:00:00Z,Northern Africa,Sudan,South Kordofan,battles,Armed clash,4,6,157449,Political violence,3119,11.2289,30.914
2021-06-26T00:00:00Z,Northern Africa,Sudan,South Kordofan,violence against civilians,Attack,2,2,149212,Political violence,3119,11.2289,30.914
2021-06-26T00:00:00Z,Northern Africa,Sudan,West Darfur,battles,Armed clash,4,12,13609,Political violence,3120,13.5081,22.7026
2021-07-03T00:00:00Z,Northern Africa,Sudan,Central Darfur,violence against civilians,Attack,1,1,2387,Political violence,3107,12.3084,23.2341
2021-07-03T00:00:00Z,Northern Africa,Sudan,Gedaref,violence against civilians,Attack,1,3,744,Political violence,3109,14.2138,35.0222
2021-07-03T00:00:00Z,Northern Africa,Sudan,Red Sea,battles,Armed clash,3,3,581637,Political violence,3115,20.0739,35.4126
2021-07-03T00:00:00Z,Northern Africa,Sudan,South Darfur,violence against civilians,Attack,1,1,63277,Political violence,3118,10.9002,24.3019
2021-07-03T00:00:00Z,Northern Africa,Sudan,South Kordofan,battles,Armed clash,4,33,9878,Political violence,3119,11.2289,30.914
2021-07-03T00:00:00Z,Northern Africa,Sudan,West Darfur,battles,Armed clash,10,21,15629,Political violence,3120,13.5081,22.7026
2021-07-03T00:00:00Z,Northern Africa,Sudan,West Darfur,violence against civilians,Attack,1,1,321408,Political violence,3120,13.5081,22.7026
2021-07-03T00:00:00Z,Northern Africa,Sudan,West Kordofan,battles,Armed clash,2,1,168844,Political violence,3121,11.8686,28.2211
2021-07-10T00:00:00Z,Northern Africa,Sudan,Gedaref,battles,Armed clash,2,3,1286,Political violence,3109,14.2138,35.0222
2021-07-10T00:00:00Z,Northern Africa,Sudan,Khartoum,battles,Armed clash,1,2,182594,Political violence,3111,15.915,33.1352
2021-07-10T00:00:00Z,Northern Africa,Sudan,Northern,battles,Armed clash,1,1,7874,Political violence,3114,19.3656,29.8955
2021-07-10T00:00:00Z,Northern Africa,Sudan,Red Sea,violence against civilians,Attack,2,6,581637,Political violence,3115,20.0739,35.4126
2021-07-10T00:00:00Z,Northern Africa,Sudan,South Darfur,violence against civilians,Attack,3,4,1814,Political violence,3118,10.9002,24.3019
2021-07-10T00:00:00Z,Northern Africa,Sudan,South Kordofan,violence against civilians,Attack,7,6,8898,Political violence,3119,11.2289,30.914
2021-07-10T00:00:00Z,Northern Africa,Sudan,West Darfur,violence against civilians,Attack,2,2,4393,Political violence,3120,13.5081,22.7026
2021-07-17T00:00:00Z,Northern Africa,Sudan,Blue Nile,battles,Armed clash,1,1,23769,Political violence,3106,11.0079,34.0954
2021-07-17T00:00:00Z,Northern Africa,Sudan,Khartoum,battles,Armed clash,1,1,182594,Political violence,3111,15.915,33.1352
2021-07-17T00:00:00Z,Northern Africa,Sudan,North Darfur,battles,Armed clash,2,17,695,Political violence,3112,15.8601,25.5013
2021-07-17T00:00:00Z,Northern Africa,Sudan,South Darfur,violence against civilians,Attack,1,7,54356,Political violence,3118,10.9002,24.3019
2021-07-17T00:00:00Z,Northern Africa,Sudan,South Kordofan,violence against civilians,Attack,1,6,9878,Political violence,3119,11.2289,30.914
2021-07-17T00:00:00Z,Northern Africa,Sudan,White Nile,violence against civilians,Attack,1,1,328536,Political violence,3122,13.5895,32.3521
2021-07-24T00:00:00Z,Northern Africa,Sudan,Blue Nile,battles,Armed clash,2,4,34860,Political violence,3106,11.0079,34.0954
2021-07-24T00:00:00Z,Northern Africa,Sudan,Gedaref,battles,Armed clash,2,1,3887,Political violence,3109,14.2138,35.0222
2021-07-24T00:00:00Z,Northern Africa,Sudan,South Darfur,violence against civilians,Attack,1,3,7185,Political violence,3118,10.9002,24.3019
2021-07-24T00:00:00Z,Northern Africa,Sudan,South Kordofan,violence against civilians,Attack,4,5,227101,Political violence,3119,11.2289,30.914
2021-07-24T00:00:00Z,Northern Africa,Sudan,West Kordofan,battles,Armed clash,2,20,155853,Political violence,3121,11.8686,28.2211
2021-07-31T00:00:00Z,Northern Africa,Sudan,Al Jazirah,battles,Armed clash,1,1,600530,Political violence,3105,14.6593,33.2294
2021-07-31T00:00:00Z,Northern Africa,Sudan,North Darfur,battles,Armed clash,1,13,1968,Political violence,3112,15.8601,25.5013
2021-07-31T00:00:00Z,Northern Africa,Sudan,North Darfur,explosions/remote violence,Remote explosive/landmine/IED,1,2,4261,Political violence,3112,15.8601,25.5013
2021-07-31T00:00:00Z,Northern Africa,Sudan,North Darfur,violence against civilians,Attack,5,4,4725,Political violence,3112,15.8601,25.5013
2021-07-31T00:00:00Z,Northern Africa,Sudan,River Nile,battles,Armed clash,1,1,120568,Political violence,3116,18.8347,33.1231
2021-07-31T00:00:00Z,Northern Africa,Sudan,South Darfur,battles,Armed clash,1,5,1134,Political violence,3118,10.9002,24.3019
2021-07-31T00:00:00Z,Northern Africa,Sudan,West Darfur,violence against civilians,Attack,1,2,1380,Political violence,3120,13.5081,22.7026
2021-08-07T00:00:00Z,Northern Africa,Sudan,Gedaref,violence against civilians,Attack,1,1,143,Political violence,3109,14.2138,35.0222
2021-08-07T00:00:00Z,Northern Africa,Sudan,North Darfur,violence against civilians,Attack,3,4,3902,Political violence,3112,15.8601,25.5013
2021-08-07T00:00:00Z,Northern Africa,Sudan,North Kordofan,violence against civilians,Attack,2,2,566539,Political violence,3113,14.3894,29.437
2021-08-07T00:00:00Z,Northern Africa,Sudan,South Darfur,violence against civilians,Attack,1,1,156800,Political violence,3118,10.9002,24.3019
2021-08-07T00:00:00Z,Northern Africa,Sudan,South Kordofan,violence against civilians,Attack,1,1,2237,Political violence,3119,11.2289,30.914
2021-08-07T00:00:00Z,Northern Africa,Sudan,West Kordofan,violence against civilians,Attack,2,15,280874,Political violence,3121,11.8686,28.2211
2021-08-14T00:00:00Z,Northern Africa,Sudan,North Darfur,violence against civilians,Attack,1,1,44261,Political violence,3112,15.8601,25.5013
2021-08-14T00:00:00Z,Northern Africa,Sudan,South Kordofan,violence against civilians,Attack,2,3,145797,Political violence,3119,11.2289,30.914
2021-08-14T00:00:00Z,Northern Africa,Sudan,West Darfur,battles,Armed clash,1,1,8594,Political violence,3120,13.5081,22.7026
2021-08-14T00:00:00Z,Northern Africa,Sudan,West Kordofan,battles,Armed clash,4,1,36254,Political violence,3121,11.8686,28.2211
2021-08-21T00:00:00Z,Northern Africa,Sudan,Central Darfur,violence against civilians,Attack,1,1,93205,Political violence,3107,12.3084,23.2341
2021-08-21T00:00:00Z,Northern Africa,Sudan,North Darfur,battles,Armed clash,1,2,1955,Political violence,3112,15.8601,25.5013
2021-08-28T00:00:00Z,Northern Africa,Sudan,Abyei,violence against civilians,Attack,1,2,1689,Political violence,3104,9.7332,28.4712
2021-08-28T00:00:00Z,Northern Africa,Sudan,Central Darfur,protests,Excessive force against protesters,1,2,35317,Political violence; Demonstrations,3107,12.3084,23.2341
2021-08-28T00:00:00Z,Northern Africa,Sudan,Khartoum,battles,Armed clash,1,2,183813,Political violence,3111,15.915,33.1352
2021-08-28T00:00:00Z,Northern Africa,Sudan,North Darfur,violence against civilians,Attack,3,1,114827,Political violence,3112,15.8601,25.5013
2021-08-28T00:00:00Z,Northern Africa,Sudan,North Kordofan,violence against civilians,Attack,1,1,554478,Political violence,3113,14.3894,29.437
2021-08-28T00:00:00Z,Northern Africa,Sudan,South Kordofan,explosions/remote violence,Remote explosive/landmine/IED,1,2,243,Political violence,3119,11.2289,30.914
2021-08-28T00:00:00Z,Northern Africa,Sudan,South Kordofan,violence against civilians,Attack,1,1,1427,Political violence,3119,11.2289,30.914
2021-08-28T00:00:00Z,Northern Africa,Sudan,West Darfur,violence against civilians,Attack,1,1,321408,Political violence,3120,13.5081,22.7026
2021-08-28T00:00:00Z,Northern Africa,Sudan,West Kordofan,violence against civilians,Attack,1,1,27513,Political violence,3121,11.8686,28.2211
2021-09-04T00:00:00Z,Northern Africa,Sudan,Central Darfur,battles,Armed clash,1,5,1783,Political violence,3107,12.3084,23.2341
2021-09-04T00:00:00Z,Northern Africa,Sudan,West Kordofan,violence against civilians,Attack,1,1,27513,Political violence,3121,11.8686,28.2211
2021-09-11T00:00:00Z,Northern Africa,Sudan,Central Darfur,violence against civilians,Attack,1,1,31,Political violence,3107,12.3084,23.2341
2021-09-11T00:00:00Z,Northern Africa,Sudan,South Darfur,battles,Armed clash,2,10,11511,Political violence,3118,10.9002,24.3019
2021-09-11T00:00:00Z,Northern Africa,Sudan,South Darfur,violence against civilians,Attack,2,5,69946,Political violence,3118,10.9002,24.3019
2021-09-11T00:00:00Z,Northern Africa,Sudan,South Kordofan,violence against civilians,Attack,2,2,81054,Political violence,3119,11.2289,30.914
2021-09-11T00:00:00Z,Northern Africa,Sudan,West Kordofan,riots,Violent demonstration,1,2,6190,Demonstrations,3121,11.8686,28.2211
2021-09-18T00:00:00Z,Northern Africa,Sudan,Central Darfur,violence against civilians,Attack,2,1,11828,Political violence,3107,12.3084,23.2341
2021-09-18T00:00:00Z,Northern Africa,Sudan,North Darfur,violence against civilians,Attack,4,1,234174,Political violence,3112,15.8601,25.5013
2021-09-18T00:00:00Z,Northern Africa,Sudan,West Kordofan,violence against civilians,Attack,1,1,27513,Political violence,3121,11.8686,28.2211
2021-09-25T00:00:00Z,Northern Africa,Sudan,Central Darfur,violence against civilians,Attack,1,1,10060,Political violence,3107,12.3084,23.2341
2021-09-25T00:00:00Z,Northern Africa,Sudan,Gedaref,battles,Armed clash,2,1,744649,Political violence,3109,14.2138,35.0222
2021-09-25T00:00:00Z,Northern Africa,Sudan,Khartoum,battles,Armed clash,1,5,509497,Political violence,3111,15.915,33.1352
2021-09-25T00:00:00Z,Northern Africa,Sudan,Khartoum,violence against civilians,Attack,2,1,111029,Political violence,3111,15.915,33.1352
2021-09-25T00:00:00Z,Northern Africa,Sudan,West Darfur,violence against civilians,Attack,2,2,4925,Political violence,3120,13.5081,22.7026
2021-10-02T00:00:00Z,Northern Africa,Sudan,Central Darfur,violence against civilians,Attack,1,1,522,Political violence,3107,12.3084,23.2341
2021-10-02T00:00:00Z,Northern Africa,Sudan,Khartoum,battles,Armed clash,1,5,531609,Political violence,3111,15.915,33.1352
2021-10-02T00:00:00Z,Northern Africa,Sudan,River Nile,riots,Violent demonstration,2,2,110933,Demonstrations,3116,18.8347,33.1231
2021-10-02T00:00:00Z,Northern Africa,Sudan,Sennar,riots,Mob violence,1,1,124311,Political violence,3117,12.9093,34.0815
2021-10-02T00:00:00Z,Northern Africa,Sudan,Sennar,violence against civilians,Attack,2,10,38037,Political violence,3117,12.9093,34.0815
2021-10-02T00:00:00Z,Northern Africa,Sudan,South Darfur,battles,Armed clash,2,2,2073,Political violence,3118,10.9002,24.3019
2021-10-02T00:00:00Z,Northern Africa,Sudan,South Kordofan,violence against civilians,Attack,3,9,148470,Political violence,3119,11.2289,30.914
2021-10-02T00:00:00Z,Northern Africa,Sudan,West Darfur,battles,Armed clash,1,2,3034,Political violence,3120,13.5081,22.7026
2021-10-02T00:00:00Z,Northern Africa,Sudan,West Darfur,violence against civilians,Attack,1,2,321408,Political violence,3120,13.5081,22.7026
2021-10-09T00:00:00Z,Northern Africa,Sudan,North Kordofan,violence against civilians,Attack,1,1,554478,Political violence,3113,14.3894,29.437
2021-10-09T00:00:00Z,Northern Africa,Sudan,South Darfur,violence against civilians,Attack,2,2,61359,Political violence,3118,10.9002,24.3019
2021-10-09T00:00:00Z,Northern Africa,Sudan,South Kordofan,violence against civilians,Attack,1,2,602,Political violence,3119,11.2289,30.914
2021-10-09T00:00:00Z,Northern Africa,Sudan,West Darfur,battles,Armed clash,1,2,14775,Political violence,3120,13.5081,22.7026
2021-10-09T00:00:00Z,Northern Africa,Sudan,West Darfur,violence against civilians,Attack,1,1,5680,Political violence,3120,13.5081,22.7026
2021-10-16T00:00:00Z,Northern Africa,Sudan,Khartoum,riots,Violent demonstration,2,1,251209,Demonstrations,3111,15.915,33.1352
2021-10-16T00:00:00Z,Northern Africa,Sudan,North Darfur,violence against civilians,Attack,6,3,10193,Political violence,3112,15.8601,25.5013
2021-10-16T00:00:00Z,Northern Africa,Sudan,South Darfur,violence against civilians,Attack,1,1,45709,Political violence,3118,10.9002,24.3019
2021-10-16T00:00:00Z,Northern Africa,Sudan,South Kordofan,violence against civilians,Attack,1,4,81054,Political violence,3119,11.2289,30.914
2021-10-23T00:00:00Z,Northern Africa,Sudan,Khartoum,protests,Excessive force against protesters,5,12,101616,Political violence; Demonstrations,3111,15.915,33.1352
2021-10-23T00:00:00Z,Northern Africa,Sudan,West Darfur,battles,Armed clash,2,8,2251,Political violence,3120,13.5081,22.7026
2021-10-30T00:00:00Z,Northern Africa,Sudan,Khartoum,protests,Excessive force against protesters,3,4,85444,Political violence; Demonstrations,3111,15.915,33.1352
2021-10-30T00:00:00Z,Northern Africa,Sudan,North Darfur,violence against civilians,Attack,2,6,12222,Political violence,3112,15.8601,25.5013
2021-10-30T00:00:00Z,Northern Africa,Sudan,South Kordofan,violence against civilians,Attack,2,5,149212,Political violence,3119,11.2289,30.914
2021-11-06T00:00:00Z,Northern Africa,Sudan,Khartoum,violence against civilians,Attack,2,1,111029,Political violence,3111,15.915,33.1352
2021-11-06T00:00:00Z,Northern Africa,Sudan,North Darfur,riots,Violent demonstration,1,3,7408,Demonstrations,3112,15.8601,25.5013
2021-11-06T00:00:00Z,Northern Africa,Sudan,North Darfur,violence against civilians,Attack,5,8,44040,Political violence,3112,15.8601,25.5013
2021-11-06T00:00:00Z,Northern Africa,Sudan,South Kordofan,battles,Armed clash,1,12,1143,Political violence,3119,11.2289,30.914
2021-11-06T00:00:00Z,Northern Africa,Sudan,South Kordofan,violence against civilians,Attack,1,2,928,Political violence,3119,11.2289,30.914
2021-11-13T00:00:00Z,Northern Africa,Sudan,Al Jazirah,protests,Excessive force against protesters,1,1,76093,Political violence; Demonstrations,3105,14.6593,33.2294
2021-11-13T00:00:00Z,Northern Africa,Sudan,Khartoum,protests,Excessive force against protesters,6,25,101616,Political violence; Demonstrations,3111,15.915,33.1352
2021-11-13T00:00:00Z,Northern Africa,Sudan,North Darfur,violence against civilians,Attack,6,6,18601,Political violence,3112,15.8601,25.5013
2021-11-13T00:00:00Z,Northern Africa,Sudan,North Kordofan,battles,Armed clash,2,30,38730,Political violence,3113,14.3894,29.437
2021-11-13T00:00:00Z,Northern Africa,Sudan,South Kordofan,violence against civilians,Attack,3,3,8205,Political violence,3119,11.2289,30.914
2021-11-13T00:00:00Z,Northern Africa,Sudan,West Darfur,battles,Armed clash,6,37,5627,Political violence,3120,13.5081,22.7026
2021-11-20T00:00:00Z,Northern Africa,Sudan,Khartoum,protests,Excessive force against protesters,6,4,101616,Political violence; Demonstrations,3111,15.915,33.1352
2021-11-20T00:00:00Z,Northern Africa,Sudan,North Darfur,battles,Armed clash,1,3,19415,Political violence,3112,15.8601,25.5013
2021-11-20T00:00:00Z,Northern Africa,Sudan,North Darfur,violence against civilians,Attack,2,5,16983,Political violence,3112,15.8601,25.5013
2021-11-20T00:00:00Z,Northern Africa,Sudan,South Darfur,violence against civilians,Attack,2,3,4784,Political violence,3118,10.9002,24.3019
2021-11-20T00:00:00Z,Northern Africa,Sudan,West Darfur,battles,Armed clash,1,6,571,Political violence,3120,13.5081,22.7026
2021-11-20T00:00:00Z,Northern Africa,Sudan,West Darfur,violence against civilians,Attack,1,1,3242,Political violence,3120,13.5081,22.7026
2021-11-27T00:00:00Z,Northern Africa,Sudan,Central Darfur,violence against civilians,Attack,1,1,162686,Political violence,3107,12.3084,23.2341
2021-11-27T00:00:00Z,Northern Africa,Sudan,Gedaref,battles,Armed clash,2,24,5436,Political violence,3109,14.2138,35.0222
2021-11-27T00:00:00Z,Northern Africa,Sudan,North Darfur,violence against civilians,Attack,2,1,19428,Political violence,3112,15.8601,25.5013
2021-11-27T00:00:00Z,Northern Africa,Sudan,South Darfur,battles,Armed clash,1,5,27590,Political violence,3118,10.9002,24.3019
2021-11-27T00:00:00Z,Northern Africa,Sudan,South Kordofan,battles,Armed clash,3,12,81054,Political violence,3119,11.2289,30.914
2021-11-27T00:00:00Z,Northern Africa,Sudan,West Darfur,battles,Armed clash,1,2,54746,Political violence,3120,13.5081,22.7026
2021-11-27T00:00:00Z,Northern Africa,Sudan,West Darfur,violence against civilians,Attack,1,2,850,Political violence,3120,13.5081,22.7026
2021-12-04T00:00:00Z,Northern Africa,Sudan,Central Darfur,battles,Armed clash,1,3,7129,Political violence,3107,12.3084,23.2341
2021-12-04T00:00:00Z,Northern Africa,Sudan,Central Darfur,violence against civilians,Attack,2,3,48845,Political violence,3107,12.3084,23.2341
2021-12-04T00:00:00Z,Northern Africa,Sudan,North Darfur,violence against civilians,Attack,8,10,74703,Political violence,3112,15.8601,25.5013
2021-12-04T00:00:00Z,Northern Africa,Sudan,South Kordofan,violence against civilians,Attack,1,1,928,Political violence,3119,11.2289,30.914
2021-12-04T00:00:00Z,Northern Africa,Sudan,West Darfur,battles,Armed clash,3,51,392929,Political violence,3120,13.5081,22.7026
2021-12-04T00:00:00Z,Northern Africa,Sudan,West Darfur,violence against civilians,Attack,4,40,373088,Political violence,3120,13.5081,22.7026
2021-12-04T00:00:00Z,Northern Africa,Sudan,West Kordofan,battles,Armed clash,2,30,157493,Political violence,3121,11.8686,28.2211
2021-12-11T00:00:00Z,Northern Africa,Sudan,Central Darfur,violence against civilians,Attack,2,3,43050,Political violence,3107,12.3084,23.2341
2021-12-11T00:00:00Z,Northern Africa,Sudan,Khartoum,protests,Excessive force against protesters,1,1,38454,Political violence; Demonstrations,3111,15.915,33.1352
2021-12-11T00:00:00Z,Northern Africa,Sudan,South Darfur,violence against civilians,Attack,3,2,88314,Political violence,3118,10.9002,24.3019
2021-12-18T00:00:00Z,Northern Africa,Sudan,Khartoum,protests,Excessive force against protesters,3,3,101616,Political violence; Demonstrations,3111,15.915,33.1352
2021-12-18T00:00:00Z,Northern Africa,Sudan,North Darfur,riots,Mob violence,1,1,224615,Political violence,3112,15.8601,25.5013
2021-12-18T00:00:00Z,Northern Africa,Sudan,North Darfur,violence against civilians,Attack,3,1,23403,Political violence,3112,15.8601,25.5013
2021-12-18T00:00:00Z,Northern Africa,Sudan,South Kordofan,battles,Armed clash,1,3,2750,Political violence,3119,11.2289,30.914
2021-12-18T00:00:00Z,Northern Africa,Sudan,West Darfur,violence against civilians,Attack,2,1,229625,Political violence,3120,13.5081,22.7026
2021-12-25T00:00:00Z,Northern Africa,Sudan,Central Darfur,violence against civilians,Attack,2,2,66352,Political violence,3107,12.3084,23.2341
2021-12-25T00:00:00Z,Northern Africa,Sudan,Khartoum,protests,Excessive force against protesters,5,1,101616,Political violence; Demonstrations,3111,15.915,33.1352
2021-12-25T00:00:00Z,Northern Africa,Sudan,Khartoum,riots,Violent demonstration,1,6,148049,Demonstrations,3111,15.915,33.1352
2021-12-25T00:00:00Z,Northern Africa,Sudan,North Darfur,violence against civilians,Attack,4,5,636118,Political violence,3112,15.8601,25.5013
2021-12-25T00:00:00Z,Northern Africa,Sudan,South Kordofan,violence against civilians,Attack,2,2,81054,Political violence,3119,11.2289,30.914
2021-12-25T00:00:00Z,Northern Africa,Sudan,West Darfur,explosions/remote violence,Grenade,1,1,365107,Political violence,3120,13.5081,22.7026
2021-12-25T00:00:00Z,Northern Africa,Sudan,West Kordofan,violence against civilians,Attack,2,6,1415,Political violence,3121,11.8686,28.2211
2022-01-01T00:00:00Z,Northern Africa,Sudan,Abyei,battles,Armed clash,1,6,43,Political violence,3104,9.7332,28.4712
2022-01-01T00:00:00Z,Northern Africa,Sudan,Abyei,violence against civilians,Attack,2,1,18904,Political violence,3104,9.7332,28.4712
2022-01-01T00:00:00Z,Northern Africa,Sudan,Khartoum,protests,Excessive force against protesters,9,6,105223,Political violence; Demonstrations,3111,15.915,33.1352
2022-01-01T00:00:00Z,Northern Africa,Sudan,West Darfur,violence against civilians,Attack,1,1,2152,Political violence,3120,13.5081,22.7026
2022-01-08T00:00:00Z,Northern Africa,Sudan,Abyei,violence against civilians,Attack,1,2,5182,Political violence,3104,9.7332,28.4712
2022-01-08T00:00:00Z,Northern Africa,Sudan,Khartoum,protests,Excessive force against protesters,3,2,105223,Political violence; Demonstrations,3111,15.915,33.1352
2022-01-08T00:00:00Z,Northern Africa,Sudan,Khartoum,riots,Violent demonstration,2,2,225326,Demonstrations,3111,15.915,33.1352
2022-01-08T00:00:00Z,Northern Africa,Sudan,North Darfur,violence against civilians,Attack,3,1,54135,Political violence,3112,15.8601,25.5013
2022-01-08T00:00:00Z,Northern Africa,Sudan,South Darfur,violence against civilians,Attack,1,1,9119,Political violence,3118,10.9002,24.3019
2022-01-08T00:00:00Z,Northern Africa,Sudan,West Darfur,violence against civilians,Attack,2,1,257841,Political violence,3120,13.5081,22.7026
2022-01-15T00:00:00Z,Northern Africa,Sudan,Al Jazirah,protests,Excessive force against protesters,1,1,77748,Political violence; Demonstrations,3105,14.6593,33.2294
2022-01-15T00:00:00Z,Northern Africa,Sudan,Central Darfur,violence against civilians,Attack,3,1,29285,Political violence,3107,12.3084,23.2341
2022-01-15T00:00:00Z,Northern Africa,Sudan,Khartoum,protests,Excessive force against protesters,3,7,105223,Political violence; Demonstrations,3111,15.915,33.1352
2022-01-15T00:00:00Z,Northern Africa,Sudan,North Darfur,violence against civilians,Attack,3,8,636538,Political violence,3112,15.8601,25.5013
2022-01-15T00:00:00Z,Northern Africa,Sudan,South Kordofan,violence against civilians,Attack,2,2,4357,Political violence,3119,11.2289,30.914
2022-01-15T00:00:00Z,Northern Africa,Sudan,West Darfur,battles,Armed clash,2,8,4208,Political violence,3120,13.5081,22.7026
2022-01-15T00:00:00Z,Northern Africa,Sudan,West Darfur,violence against civilians,Attack,2,3,4027,Political violence,3120,13.5081,22.7026
2022-01-22T00:00:00Z,Northern Africa,Sudan,Al Jazirah,protests,Excessive force against protesters,2,1,77748,Political violence; Demonstrations,3105,14.6593,33.2294
2022-01-22T00:00:00Z,Northern Africa,Sudan,Khartoum,protests,Excessive force against protesters,4,4,105223,Political violence; Demonstrations,3111,15.915,33.1352
2022-01-22T00:00:00Z,Northern Africa,Sudan,North Darfur,violence against civilians,Attack,2,1,4537,Political violence,3112,15.8601,25.5013
2022-01-22T00:00:00Z,Northern Africa,Sudan,South Darfur,violence against civilians,Attack,1,1,273,Political violence,3118,10.9002,24.3019
2022-01-22T00:00:00Z,Northern Africa,Sudan,South Kordofan,violence against civilians,Attack,1,1,407,Political violence,3119,11.2289,30.914
2022-01-22T00:00:00Z,Northern Africa,Sudan,West Darfur,battles,Armed clash,1,1,28823,Political violence,3120,13.5081,22.7026
2022-01-22T00:00:00Z,Northern Africa,Sudan,West Darfur,violence against civilians,Attack,1,1,4208,Political violence,3120,13.5081,22.7026
2022-01-22T00:00:00Z,Northern Africa,Sudan,West Kordofan,violence against civilians,Attack,1,2,2150,Political violence,3121,11.8686,28.2211
2022-01-29T00:00:00Z,Northern Africa,Sudan,Abyei,violence against civilians,Attack,2,2,250,Political violence,3104,9.7332,28.4712
2022-01-29T00:00:00Z,Northern Africa,Sudan,Khartoum,protests,Excessive force against protesters,3,1,105223,Political violence; Demonstrations,3111,15.915,33.1352
2022-01-29T00:00:00Z,Northern Africa,Sudan,South Kordofan,violence against civilians,Attack,2,6,2308,Political violence,3119,11.2289,30.914
2022-02-05T00:00:00Z,Northern Africa,Sudan,Abyei,battles,Armed clash,2,15,3638,Political violence,3104,9.7332,28.4712
2022-02-05T00:00:00Z,Northern Africa,Sudan,Abyei,violence against civilians,Attack,1,1,610,Political violence,3104,9.7332,28.4712
2022-02-05T00:00:00Z,Northern Africa,Sudan,Central Darfur,violence against civilians,Attack,1,1,7410,Political violence,3107,12.3084,23.2341
2022-02-05T00:00:00Z,Northern Africa,Sudan,Gedaref,battles,Armed clash,1,1,560,Political violence,3109,14.2138,35.0222
2022-02-05T00:00:00Z,Northern Africa,Sudan,North Darfur,battles,Armed clash,2,5,749492,Political violence,3112,15.8601,25.5013
2022-02-05T00:00:00Z,Northern Africa,Sudan,North Darfur,violence against civilians,Attack,4,5,42225,Political violence,3112,15.8601,25.5013
2022-02-12T00:00:00Z,Northern Africa,Sudan,Abyei,battles,Armed clash,3,9,26377,Political violence,3104,9.7332,28.4712
2022-02-12T00:00:00Z,Northern Africa,Sudan,Abyei,violence against civilians,Attack,2,12,5087,Political violence,3104,9.7332,28.4712
2022-02-12T00:00:00Z,Northern Africa,Sudan,Khartoum,protests,Excessive force against protesters,3,2,59736,Political violence; Demonstrations,3111,15.915,33.1352
2022-02-12T00:00:00Z,Northern Africa,Sudan,North Kordofan,violence against civilians,Attack,1,2,557591,Political violence,3113,14.3894,29.437
2022-02-12T00:00:00Z,Northern Africa,Sudan,West Darfur,violence against civilians,Attack,2,2,54277,Political violence,3120,13.5081,22.7026
2022-02-19T00:00:00Z,Northern Africa,Sudan,Abyei,battles,Armed clash,1,2,8496,Political violence,3104,9.7332,28.4712
2022-02-19T00:00:00Z,Northern Africa,Sudan,Abyei,explosions/remote violence,Remote explosive/landmine/IED,1,2,351,Political violence,3104,9.7332,28.4712
2022-02-19T00:00:00Z,Northern Africa,Sudan,Abyei,violence against civilians,Attack,1,1,5182,Political violence,3104,9.7332,28.4712
2022-02-19T00:00:00Z,Northern Africa,Sudan,Khartoum,protests,Excessive force against protesters,6,2,105223,Political violence; Demonstrations,3111,15.915,33.1352
2022-02-19T00:00:00Z,Northern Africa,Sudan,North Kordofan,violence against civilians,Attack,1,1,557591,Political violence,3113,14.3894,29.437
2022-02-19T00:00:00Z,Northern Africa,Sudan,South Darfur,violence against civilians,Attack,1,1,22778,Political violence,3118,10.9002,24.3019
2022-02-19T00:00:00Z,Northern Africa,Sudan,South Kordofan,violence against civilians,Attack,2,1,54759,Political violence,3119,11.2289,30.914
2022-02-19T00:00:00Z,Northern Africa,Sudan,West Darfur,battles,Armed clash,1,2,375041,Political violence,3120,13.5081,22.7026
2022-02-26T00:00:00Z,Northern Africa,Sudan,Abyei,violence against civilians,Attack,3,5,8715,Political violence,3104,9.7332,28.4712
2022-02-26T00:00:00Z,Northern Africa,Sudan,Central Darfur,violence against civilians,Attack,1,1,17577,Political violence,3107,12.3084,23.2341
2022-02-26T00:00:00Z,Northern Africa,Sudan,Khartoum,protests,Excessive force against protesters,6,3,105223,Political violence; Demonstrations,3111,15.915,33.1352
2022-02-26T00:00:00Z,Northern Africa,Sudan,North Darfur,violence against civilians,Attack,5,3,715848,Political violence,3112,15.8601,25.5013
2022-02-26T00:00:00Z,Northern Africa,Sudan,West Darfur,violence against civilians,Attack,1,1,54984,Political violence,3120,13.5081,22.7026
2022-03-05T00:00:00Z,Northern Africa,Sudan,Abyei,battles,Armed clash,5,11,16902,Political violence,3104,9.7332,28.4712
2022-03-05T00:00:00Z,Northern Africa,Sudan,Abyei,violence against civilians,Attack,2,28,10222,Political violence,3104,9.7332,28.4712
2022-03-05T00:00:00Z,Northern Africa,Sudan,Khartoum,protests,Excessive force against protesters,6,2,105223,Political violence; Demonstrations,3111,15.915,33.1352
2022-03-05T00:00:00Z,Northern Africa,Sudan,Khartoum,riots,Violent demonstration,1,1,115034,Demonstrations,3111,15.915,33.1352
2022-03-05T00:00:00Z,Northern Africa,Sudan,South Darfur,violence against civilians,Attack,1,1,28473,Political violence,3118,10.9002,24.3019
2022-03-05T00:00:00Z,Northern Africa,Sudan,South Kordofan,violence against civilians,Attack,1,1,149916,Political violence,3119,11.2289,30.914
2022-03-05T00:00:00Z,Northern Africa,Sudan,West Darfur,battles,Armed clash,5,36,6901,Political violence,3120,13.5081,22.7026
2022-03-05T00:00:00Z,Northern Africa,Sudan,West Darfur,violence against civilians,Attack,2,4,31988,Political violence,3120,13.5081,22.7026
2022-03-12T00:00:00Z,Northern Africa,Sudan,Abyei,battles,Armed clash,1,5,220,Political violence,3104,9.7332,28.4712
2022-03-12T00:00:00Z,Northern Africa,Sudan,Abyei,violence against civilians,Attack,1,2,239,Political violence,3104,9.7332,28.4712
2022-03-12T00:00:00Z,Northern Africa,Sudan,Central Darfur,violence against civilians,Attack,1,2,12926,Political violence,3107,12.3084,23.2341
2022-03-12T00:00:00Z,Northern Africa,Sudan,Khartoum,protests,Excessive force against protesters,7,1,105223,Political violence; Demonstrations,3111,15.915,33.1352
2022-03-12T00:00:00Z,Northern Africa,Sudan,Khartoum,riots,Mob violence,1,1,71435,Political violence,3111,15.915,33.1352
2022-03-12T00:00:00Z,Northern Africa,Sudan,North Darfur,battles,Armed clash,1,3,1987,Political violence,3112,15.8601,25.5013
2022-03-12T00:00:00Z,Northern Africa,Sudan,South Darfur,explosions/remote violence,Grenade,1,5,21466,Political violence,3118,10.9002,24.3019
2022-03-19T00:00:00Z,Northern Africa,Sudan,Abyei,violence against civilians,Attack,2,3,3858,Political violence,3104,9.7332,28.4712
2022-03-19T00:00:00Z,Northern Africa,Sudan,Al Jazirah,protests,Excessive force against protesters,1,1,77748,Political violence; Demonstrations,3105,14.6593,33.2294
2022-03-19T00:00:00Z,Northern Africa,Sudan,Kassala,battles,Armed clash,1,2,46959,Political violence,3110,15.7104,35.5356
2022-03-19T00:00:00Z,Northern Africa,Sudan,Khartoum,protests,Excessive force against protesters,7,2,105223,Political violence; Demonstrations,3111,15.915,33.1352
2022-03-19T00:00:00Z,Northern Africa,Sudan,Khartoum,riots,Mob violence,1,3,71435,Political violence,3111,15.915,33.1352
2022-03-19T00:00:00Z,Northern Africa,Sudan,North Darfur,violence against civilians,Attack,2,3,2466,Political violence,3112,15.8601,25.5013
2022-03-19T00:00:00Z,Northern Africa,Sudan,South Darfur,battles,Armed clash,1,1,654,Political violence,3118,10.9002,24.3019
2022-03-19T00:00:00Z,Northern Africa,Sudan,West Darfur,violence against civilians,Attack,1,1,375041,Political violence,3120,13.5081,22.7026
2022-03-19T00:00:00Z,Northern Africa,Sudan,West Kordofan,battles,Armed clash,1,9,1472,Political violence,3121,11.8686,28.2211
2022-03-26T00:00:00Z,Northern Africa,Sudan,Khartoum,protests,Excessive force against protesters,3,1,105223,Political violence; Demonstrations,3111,15.915,33.1352
2022-03-26T00:00:00Z,Northern Africa,Sudan,North Darfur,violence against civilians,Attack,1,1,32435,Political violence,3112,15.8601,25.5013
2022-03-26T00:00:00Z,Northern Africa,Sudan,South Darfur,battles,Armed clash,5,35,18170,Political violence,3118,10.9002,24.3019
2022-03-26T00:00:00Z,Northern Africa,Sudan,South Darfur,violence against civilians,Attack,3,11,188576,Political violence,3118,10.9002,24.3019
2022-03-26T00:00:00Z,Northern Africa,Sudan,South Kordofan,violence against civilians,Attack,1,1,3272,Political violence,3119,11.2289,30.914
2022-03-26T00:00:00Z,Northern Africa,Sudan,West Darfur,battles,Armed clash,1,4,4208,Political violence,3120,13.5081,22.7026
2022-03-26T00:00:00Z,Northern Africa,Sudan,West Darfur,violence against civilians,Attack,2,1,284002,Political violence,3120,13.5081,22.7026
2022-04-02T00:00:00Z,Northern Africa,Sudan,Khartoum,protests,Excessive force against protesters,3,1,105223,Political violence; Demonstrations,3111,15.915,33.1352
2022-04-02T00:00:00Z,Northern Africa,Sudan,North Darfur,violence against civilians,Attack,1,5,32435,Political violence,3112,15.8601,25.5013
2022-04-02T00:00:00Z,Northern Africa,Sudan,South Kordofan,violence against civilians,Attack,1,1,340,Political violence,3119,11.2289,30.914
2022-04-02T00:00:00Z,Northern Africa,Sudan,West Darfur,battles,Armed clash,4,8,383687,Political violence,3120,13.5081,22.7026
2022-04-09T00:00:00Z,Northern Africa,Sudan,Abyei,violence against civilians,Attack,5,46,1677,Political violence,3104,9.7332,28.4712
2022-04-09T00:00:00Z,Northern Africa,Sudan,Khartoum,battles,Armed clash,1,10,71033,Political violence,3111,15.915,33.1352
2022-04-09T00:00:00Z,Northern Africa,Sudan,South Darfur,violence against civilians,Attack,2,8,1608345,Political violence,3118,10.9002,24.3019
2022-04-09T00:00:00Z,Northern Africa,Sudan,South Kordofan,battles,Armed clash,1,1,1840,Political violence,3119,11.2289,30.914
2022-04-09T00:00:00Z,Northern Africa,Sudan,South Kordofan,violence against civilians,Attack,2,2,86048,Political violence,3119,11.2289,30.914
2022-04-09T00:00:00Z,Northern Africa,Sudan,West Darfur,violence against civilians,Attack,4,15,385280,Political violence,3120,13.5081,22.7026
2022-04-16T00:00:00Z,Northern Africa,Sudan,Abyei,violence against civilians,Attack,1,1,8129,Political violence,3104,9.7332,28.4712
2022-04-16T00:00:00Z,Northern Africa,Sudan,Khartoum,violence against civilians,Attack,1,1,823895,Political violence,3111,15.915,33.1352
2022-04-16T00:00:00Z,Northern Africa,Sudan,North Darfur,violence against civilians,Attack,2,2,652657,Political violence,3112,15.8601,25.5013
2022-04-16T00:00:00Z,Northern Africa,Sudan,South Darfur,battles,Armed clash,1,1,42623,Political violence,3118,10.9002,24.3019
2022-04-16T00:00:00Z,Northern Africa,Sudan,West Darfur,battles,Armed clash,1,51,28823,Political violence,3120,13.5081,22.7026
2022-04-16T00:00:00Z,Northern Africa,Sudan,West Darfur,violence against civilians,Attack,5,9,430765,Political violence,3120,13.5081,22.7026
2022-04-23T00:00:00Z,Northern Africa,Sudan,West Darfur,battles,Armed clash,6,158,403864,Political violence,3120,13.5081,22.7026
2022-04-23T00:00:00Z,Northern Africa,Sudan,West Darfur,violence against civilians,Attack,3,5,375041,Political violence,3120,13.5081,22.7026
2022-04-30T00:00:00Z,Northern Africa,Sudan,Khartoum,protests,Excessive force against protesters,3,1,94041,Political violence; Demonstrations,3111,15.915,33.1352
2022-04-30T00:00:00Z,Northern Africa,Sudan,North Darfur,battles,Armed clash,1,3,692,Political violence,3112,15.8601,25.5013
2022-04-30T00:00:00Z,Northern Africa,Sudan,North Darfur,violence against civilians,Attack,3,1,32095,Political violence,3112,15.8601,25.5013
2022-04-30T00:00:00Z,Northern Africa,Sudan,South Darfur,violence against civilians,Attack,3,8,43149,Political violence,3118,10.9002,24.3019
2022-05-07T00:00:00Z,Northern Africa,Sudan,Abyei,battles,Armed clash,6,2,3853,Political violence,3104,9.7332,28.4712
2022-05-07T00:00:00Z,Northern Africa,Sudan,East Darfur,battles,Armed clash,1,1,15921,Political violence,3108,11.2299,26.3972
2022-05-07T00:00:00Z,Northern Africa,Sudan,Gedaref,explosions/remote violence,Remote explosive/landmine/IED,1,3,66044,Political violence,3109,14.2138,35.0222
2022-05-07T00:00:00Z,Northern Africa,Sudan,Kassala,riots,Mob violence,1,2,111401,Political violence,3110,15.7104,35.5356
2022-05-07T00:00:00Z,Northern Africa,Sudan,North Darfur,violence against civilians,Attack,2,1,15703,Political violence,3112,15.8601,25.5013
2022-05-07T00:00:00Z,Northern Africa,Sudan,Sennar,battles,Armed clash,1,3,169659,Political violence,3117,12.9093,34.0815
2022-05-07T00:00:00Z,Northern Africa,Sudan,South Darfur,riots,Violent demonstration,1,1,361139,Demonstrations,3118,10.9002,24.3019
2022-05-07T00:00:00Z,Northern Africa,Sudan,South Darfur,violence against civilians,Attack,4,7,1814871,Political violence,3118,10.9002,24.3019
2022-05-07T00:00:00Z,Northern Africa,Sudan,West Darfur,battles,Armed clash,1,2,102695,Political violence,3120,13.5081,22.7026
2022-05-14T00:00:00Z,Northern Africa,Sudan,Abyei,battles,Armed clash,4,5,6232,Political violence,3104,9.7332,28.4712
2022-05-14T00:00:00Z,Northern Africa,Sudan,Abyei,violence against civilians,Attack,3,2,15625,Political violence,3104,9.7332,28.4712
2022-05-14T00:00:00Z,Northern Africa,Sudan,Central Darfur,violence against civilians,Attack,2,2,59066,Political violence,3107,12.3084,23.2341
2022-05-14T00:00:00Z,Northern Africa,Sudan,Gedaref,violence against civilians,Attack,2,4,3729,Political violence,3109,14.2138,35.0222
2022-05-14T00:00:00Z,Northern Africa,Sudan,North Darfur,battles,Armed clash,1,1,32435,Political violence,3112,15.8601,25.5013
2022-05-14T00:00:00Z,Northern Africa,Sudan,Sennar,protests,Excessive force against protesters,1,3,9524,Political violence; Demonstrations,3117,12.9093,34.0815
2022-05-14T00:00:00Z,Northern Africa,Sudan,South Kordofan,violence against civilians,Attack,2,1,916,Political violence,3119,11.2289,30.914
2022-05-14T00:00:00Z,Northern Africa,Sudan,West Darfur,violence against civilians,Attack,1,1,395868,Political violence,3120,13.5081,22.7026
2022-05-21T00:00:00Z,Northern Africa,Sudan,Abyei,violence against civilians,Attack,1,2,5044,Political violence,3104,9.7332,28.4712
2022-05-21T00:00:00Z,Northern Africa,Sudan,Central Darfur,violence against civilians,Attack,1,1,12926,Political violence,3107,12.3084,23.2341
2022-05-21T00:00:00Z,Northern Africa,Sudan,Kassala,battles,Armed clash,1,3,6274,Political violence,3110,15.7104,35.5356
2022-05-21T00:00:00Z,Northern Africa,Sudan,Khartoum,protests,Excessive force against protesters,8,1,94041,Political violence; Demonstrations,3111,15.915,33.1352
2022-05-21T00:00:00Z,Northern Africa,Sudan,North Darfur,battles,Armed clash,3,3,636689,Political violence,3112,15.8601,25.5013
2022-05-21T00:00:00Z,Northern Africa,Sudan,South Darfur,explosions/remote violence,Grenade,1,2,45128,Political violence,3118,10.9002,24.3019
2022-05-21T00:00:00Z,Northern Africa,Sudan,South Darfur,violence against civilians,Attack,1,1,45128,Political violence,3118,10.9002,24.3019
2022-05-21T00:00:00Z,Northern Africa,Sudan,West Darfur,violence against civilians,Attack,1,1,11624,Political violence,3120,13.5081,22.7026
2022-05-21T00:00:00Z,Northern Africa,Sudan,West Kordofan,battles,Armed clash,3,14,160140,Political violence,3121,11.8686,28.2211
2022-05-28T00:00:00Z,Northern Africa,Sudan,Central Darfur,violence against civilians,Attack,1,1,24119,Political violence,3107,12.3084,23.2341
2022-05-28T00:00:00Z,Northern Africa,Sudan,Gedaref,violence against civilians,Attack,1,1,81194,Political violence,3109,14.2138,35.0222
2022-05-28T00:00:00Z,Northern Africa,Sudan,Khartoum,protests,Excessive force against protesters,13,3,116374,Political violence; Demonstrations,3111,15.915,33.1352
2022-05-28T00:00:00Z,Northern Africa,Sudan,North Darfur,violence against civilians,Attack,3,2,801816,Political violence,3112,15.8601,25.5013
2022-05-28T00:00:00Z,Northern Africa,Sudan,South Darfur,violence against civilians,Attack,1,2,2691,Political violence,3118,10.9002,24.3019
2022-05-28T00:00:00Z,Northern Africa,Sudan,South Kordofan,violence against civilians,Attack,2,3,97476,Political violence,3119,11.2289,30.914
2022-05-28T00:00:00Z,Northern Africa,Sudan,West Darfur,violence against civilians,Attack,2,2,30370,Political violence,3120,13.5081,22.7026
2022-05-28T00:00:00Z,Northern Africa,Sudan,West Kordofan,violence against civilians,Attack,1,5,28607,Political violence,3121,11.8686,28.2211
2022-06-04T00:00:00Z,Northern Africa,Sudan,Abyei,violence against civilians,Attack,1,1,5044,Political violence,3104,9.7332,28.4712
2022-06-04T00:00:00Z,Northern Africa,Sudan,Khartoum,protests,Excessive force against protesters,4,2,92362,Political violence; Demonstrations,3111,15.915,33.1352
2022-06-04T00:00:00Z,Northern Africa,Sudan,North Darfur,violence against civilians,Attack,3,3,116234,Political violence,3112,15.8601,25.5013
2022-06-04T00:00:00Z,Northern Africa,Sudan,South Darfur,battles,Armed clash,2,2,1433047,Political violence,3118,10.9002,24.3019
2022-06-04T00:00:00Z,Northern Africa,Sudan,South Kordofan,battles,Armed clash,3,19,84478,Political violence,3119,11.2289,30.914
2022-06-04T00:00:00Z,Northern Africa,Sudan,South Kordofan,violence against civilians,Attack,1,3,22566,Political violence,3119,11.2289,30.914
2022-06-04T00:00:00Z,Northern Africa,Sudan,West Darfur,battles,Armed clash,6,114,407939,Political violence,3120,13.5081,22.7026
2022-06-04T00:00:00Z,Northern Africa,Sudan,West Kordofan,battles,Armed clash,1,1,28607,Political violence,3121,11.8686,28.2211
2022-06-04T00:00:00Z,Northern Africa,Sudan,West Kordofan,violence against civilians,Attack,1,3,28607,Political violence,3121,11.8686,28.2211
2022-06-11T00:00:00Z,Northern Africa,Sudan,Abyei,violence against civilians,Attack,1,1,5044,Political violence,3104,9.7332,28.4712
2022-06-11T00:00:00Z,Northern Africa,Sudan,Central Darfur,violence against civilians,Attack,1,1,1695,Political violence,3107,12.3084,23.2341
2022-06-11T00:00:00Z,Northern Africa,Sudan,East Darfur,violence against civilians,Attack,1,5,1536,Political violence,3108,11.2299,26.3972
2022-06-11T00:00:00Z,Northern Africa,Sudan,Kassala,battles,Armed clash,3,3,552190,Political violence,3110,15.7104,35.5356
2022-06-11T00:00:00Z,Northern Africa,Sudan,Khartoum,protests,Excessive force against protesters,4,2,48554,Political violence; Demonstrations,3111,15.915,33.1352
2022-06-11T00:00:00Z,Northern Africa,Sudan,South Darfur,violence against civilians,Attack,1,7,1387919,Political violence,3118,10.9002,24.3019
2022-06-11T00:00:00Z,Northern Africa,Sudan,South Kordofan,violence against civilians,Attack,1,3,916,Political violence,3119,11.2289,30.914
2022-06-11T00:00:00Z,Northern Africa,Sudan,West Darfur,battles,Armed clash,1,16,12071,Political violence,3120,13.5081,22.7026
2022-06-11T00:00:00Z,Northern Africa,Sudan,West Darfur,violence against civilians,Attack,2,2,5403,Political violence,3120,13.5081,22.7026
2022-06-11T00:00:00Z,Northern Africa,Sudan,West Kordofan,violence against civilians,Attack,1,2,156699,Political violence,3121,11.8686,28.2211
2022-06-18T00:00:00Z,Northern Africa,Sudan,Central Darfur,violence against civilians,Attack,1,3,24079,Political violence,3107,12.3084,23.2341
2022-06-18T00:00:00Z,Northern Africa,Sudan,Gedaref,battles,Armed clash,1,8,3847,Political violence,3109,14.2138,35.0222
2022-06-18T00:00:00Z,Northern Africa,Sudan,Khartoum,protests,Excessive force against protesters,5,1,70887,Political violence; Demonstrations,3111,15.915,33.1352
2022-06-18T00:00:00Z,Northern Africa,Sudan,South Darfur,battles,Armed clash,2,4,90485,Political violence,3118,10.9002,24.3019
2022-06-18T00:00:00Z,Northern Africa,Sudan,South Darfur,violence against civilians,Attack,3,5,47336,Political violence,3118,10.9002,24.3019
2022-06-18T00:00:00Z,Northern Africa,Sudan,South Kordofan,violence against civilians,Attack,1,1,4447,Political violence,3119,11.2289,30.914
2022-06-18T00:00:00Z,Northern Africa,Sudan,West Kordofan,battles,Armed clash,3,19,33432,Political violence,3121,11.8686,28.2211
2022-06-18T00:00:00Z,Northern Africa,Sudan,West Kordofan,violence against civilians,Attack,2,3,28607,Political violence,3121,11.8686,28.2211
2022-06-25T00:00:00Z,Northern Africa,Sudan,Abyei,battles,Armed clash,2,11,18700,Political violence,3104,9.7332,28.4712
2022-06-25T00:00:00Z,Northern Africa,Sudan,Abyei,violence against civilians,Attack,2,7,4408,Political violence,3104,9.7332,28.4712
2022-06-25T00:00:00Z,Northern Africa,Sudan,Central Darfur,battles,Armed clash,1,1,7410,Political violence,3107,12.3084,23.2341
2022-06-25T00:00:00Z,Northern Africa,Sudan,Central Darfur,violence against civilians,Attack,1,1,144578,Political violence,3107,12.3084,23.2341
2022-06-25T00:00:00Z,Northern Africa,Sudan,Khartoum,protests,Excessive force against protesters,6,10,94041,Political violence; Demonstrations,3111,15.915,33.1352
2022-06-25T00:00:00Z,Northern Africa,Sudan,Khartoum,violence against civilians,Attack,1,1,278210,Political violence,3111,15.915,33.1352
2022-06-25T00:00:00Z,Northern Africa,Sudan,North Darfur,battles,Armed clash,2,1,17001,Political violence,3112,15.8601,25.5013
2022-06-25T00:00:00Z,Northern Africa,Sudan,South Darfur,battles,Armed clash,2,1,1388075,Political violence,3118,10.9002,24.3019
2022-06-25T00:00:00Z,Northern Africa,Sudan,South Darfur,violence against civilians,Attack,1,1,1387919,Political violence,3118,10.9002,24.3019
2022-07-02T00:00:00Z,Northern Africa,Sudan,North Darfur,battles,Armed clash,1,2,16119,Political violence,3112,15.8601,25.5013
2022-07-02T00:00:00Z,Northern Africa,Sudan,North Darfur,violence against civilians,Attack,6,3,26078,Political violence,3112,15.8601,25.5013
2022-07-02T00:00:00Z,Northern Africa,Sudan,South Darfur,violence against civilians,Attack,4,3,1435255,Political violence,3118,10.9002,24.3019
2022-07-02T00:00:00Z,Northern Africa,Sudan,South Kordofan,violence against civilians,Attack,5,6,185226,Political violence,3119,11.2289,30.914
2022-07-02T00:00:00Z,Northern Africa,Sudan,West Darfur,battles,Armed clash,1,3,3628,Political violence,3120,13.5081,22.7026
2022-07-02T00:00:00Z,Northern Africa,Sudan,West Kordofan,battles,Armed clash,1,1,3593,Political violence,3121,11.8686,28.2211
2022-07-09T00:00:00Z,Northern Africa,Sudan,Blue Nile,battles,Armed clash,5,110,236957,Political violence,3106,11.0079,34.0954
2022-07-09T00:00:00Z,Northern Africa,Sudan,South Darfur,violence against civilians,Attack,3,1,361139,Political violence,3118,10.9002,24.3019
2022-07-09T00:00:00Z,Northern Africa,Sudan,West Darfur,violence against civilians,Attack,2,1,3355,Political violence,3120,13.5081,22.7026
2022-07-16T00:00:00Z,Northern Africa,Sudan,Blue Nile,battles,Armed clash,4,72,514475,Political violence,3106,11.0079,34.0954
2022-07-16T00:00:00Z,Northern Africa,Sudan,Gedaref,riots,Violent demonstration,1,3,89930,Demonstrations,3109,14.2138,35.0222
2022-07-16T00:00:00Z,Northern Africa,Sudan,Kassala,riots,Violent demonstration,1,2,111401,Demonstrations,3110,15.7104,35.5356
2022-07-16T00:00:00Z,Northern Africa,Sudan,Khartoum,protests,Excessive force against protesters,2,1,48554,Political violence; Demonstrations,3111,15.915,33.1352
2022-07-16T00:00:00Z,Northern Africa,Sudan,South Darfur,battles,Armed clash,1,3,7573,Political violence,3118,10.9002,24.3019
2022-07-16T00:00:00Z,Northern Africa,Sudan,South Kordofan,violence against civilians,Attack,2,1,85594,Political violence,3119,11.2289,30.914
2022-07-23T00:00:00Z,Northern Africa,Sudan,Khartoum,protests,Excessive force against protesters,4,1,48554,Political violence; Demonstrations,3111,15.915,33.1352
2022-07-23T00:00:00Z,Northern Africa,Sudan,North Darfur,violence against civilians,Attack,3,1,126499,Political violence,3112,15.8601,25.5013
2022-07-23T00:00:00Z,Northern Africa,Sudan,South Darfur,violence against civilians,Attack,4,2,1434750,Political violence,3118,10.9002,24.3019
2022-07-23T00:00:00Z,Northern Africa,Sudan,West Darfur,battles,Armed clash,1,2,3628,Political violence,3120,13.5081,22.7026
2022-07-23T00:00:00Z,Northern Africa,Sudan,West Darfur,violence against civilians,Attack,2,3,38424,Political violence,3120,13.5081,22.7026
2022-07-30T00:00:00Z,Northern Africa,Sudan,Abyei,violence against civilians,Attack,2,2,1488,Political violence,3104,9.7332,28.4712
2022-07-30T00:00:00Z,Northern Africa,Sudan,Central Darfur,battles,Armed clash,1,5,24572,Political violence,3107,12.3084,23.2341
2022-07-30T00:00:00Z,Northern Africa,Sudan,East Darfur,battles,Armed clash,1,5,15921,Political violence,3108,11.2299,26.3972
2022-07-30T00:00:00Z,Northern Africa,Sudan,North Darfur,battles,Armed clash,1,1,32435,Political violence,3112,15.8601,25.5013
2022-07-30T00:00:00Z,Northern Africa,Sudan,North Darfur,violence against civilians,Attack,3,4,15123,Political violence,3112,15.8601,25.5013
2022-07-30T00:00:00Z,Northern Africa,Sudan,South Darfur,protests,Excessive force against protesters,1,2,2918,Political violence; Demonstrations,3118,10.9002,24.3019
2022-07-30T00:00:00Z,Northern Africa,Sudan,South Darfur,violence against civilians,Attack,2,2,1396252,Political violence,3118,10.9002,24.3019
2022-07-30T00:00:00Z,Northern Africa,Sudan,West Darfur,battles,Armed clash,2,25,3355,Political violence,3120,13.5081,22.7026
2022-07-30T00:00:00Z,Northern Africa,Sudan,West Darfur,violence against civilians,Attack,1,2,2627,Political violence,3120,13.5081,22.7026
2022-08-06T00:00:00Z,Northern Africa,Sudan,Abyei,violence against civilians,Attack,1,3,1282,Political violence,3104,9.7332,28.4712
2022-08-06T00:00:00Z,Northern Africa,Sudan,North Darfur,battles,Armed clash,1,1,44662,Political violence,3112,15.8601,25.5013
2022-08-06T00:00:00Z,Northern Africa,Sudan,North Darfur,violence against civilians,Attack,1,1,16557,Political violence,3112,15.8601,25.5013
2022-08-06T00:00:00Z,Northern Africa,Sudan,North Kordofan,battles,Armed clash,1,2,6940,Political violence,3113,14.3894,29.437
2022-08-06T00:00:00Z,Northern Africa,Sudan,South Kordofan,battles,Armed clash,1,2,2180,Political violence,3119,11.2289,30.914
2022-08-06T00:00:00Z,Northern Africa,Sudan,South Kordofan,violence against civilians,Attack,1,1,2214,Political violence,3119,11.2289,30.914
2022-08-06T00:00:00Z,Northern Africa,Sudan,West Kordofan,violence against civilians,Attack,1,7,129390,Political violence,3121,11.8686,28.2211
2022-08-13T00:00:00Z,Northern Africa,Sudan,Kassala,explosions/remote violence,Grenade,1,2,181745,Political violence,3110,15.7104,35.5356
2022-08-13T00:00:00Z,Northern Africa,Sudan,North Darfur,battles,Armed clash,2,1,32760,Political violence,3112,15.8601,25.5013
2022-08-13T00:00:00Z,Northern Africa,Sudan,North Darfur,explosions/remote violence,Remote explosive/landmine/IED,1,3,636538,Political violence,3112,15.8601,25.5013
2022-08-13T00:00:00Z,Northern Africa,Sudan,North Darfur,violence against civilians,Attack,3,13,62743,Political violence,3112,15.8601,25.5013
2022-08-13T00:00:00Z,Northern Africa,Sudan,South Kordofan,battles,Armed clash,1,1,9409,Political violence,3119,11.2289,30.914
2022-08-13T00:00:00Z,Northern Africa,Sudan,West Kordofan,violence against civilians,Attack,2,3,28834,Political violence,3121,11.8686,28.2211
2022-08-20T00:00:00Z,Northern Africa,Sudan,North Darfur,battles,Armed clash,1,2,16557,Political violence,3112,15.8601,25.5013
2022-08-27T00:00:00Z,Northern Africa,Sudan,Blue Nile,battles,Armed clash,3,23,231299,Political violence,3106,11.0079,34.0954
2022-08-27T00:00:00Z,Northern Africa,Sudan,Central Darfur,battles,Armed clash,1,6,451,Political violence,3107,12.3084,23.2341
2022-08-27T00:00:00Z,Northern Africa,Sudan,Khartoum,protests,Excessive force against protesters,1,1,8707,Political violence; Demonstrations,3111,15.915,33.1352
2022-09-03T00:00:00Z,Northern Africa,Sudan,Blue Nile,violence against civilians,Attack,1,4,5658,Political violence,3106,11.0079,34.0954
2022-09-03T00:00:00Z,Northern Africa,Sudan,North Darfur,violence against civilians,Attack,5,3,76727,Political violence,3112,15.8601,25.5013
2022-09-03T00:00:00Z,Northern Africa,Sudan,South Darfur,violence against civilians,Attack,1,1,16208,Political violence,3118,10.9002,24.3019
2022-09-03T00:00:00Z,Northern Africa,Sudan,South Kordofan,battles,Armed clash,2,3,74594,Political violence,3119,11.2289,30.914
2022-09-10T00:00:00Z,Northern Africa,Sudan,Abyei,violence against civilians,Attack,2,1,2338,Political violence,3104,9.7332,28.4712
2022-09-10T00:00:00Z,Northern Africa,Sudan,South Darfur,violence against civilians,Attack,5,3,510595,Political violence,3118,10.9002,24.3019
2022-09-10T00:00:00Z,Northern Africa,Sudan,West Darfur,violence against civilians,Attack,1,1,32536,Political violence,3120,13.5081,22.7026
2022-09-10T00:00:00Z,Northern Africa,Sudan,West Kordofan,battles,Armed clash,2,6,44093,Political violence,3121,11.8686,28.2211
2022-09-17T00:00:00Z,Northern Africa,Sudan,Abyei,battles,Armed clash,2,1,7788,Political violence,3104,9.7332,28.4712
2022-09-17T00:00:00Z,Northern Africa,Sudan,Abyei,violence against civilians,Attack,3,3,9370,Political violence,3104,9.7332,28.4712
2022-09-17T00:00:00Z,Northern Africa,Sudan,Gedaref,violence against civilians,Attack,2,1,25738,Political violence,3109,14.2138,35.0222
2022-09-17T00:00:00Z,Northern Africa,Sudan,Kassala,battles,Armed clash,1,2,322754,Political violence,3110,15.7104,35.5356
2022-09-17T00:00:00Z,Northern Africa,Sudan,North Darfur,explosions/remote violence,Remote explosive/landmine/IED,1,3,570,Political violence,3112,15.8601,25.5013
2022-09-17T00:00:00Z,Northern Africa,Sudan,North Darfur,violence against civilians,Attack,2,1,16193,Political violence,3112,15.8601,25.5013
2022-09-17T00:00:00Z,Northern Africa,Sudan,South Darfur,violence against civilians,Attack,3,3,1503132,Political violence,3118,10.9002,24.3019
2022-09-17T00:00:00Z,Northern Africa,Sudan,West Darfur,violence against civilians,Attack,1,1,395937,Political violence,3120,13.5081,22.7026
2022-09-24T00:00:00Z,Northern Africa,Sudan,Abyei,battles,Armed clash,1,10,4551,Political violence,3104,9.7332,28.4712
2022-09-24T00:00:00Z,Northern Africa,Sudan,North Darfur,battles,Armed clash,1,1,2980,Political violence,3112,15.8601,25.5013
2022-09-24T00:00:00Z,Northern Africa,Sudan,West Kordofan,violence against civilians,Attack,1,3,156699,Political violence,3121,11.8686,28.2211
2022-10-01T00:00:00Z,Northern Africa,Sudan,Central Darfur,violence against civilians,Attack,2,1,68391,Political violence,3107,12.3084,23.2341
2022-10-01T00:00:00Z,Northern Africa,Sudan,North Darfur,battles,Armed clash,1,2,1132,Political violence,3112,15.8601,25.5013
2022-10-01T00:00:00Z,Northern Africa,Sudan,South Kordofan,violence against civilians,Attack,1,1,127928,Political violence,3119,11.2289,30.914
2022-10-01T00:00:00Z,Northern Africa,Sudan,West Kordofan,violence against civilians,Attack,4,21,145832,Political violence,3121,11.8686,28.2211
2022-10-08T00:00:00Z,Northern Africa,Sudan,Abyei,battles,Armed clash,2,31,12029,Political violence,3104,9.7332,28.4712
2022-10-08T00:00:00Z,Northern Africa,Sudan,Abyei,violence against civilians,Attack,2,3,18139,Political violence,3104,9.7332,28.4712
2022-10-08T00:00:00Z,Northern Africa,Sudan,Blue Nile,battles,Armed clash,2,13,6299,Political violence,3106,11.0079,34.0954
2022-10-08T00:00:00Z,Northern Africa,Sudan,Blue Nile,violence against civilians,Attack,1,2,6299,Political violence,3106,11.0079,34.0954
2022-10-08T00:00:00Z,Northern Africa,Sudan,Central Darfur,violence against civilians,Attack,1,1,258,Political violence,3107,12.3084,23.2341
2022-10-08T00:00:00Z,Northern Africa,Sudan,Khartoum,violence against civilians,Attack,1,1,278210,Political violence,3111,15.915,33.1352
2022-10-08T00:00:00Z,Northern Africa,Sudan,North Darfur,violence against civilians,Attack,1,2,31404,Political violence,3112,15.8601,25.5013
2022-10-08T00:00:00Z,Northern Africa,Sudan,Sennar,battles,Armed clash,1,1,58182,Political violence,3117,12.9093,34.0815
2022-10-08T00:00:00Z,Northern Africa,Sudan,South Kordofan,violence against civilians,Attack,1,1,9409,Political violence,3119,11.2289,30.914
2022-10-08T00:00:00Z,Northern Africa,Sudan,West Kordofan,battles,Armed clash,2,30,28607,Political violence,3121,11.8686,28.2211
2022-10-15T00:00:00Z,Northern Africa,Sudan,Blue Nile,battles,Armed clash,9,234,91426,Political violence,3106,11.0079,34.0954
2022-10-15T00:00:00Z,Northern Africa,Sudan,Central Darfur,battles,Armed clash,1,13,6416,Political violence,3107,12.3084,23.2341
2022-10-15T00:00:00Z,Northern Africa,Sudan,North Darfur,violence against civilians,Attack,6,5,66031,Political violence,3112,15.8601,25.5013
2022-10-15T00:00:00Z,Northern Africa,Sudan,South Darfur,battles,Armed clash,1,1,704,Political violence,3118,10.9002,24.3019
2022-10-15T00:00:00Z,Northern Africa,Sudan,West Darfur,violence against civilians,Attack,1,1,71558,Political violence,3120,13.5081,22.7026
2022-10-15T00:00:00Z,Northern Africa,Sudan,West Kordofan,battles,Armed clash,3,39,28780,Political violence,3121,11.8686,28.2211
2022-10-15T00:00:00Z,Northern Africa,Sudan,West Kordofan,explosions/remote violence,Shelling/artillery/missile attack,1,14,28607,Political violence,3121,11.8686,28.2211
2022-10-15T00:00:00Z,Northern Africa,Sudan,West Kordofan,violence against civilians,Attack,1,1,28607,Political violence,3121,11.8686,28.2211
2022-10-22T00:00:00Z,Northern Africa,Sudan,Blue Nile,battles,Armed clash,2,1,323992,Political violence,3106,11.0079,34.0954
2022-10-22T00:00:00Z,Northern Africa,Sudan,Blue Nile,protests,Excessive force against protesters,1,3,54752,Political violence; Demonstrations,3106,11.0079,34.0954
2022-10-22T00:00:00Z,Northern Africa,Sudan,Khartoum,protests,Excessive force against protesters,5,3,48554,Political violence; Demonstrations,3111,15.915,33.1352
2022-10-22T00:00:00Z,Northern Africa,Sudan,Khartoum,riots,Violent demonstration,1,1,110292,Demonstrations,3111,15.915,33.1352
2022-10-22T00:00:00Z,Northern Africa,Sudan,Red Sea,protests,Excessive force against protesters,1,1,33009,Political violence; Demonstrations,3115,20.0739,35.4126
2022-10-22T00:00:00Z,Northern Africa,Sudan,West Darfur,violence against civilians,Attack,1,1,3355,Political violence,3120,13.5081,22.7026
2022-10-22T00:00:00Z,Northern Africa,Sudan,West Kordofan,battles,Armed clash,1,10,173,Political violence,3121,11.8686,28.2211
2022-10-29T00:00:00Z,Northern Africa,Sudan,Blue Nile,violence against civilians,Attack,2,1,168594,Political violence,3106,11.0079,34.0954
2022-10-29T00:00:00Z,Northern Africa,Sudan,Central Darfur,battles,Armed clash,3,12,180799,Political violence,3107,12.3084,23.2341
2022-10-29T00:00:00Z,Northern Africa,Sudan,Central Darfur,violence against civilians,Attack,1,1,29805,Political violence,3107,12.3084,23.2341
2022-10-29T00:00:00Z,Northern Africa,Sudan,South Darfur,violence against civilians,Attack,2,1,41062,Political violence,3118,10.9002,24.3019
2022-11-05T00:00:00Z,Northern Africa,Sudan,Blue Nile,violence against civilians,Attack,1,1,201536,Political violence,3106,11.0079,34.0954
2022-11-05T00:00:00Z,Northern Africa,Sudan,Central Darfur,battles,Armed clash,1,48,7410,Political violence,3107,12.3084,23.2341
2022-11-05T00:00:00Z,Northern Africa,Sudan,Central Darfur,violence against civilians,Attack,6,10,139524,Political violence,3107,12.3084,23.2341
2022-11-05T00:00:00Z,Northern Africa,Sudan,Gedaref,violence against civilians,Attack,1,1,5700,Political violence,3109,14.2138,35.0222
2022-11-05T00:00:00Z,Northern Africa,Sudan,North Darfur,violence against civilians,Attack,3,1,720086,Political violence,3112,15.8601,25.5013
2022-11-05T00:00:00Z,Northern Africa,Sudan,Red Sea,battles,Armed clash,1,1,583643,Political violence,3115,20.0739,35.4126
2022-11-05T00:00:00Z,Northern Africa,Sudan,South Darfur,violence against civilians,Attack,2,2,7509,Political violence,3118,10.9002,24.3019
2022-11-05T00:00:00Z,Northern Africa,Sudan,South Kordofan,violence against civilians,Attack,1,3,167424,Political violence,3119,11.2289,30.914
2022-11-12T00:00:00Z,Northern Africa,Sudan,Blue Nile,violence against civilians,Attack,1,5,201536,Political violence,3106,11.0079,34.0954
2022-11-12T00:00:00Z,Northern Africa,Sudan,Central Darfur,battles,Armed clash,1,24,7410,Political violence,3107,12.3084,23.2341
2022-11-12T00:00:00Z,Northern Africa,Sudan,Central Darfur,violence against civilians,Attack,3,1,47579,Political violence,3107,12.3084,23.2341
2022-11-12T00:00:00Z,Northern Africa,Sudan,Gedaref,violence against civilians,Attack,1,2,380,Political violence,3109,14.2138,35.0222
2022-11-12T00:00:00Z,Northern Africa,Sudan,North Darfur,violence against civilians,Attack,7,4,143898,Political violence,3112,15.8601,25.5013
2022-11-12T00:00:00Z,Northern Africa,Sudan,South Darfur,violence against civilians,Attack,1,1,45128,Political violence,3118,10.9002,24.3019
2022-11-19T00:00:00Z,Northern Africa,Sudan,Central Darfur,battles,Armed clash,1,13,3134,Political violence,3107,12.3084,23.2341
2022-11-19T00:00:00Z,Northern Africa,Sudan,Khartoum,protests,Excessive force against protesters,2,2,39847,Political violence; Demonstrations,3111,15.915,33.1352
2022-11-19T00:00:00Z,Northern Africa,Sudan,South Kordofan,violence against civilians,Sexual violence,1,1,167424,Political violence,3119,11.2289,30.914
2022-11-19T00:00:00Z,Northern Africa,Sudan,West Kordofan,battles,Armed clash,2,6,156699,Political violence,3121,11.8686,28.2211
2022-11-26T00:00:00Z,Northern Africa,Sudan,East Darfur,riots,Mob violence,1,1,4657,Political violence,3108,11.2299,26.3972
2022-11-26T00:00:00Z,Northern Africa,Sudan,East Darfur,violence against civilians,Attack,2,1,144844,Political violence,3108,11.2299,26.3972
2022-11-26T00:00:00Z,Northern Africa,Sudan,North Darfur,battles,Armed clash,3,8,66210,Political violence,3112,15.8601,25.5013
2022-11-26T00:00:00Z,Northern Africa,Sudan,North Darfur,violence against civilians,Attack,5,3,116866,Political violence,3112,15.8601,25.5013
2022-11-26T00:00:00Z,Northern Africa,Sudan,South Kordofan,violence against civilians,Attack,1,1,559,Political violence,3119,11.2289,30.914
2022-11-26T00:00:00Z,Northern Africa,Sudan,West Darfur,violence against civilians,Attack,2,1,30476,Political violence,3120,13.5081,22.7026
2022-11-26T00:00:00Z,Northern Africa,Sudan,West Kordofan,battles,Armed clash,1,3,6967,Political violence,3121,11.8686,28.2211
2022-12-03T00:00:00Z,Northern Africa,Sudan,Abyei,battles,Armed clash,3,5,17091,Political violence,3104,9.7332,28.4712
2022-12-03T00:00:00Z,Northern Africa,Sudan,Abyei,violence against civilians,Attack,2,4,12916,Political violence,3104,9.7332,28.4712
2022-12-03T00:00:00Z,Northern Africa,Sudan,Central Darfur,battles,Armed clash,1,2,7410,Political violence,3107,12.3084,23.2341
2022-12-03T00:00:00Z,Northern Africa,Sudan,Central Darfur,violence against civilians,Attack,2,1,8115,Political violence,3107,12.3084,23.2341
2022-12-03T00:00:00Z,Northern Africa,Sudan,East Darfur,violence against civilians,Attack,1,2,2227,Political violence,3108,11.2299,26.3972
2022-12-03T00:00:00Z,Northern Africa,Sudan,River Nile,violence against civilians,Attack,1,1,143200,Political violence,3116,18.8347,33.1231
2022-12-03T00:00:00Z,Northern Africa,Sudan,South Darfur,battles,Armed clash,1,1,55990,Political violence,3118,10.9002,24.3019
2022-12-03T00:00:00Z,Northern Africa,Sudan,South Darfur,violence against civilians,Attack,1,1,1448885,Political violence,3118,10.9002,24.3019
2022-12-03T00:00:00Z,Northern Africa,Sudan,South Kordofan,violence against civilians,Attack,1,1,25803,Political violence,3119,11.2289,30.914
2022-12-03T00:00:00Z,Northern Africa,Sudan,West Kordofan,battles,Armed clash,1,3,6967,Political violence,3121,11.8686,28.2211
2022-12-03T00:00:00Z,Northern Africa,Sudan,West Kordofan,violence against civilians,Attack,1,2,156699,Political violence,3121,11.8686,28.2211
2022-12-10T00:00:00Z,Northern Africa,Sudan,Abyei,violence against civilians,Attack,1,2,404,Political violence,3104,9.7332,28.4712
2022-12-10T00:00:00Z,Northern Africa,Sudan,North Darfur,violence against civilians,Attack,4,1,650083,Political violence,3112,15.8601,25.5013
2022-12-10T00:00:00Z,Northern Africa,Sudan,South Kordofan,battles,Armed clash,1,6,25803,Political violence,3119,11.2289,30.914
2022-12-10T00:00:00Z,Northern Africa,Sudan,South Kordofan,violence against civilians,Attack,1,1,25803,Political violence,3119,11.2289,30.914
2022-12-10T00:00:00Z,Northern Africa,Sudan,West Kordofan,battles,Armed clash,1,22,3441,Political violence,3121,11.8686,28.2211
2022-12-17T00:00:00Z,Northern Africa,Sudan,Abyei,violence against civilians,Attack,4,10,14819,Political violence,3104,9.7332,28.4712
2022-12-17T00:00:00Z,Northern Africa,Sudan,Central Darfur,violence against civilians,Attack,1,1,29805,Political violence,3107,12.3084,23.2341
2022-12-17T00:00:00Z,Northern Africa,Sudan,North Darfur,violence against civilians,Attack,1,1,5319,Political violence,3112,15.8601,25.5013
2022-12-17T00:00:00Z,Northern Africa,Sudan,South Darfur,battles,Armed clash,5,20,67467,Political violence,3118,10.9002,24.3019
2022-12-17T00:00:00Z,Northern Africa,Sudan,South Darfur,violence against civilians,Attack,2,7,56823,Political violence,3118,10.9002,24.3019
2022-12-17T00:00:00Z,Northern Africa,Sudan,South Kordofan,violence against civilians,Attack,1,1,167424,Political violence,3119,11.2289,30.914
2022-12-17T00:00:00Z,Northern Africa,Sudan,West Darfur,battles,Armed clash,1,1,57624,Political violence,3120,13.5081,22.7026
2022-12-24T00:00:00Z,Northern Africa,Sudan,Central Darfur,battles,Armed clash,2,9,144578,Political violence,3107,12.3084,23.2341
2022-12-24T00:00:00Z,Northern Africa,Sudan,East Darfur,violence against civilians,Attack,1,1,313326,Political violence,3108,11.2299,26.3972
2022-12-24T00:00:00Z,Northern Africa,Sudan,South Darfur,violence against civilians,Attack,2,3,25601,Political violence,3118,10.9002,24.3019
2022-12-24T00:00:00Z,Northern Africa,Sudan,South Kordofan,battles,Armed clash,1,1,167424,Political violence,3119,11.2289,30.914
2022-12-24T00:00:00Z,Northern Africa,Sudan,West Kordofan,battles,Armed clash,1,8,44093,Political violence,3121,11.8686,28.2211
2022-12-31T00:00:00Z,Northern Africa,Sudan,Abyei,violence against civilians,Attack,3,17,23662,Political violence,3104,9.7332,28.4712
2022-12-31T00:00:00Z,Northern Africa,Sudan,East Darfur,violence against civilians,Attack,2,2,167276,Political violence,3108,11.2299,26.3972
2022-12-31T00:00:00Z,Northern Africa,Sudan,Gedaref,violence against civilians,Attack,1,1,896,Political violence,3109,14.2138,35.0222
2022-12-31T00:00:00Z,Northern Africa,Sudan,North Darfur,violence against civilians,Attack,5,1,340474,Political violence,3112,15.8601,25.5013
2022-12-31T00:00:00Z,Northern Africa,Sudan,South Darfur,violence against civilians,Attack,3,2,47213,Political violence,3118,10.9002,24.3019
2022-12-31T00:00:00Z,Northern Africa,Sudan,South Kordofan,violence against civilians,Attack,2,1,2371,Political violence,3119,11.2289,30.914
2023-01-07T00:00:00Z,Northern Africa,Sudan,Blue Nile,battles,Armed clash,1,6,6473,Political violence,3106,11.0079,34.0954
2023-01-07T00:00:00Z,Northern Africa,Sudan,Blue Nile,violence against civilians,Attack,1,1,30662,Political violence,3106,11.0079,34.0954
2023-01-07T00:00:00Z,Northern Africa,Sudan,Khartoum,protests,Excessive force against protesters,1,1,46983,Political violence; Demonstrations,3111,15.915,33.1352
2023-01-07T00:00:00Z,Northern Africa,Sudan,North Darfur,violence against civilians,Attack,4,3,655659,Political violence,3112,15.8601,25.5013
2023-01-07T00:00:00Z,Northern Africa,Sudan,South Kordofan,battles,Armed clash,1,1,172215,Political violence,3119,11.2289,30.914
2023-01-07T00:00:00Z,Northern Africa,Sudan,South Kordofan,violence against civilians,Attack,1,2,88005,Political violence,3119,11.2289,30.914
2023-01-07T00:00:00Z,Northern Africa,Sudan,West Kordofan,battles,Armed clash,1,2,1526,Political violence,3121,11.8686,28.2211
2023-01-14T00:00:00Z,Northern Africa,Sudan,Central Darfur,violence against civilians,Attack,1,1,147970,Political violence,3107,12.3084,23.2341
2023-01-14T00:00:00Z,Northern Africa,Sudan,Central Darfur,violence against civilians,Sexual violence,1,1,18166,Political violence,3107,12.3084,23.2341
2023-01-14T00:00:00Z,Northern Africa,Sudan,Khartoum,protests,Excessive force against protesters,2,1,50329,Political violence; Demonstrations,3111,15.915,33.1352
2023-01-14T00:00:00Z,Northern Africa,Sudan,South Kordofan,violence against civilians,Attack,1,1,172215,Political violence,3119,11.2289,30.914
2023-01-14T00:00:00Z,Northern Africa,Sudan,White Nile,riots,Mob violence,1,2,199030,Political violence,3122,13.5895,32.3521
2023-01-21T00:00:00Z,Northern Africa,Sudan,Abyei,violence against civilians,Attack,1,1,5305,Political violence,3104,9.7332,28.4712
2023-01-21T00:00:00Z,Northern Africa,Sudan,Blue Nile,violence against civilians,Attack,1,1,10337,Political violence,3106,11.0079,34.0954
2023-01-21T00:00:00Z,Northern Africa,Sudan,Central Darfur,violence against civilians,Attack,1,2,6869,Political violence,3107,12.3084,23.2341
2023-01-21T00:00:00Z,Northern Africa,Sudan,Khartoum,battles,Armed clash,1,1,577069,Political violence,3111,15.915,33.1352
2023-01-21T00:00:00Z,Northern Africa,Sudan,North Darfur,battles,Armed clash,3,3,22479,Political violence,3112,15.8601,25.5013
2023-01-21T00:00:00Z,Northern Africa,Sudan,North Darfur,violence against civilians,Attack,2,1,228306,Political violence,3112,15.8601,25.5013
2023-01-21T00:00:00Z,Northern Africa,Sudan,South Darfur,battles,Armed clash,1,1,10781,Political violence,3118,10.9002,24.3019
2023-01-21T00:00:00Z,Northern Africa,Sudan,South Kordofan,violence against civilians,Attack,2,5,305715,Political violence,3119,11.2289,30.914
2023-01-21T00:00:00Z,Northern Africa,Sudan,West Darfur,violence against civilians,Attack,2,7,19232,Political violence,3120,13.5081,22.7026
2023-01-28T00:00:00Z,Northern Africa,Sudan,Central Darfur,violence against civilians,Attack,5,1,145673,Political violence,3107,12.3084,23.2341
2023-01-28T00:00:00Z,Northern Africa,Sudan,Gedaref,battles,Armed clash,2,1,26087,Political violence,3109,14.2138,35.0222
2023-01-28T00:00:00Z,Northern Africa,Sudan,South Darfur,violence against civilians,Attack,4,2,160305,Political violence,3118,10.9002,24.3019
2023-01-28T00:00:00Z,Northern Africa,Sudan,South Kordofan,violence against civilians,Attack,1,2,1140,Political violence,3119,11.2289,30.914
2023-01-28T00:00:00Z,Northern Africa,Sudan,West Kordofan,protests,Excessive force against protesters,1,1,494,Political violence; Demonstrations,3121,11.8686,28.2211
2023-02-04T00:00:00Z,Northern Africa,Sudan,Abyei,violence against civilians,Attack,2,7,574,Political violence,3104,9.7332,28.4712
2023-02-04T00:00:00Z,Northern Africa,Sudan,Al Jazirah,violence against civilians,Attack,1,1,648700,Political violence,3105,14.6593,33.2294
2023-02-04T00:00:00Z,Northern Africa,Sudan,Central Darfur,violence against civilians,Attack,2,1,18288,Political violence,3107,12.3084,23.2341
2023-02-04T00:00:00Z,Northern Africa,Sudan,Khartoum,protests,Excessive force against protesters,1,1,41255,Political violence; Demonstrations,3111,15.915,33.1352
2023-02-04T00:00:00Z,Northern Africa,Sudan,North Darfur,violence against civilians,Attack,4,1,43846,Political violence,3112,15.8601,25.5013
2023-02-04T00:00:00Z,Northern Africa,Sudan,South Kordofan,violence against civilians,Attack,2,2,92366,Political violence,3119,11.2289,30.914
2023-02-04T00:00:00Z,Northern Africa,Sudan,West Darfur,violence against civilians,Attack,3,1,358465,Political violence,3120,13.5081,22.7026
2023-02-11T00:00:00Z,Northern Africa,Sudan,Abyei,violence against civilians,Attack,2,8,1435,Political violence,3104,9.7332,28.4712
2023-02-11T00:00:00Z,Northern Africa,Sudan,Gedaref,battles,Armed clash,1,1,10372,Political violence,3109,14.2138,35.0222
2023-02-11T00:00:00Z,Northern Africa,Sudan,South Darfur,violence against civilians,Attack,2,1,30401,Political violence,3118,10.9002,24.3019
2023-02-11T00:00:00Z,Northern Africa,Sudan,West Darfur,battles,Armed clash,2,2,63128,Political violence,3120,13.5081,22.7026
2023-02-18T00:00:00Z,Northern Africa,Sudan,Abyei,violence against civilians,Attack,1,2,18343,Political violence,3104,9.7332,28.4712
2023-02-18T00:00:00Z,Northern Africa,Sudan,Central Darfur,battles,Armed clash,2,3,18166,Political violence,3107,12.3084,23.2341
2023-02-18T00:00:00Z,Northern Africa,Sudan,Central Darfur,violence against civilians,Attack,3,3,30910,Political violence,3107,12.3084,23.2341
2023-02-18T00:00:00Z,Northern Africa,Sudan,North Darfur,violence against civilians,Attack,3,3,48707,Political violence,3112,15.8601,25.5013
2023-02-18T00:00:00Z,Northern Africa,Sudan,South Darfur,violence against civilians,Attack,1,1,1476031,Political violence,3118,10.9002,24.3019
2023-02-25T00:00:00Z,Northern Africa,Sudan,Abyei,battles,Armed clash,1,7,1951,Political violence,3104,9.7332,28.4712
2023-02-25T00:00:00Z,Northern Africa,Sudan,Abyei,violence against civilians,Attack,3,4,11904,Political violence,3104,9.7332,28.4712
2023-02-25T00:00:00Z,Northern Africa,Sudan,East Darfur,violence against civilians,Attack,1,1,26483,Political violence,3108,11.2299,26.3972
2023-02-25T00:00:00Z,Northern Africa,Sudan,Khartoum,protests,Excessive force against protesters,2,1,56057,Political violence; Demonstrations,3111,15.915,33.1352
2023-02-25T00:00:00Z,Northern Africa,Sudan,North Darfur,violence against civilians,Attack,4,3,53000,Political violence,3112,15.8601,25.5013
2023-02-25T00:00:00Z,Northern Africa,Sudan,South Darfur,battles,Armed clash,1,2,29388,Political violence,3118,10.9002,24.3019
2023-02-25T00:00:00Z,Northern Africa,Sudan,South Darfur,violence against civilians,Attack,2,4,92734,Political violence,3118,10.9002,24.3019
2023-02-25T00:00:00Z,Northern Africa,Sudan,West Darfur,violence against civilians,Attack,1,1,348964,Political violence,3120,13.5081,22.7026
2023-03-04T00:00:00Z,Northern Africa,Sudan,Abyei,violence against civilians,Attack,3,7,13014,Political violence,3104,9.7332,28.4712
2023-03-04T00:00:00Z,Northern Africa,Sudan,Central Darfur,violence against civilians,Attack,1,1,147970,Political violence,3107,12.3084,23.2341
2023-03-04T00:00:00Z,Northern Africa,Sudan,West Darfur,violence against civilians,Attack,2,6,4993,Political violence,3120,13.5081,22.7026
2023-03-11T00:00:00Z,Northern Africa,Sudan,Al Jazirah,violence against civilians,Attack,1,2,4086,Political violence,3105,14.6593,33.2294
2023-03-11T00:00:00Z,Northern Africa,Sudan,Central Darfur,violence against civilians,Attack,2,2,25720,Political violence,3107,12.3084,23.2341
2023-03-11T00:00:00Z,Northern Africa,Sudan,Khartoum,explosions/remote violence,Shelling/artillery/missile attack,1,1,249833,Political violence,3111,15.915,33.1352
2023-03-11T00:00:00Z,Northern Africa,Sudan,North Darfur,battles,Armed clash,1,1,639537,Political violence,3112,15.8601,25.5013
2023-03-11T00:00:00Z,Northern Africa,Sudan,South Darfur,violence against civilians,Attack,3,3,413963,Political violence,3118,10.9002,24.3019
2023-03-11T00:00:00Z,Northern Africa,Sudan,West Darfur,violence against civilians,Attack,1,1,105758,Political violence,3120,13.5081,22.7026
2023-03-11T00:00:00Z,Northern Africa,Sudan,White Nile,violence against civilians,Attack,1,1,86839,Political violence,3122,13.5895,32.3521
2023-03-18T00:00:00Z,Northern Africa,Sudan,East Darfur,explosions/remote violence,Remote explosive/landmine/IED,1,2,41,Political violence,3108,11.2299,26.3972
2023-03-18T00:00:00Z,Northern Africa,Sudan,North Kordofan,battles,Armed clash,2,4,20482,Political violence,3113,14.3894,29.437
2023-03-18T00:00:00Z,Northern Africa,Sudan,South Darfur,violence against civilians,Attack,1,1,189595,Political violence,3118,10.9002,24.3019
2023-03-18T00:00:00Z,Northern Africa,Sudan,West Darfur,battles,Armed clash,2,4,11148,Political violence,3120,13.5081,22.7026
2023-03-18T00:00:00Z,Northern Africa,Sudan,West Darfur,violence against civilians,Attack,4,3,254313,Political violence,3120,13.5081,22.7026
2023-03-25T00:00:00Z,Northern Africa,Sudan,Abyei,violence against civilians,Attack,1,3,2,Political violence,3104,9.7332,28.4712
2023-03-25T00:00:00Z,Northern Africa,Sudan,Central Darfur,battles,Armed clash,1,4,4379,Political violence,3107,12.3084,23.2341
2023-03-25T00:00:00Z,Northern Africa,Sudan,North Darfur,battles,Armed clash,2,5,641735,Political violence,3112,15.8601,25.5013
2023-03-25T00:00:00Z,Northern Africa,Sudan,North Darfur,violence against civilians,Attack,2,2,39585,Political violence,3112,15.8601,25.5013
2023-03-25T00:00:00Z,Northern Africa,Sudan,West Darfur,violence against civilians,Attack,1,6,11148,Political violence,3120,13.5081,22.7026
2023-03-25T00:00:00Z,Northern Africa,Sudan,West Kordofan,violence against civilians,Attack,1,10,6342,Political violence,3121,11.8686,28.2211
2023-04-01T00:00:00Z,Northern Africa,Sudan,Abyei,battles,Armed clash,1,5,252,Political violence,3104,9.7332,28.4712
2023-04-01T00:00:00Z,Northern Africa,Sudan,Abyei,violence against civilians,Attack,2,16,3947,Political violence,3104,9.7332,28.4712
2023-04-01T00:00:00Z,Northern Africa,Sudan,Blue Nile,riots,Mob violence,1,5,4186,Political violence,3106,11.0079,34.0954
2023-04-01T00:00:00Z,Northern Africa,Sudan,Central Darfur,battles,Armed clash,1,1,147970,Political violence,3107,12.3084,23.2341
2023-04-01T00:00:00Z,Northern Africa,Sudan,Central Darfur,violence against civilians,Attack,5,2,91528,Political violence,3107,12.3084,23.2341
2023-04-01T00:00:00Z,Northern Africa,Sudan,East Darfur,battles,Armed clash,1,1,322492,Political violence,3108,11.2299,26.3972
2023-04-01T00:00:00Z,Northern Africa,Sudan,North Darfur,violence against civilians,Attack,2,1,42470,Political violence,3112,15.8601,25.5013
2023-04-01T00:00:00Z,Northern Africa,Sudan,South Darfur,battles,Armed clash,3,3,1507990,Political violence,3118,10.9002,24.3019
2023-04-01T00:00:00Z,Northern Africa,Sudan,South Darfur,violence against civilians,Attack,3,7,373751,Political violence,3118,10.9002,24.3019
2023-04-08T00:00:00Z,Northern Africa,Sudan,Abyei,battles,Armed clash,1,18,3740,Political violence,3104,9.7332,28.4712
2023-04-08T00:00:00Z,Northern Africa,Sudan,Central Darfur,battles,Armed clash,2,9,38315,Political violence,3107,12.3084,23.2341
2023-04-08T00:00:00Z,Northern Africa,Sudan,Central Darfur,violence against civilians,Attack,1,2,46044,Political violence,3107,12.3084,23.2341
2023-04-08T00:00:00Z,Northern Africa,Sudan,East Darfur,battles,Armed clash,1,1,322492,Political violence,3108,11.2299,26.3972
2023-04-08T00:00:00Z,Northern Africa,Sudan,Kassala,violence against civilians,Attack,2,2,592616,Political violence,3110,15.7104,35.5356
2023-04-08T00:00:00Z,Northern Africa,Sudan,North Darfur,battles,Armed clash,4,7,53439,Political violence,3112,15.8601,25.5013
2023-04-08T00:00:00Z,Northern Africa,Sudan,North Darfur,violence against civilians,Attack,2,4,643830,Political violence,3112,15.8601,25.5013
2023-04-08T00:00:00Z,Northern Africa,Sudan,South Darfur,battles,Armed clash,1,1,1463556,Political violence,3118,10.9002,24.3019
2023-04-08T00:00:00Z,Northern Africa,Sudan,South Kordofan,violence against civilians,Attack,2,4,184118,Political violence,3119,11.2289,30.914
2023-04-08T00:00:00Z,Northern Africa,Sudan,West Darfur,battles,Armed clash,6,45,111352,Political violence,3120,13.5081,22.7026
2023-04-08T00:00:00Z,Northern Africa,Sudan,West Darfur,violence against civilians,Attack,5,4,509729,Political violence,3120,13.5081,22.7026
2023-04-15T00:00:00Z,Northern Africa,Sudan,Al Jazirah,violence against civilians,Attack,4,7,324788,Political violence,3105,14.6593,33.2294
2023-04-15T00:00:00Z,Northern Africa,Sudan,Blue Nile,battles,Armed clash,2,9,330958,Political violence,3106,11.0079,34.0954
2023-04-15T00:00:00Z,Northern Africa,Sudan,Central Darfur,battles,Armed clash,5,16,147970,Political violence,3107,12.3084,23.2341
2023-04-15T00:00:00Z,Northern Africa,Sudan,East Darfur,battles,Armed clash,1,4,322492,Political violence,3108,11.2299,26.3972
2023-04-15T00:00:00Z,Northern Africa,Sudan,Khartoum,battles,Armed clash,58,123,3273475,Political violence,3111,15.915,33.1352
2023-04-15T00:00:00Z,Northern Africa,Sudan,Khartoum,battles,Non-state actor overtakes territory,3,7,419975,Political violence,3111,15.915,33.1352
2023-04-15T00:00:00Z,Northern Africa,Sudan,Khartoum,explosions/remote violence,Air/drone strike,8,15,1549391,Political violence,3111,15.915,33.1352
2023-04-15T00:00:00Z,Northern Africa,Sudan,Khartoum,explosions/remote violence,Shelling/artillery/missile attack,7,16,738111,Political violence,3111,15.915,33.1352
2023-04-15T00:00:00Z,Northern Africa,Sudan,Khartoum,violence against civilians,Attack,7,8,484816,Political violence,3111,15.915,33.1352
2023-04-15T00:00:00Z,Northern Africa,Sudan,North Darfur,battles,Armed clash,8,46,640811,Political violence,3112,15.8601,25.5013
2023-04-15T00:00:00Z,Northern Africa,Sudan,North Darfur,battles,Government regains territory,1,5,639537,Political violence,3112,15.8601,25.5013
2023-04-15T00:00:00Z,Northern Africa,Sudan,North Darfur,battles,Non-state actor overtakes territory,2,11,113638,Political violence,3112,15.8601,25.5013
2023-04-15T00:00:00Z,Northern Africa,Sudan,North Kordofan,battles,Armed clash,6,78,560621,Political violence,3113,14.3894,29.437
2023-04-15T00:00:00Z,Northern Africa,Sudan,Northern,battles,Armed clash,7,43,120959,Political violence,3114,19.3656,29.8955
2023-04-15T00:00:00Z,Northern Africa,Sudan,Red Sea,battles,Armed clash,2,1,585578,Political violence,3115,20.0739,35.4126
2023-04-15T00:00:00Z,Northern Africa,Sudan,South Darfur,battles,Armed clash,4,18,1463556,Political violence,3118,10.9002,24.3019
2023-04-15T00:00:00Z,Northern Africa,Sudan,South Darfur,battles,Government regains territory,1,6,1463556,Political violence,3118,10.9002,24.3019
2023-04-15T00:00:00Z,Northern Africa,Sudan,South Darfur,battles,Non-state actor overtakes territory,3,10,1513856,Political violence,3118,10.9002,24.3019
2023-04-15T00:00:00Z,Northern Africa,Sudan,South Kordofan,violence against civilians,Sexual violence,1,10,9840,Political violence,3119,11.2289,30.914
2023-04-15T00:00:00Z,Northern Africa,Sudan,West Darfur,battles,Armed clash,3,10,506969,Political violence,3120,13.5081,22.7026
2023-04-15T00:00:00Z,Northern Africa,Sudan,West Darfur,violence against civilians,Attack,1,3,401211,Political violence,3120,13.5081,22.7026
2023-04-22T00:00:00Z,Northern Africa,Sudan,Al Jazirah,violence against civilians,Attack,2,3,149034,Political violence,3105,14.6593,33.2294
2023-04-22T00:00:00Z,Northern Africa,Sudan,Gedaref,protests,Excessive force against protesters,1,1,1786,Political violence; Demonstrations,3109,14.2138,35.0222
2023-04-22T00:00:00Z,Northern Africa,Sudan,Khartoum,battles,Armed clash,61,93,4095821,Political violence,3111,15.915,33.1352
2023-04-22T00:00:00Z,Northern Africa,Sudan,Khartoum,battles,Non-state actor overtakes territory,2,3,64859,Political violence,3111,15.915,33.1352
2023-04-22T00:00:00Z,Northern Africa,Sudan,Khartoum,explosions/remote violence,Air/drone strike,11,34,1578180,Political violence,3111,15.915,33.1352
2023-04-22T00:00:00Z,Northern Africa,Sudan,Khartoum,explosions/remote violence,Shelling/artillery/missile attack,6,15,382593,Political violence,3111,15.915,33.1352
2023-04-22T00:00:00Z,Northern Africa,Sudan,Khartoum,violence against civilians,Attack,6,5,168370,Political violence,3111,15.915,33.1352
2023-04-22T00:00:00Z,Northern Africa,Sudan,North Darfur,battles,Armed clash,9,33,854871,Political violence,3112,15.8601,25.5013
2023-04-22T00:00:00Z,Northern Africa,Sudan,North Darfur,violence against civilians,Attack,1,1,639537,Political violence,3112,15.8601,25.5013
2023-04-22T00:00:00Z,Northern Africa,Sudan,North Kordofan,battles,Armed clash,3,3,560621,Political violence,3113,14.3894,29.437
2023-04-22T00:00:00Z,Northern Africa,Sudan,Northern,battles,Armed clash,1,1,25945,Political violence,3114,19.3656,29.8955
2023-04-22T00:00:00Z,Northern Africa,Sudan,South Darfur,battles,Armed clash,4,6,1463556,Political violence,3118,10.9002,24.3019
2023-04-22T00:00:00Z,Northern Africa,Sudan,South Darfur,explosions/remote violence,Remote explosive/landmine/IED,1,5,1463556,Political violence,3118,10.9002,24.3019
2023-04-22T00:00:00Z,Northern Africa,Sudan,South Darfur,violence against civilians,Attack,2,4,1463556,Political violence,3118,10.9002,24.3019
2023-04-22T00:00:00Z,Northern Africa,Sudan,West Darfur,battles,Armed clash,9,365,401211,Political violence,3120,13.5081,22.7026
2023-04-22T00:00:00Z,Northern Africa,Sudan,West Darfur,violence against civilians,Attack,5,9,431564,Political violence,3120,13.5081,22.7026
2023-04-29T00:00:00Z,Northern Africa,Sudan,Abyei,battles,Armed clash,3,10,7689,Political violence,3104,9.7332,28.4712
2023-04-29T00:00:00Z,Northern Africa,Sudan,Abyei,violence against civilians,Attack,2,8,22222,Political violence,3104,9.7332,28.4712
2023-04-29T00:00:00Z,Northern Africa,Sudan,Khartoum,battles,Armed clash,60,44,3683201,Political violence,3111,15.915,33.1352
2023-04-29T00:00:00Z,Northern Africa,Sudan,Khartoum,battles,Government regains territory,1,5,39545,Political violence,3111,15.915,33.1352
2023-04-29T00:00:00Z,Northern Africa,Sudan,Khartoum,battles,Non-state actor overtakes territory,4,1,236392,Political violence,3111,15.915,33.1352
2023-04-29T00:00:00Z,Northern Africa,Sudan,Khartoum,explosions/remote violence,Air/drone strike,2,6,210535,Political violence,3111,15.915,33.1352
2023-04-29T00:00:00Z,Northern Africa,Sudan,Khartoum,explosions/remote violence,Shelling/artillery/missile attack,2,1,87700,Political violence,3111,15.915,33.1352
2023-04-29T00:00:00Z,Northern Africa,Sudan,Khartoum,violence against civilians,Attack,2,1,427586,Political violence,3111,15.915,33.1352
2023-04-29T00:00:00Z,Northern Africa,Sudan,North Darfur,violence against civilians,Attack,3,3,675635,Political violence,3112,15.8601,25.5013
2023-04-29T00:00:00Z,Northern Africa,Sudan,North Kordofan,battles,Armed clash,2,13,560621,Political violence,3113,14.3894,29.437
2023-04-29T00:00:00Z,Northern Africa,Sudan,River Nile,riots,Mob violence,1,1,63146,Political violence,3116,18.8347,33.1231
2023-04-29T00:00:00Z,Northern Africa,Sudan,South Darfur,battles,Armed clash,3,10,1521091,Political violence,3118,10.9002,24.3019
2023-04-29T00:00:00Z,Northern Africa,Sudan,West Darfur,battles,Armed clash,3,74,401211,Political violence,3120,13.5081,22.7026
2023-04-29T00:00:00Z,Northern Africa,Sudan,West Darfur,explosions/remote violence,Remote explosive/landmine/IED,2,6,348964,Political violence,3120,13.5081,22.7026
2023-04-29T00:00:00Z,Northern Africa,Sudan,West Darfur,explosions/remote violence,Shelling/artillery/missile attack,1,19,401211,Political violence,3120,13.5081,22.7026
2023-04-29T00:00:00Z,Northern Africa,Sudan,West Darfur,violence against civilians,Attack,5,10,348964,Political violence,3120,13.5081,22.7026
2023-05-06T00:00:00Z,Northern Africa,Sudan,Khartoum,battles,Armed clash,48,121,2804508,Political violence,3111,15.915,33.1352
2023-05-06T00:00:00Z,Northern Africa,Sudan,Khartoum,violence against civilians,Attack,7,5,609254,Political violence,3111,15.915,33.1352
2023-05-06T00:00:00Z,Northern Africa,Sudan,North Darfur,battles,Armed clash,2,13,753175,Political violence,3112,15.8601,25.5013
2023-05-06T00:00:00Z,Northern Africa,Sudan,North Darfur,violence against civilians,Attack,2,3,639537,Political violence,3112,15.8601,25.5013
2023-05-06T00:00:00Z,Northern Africa,Sudan,North Kordofan,battles,Armed clash,2,1,694690,Political violence,3113,14.3894,29.437
2023-05-06T00:00:00Z,Northern Africa,Sudan,North Kordofan,explosions/remote violence,Shelling/artillery/missile attack,1,1,560621,Political violence,3113,14.3894,29.437
2023-05-06T00:00:00Z,Northern Africa,Sudan,North Kordofan,violence against civilians,Attack,1,15,560621,Political violence,3113,14.3894,29.437
2023-05-06T00:00:00Z,Northern Africa,Sudan,South Darfur,violence against civilians,Attack,1,1,57535,Political violence,3118,10.9002,24.3019
2023-05-06T00:00:00Z,Northern Africa,Sudan,South Kordofan,battles,Armed clash,1,14,32174,Political violence,3119,11.2289,30.914
2023-05-06T00:00:00Z,Northern Africa,Sudan,West Darfur,battles,Armed clash,2,267,348964,Political violence,3120,13.5081,22.7026
2023-05-06T00:00:00Z,Northern Africa,Sudan,West Darfur,explosions/remote violence,Shelling/artillery/missile attack,2,8,348964,Political violence,3120,13.5081,22.7026
2023-05-06T00:00:00Z,Northern Africa,Sudan,West Kordofan,battles,Armed clash,1,20,106993,Political violence,3121,11.8686,28.2211
2023-05-06T00:00:00Z,Northern Africa,Sudan,White Nile,battles,Armed clash,3,29,496890,Political violence,3122,13.5895,32.3521
2023-05-13T00:00:00Z,Northern Africa,Sudan,Abyei,battles,Armed clash,1,1,1353,Political violence,3104,9.7332,28.4712
2023-05-13T00:00:00Z,Northern Africa,Sudan,Central Darfur,battles,Armed clash,2,12,147970,Political violence,3107,12.3084,23.2341
2023-05-13T00:00:00Z,Northern Africa,Sudan,Khartoum,battles,Armed clash,38,66,3133095,Political violence,3111,15.915,33.1352
2023-05-13T00:00:00Z,Northern Africa,Sudan,Khartoum,battles,Non-state actor overtakes territory,7,4,307198,Political violence,3111,15.915,33.1352
2023-05-13T00:00:00Z,Northern Africa,Sudan,Khartoum,explosions/remote violence,Shelling/artillery/missile attack,4,10,528014,Political violence,3111,15.915,33.1352
2023-05-13T00:00:00Z,Northern Africa,Sudan,Khartoum,violence against civilians,Attack,11,5,596462,Political violence,3111,15.915,33.1352
2023-05-13T00:00:00Z,Northern Africa,Sudan,North Darfur,battles,Armed clash,3,4,642805,Political violence,3112,15.8601,25.5013
2023-05-13T00:00:00Z,Northern Africa,Sudan,South Darfur,battles,Armed clash,6,86,1816432,Political violence,3118,10.9002,24.3019
2023-05-13T00:00:00Z,Northern Africa,Sudan,South Darfur,explosions/remote violence,Shelling/artillery/missile attack,1,9,1463556,Political violence,3118,10.9002,24.3019
2023-05-13T00:00:00Z,Northern Africa,Sudan,West Darfur,battles,Armed clash,5,519,348964,Political violence,3120,13.5081,22.7026
2023-05-13T00:00:00Z,Northern Africa,Sudan,West Darfur,explosions/remote violence,Remote explosive/landmine/IED,2,14,348964,Political violence,3120,13.5081,22.7026
2023-05-13T00:00:00Z,Northern Africa,Sudan,West Darfur,violence against civilians,Attack,7,31,404351,Political violence,3120,13.5081,22.7026
2023-05-13T00:00:00Z,Northern Africa,Sudan,West Kordofan,battles,Armed clash,1,14,8057,Political violence,3121,11.8686,28.2211
2023-05-20T00:00:00Z,Northern Africa,Sudan,Abyei,violence against civilians,Attack,2,14,662,Political violence,3104,9.7332,28.4712
2023-05-20T00:00:00Z,Northern Africa,Sudan,Central Darfur,battles,Armed clash,1,6,147970,Political violence,3107,12.3084,23.2341
2023-05-20T00:00:00Z,Northern Africa,Sudan,Khartoum,battles,Armed clash,49,22,2930907,Political violence,3111,15.915,33.1352
2023-05-20T00:00:00Z,Northern Africa,Sudan,Khartoum,explosions/remote violence,Shelling/artillery/missile attack,3,2,350847,Political violence,3111,15.915,33.1352
2023-05-20T00:00:00Z,Northern Africa,Sudan,Khartoum,violence against civilians,Attack,8,3,561174,Political violence,3111,15.915,33.1352
2023-05-20T00:00:00Z,Northern Africa,Sudan,South Darfur,battles,Armed clash,3,13,1463556,Political violence,3118,10.9002,24.3019
2023-05-20T00:00:00Z,Northern Africa,Sudan,West Darfur,battles,Armed clash,3,75,368196,Political violence,3120,13.5081,22.7026
2023-05-20T00:00:00Z,Northern Africa,Sudan,West Darfur,explosions/remote violence,Remote explosive/landmine/IED,1,52,348964,Political violence,3120,13.5081,22.7026
2023-05-20T00:00:00Z,Northern Africa,Sudan,West Darfur,explosions/remote violence,Shelling/artillery/missile attack,1,2,348964,Political violence,3120,13.5081,22.7026
2023-05-20T00:00:00Z,Northern Africa,Sudan,West Darfur,violence against civilians,Attack,6,78,433990,Political violence,3120,13.5081,22.7026
2023-05-27T00:00:00Z,Northern Africa,Sudan,Abyei,violence against civilians,Attack,2,4,9892,Political violence,3104,9.7332,28.4712
2023-05-27T00:00:00Z,Northern Africa,Sudan,Central Darfur,battles,Armed clash,2,12,147970,Political violence,3107,12.3084,23.2341
2023-05-27T00:00:00Z,Northern Africa,Sudan,Khartoum,battles,Armed clash,33,33,2095427,Political violence,3111,15.915,33.1352
2023-05-27T00:00:00Z,Northern Africa,Sudan,Khartoum,explosions/remote violence,Air/drone strike,3,15,182122,Political violence,3111,15.915,33.1352
2023-05-27T00:00:00Z,Northern Africa,Sudan,Khartoum,explosions/remote violence,Shelling/artillery/missile attack,3,15,393537,Political violence,3111,15.915,33.1352
2023-05-27T00:00:00Z,Northern Africa,Sudan,Khartoum,protests,Excessive force against protesters,1,3,39236,Political violence; Demonstrations,3111,15.915,33.1352
2023-05-27T00:00:00Z,Northern Africa,Sudan,Khartoum,violence against civilians,Attack,4,5,510605,Political violence,3111,15.915,33.1352
2023-05-27T00:00:00Z,Northern Africa,Sudan,North Darfur,battles,Armed clash,5,4,788229,Political violence,3112,15.8601,25.5013
2023-05-27T00:00:00Z,Northern Africa,Sudan,North Kordofan,battles,Armed clash,4,17,562076,Political violence,3113,14.3894,29.437
2023-05-27T00:00:00Z,Northern Africa,Sudan,South Darfur,battles,Armed clash,4,37,1463556,Political violence,3118,10.9002,24.3019
2023-05-27T00:00:00Z,Northern Africa,Sudan,South Kordofan,violence against civilians,Attack,2,4,28460,Political violence,3119,11.2289,30.914
2023-05-27T00:00:00Z,Northern Africa,Sudan,West Darfur,battles,Armed clash,3,36,358153,Political violence,3120,13.5081,22.7026
2023-05-27T00:00:00Z,Northern Africa,Sudan,West Darfur,violence against civilians,Attack,11,65,448262,Political violence,3120,13.5081,22.7026
2023-06-03T00:00:00Z,Northern Africa,Sudan,Khartoum,battles,Armed clash,45,36,3209885,Political violence,3111,15.915,33.1352
2023-06-03T00:00:00Z,Northern Africa,Sudan,Khartoum,explosions/remote violence,Air/drone strike,9,43,1188941,Political violence,3111,15.915,33.1352
2023-06-03T00:00:00Z,Northern Africa,Sudan,Khartoum,explosions/remote violence,Shelling/artillery/missile attack,4,9,208402,Political violence,3111,15.915,33.1352
2023-06-03T00:00:00Z,Northern Africa,Sudan,Khartoum,violence against civilians,Attack,7,6,196387,Political violence,3111,15.915,33.1352
2023-06-03T00:00:00Z,Northern Africa,Sudan,North Darfur,battles,Armed clash,6,54,84622,Political violence,3112,15.8601,25.5013
2023-06-03T00:00:00Z,Northern Africa,Sudan,North Darfur,violence against civilians,Attack,2,10,67662,Political violence,3112,15.8601,25.5013
2023-06-03T00:00:00Z,Northern Africa,Sudan,North Kordofan,violence against civilians,Attack,1,1,560621,Political violence,3113,14.3894,29.437
2023-06-03T00:00:00Z,Northern Africa,Sudan,South Kordofan,battles,Armed clash,4,12,187523,Political violence,3119,11.2289,30.914
2023-06-03T00:00:00Z,Northern Africa,Sudan,West Darfur,battles,Armed clash,2,64,342391,Political violence,3120,13.5081,22.7026
2023-06-03T00:00:00Z,Northern Africa,Sudan,West Darfur,explosions/remote violence,Remote explosive/landmine/IED,1,2,342391,Political violence,3120,13.5081,22.7026
2023-06-03T00:00:00Z,Northern Africa,Sudan,West Darfur,explosions/remote violence,Shelling/artillery/missile attack,1,17,342391,Political violence,3120,13.5081,22.7026
2023-06-03T00:00:00Z,Northern Africa,Sudan,West Darfur,violence against civilians,Attack,5,41,342391,Political violence,3120,13.5081,22.7026
2023-06-10T00:00:00Z,Northern Africa,Sudan,Central Darfur,violence against civilians,Attack,1,5,147970,Political violence,3107,12.3084,23.2341
2023-06-10T00:00:00Z,Northern Africa,Sudan,Khartoum,battles,Armed clash,50,146,3362909,Political violence,3111,15.915,33.1352
2023-06-10T00:00:00Z,Northern Africa,Sudan,Khartoum,battles,Government regains territory,1,28,101649,Political violence,3111,15.915,33.1352
2023-06-10T00:00:00Z,Northern Africa,Sudan,Khartoum,explosions/remote violence,Air/drone strike,4,19,93391,Political violence,3111,15.915,33.1352
2023-06-10T00:00:00Z,Northern Africa,Sudan,Khartoum,explosions/remote violence,Shelling/artillery/missile attack,4,15,414753,Political violence,3111,15.915,33.1352
2023-06-10T00:00:00Z,Northern Africa,Sudan,Khartoum,violence against civilians,Attack,5,1,268332,Political violence,3111,15.915,33.1352
2023-06-10T00:00:00Z,Northern Africa,Sudan,North Darfur,battles,Armed clash,2,115,93656,Political violence,3112,15.8601,25.5013
2023-06-10T00:00:00Z,Northern Africa,Sudan,North Kordofan,battles,Armed clash,5,227,652492,Political violence,3113,14.3894,29.437
2023-06-10T00:00:00Z,Northern Africa,Sudan,North Kordofan,riots,Mob violence,1,3,147577,Political violence,3113,14.3894,29.437
2023-06-10T00:00:00Z,Northern Africa,Sudan,North Kordofan,violence against civilians,Attack,1,20,560621,Political violence,3113,14.3894,29.437
2023-06-10T00:00:00Z,Northern Africa,Sudan,South Darfur,battles,Armed clash,2,2,1463556,Political violence,3118,10.9002,24.3019
2023-06-10T00:00:00Z,Northern Africa,Sudan,South Darfur,violence against civilians,Attack,2,2,70100,Political violence,3118,10.9002,24.3019
2023-06-10T00:00:00Z,Northern Africa,Sudan,West Darfur,battles,Armed clash,13,765,450285,Political violence,3120,13.5081,22.7026
2023-06-10T00:00:00Z,Northern Africa,Sudan,West Darfur,violence against civilians,Attack,13,39,240156,Political violence,3120,13.5081,22.7026
2023-06-10T00:00:00Z,Northern Africa,Sudan,West Darfur,violence against civilians,Sexual violence,5,200,234119,Political violence,3120,13.5081,22.7026
2023-06-17T00:00:00Z,Northern Africa,Sudan,Abyei,battles,Armed clash,4,20,23138,Political violence,3104,9.7332,28.4712
2023-06-17T00:00:00Z,Northern Africa,Sudan,Al Jazirah,violence against civilians,Attack,1,2,50576,Political violence,3105,14.6593,33.2294
2023-06-17T00:00:00Z,Northern Africa,Sudan,Central Darfur,battles,Armed clash,2,10,161343,Political violence,3107,12.3084,23.2341
2023-06-17T00:00:00Z,Northern Africa,Sudan,Khartoum,battles,Armed clash,34,65,2744145,Political violence,3111,15.915,33.1352
2023-06-17T00:00:00Z,Northern Africa,Sudan,Khartoum,explosions/remote violence,Air/drone strike,4,17,428924,Political violence,3111,15.915,33.1352
2023-06-17T00:00:00Z,Northern Africa,Sudan,Khartoum,explosions/remote violence,Remote explosive/landmine/IED,1,10,9074,Political violence,3111,15.915,33.1352
2023-06-17T00:00:00Z,Northern Africa,Sudan,Khartoum,explosions/remote violence,Shelling/artillery/missile attack,4,7,175131,Political violence,3111,15.915,33.1352
2023-06-17T00:00:00Z,Northern Africa,Sudan,Khartoum,violence against civilians,Attack,4,8,425258,Political violence,3111,15.915,33.1352
2023-06-17T00:00:00Z,Northern Africa,Sudan,Khartoum,violence against civilians,Sexual violence,3,3,178316,Political violence,3111,15.915,33.1352
2023-06-17T00:00:00Z,Northern Africa,Sudan,North Darfur,battles,Armed clash,4,15,641062,Political violence,3112,15.8601,25.5013
2023-06-17T00:00:00Z,Northern Africa,Sudan,North Darfur,battles,Non-state actor overtakes territory,1,8,31649,Political violence,3112,15.8601,25.5013
2023-06-17T00:00:00Z,Northern Africa,Sudan,North Darfur,violence against civilians,Attack,2,15,31649,Political violence,3112,15.8601,25.5013
2023-06-17T00:00:00Z,Northern Africa,Sudan,North Kordofan,battles,Armed clash,2,5,560621,Political violence,3113,14.3894,29.437
2023-06-17T00:00:00Z,Northern Africa,Sudan,North Kordofan,explosions/remote violence,Shelling/artillery/missile attack,1,3,560621,Political violence,3113,14.3894,29.437
2023-06-17T00:00:00Z,Northern Africa,Sudan,South Darfur,battles,Armed clash,7,37,1469801,Political violence,3118,10.9002,24.3019
2023-06-17T00:00:00Z,Northern Africa,Sudan,South Darfur,violence against civilians,Attack,2,3,1463556,Political violence,3118,10.9002,24.3019
2023-06-17T00:00:00Z,Northern Africa,Sudan,South Kordofan,battles,Armed clash,3,6,305715,Political violence,3119,11.2289,30.914
2023-06-17T00:00:00Z,Northern Africa,Sudan,South Kordofan,battles,Non-state actor overtakes territory,2,44,204389,Political violence,3119,11.2289,30.914
2023-06-17T00:00:00Z,Northern Africa,Sudan,West Darfur,battles,Armed clash,1,10,342391,Political violence,3120,13.5081,22.7026
2023-06-17T00:00:00Z,Northern Africa,Sudan,West Darfur,violence against civilians,Attack,5,57,343904,Political violence,3120,13.5081,22.7026
2023-06-17T00:00:00Z,Northern Africa,Sudan,West Darfur,violence against civilians,Sexual violence,3,1,233514,Political violence,3120,13.5081,22.7026
2023-06-24T00:00:00Z,Northern Africa,Sudan,Central Darfur,battles,Armed clash,3,21,166136,Political violence,3107,12.3084,23.2341
2023-06-24T00:00:00Z,Northern Africa,Sudan,Khartoum,battles,Armed clash,26,27,1809149,Political violence,3111,15.915,33.1352
2023-06-24T00:00:00Z,Northern Africa,Sudan,Khartoum,battles,Non-state actor overtakes territory,1,5,411615,Political violence,3111,15.915,33.1352
2023-06-24T00:00:00Z,Northern Africa,Sudan,Khartoum,explosions/remote violence,Air/drone strike,5,10,1196001,Political violence,3111,15.915,33.1352
2023-06-24T00:00:00Z,Northern Africa,Sudan,Khartoum,explosions/remote violence,Shelling/artillery/missile attack,16,21,1637378,Political violence,3111,15.915,33.1352
2023-06-24T00:00:00Z,Northern Africa,Sudan,Khartoum,violence against civilians,Attack,5,32,164482,Political violence,3111,15.915,33.1352
2023-06-24T00:00:00Z,Northern Africa,Sudan,North Darfur,violence against civilians,Attack,1,3,31649,Political violence,3112,15.8601,25.5013
2023-06-24T00:00:00Z,Northern Africa,Sudan,North Kordofan,explosions/remote violence,Shelling/artillery/missile attack,1,2,560621,Political violence,3113,14.3894,29.437
2023-06-24T00:00:00Z,Northern Africa,Sudan,South Darfur,battles,Armed clash,5,44,1492944,Political violence,3118,10.9002,24.3019
2023-06-24T00:00:00Z,Northern Africa,Sudan,South Darfur,battles,Non-state actor overtakes territory,3,4,1492944,Political violence,3118,10.9002,24.3019
2023-06-24T00:00:00Z,Northern Africa,Sudan,West Darfur,violence against civilians,Attack,2,56,398059,Political violence,3120,13.5081,22.7026
2023-07-01T00:00:00Z,Northern Africa,Sudan,Central Darfur,battles,Armed clash,6,20,189819,Political violence,3107,12.3084,23.2341
2023-07-01T00:00:00Z,Northern Africa,Sudan,Central Darfur,violence against civilians,Attack,3,5,143863,Political violence,3107,12.3084,23.2341
2023-07-01T00:00:00Z,Northern Africa,Sudan,Khartoum,battles,Armed clash,58,106,3274588,Political violence,3111,15.915,33.1352
2023-07-01T00:00:00Z,Northern Africa,Sudan,Khartoum,explosions/remote violence,Air/drone strike,6,23,580160,Political violence,3111,15.915,33.1352
2023-07-01T00:00:00Z,Northern Africa,Sudan,Khartoum,explosions/remote violence,Shelling/artillery/missile attack,1,2,36910,Political violence,3111,15.915,33.1352
2023-07-01T00:00:00Z,Northern Africa,Sudan,Khartoum,violence against civilians,Attack,5,2,220778,Political violence,3111,15.915,33.1352
2023-07-01T00:00:00Z,Northern Africa,Sudan,North Darfur,violence against civilians,Attack,4,7,671624,Political violence,3112,15.8601,25.5013
2023-07-01T00:00:00Z,Northern Africa,Sudan,North Kordofan,battles,Armed clash,3,14,560621,Political violence,3113,14.3894,29.437
2023-07-01T00:00:00Z,Northern Africa,Sudan,North Kordofan,violence against civilians,Attack,2,1,159707,Political violence,3113,14.3894,29.437
2023-07-01T00:00:00Z,Northern Africa,Sudan,River Nile,battles,Armed clash,1,2,9,Political violence,3116,18.8347,33.1231
2023-07-01T00:00:00Z,Northern Africa,Sudan,South Darfur,battles,Armed clash,6,54,1653151,Political violence,3118,10.9002,24.3019
2023-07-01T00:00:00Z,Northern Africa,Sudan,South Darfur,battles,Non-state actor overtakes territory,1,9,1463556,Political violence,3118,10.9002,24.3019
2023-07-01T00:00:00Z,Northern Africa,Sudan,South Kordofan,violence against civilians,Attack,2,2,175630,Political violence,3119,11.2289,30.914
2023-07-01T00:00:00Z,Northern Africa,Sudan,West Darfur,violence against civilians,Attack,6,14,424918,Political violence,3120,13.5081,22.7026
2023-07-08T00:00:00Z,Northern Africa,Sudan,Blue Nile,battles,Armed clash,1,10,7987,Political violence,3106,11.0079,34.0954
2023-07-08T00:00:00Z,Northern Africa,Sudan,Khartoum,battles,Armed clash,40,146,2029837,Political violence,3111,15.915,33.1352
2023-07-08T00:00:00Z,Northern Africa,Sudan,Khartoum,battles,Government regains territory,1,29,101649,Political violence,3111,15.915,33.1352
2023-07-08T00:00:00Z,Northern Africa,Sudan,Khartoum,explosions/remote violence,Air/drone strike,4,45,757744,Political violence,3111,15.915,33.1352
2023-07-08T00:00:00Z,Northern Africa,Sudan,Khartoum,explosions/remote violence,Shelling/artillery/missile attack,1,34,11097,Political violence,3111,15.915,33.1352
2023-07-08T00:00:00Z,Northern Africa,Sudan,Khartoum,violence against civilians,Attack,3,2,375574,Political violence,3111,15.915,33.1352
2023-07-08T00:00:00Z,Northern Africa,Sudan,North Darfur,battles,Armed clash,1,10,639537,Political violence,3112,15.8601,25.5013
2023-07-08T00:00:00Z,Northern Africa,Sudan,North Kordofan,battles,Armed clash,4,10,596023,Political violence,3113,14.3894,29.437
2023-07-08T00:00:00Z,Northern Africa,Sudan,South Darfur,battles,Armed clash,4,33,1465420,Political violence,3118,10.9002,24.3019
2023-07-08T00:00:00Z,Northern Africa,Sudan,South Kordofan,battles,Non-state actor overtakes territory,2,10,3550,Political violence,3119,11.2289,30.914
2023-07-08T00:00:00Z,Northern Africa,Sudan,West Darfur,violence against civilians,Attack,1,2,342391,Political violence,3120,13.5081,22.7026
2023-07-15T00:00:00Z,Northern Africa,Sudan,Al Jazirah,explosions/remote violence,Air/drone strike,1,2,34027,Political violence,3105,14.6593,33.2294
2023-07-15T00:00:00Z,Northern Africa,Sudan,Al Jazirah,violence against civilians,Attack,1,2,34027,Political violence,3105,14.6593,33.2294
2023-07-15T00:00:00Z,Northern Africa,Sudan,Central Darfur,battles,Armed clash,2,6,97819,Political violence,3107,12.3084,23.2341
2023-07-15T00:00:00Z,Northern Africa,Sudan,Central Darfur,violence against civilians,Attack,2,4,97819,Political violence,3107,12.3084,23.2341
2023-07-15T00:00:00Z,Northern Africa,Sudan,Khartoum,battles,Armed clash,67,89,3039346,Political violence,3111,15.915,33.1352
2023-07-15T00:00:00Z,Northern Africa,Sudan,Khartoum,explosions/remote violence,Air/drone strike,3,59,602202,Political violence,3111,15.915,33.1352
2023-07-15T00:00:00Z,Northern Africa,Sudan,Khartoum,explosions/remote violence,Shelling/artillery/missile attack,5,3,974204,Political violence,3111,15.915,33.1352
2023-07-15T00:00:00Z,Northern Africa,Sudan,Khartoum,violence against civilians,Attack,7,4,749223,Political violence,3111,15.915,33.1352
2023-07-15T00:00:00Z,Northern Africa,Sudan,Khartoum,violence against civilians,Sexual violence,4,1,221134,Political violence,3111,15.915,33.1352
2023-07-15T00:00:00Z,Northern Africa,Sudan,North Kordofan,battles,Armed clash,3,6,560621,Political violence,3113,14.3894,29.437
2023-07-15T00:00:00Z,Northern Africa,Sudan,South Darfur,battles,Armed clash,7,40,1682539,Political violence,3118,10.9002,24.3019
2023-07-15T00:00:00Z,Northern Africa,Sudan,South Darfur,battles,Non-state actor overtakes territory,1,10,189595,Political violence,3118,10.9002,24.3019
2023-07-15T00:00:00Z,Northern Africa,Sudan,South Kordofan,battles,Armed clash,7,26,327617,Political violence,3119,11.2289,30.914
2023-07-15T00:00:00Z,Northern Africa,Sudan,South Kordofan,battles,Non-state actor overtakes territory,2,13,305620,Political violence,3119,11.2289,30.914
2023-07-15T00:00:00Z,Northern Africa,Sudan,West Darfur,battles,Armed clash,1,1,3470,Political violence,3120,13.5081,22.7026
2023-07-15T00:00:00Z,Northern Africa,Sudan,West Darfur,violence against civilians,Attack,2,1,263345,Political violence,3120,13.5081,22.7026
2023-07-22T00:00:00Z,Northern Africa,Sudan,Al Jazirah,battles,Armed clash,3,84,192214,Political violence,3105,14.6593,33.2294
2023-07-22T00:00:00Z,Northern Africa,Sudan,Al Jazirah,violence against civilians,Attack,2,1,68430,Political violence,3105,14.6593,33.2294
2023-07-22T00:00:00Z,Northern Africa,Sudan,Central Darfur,violence against civilians,Attack,1,4,26372,Political violence,3107,12.3084,23.2341
2023-07-22T00:00:00Z,Northern Africa,Sudan,Khartoum,battles,Armed clash,65,230,3470852,Political violence,3111,15.915,33.1352
2023-07-22T00:00:00Z,Northern Africa,Sudan,Khartoum,explosions/remote violence,Shelling/artillery/missile attack,3,4,265496,Political violence,3111,15.915,33.1352
2023-07-22T00:00:00Z,Northern Africa,Sudan,Khartoum,violence against civilians,Attack,12,10,1025104,Political violence,3111,15.915,33.1352
2023-07-22T00:00:00Z,Northern Africa,Sudan,Khartoum,violence against civilians,Sexual violence,1,1,63912,Political violence,3111,15.915,33.1352
2023-07-22T00:00:00Z,Northern Africa,Sudan,North Kordofan,battles,Armed clash,5,42,576657,Political violence,3113,14.3894,29.437
2023-07-22T00:00:00Z,Northern Africa,Sudan,North Kordofan,violence against civilians,Attack,2,2,134069,Political violence,3113,14.3894,29.437
2023-07-22T00:00:00Z,Northern Africa,Sudan,South Darfur,battles,Armed clash,7,13,1463556,Political violence,3118,10.9002,24.3019
2023-07-22T00:00:00Z,Northern Africa,Sudan,South Kordofan,violence against civilians,Attack,2,6,19859,Political violence,3119,11.2289,30.914
2023-07-22T00:00:00Z,Northern Africa,Sudan,West Darfur,battles,Armed clash,5,137,10992,Political violence,3120,13.5081,22.7026
2023-07-22T00:00:00Z,Northern Africa,Sudan,West Darfur,battles,Non-state actor overtakes territory,1,22,3470,Political violence,3120,13.5081,22.7026
2023-07-22T00:00:00Z,Northern Africa,Sudan,West Darfur,violence against civilians,Attack,1,22,3470,Political violence,3120,13.5081,22.7026
2023-07-29T00:00:00Z,Northern Africa,Sudan,Abyei,battles,Armed clash,1,1,1353,Political violence,3104,9.7332,28.4712
2023-07-29T00:00:00Z,Northern Africa,Sudan,Al Jazirah,explosions/remote violence,Air/drone strike,3,3,184613,Political violence,3105,14.6593,33.2294
2023-07-29T00:00:00Z,Northern Africa,Sudan,Central Darfur,battles,Armed clash,3,43,97819,Political violence,3107,12.3084,23.2341
2023-07-29T00:00:00Z,Northern Africa,Sudan,Gedaref,battles,Armed clash,1,1,3797,Political violence,3109,14.2138,35.0222
2023-07-29T00:00:00Z,Northern Africa,Sudan,Khartoum,battles,Armed clash,83,169,3151189,Political violence,3111,15.915,33.1352
2023-07-29T00:00:00Z,Northern Africa,Sudan,Khartoum,explosions/remote violence,Air/drone strike,11,39,1386671,Political violence,3111,15.915,33.1352
2023-07-29T00:00:00Z,Northern Africa,Sudan,Khartoum,explosions/remote violence,Shelling/artillery/missile attack,5,7,355636,Political violence,3111,15.915,33.1352
2023-07-29T00:00:00Z,Northern Africa,Sudan,Khartoum,violence against civilians,Attack,14,9,927489,Political violence,3111,15.915,33.1352
2023-07-29T00:00:00Z,Northern Africa,Sudan,North Kordofan,battles,Armed clash,2,4,694690,Political violence,3113,14.3894,29.437
2023-07-29T00:00:00Z,Northern Africa,Sudan,North Kordofan,battles,Government regains territory,1,10,134069,Political violence,3113,14.3894,29.437
2023-07-29T00:00:00Z,Northern Africa,Sudan,North Kordofan,violence against civilians,Attack,2,3,694690,Political violence,3113,14.3894,29.437
2023-07-29T00:00:00Z,Northern Africa,Sudan,South Darfur,battles,Armed clash,3,5,1463987,Political violence,3118,10.9002,24.3019
2023-07-29T00:00:00Z,Northern Africa,Sudan,South Darfur,violence against civilians,Attack,2,3,1507394,Political violence,3118,10.9002,24.3019
2023-07-29T00:00:00Z,Northern Africa,Sudan,South Darfur,violence against civilians,Sexual violence,2,1,1505388,Political violence,3118,10.9002,24.3019
2023-07-29T00:00:00Z,Northern Africa,Sudan,South Kordofan,explosions/remote violence,Air/drone strike,1,9,172215,Political violence,3119,11.2289,30.914
2023-07-29T00:00:00Z,Northern Africa,Sudan,South Kordofan,protests,Excessive force against protesters,1,1,21956,Political violence; Demonstrations,3119,11.2289,30.914
2023-07-29T00:00:00Z,Northern Africa,Sudan,West Darfur,battles,Armed clash,2,27,10992,Political violence,3120,13.5081,22.7026
2023-07-29T00:00:00Z,Northern Africa,Sudan,West Darfur,violence against civilians,Attack,2,49,3470,Political violence,3120,13.5081,22.7026
2023-08-05T00:00:00Z,Northern Africa,Sudan,Abyei,battles,Armed clash,1,2,1353,Political violence,3104,9.7332,28.4712
2023-08-05T00:00:00Z,Northern Africa,Sudan,Al Jazirah,violence against civilians,Attack,2,1,244337,Political violence,3105,14.6593,33.2294
2023-08-05T00:00:00Z,Northern Africa,Sudan,Blue Nile,violence against civilians,Sexual violence,1,4,7987,Political violence,3106,11.0079,34.0954
2023-08-05T00:00:00Z,Northern Africa,Sudan,Central Darfur,battles,Armed clash,2,63,97819,Political violence,3107,12.3084,23.2341
2023-08-05T00:00:00Z,Northern Africa,Sudan,Central Darfur,battles,Government regains territory,3,23,97819,Political violence,3107,12.3084,23.2341
2023-08-05T00:00:00Z,Northern Africa,Sudan,Khartoum,battles,Armed clash,92,415,3768609,Political violence,3111,15.915,33.1352
2023-08-05T00:00:00Z,Northern Africa,Sudan,Khartoum,explosions/remote violence,Air/drone strike,4,3,523899,Political violence,3111,15.915,33.1352
2023-08-05T00:00:00Z,Northern Africa,Sudan,Khartoum,explosions/remote violence,Shelling/artillery/missile attack,7,11,538583,Political violence,3111,15.915,33.1352
2023-08-05T00:00:00Z,Northern Africa,Sudan,Khartoum,violence against civilians,Attack,5,2,399875,Political violence,3111,15.915,33.1352
2023-08-05T00:00:00Z,Northern Africa,Sudan,Khartoum,violence against civilians,Sexual violence,3,1,84388,Political violence,3111,15.915,33.1352
2023-08-05T00:00:00Z,Northern Africa,Sudan,North Darfur,battles,Armed clash,2,100,96083,Political violence,3112,15.8601,25.5013
2023-08-05T00:00:00Z,Northern Africa,Sudan,North Darfur,violence against civilians,Attack,3,3,671364,Political violence,3112,15.8601,25.5013
2023-08-05T00:00:00Z,Northern Africa,Sudan,North Kordofan,battles,Armed clash,2,26,10248,Political violence,3113,14.3894,29.437
2023-08-05T00:00:00Z,Northern Africa,Sudan,North Kordofan,explosions/remote violence,Air/drone strike,4,3,8065,Political violence,3113,14.3894,29.437
2023-08-05T00:00:00Z,Northern Africa,Sudan,North Kordofan,violence against civilians,Attack,3,2,560621,Political violence,3113,14.3894,29.437
2023-08-05T00:00:00Z,Northern Africa,Sudan,South Darfur,battles,Armed clash,13,143,1576692,Political violence,3118,10.9002,24.3019
2023-08-05T00:00:00Z,Northern Africa,Sudan,South Darfur,violence against civilians,Attack,1,9,65312,Political violence,3118,10.9002,24.3019
2023-08-05T00:00:00Z,Northern Africa,Sudan,South Darfur,violence against civilians,Sexual violence,1,1,65312,Political violence,3118,10.9002,24.3019
2023-08-12T00:00:00Z,Northern Africa,Sudan,Al Jazirah,battles,Armed clash,1,2,17390,Political violence,3105,14.6593,33.2294
2023-08-12T00:00:00Z,Northern Africa,Sudan,Al Jazirah,explosions/remote violence,Air/drone strike,5,5,139718,Political violence,3105,14.6593,33.2294
2023-08-12T00:00:00Z,Northern Africa,Sudan,Al Jazirah,violence against civilians,Attack,1,3,17390,Political violence,3105,14.6593,33.2294
2023-08-12T00:00:00Z,Northern Africa,Sudan,Central Darfur,battles,Armed clash,2,5,111192,Political violence,3107,12.3084,23.2341
2023-08-12T00:00:00Z,Northern Africa,Sudan,Khartoum,battles,Armed clash,65,60,2481749,Political violence,3111,15.915,33.1352
2023-08-12T00:00:00Z,Northern Africa,Sudan,Khartoum,explosions/remote violence,Air/drone strike,14,24,1735068,Political violence,3111,15.915,33.1352
2023-08-12T00:00:00Z,Northern Africa,Sudan,Khartoum,explosions/remote violence,Shelling/artillery/missile attack,7,12,501321,Political violence,3111,15.915,33.1352
2023-08-12T00:00:00Z,Northern Africa,Sudan,Khartoum,violence against civilians,Attack,7,5,467948,Political violence,3111,15.915,33.1352
2023-08-12T00:00:00Z,Northern Africa,Sudan,North Darfur,battles,Armed clash,4,14,759854,Political violence,3112,15.8601,25.5013
2023-08-12T00:00:00Z,Northern Africa,Sudan,North Kordofan,battles,Armed clash,2,4,694690,Political violence,3113,14.3894,29.437
2023-08-12T00:00:00Z,Northern Africa,Sudan,North Kordofan,violence against civilians,Attack,2,2,134069,Political violence,3113,14.3894,29.437
2023-08-12T00:00:00Z,Northern Africa,Sudan,South Darfur,battles,Armed clash,13,172,1935107,Political violence,3118,10.9002,24.3019
2023-08-12T00:00:00Z,Northern Africa,Sudan,South Darfur,battles,Non-state actor overtakes territory,1,36,1463556,Political violence,3118,10.9002,24.3019
2023-08-12T00:00:00Z,Northern Africa,Sudan,South Darfur,violence against civilians,Attack,2,19,1521091,Political violence,3118,10.9002,24.3019
2023-08-12T00:00:00Z,Northern Africa,Sudan,South Kordofan,battles,Armed clash,7,56,175664,Political violence,3119,11.2289,30.914
2023-08-12T00:00:00Z,Northern Africa,Sudan,South Kordofan,explosions/remote violence,Remote explosive/landmine/IED,1,2,5986,Political violence,3119,11.2289,30.914
2023-08-12T00:00:00Z,Northern Africa,Sudan,West Darfur,battles,Armed clash,1,10,342391,Political violence,3120,13.5081,22.7026
2023-08-12T00:00:00Z,Northern Africa,Sudan,West Darfur,violence against civilians,Attack,1,7,342391,Political violence,3120,13.5081,22.7026
2023-08-12T00:00:00Z,Northern Africa,Sudan,West Kordofan,battles,Armed clash,7,64,262565,Political violence,3121,11.8686,28.2211
2023-08-12T00:00:00Z,Northern Africa,Sudan,West Kordofan,violence against civilians,Attack,2,26,289519,Political violence,3121,11.8686,28.2211
2023-08-19T00:00:00Z,Northern Africa,Sudan,Abyei,battles,Armed clash,3,4,13623,Political violence,3104,9.7332,28.4712
2023-08-19T00:00:00Z,Northern Africa,Sudan,Blue Nile,violence against civilians,Attack,2,10,80027,Political violence,3106,11.0079,34.0954
2023-08-19T00:00:00Z,Northern Africa,Sudan,Central Darfur,battles,Armed clash,2,3,97819,Political violence,3107,12.3084,23.2341
2023-08-19T00:00:00Z,Northern Africa,Sudan,Central Darfur,violence against civilians,Attack,1,3,97819,Political violence,3107,12.3084,23.2341
2023-08-19T00:00:00Z,Northern Africa,Sudan,Khartoum,battles,Armed clash,85,358,4195625,Political violence,3111,15.915,33.1352
2023-08-19T00:00:00Z,Northern Africa,Sudan,Khartoum,battles,Government regains territory,1,25,36864,Political violence,3111,15.915,33.1352
2023-08-19T00:00:00Z,Northern Africa,Sudan,Khartoum,battles,Non-state actor overtakes territory,1,312,36864,Political violence,3111,15.915,33.1352
2023-08-19T00:00:00Z,Northern Africa,Sudan,Khartoum,explosions/remote violence,Air/drone strike,12,21,595304,Political violence,3111,15.915,33.1352
2023-08-19T00:00:00Z,Northern Africa,Sudan,Khartoum,explosions/remote violence,Shelling/artillery/missile attack,9,8,437568,Political violence,3111,15.915,33.1352
2023-08-19T00:00:00Z,Northern Africa,Sudan,Khartoum,violence against civilians,Attack,2,14,147688,Political violence,3111,15.915,33.1352
2023-08-19T00:00:00Z,Northern Africa,Sudan,North Kordofan,battles,Armed clash,3,6,694690,Political violence,3113,14.3894,29.437
2023-08-19T00:00:00Z,Northern Africa,Sudan,South Darfur,battles,Armed clash,8,126,1463556,Political violence,3118,10.9002,24.3019
2023-08-19T00:00:00Z,Northern Africa,Sudan,South Darfur,violence against civilians,Attack,2,4,1463556,Political violence,3118,10.9002,24.3019
2023-08-26T00:00:00Z,Northern Africa,Sudan,Abyei,violence against civilians,Attack,1,4,NA,Political violence,3104,9.7332,28.4712
2023-08-26T00:00:00Z,Northern Africa,Sudan,Al Jazirah,battles,Armed clash,1,1,9945,Political violence,3105,14.6593,33.2294
2023-08-26T00:00:00Z,Northern Africa,Sudan,Blue Nile,battles,Armed clash,1,10,7987,Political violence,3106,11.0079,34.0954
2023-08-26T00:00:00Z,Northern Africa,Sudan,Central Darfur,battles,Armed clash,5,15,131492,Political violence,3107,12.3084,23.2341
2023-08-26T00:00:00Z,Northern Africa,Sudan,Central Darfur,violence against civilians,Attack,2,3,97819,Political violence,3107,12.3084,23.2341
2023-08-26T00:00:00Z,Northern Africa,Sudan,Kassala,violence against civilians,Attack,1,1,29678,Political violence,3110,15.7104,35.5356
2023-08-26T00:00:00Z,Northern Africa,Sudan,Khartoum,battles,Armed clash,52,195,2178477,Political violence,3111,15.915,33.1352
2023-08-26T00:00:00Z,Northern Africa,Sudan,Khartoum,explosions/remote violence,Air/drone strike,12,33,1066903,Political violence,3111,15.915,33.1352
2023-08-26T00:00:00Z,Northern Africa,Sudan,Khartoum,explosions/remote violence,Shelling/artillery/missile attack,16,27,1981448,Political violence,3111,15.915,33.1352
2023-08-26T00:00:00Z,Northern Africa,Sudan,Khartoum,violence against civilians,Attack,8,9,1158862,Political violence,3111,15.915,33.1352
2023-08-26T00:00:00Z,Northern Africa,Sudan,Khartoum,violence against civilians,Sexual violence,4,2,167184,Political violence,3111,15.915,33.1352
2023-08-26T00:00:00Z,Northern Africa,Sudan,North Darfur,battles,Armed clash,1,3,639537,Political violence,3112,15.8601,25.5013
2023-08-26T00:00:00Z,Northern Africa,Sudan,North Kordofan,battles,Armed clash,2,12,560621,Political violence,3113,14.3894,29.437
2023-08-26T00:00:00Z,Northern Africa,Sudan,North Kordofan,battles,Government regains territory,1,22,560621,Political violence,3113,14.3894,29.437
2023-08-26T00:00:00Z,Northern Africa,Sudan,South Darfur,battles,Armed clash,7,21,1481794,Political violence,3118,10.9002,24.3019
2023-08-26T00:00:00Z,Northern Africa,Sudan,South Kordofan,battles,Armed clash,8,51,180255,Political violence,3119,11.2289,30.914
2023-08-26T00:00:00Z,Northern Africa,Sudan,South Kordofan,violence against civilians,Attack,1,1,3449,Political violence,3119,11.2289,30.914
2023-09-02T00:00:00Z,Northern Africa,Sudan,Al Jazirah,violence against civilians,Attack,1,3,48065,Political violence,3105,14.6593,33.2294
2023-09-02T00:00:00Z,Northern Africa,Sudan,Central Darfur,battles,Armed clash,5,6,111192,Political violence,3107,12.3084,23.2341
2023-09-02T00:00:00Z,Northern Africa,Sudan,Khartoum,battles,Armed clash,65,239,2477315,Political violence,3111,15.915,33.1352
2023-09-02T00:00:00Z,Northern Africa,Sudan,Khartoum,explosions/remote violence,Air/drone strike,20,99,2056751,Political violence,3111,15.915,33.1352
2023-09-02T00:00:00Z,Northern Africa,Sudan,Khartoum,explosions/remote violence,Shelling/artillery/missile attack,13,29,1169327,Political violence,3111,15.915,33.1352
2023-09-02T00:00:00Z,Northern Africa,Sudan,Khartoum,violence against civilians,Attack,7,8,901394,Political violence,3111,15.915,33.1352
2023-09-02T00:00:00Z,Northern Africa,Sudan,North Darfur,violence against civilians,Attack,4,3,639537,Political violence,3112,15.8601,25.5013
2023-09-02T00:00:00Z,Northern Africa,Sudan,South Darfur,battles,Armed clash,5,72,1482257,Political violence,3118,10.9002,24.3019
2023-09-02T00:00:00Z,Northern Africa,Sudan,South Darfur,violence against civilians,Attack,3,2,1463556,Political violence,3118,10.9002,24.3019
2023-09-02T00:00:00Z,Northern Africa,Sudan,South Kordofan,battles,Armed clash,4,3,336964,Political violence,3119,11.2289,30.914
2023-09-02T00:00:00Z,Northern Africa,Sudan,South Kordofan,violence against civilians,Attack,1,3,172215,Political violence,3119,11.2289,30.914
2023-09-02T00:00:00Z,Northern Africa,Sudan,West Kordofan,battles,Armed clash,2,4,156776,Political violence,3121,11.8686,28.2211
2023-09-09T00:00:00Z,Northern Africa,Sudan,Al Jazirah,explosions/remote violence,Air/drone strike,2,10,131265,Political violence,3105,14.6593,33.2294
2023-09-09T00:00:00Z,Northern Africa,Sudan,Al Jazirah,violence against civilians,Attack,1,3,48065,Political violence,3105,14.6593,33.2294
2023-09-09T00:00:00Z,Northern Africa,Sudan,Central Darfur,battles,Armed clash,2,3,124191,Political violence,3107,12.3084,23.2341
2023-09-09T00:00:00Z,Northern Africa,Sudan,Central Darfur,battles,Government regains territory,1,16,97819,Political violence,3107,12.3084,23.2341
2023-09-09T00:00:00Z,Northern Africa,Sudan,Khartoum,battles,Armed clash,32,80,1677594,Political violence,3111,15.915,33.1352
2023-09-09T00:00:00Z,Northern Africa,Sudan,Khartoum,explosions/remote violence,Air/drone strike,21,134,2039317,Political violence,3111,15.915,33.1352
2023-09-09T00:00:00Z,Northern Africa,Sudan,Khartoum,explosions/remote violence,Shelling/artillery/missile attack,25,36,1609863,Political violence,3111,15.915,33.1352
2023-09-09T00:00:00Z,Northern Africa,Sudan,Khartoum,violence against civilians,Attack,7,4,757553,Political violence,3111,15.915,33.1352
2023-09-09T00:00:00Z,Northern Africa,Sudan,North Darfur,battles,Armed clash,2,35,709584,Political violence,3112,15.8601,25.5013
2023-09-09T00:00:00Z,Northern Africa,Sudan,North Darfur,violence against civilians,Attack,3,1,692130,Political violence,3112,15.8601,25.5013
2023-09-09T00:00:00Z,Northern Africa,Sudan,North Kordofan,battles,Government regains territory,1,10,134069,Political violence,3113,14.3894,29.437
2023-09-09T00:00:00Z,Northern Africa,Sudan,North Kordofan,violence against civilians,Attack,3,2,135812,Political violence,3113,14.3894,29.437
2023-09-09T00:00:00Z,Northern Africa,Sudan,South Darfur,battles,Armed clash,3,80,1475265,Political violence,3118,10.9002,24.3019
2023-09-09T00:00:00Z,Northern Africa,Sudan,South Kordofan,violence against civilians,Attack,2,8,30044,Political violence,3119,11.2289,30.914
2023-09-09T00:00:00Z,Northern Africa,Sudan,West Darfur,violence against civilians,Attack,2,10,343692,Political violence,3120,13.5081,22.7026
2023-09-09T00:00:00Z,Northern Africa,Sudan,West Kordofan,battles,Armed clash,2,5,1027,Political violence,3121,11.8686,28.2211
2023-09-16T00:00:00Z,Northern Africa,Sudan,Abyei,battles,Armed clash,1,3,7256,Political violence,3104,9.7332,28.4712
2023-09-16T00:00:00Z,Northern Africa,Sudan,Khartoum,battles,Armed clash,45,473,1910104,Political violence,3111,15.915,33.1352
2023-09-16T00:00:00Z,Northern Africa,Sudan,Khartoum,explosions/remote violence,Air/drone strike,19,4,1544582,Political violence,3111,15.915,33.1352
2023-09-16T00:00:00Z,Northern Africa,Sudan,Khartoum,explosions/remote violence,Shelling/artillery/missile attack,34,10,2113305,Political violence,3111,15.915,33.1352
2023-09-16T00:00:00Z,Northern Africa,Sudan,Khartoum,violence against civilians,Attack,3,2,78548,Political violence,3111,15.915,33.1352
2023-09-16T00:00:00Z,Northern Africa,Sudan,North Darfur,battles,Armed clash,1,2,36098,Political violence,3112,15.8601,25.5013
2023-09-16T00:00:00Z,Northern Africa,Sudan,North Kordofan,battles,Armed clash,3,23,560557,Political violence,3113,14.3894,29.437
2023-09-16T00:00:00Z,Northern Africa,Sudan,North Kordofan,violence against civilians,Attack,1,1,320,Political violence,3113,14.3894,29.437
2023-09-16T00:00:00Z,Northern Africa,Sudan,South Darfur,battles,Armed clash,3,17,1780184,Political violence,3118,10.9002,24.3019
2023-09-16T00:00:00Z,Northern Africa,Sudan,South Darfur,battles,Non-state actor overtakes territory,1,18,18238,Political violence,3118,10.9002,24.3019
2023-09-16T00:00:00Z,Northern Africa,Sudan,South Darfur,explosions/remote violence,Shelling/artillery/missile attack,1,8,1463556,Political violence,3118,10.9002,24.3019
2023-09-16T00:00:00Z,Northern Africa,Sudan,South Kordofan,violence against civilians,Attack,1,1,133405,Political violence,3119,11.2289,30.914
2023-09-16T00:00:00Z,Northern Africa,Sudan,West Kordofan,battles,Armed clash,2,5,22366,Political violence,3121,11.8686,28.2211
2023-09-16T00:00:00Z,Northern Africa,Sudan,West Kordofan,violence against civilians,Attack,2,3,110034,Political violence,3121,11.8686,28.2211
2023-09-23T00:00:00Z,Northern Africa,Sudan,Abyei,battles,Armed clash,1,1,NA,Political violence,3104,9.7332,28.4712
2023-09-23T00:00:00Z,Northern Africa,Sudan,Abyei,violence against civilians,Attack,4,17,20664,Political violence,3104,9.7332,28.4712
2023-09-23T00:00:00Z,Northern Africa,Sudan,Al Jazirah,violence against civilians,Attack,2,3,97442,Political violence,3105,14.6593,33.2294
2023-09-23T00:00:00Z,Northern Africa,Sudan,Central Darfur,battles,Armed clash,2,16,124191,Political violence,3107,12.3084,23.2341
2023-09-23T00:00:00Z,Northern Africa,Sudan,Central Darfur,violence against civilians,Attack,2,1,97819,Political violence,3107,12.3084,23.2341
2023-09-23T00:00:00Z,Northern Africa,Sudan,East Darfur,violence against civilians,Attack,1,5,322492,Political violence,3108,11.2299,26.3972
2023-09-23T00:00:00Z,Northern Africa,Sudan,Khartoum,battles,Armed clash,41,40,2478236,Political violence,3111,15.915,33.1352
2023-09-23T00:00:00Z,Northern Africa,Sudan,Khartoum,explosions/remote violence,Air/drone strike,24,29,1548317,Political violence,3111,15.915,33.1352
2023-09-23T00:00:00Z,Northern Africa,Sudan,Khartoum,explosions/remote violence,Shelling/artillery/missile attack,32,58,2081725,Political violence,3111,15.915,33.1352
2023-09-23T00:00:00Z,Northern Africa,Sudan,Khartoum,violence against civilians,Attack,3,1,111484,Political violence,3111,15.915,33.1352
2023-09-23T00:00:00Z,Northern Africa,Sudan,North Darfur,battles,Armed clash,1,3,16067,Political violence,3112,15.8601,25.5013
2023-09-23T00:00:00Z,Northern Africa,Sudan,North Darfur,violence against civilians,Attack,1,5,2127,Political violence,3112,15.8601,25.5013
2023-09-23T00:00:00Z,Northern Africa,Sudan,North Kordofan,violence against civilians,Attack,2,2,553979,Political violence,3113,14.3894,29.437
2023-09-23T00:00:00Z,Northern Africa,Sudan,South Darfur,battles,Armed clash,4,84,1511182,Political violence,3118,10.9002,24.3019
2023-09-23T00:00:00Z,Northern Africa,Sudan,South Darfur,violence against civilians,Attack,1,2,1463556,Political violence,3118,10.9002,24.3019
2023-09-23T00:00:00Z,Northern Africa,Sudan,South Kordofan,battles,Armed clash,2,1,172215,Political violence,3119,11.2289,30.914
2023-09-23T00:00:00Z,Northern Africa,Sudan,West Kordofan,violence against civilians,Attack,1,3,106993,Political violence,3121,11.8686,28.2211
2023-09-30T00:00:00Z,Northern Africa,Sudan,Abyei,battles,Armed clash,3,6,20692,Political violence,3104,9.7332,28.4712
2023-09-30T00:00:00Z,Northern Africa,Sudan,Abyei,violence against civilians,Attack,1,11,18934,Political violence,3104,9.7332,28.4712
2023-09-30T00:00:00Z,Northern Africa,Sudan,Central Darfur,battles,Armed clash,2,9,77723,Political violence,3107,12.3084,23.2341
2023-09-30T00:00:00Z,Northern Africa,Sudan,Central Darfur,explosions/remote violence,Shelling/artillery/missile attack,4,9,104095,Political violence,3107,12.3084,23.2341
2023-09-30T00:00:00Z,Northern Africa,Sudan,Central Darfur,violence against civilians,Attack,1,1,77723,Political violence,3107,12.3084,23.2341
2023-09-30T00:00:00Z,Northern Africa,Sudan,Khartoum,battles,Armed clash,44,124,2570899,Political violence,3111,15.915,33.1352
2023-09-30T00:00:00Z,Northern Africa,Sudan,Khartoum,battles,Non-state actor overtakes territory,1,43,75689,Political violence,3111,15.915,33.1352
2023-09-30T00:00:00Z,Northern Africa,Sudan,Khartoum,explosions/remote violence,Air/drone strike,43,33,2605417,Political violence,3111,15.915,33.1352
2023-09-30T00:00:00Z,Northern Africa,Sudan,Khartoum,explosions/remote violence,Shelling/artillery/missile attack,42,134,2427896,Political violence,3111,15.915,33.1352
2023-09-30T00:00:00Z,Northern Africa,Sudan,Khartoum,violence against civilians,Attack,4,5,527632,Political violence,3111,15.915,33.1352
2023-09-30T00:00:00Z,Northern Africa,Sudan,Khartoum,violence against civilians,Sexual violence,3,2,97897,Political violence,3111,15.915,33.1352
2023-09-30T00:00:00Z,Northern Africa,Sudan,North Darfur,battles,Armed clash,1,5,639537,Political violence,3112,15.8601,25.5013
2023-09-30T00:00:00Z,Northern Africa,Sudan,North Kordofan,battles,Armed clash,4,27,561282,Political violence,3113,14.3894,29.437
2023-09-30T00:00:00Z,Northern Africa,Sudan,North Kordofan,explosions/remote violence,Remote explosive/landmine/IED,1,1,553979,Political violence,3113,14.3894,29.437
2023-09-30T00:00:00Z,Northern Africa,Sudan,North Kordofan,violence against civilians,Attack,2,7,561282,Political violence,3113,14.3894,29.437
2023-09-30T00:00:00Z,Northern Africa,Sudan,Northern,battles,Armed clash,1,1,95014,Political violence,3114,19.3656,29.8955
2023-09-30T00:00:00Z,Northern Africa,Sudan,South Darfur,battles,Armed clash,6,23,1469801,Political violence,3118,10.9002,24.3019
2023-09-30T00:00:00Z,Northern Africa,Sudan,South Kordofan,battles,Armed clash,1,10,1267,Political violence,3119,11.2289,30.914
2023-09-30T00:00:00Z,Northern Africa,Sudan,West Kordofan,battles,Armed clash,1,3,110034,Political violence,3121,11.8686,28.2211
2023-10-07T00:00:00Z,Northern Africa,Sudan,Abyei,battles,Armed clash,2,10,3929,Political violence,3104,9.7332,28.4712
2023-10-07T00:00:00Z,Northern Africa,Sudan,Abyei,violence against civilians,Attack,1,1,3171,Political violence,3104,9.7332,28.4712
2023-10-07T00:00:00Z,Northern Africa,Sudan,Al Jazirah,violence against civilians,Attack,2,1,11823,Political violence,3105,14.6593,33.2294
2023-10-07T00:00:00Z,Northern Africa,Sudan,Central Darfur,battles,Armed clash,5,25,46024,Political violence,3107,12.3084,23.2341
2023-10-07T00:00:00Z,Northern Africa,Sudan,Central Darfur,explosions/remote violence,Shelling/artillery/missile attack,5,25,105892,Political violence,3107,12.3084,23.2341
2023-10-07T00:00:00Z,Northern Africa,Sudan,Khartoum,battles,Armed clash,37,17,2159198,Political violence,3111,15.915,33.1352
2023-10-07T00:00:00Z,Northern Africa,Sudan,Khartoum,explosions/remote violence,Shelling/artillery/missile attack,30,206,1586404,Political violence,3111,15.915,33.1352
2023-10-07T00:00:00Z,Northern Africa,Sudan,Khartoum,violence against civilians,Attack,4,6,139351,Political violence,3111,15.915,33.1352
2023-10-07T00:00:00Z,Northern Africa,Sudan,Khartoum,violence against civilians,Sexual violence,2,3,182078,Political violence,3111,15.915,33.1352
2023-10-07T00:00:00Z,Northern Africa,Sudan,North Kordofan,battles,Armed clash,3,21,553979,Political violence,3113,14.3894,29.437
2023-10-07T00:00:00Z,Northern Africa,Sudan,North Kordofan,violence against civilians,Attack,1,3,553979,Political violence,3113,14.3894,29.437
2023-10-07T00:00:00Z,Northern Africa,Sudan,South Darfur,battles,Armed clash,4,12,1463556,Political violence,3118,10.9002,24.3019
2023-10-07T00:00:00Z,Northern Africa,Sudan,South Darfur,violence against civilians,Attack,1,1,1463556,Political violence,3118,10.9002,24.3019
2023-10-07T00:00:00Z,Northern Africa,Sudan,South Kordofan,battles,Armed clash,4,10,133975,Political violence,3119,11.2289,30.914
2023-10-14T00:00:00Z,Northern Africa,Sudan,Central Darfur,battles,Armed clash,4,7,77723,Political violence,3107,12.3084,23.2341
2023-10-14T00:00:00Z,Northern Africa,Sudan,Central Darfur,explosions/remote violence,Shelling/artillery/missile attack,2,1,104095,Political violence,3107,12.3084,23.2341
2023-10-14T00:00:00Z,Northern Africa,Sudan,Central Darfur,violence against civilians,Attack,1,1,41713,Political violence,3107,12.3084,23.2341
2023-10-14T00:00:00Z,Northern Africa,Sudan,East Darfur,battles,Armed clash,1,1,4877,Political violence,3108,11.2299,26.3972
2023-10-14T00:00:00Z,Northern Africa,Sudan,Khartoum,battles,Armed clash,36,188,763868,Political violence,3111,15.915,33.1352
2023-10-14T00:00:00Z,Northern Africa,Sudan,Khartoum,explosions/remote violence,Shelling/artillery/missile attack,32,50,1883644,Political violence,3111,15.915,33.1352
2023-10-14T00:00:00Z,Northern Africa,Sudan,North Kordofan,battles,Armed clash,1,10,553979,Political violence,3113,14.3894,29.437
2023-10-14T00:00:00Z,Northern Africa,Sudan,North Kordofan,explosions/remote violence,Air/drone strike,1,5,8065,Political violence,3113,14.3894,29.437
2023-10-14T00:00:00Z,Northern Africa,Sudan,North Kordofan,violence against civilians,Attack,1,3,7303,Political violence,3113,14.3894,29.437
2023-10-14T00:00:00Z,Northern Africa,Sudan,South Darfur,explosions/remote violence,Shelling/artillery/missile attack,3,5,1463556,Political violence,3118,10.9002,24.3019
2023-10-14T00:00:00Z,Northern Africa,Sudan,South Darfur,violence against civilians,Attack,2,3,395532,Political violence,3118,10.9002,24.3019
2023-10-14T00:00:00Z,Northern Africa,Sudan,South Kordofan,battles,Armed clash,3,22,305620,Political violence,3119,11.2289,30.914
2023-10-14T00:00:00Z,Northern Africa,Sudan,West Kordofan,violence against civilians,Attack,2,2,178129,Political violence,3121,11.8686,28.2211
2023-10-21T00:00:00Z,Northern Africa,Sudan,Central Darfur,battles,Armed clash,2,6,77723,Political violence,3107,12.3084,23.2341
2023-10-21T00:00:00Z,Northern Africa,Sudan,Central Darfur,explosions/remote violence,Shelling/artillery/missile attack,4,7,119436,Political violence,3107,12.3084,23.2341
2023-10-21T00:00:00Z,Northern Africa,Sudan,Central Darfur,violence against civilians,Attack,1,2,26372,Political violence,3107,12.3084,23.2341
2023-10-21T00:00:00Z,Northern Africa,Sudan,Khartoum,battles,Armed clash,25,2,676645,Political violence,3111,15.915,33.1352
2023-10-21T00:00:00Z,Northern Africa,Sudan,Khartoum,explosions/remote violence,Air/drone strike,15,10,839942,Political violence,3111,15.915,33.1352
2023-10-21T00:00:00Z,Northern Africa,Sudan,Khartoum,explosions/remote violence,Shelling/artillery/missile attack,32,24,1422941,Political violence,3111,15.915,33.1352
2023-10-21T00:00:00Z,Northern Africa,Sudan,North Darfur,battles,Armed clash,1,11,639537,Political violence,3112,15.8601,25.5013
2023-10-21T00:00:00Z,Northern Africa,Sudan,North Kordofan,violence against civilians,Attack,1,1,553979,Political violence,3113,14.3894,29.437
2023-10-21T00:00:00Z,Northern Africa,Sudan,South Darfur,battles,Armed clash,13,248,1530217,Political violence,3118,10.9002,24.3019
2023-10-21T00:00:00Z,Northern Africa,Sudan,South Darfur,battles,Non-state actor overtakes territory,1,10,1463556,Political violence,3118,10.9002,24.3019
2023-10-21T00:00:00Z,Northern Africa,Sudan,South Darfur,violence against civilians,Attack,1,1,65312,Political violence,3118,10.9002,24.3019
2023-10-21T00:00:00Z,Northern Africa,Sudan,South Kordofan,battles,Armed clash,2,12,133405,Political violence,3119,11.2289,30.914
2023-10-21T00:00:00Z,Northern Africa,Sudan,South Kordofan,battles,Non-state actor overtakes territory,1,10,585,Political violence,3119,11.2289,30.914
2023-10-21T00:00:00Z,Northern Africa,Sudan,South Kordofan,violence against civilians,Attack,1,1,54007,Political violence,3119,11.2289,30.914
2023-10-28T00:00:00Z,Northern Africa,Sudan,Central Darfur,battles,Armed clash,3,13,77723,Political violence,3107,12.3084,23.2341
2023-10-28T00:00:00Z,Northern Africa,Sudan,Central Darfur,violence against civilians,Sexual violence,2,10,77723,Political violence,3107,12.3084,23.2341
2023-10-28T00:00:00Z,Northern Africa,Sudan,Khartoum,battles,Armed clash,27,78,1237320,Political violence,3111,15.915,33.1352
2023-10-28T00:00:00Z,Northern Africa,Sudan,Khartoum,explosions/remote violence,Shelling/artillery/missile attack,11,64,845705,Political violence,3111,15.915,33.1352
2023-10-28T00:00:00Z,Northern Africa,Sudan,Khartoum,violence against civilians,Attack,10,7,474535,Political violence,3111,15.915,33.1352
2023-10-28T00:00:00Z,Northern Africa,Sudan,North Darfur,battles,Armed clash,3,12,639537,Political violence,3112,15.8601,25.5013
2023-10-28T00:00:00Z,Northern Africa,Sudan,North Kordofan,battles,Armed clash,2,1,553979,Political violence,3113,14.3894,29.437
2023-10-28T00:00:00Z,Northern Africa,Sudan,South Darfur,battles,Armed clash,1,51,6671,Political violence,3118,10.9002,24.3019
2023-10-28T00:00:00Z,Northern Africa,Sudan,South Darfur,explosions/remote violence,Air/drone strike,1,3,1463556,Political violence,3118,10.9002,24.3019
2023-10-28T00:00:00Z,Northern Africa,Sudan,South Darfur,violence against civilians,Attack,2,10,1463556,Political violence,3118,10.9002,24.3019
2023-10-28T00:00:00Z,Northern Africa,Sudan,South Kordofan,battles,Armed clash,6,77,184307,Political violence,3119,11.2289,30.914
2023-10-28T00:00:00Z,Northern Africa,Sudan,West Darfur,battles,Armed clash,5,216,362196,Political violence,3120,13.5081,22.7026
2023-10-28T00:00:00Z,Northern Africa,Sudan,West Darfur,violence against civilians,Attack,1,1,49026,Political violence,3120,13.5081,22.7026
2023-10-28T00:00:00Z,Northern Africa,Sudan,West Kordofan,battles,Armed clash,6,16,222943,Political violence,3121,11.8686,28.2211
2023-10-28T00:00:00Z,Northern Africa,Sudan,West Kordofan,battles,Government regains territory,3,20,14883,Political violence,3121,11.8686,28.2211
2023-10-28T00:00:00Z,Northern Africa,Sudan,West Kordofan,battles,Non-state actor overtakes territory,1,18,11330,Political violence,3121,11.8686,28.2211
2023-11-04T00:00:00Z,Northern Africa,Sudan,Gedaref,violence against civilians,Attack,1,1,799918,Political violence,3109,14.2138,35.0222
2023-11-04T00:00:00Z,Northern Africa,Sudan,Khartoum,battles,Armed clash,35,78,1637395,Political violence,3111,15.915,33.1352
2023-11-04T00:00:00Z,Northern Africa,Sudan,Khartoum,explosions/remote violence,Shelling/artillery/missile attack,30,56,1484993,Political violence,3111,15.915,33.1352
2023-11-04T00:00:00Z,Northern Africa,Sudan,Khartoum,violence against civilians,Attack,7,8,649844,Political violence,3111,15.915,33.1352
2023-11-04T00:00:00Z,Northern Africa,Sudan,North Darfur,battles,Armed clash,4,1,639537,Political violence,3112,15.8601,25.5013
2023-11-04T00:00:00Z,Northern Africa,Sudan,North Darfur,explosions/remote violence,Air/drone strike,2,7,639537,Political violence,3112,15.8601,25.5013
2023-11-04T00:00:00Z,Northern Africa,Sudan,North Darfur,violence against civilians,Attack,2,2,262621,Political violence,3112,15.8601,25.5013
2023-11-04T00:00:00Z,Northern Africa,Sudan,North Kordofan,violence against civilians,Attack,2,10,2297,Political violence,3113,14.3894,29.437
2023-11-04T00:00:00Z,Northern Africa,Sudan,South Darfur,violence against civilians,Attack,1,3,1463556,Political violence,3118,10.9002,24.3019
2023-11-04T00:00:00Z,Northern Africa,Sudan,South Kordofan,battles,Armed clash,1,1,133405,Political violence,3119,11.2289,30.914
2023-11-04T00:00:00Z,Northern Africa,Sudan,West Darfur,battles,Armed clash,1,10,342391,Political violence,3120,13.5081,22.7026
2023-11-04T00:00:00Z,Northern Africa,Sudan,West Darfur,battles,Non-state actor overtakes territory,1,1000,19805,Political violence,3120,13.5081,22.7026
2023-11-04T00:00:00Z,Northern Africa,Sudan,West Darfur,violence against civilians,Attack,6,423,362196,Political violence,3120,13.5081,22.7026
2023-11-04T00:00:00Z,Northern Africa,Sudan,West Darfur,violence against civilians,Sexual violence,3,10,18903,Political violence,3120,13.5081,22.7026
2023-11-04T00:00:00Z,Northern Africa,Sudan,West Kordofan,violence against civilians,Attack,1,1,2363,Political violence,3121,11.8686,28.2211
2023-11-11T00:00:00Z,Northern Africa,Sudan,Abyei,violence against civilians,Attack,3,2,3893,Political violence,3104,9.7332,28.4712
2023-11-11T00:00:00Z,Northern Africa,Sudan,Blue Nile,battles,Armed clash,1,5,5244,Political violence,3106,11.0079,34.0954
2023-11-11T00:00:00Z,Northern Africa,Sudan,Khartoum,battles,Armed clash,36,81,1105098,Political violence,3111,15.915,33.1352
2023-11-11T00:00:00Z,Northern Africa,Sudan,Khartoum,explosions/remote violence,Shelling/artillery/missile attack,26,30,1540583,Political violence,3111,15.915,33.1352
2023-11-11T00:00:00Z,Northern Africa,Sudan,Khartoum,violence against civilians,Attack,3,7,101461,Political violence,3111,15.915,33.1352
2023-11-11T00:00:00Z,Northern Africa,Sudan,North Darfur,battles,Armed clash,3,5,649953,Political violence,3112,15.8601,25.5013
2023-11-11T00:00:00Z,Northern Africa,Sudan,North Darfur,explosions/remote violence,Air/drone strike,1,10,639537,Political violence,3112,15.8601,25.5013
2023-11-11T00:00:00Z,Northern Africa,Sudan,North Darfur,violence against civilians,Attack,2,4,649953,Political violence,3112,15.8601,25.5013
2023-11-11T00:00:00Z,Northern Africa,Sudan,North Kordofan,battles,Armed clash,2,14,553979,Political violence,3113,14.3894,29.437
2023-11-11T00:00:00Z,Northern Africa,Sudan,North Kordofan,violence against civilians,Attack,1,3,1455,Political violence,3113,14.3894,29.437
2023-11-11T00:00:00Z,Northern Africa,Sudan,South Darfur,battles,Armed clash,7,40,70415,Political violence,3118,10.9002,24.3019
2023-11-11T00:00:00Z,Northern Africa,Sudan,South Kordofan,battles,Armed clash,1,7,2568,Political violence,3119,11.2289,30.914
2023-11-11T00:00:00Z,Northern Africa,Sudan,West Darfur,violence against civilians,Attack,1,21,29831,Political violence,3120,13.5081,22.7026
2023-11-11T00:00:00Z,Northern Africa,Sudan,White Nile,battles,Armed clash,2,1,351209,Political violence,3122,13.5895,32.3521
2023-11-11T00:00:00Z,Northern Africa,Sudan,White Nile,explosions/remote violence,Air/drone strike,1,3,18440,Political violence,3122,13.5895,32.3521
2023-11-11T00:00:00Z,Northern Africa,Sudan,White Nile,violence against civilians,Attack,1,2,86839,Political violence,3122,13.5895,32.3521
2023-11-18T00:00:00Z,Northern Africa,Sudan,Abyei,violence against civilians,Attack,6,59,38024,Political violence,3104,9.7332,28.4712
2023-11-18T00:00:00Z,Northern Africa,Sudan,East Darfur,battles,Armed clash,3,14,330903,Political violence,3108,11.2299,26.3972
2023-11-18T00:00:00Z,Northern Africa,Sudan,East Darfur,battles,Non-state actor overtakes territory,3,17,354460,Political violence,3108,11.2299,26.3972
2023-11-18T00:00:00Z,Northern Africa,Sudan,Khartoum,battles,Armed clash,22,26,1162850,Political violence,3111,15.915,33.1352
2023-11-18T00:00:00Z,Northern Africa,Sudan,Khartoum,battles,Non-state actor overtakes territory,1,12,96707,Political violence,3111,15.915,33.1352
2023-11-18T00:00:00Z,Northern Africa,Sudan,Khartoum,explosions/remote violence,Air/drone strike,19,37,1427814,Political violence,3111,15.915,33.1352
2023-11-18T00:00:00Z,Northern Africa,Sudan,Khartoum,explosions/remote violence,Shelling/artillery/missile attack,19,13,1115896,Political violence,3111,15.915,33.1352
2023-11-18T00:00:00Z,Northern Africa,Sudan,Khartoum,violence against civilians,Attack,6,17,694716,Political violence,3111,15.915,33.1352
2023-11-18T00:00:00Z,Northern Africa,Sudan,North Darfur,violence against civilians,Attack,1,1,1274,Political violence,3112,15.8601,25.5013
2023-11-18T00:00:00Z,Northern Africa,Sudan,North Kordofan,battles,Armed clash,1,10,553979,Political violence,3113,14.3894,29.437
2023-11-18T00:00:00Z,Northern Africa,Sudan,North Kordofan,explosions/remote violence,Air/drone strike,6,7,569013,Political violence,3113,14.3894,29.437
2023-11-18T00:00:00Z,Northern Africa,Sudan,South Darfur,battles,Armed clash,2,58,64170,Political violence,3118,10.9002,24.3019
2023-11-18T00:00:00Z,Northern Africa,Sudan,South Kordofan,violence against civilians,Attack,1,1,133405,Political violence,3119,11.2289,30.914
2023-11-18T00:00:00Z,Northern Africa,Sudan,West Kordofan,battles,Armed clash,2,10,110034,Political violence,3121,11.8686,28.2211
2023-11-18T00:00:00Z,Northern Africa,Sudan,West Kordofan,violence against civilians,Attack,1,1,110034,Political violence,3121,11.8686,28.2211
2023-11-25T00:00:00Z,Northern Africa,Sudan,Central Darfur,violence against civilians,Attack,1,2,18166,Political violence,3107,12.3084,23.2341
2023-11-25T00:00:00Z,Northern Africa,Sudan,Khartoum,battles,Armed clash,29,12,1762108,Political violence,3111,15.915,33.1352
2023-11-25T00:00:00Z,Northern Africa,Sudan,Khartoum,explosions/remote violence,Air/drone strike,15,5,911309,Political violence,3111,15.915,33.1352
2023-11-25T00:00:00Z,Northern Africa,Sudan,Khartoum,explosions/remote violence,Shelling/artillery/missile attack,38,4,2252346,Political violence,3111,15.915,33.1352
2023-11-25T00:00:00Z,Northern Africa,Sudan,North Darfur,battles,Armed clash,2,1,1825,Political violence,3112,15.8601,25.5013
2023-11-25T00:00:00Z,Northern Africa,Sudan,North Darfur,violence against civilians,Attack,1,1,639537,Political violence,3112,15.8601,25.5013
2023-11-25T00:00:00Z,Northern Africa,Sudan,North Kordofan,violence against civilians,Attack,1,4,1604,Political violence,3113,14.3894,29.437
2023-11-25T00:00:00Z,Northern Africa,Sudan,South Kordofan,battles,Armed clash,3,12,133405,Political violence,3119,11.2289,30.914
2023-11-25T00:00:00Z,Northern Africa,Sudan,South Kordofan,violence against civilians,Attack,1,3,26674,Political violence,3119,11.2289,30.914
2023-11-25T00:00:00Z,Northern Africa,Sudan,West Kordofan,battles,Armed clash,4,18,171727,Political violence,3121,11.8686,28.2211
2023-12-02T00:00:00Z,Northern Africa,Sudan,Abyei,battles,Armed clash,5,7,14260,Political violence,3104,9.7332,28.4712
2023-12-02T00:00:00Z,Northern Africa,Sudan,Khartoum,battles,Armed clash,22,4,1200210,Political violence,3111,15.915,33.1352
2023-12-02T00:00:00Z,Northern Africa,Sudan,Khartoum,explosions/remote violence,Air/drone strike,39,92,2386744,Political violence,3111,15.915,33.1352
2023-12-02T00:00:00Z,Northern Africa,Sudan,Khartoum,explosions/remote violence,Shelling/artillery/missile attack,49,47,2296508,Political violence,3111,15.915,33.1352
2023-12-02T00:00:00Z,Northern Africa,Sudan,Khartoum,violence against civilians,Attack,3,2,553175,Political violence,3111,15.915,33.1352
2023-12-02T00:00:00Z,Northern Africa,Sudan,North Kordofan,explosions/remote violence,Air/drone strike,6,14,80029,Political violence,3113,14.3894,29.437
2023-12-02T00:00:00Z,Northern Africa,Sudan,North Kordofan,violence against civilians,Attack,1,1,90118,Political violence,3113,14.3894,29.437
2023-12-02T00:00:00Z,Northern Africa,Sudan,River Nile,battles,Armed clash,1,6,118194,Political violence,3116,18.8347,33.1231
2023-12-02T00:00:00Z,Northern Africa,Sudan,River Nile,explosions/remote violence,Air/drone strike,1,10,450,Political violence,3116,18.8347,33.1231
2023-12-02T00:00:00Z,Northern Africa,Sudan,South Darfur,battles,Armed clash,2,6,11793,Political violence,3118,10.9002,24.3019
2023-12-02T00:00:00Z,Northern Africa,Sudan,South Darfur,violence against civilians,Sexual violence,2,1,366144,Political violence,3118,10.9002,24.3019
2023-12-02T00:00:00Z,Northern Africa,Sudan,South Kordofan,battles,Armed clash,5,8,133405,Political violence,3119,11.2289,30.914
2023-12-02T00:00:00Z,Northern Africa,Sudan,South Kordofan,violence against civilians,Attack,2,5,133405,Political violence,3119,11.2289,30.914
2023-12-09T00:00:00Z,Northern Africa,Sudan,Abyei,battles,Armed clash,2,8,2508,Political violence,3104,9.7332,28.4712
2023-12-09T00:00:00Z,Northern Africa,Sudan,Al Jazirah,battles,Armed clash,11,4,866261,Political violence,3105,14.6593,33.2294
2023-12-09T00:00:00Z,Northern Africa,Sudan,Al Jazirah,battles,Non-state actor overtakes territory,1,1,22746,Political violence,3105,14.6593,33.2294
2023-12-09T00:00:00Z,Northern Africa,Sudan,Al Jazirah,explosions/remote violence,Air/drone strike,3,2,506848,Political violence,3105,14.6593,33.2294
2023-12-09T00:00:00Z,Northern Africa,Sudan,Khartoum,battles,Armed clash,32,58,2196274,Political violence,3111,15.915,33.1352
2023-12-09T00:00:00Z,Northern Africa,Sudan,Khartoum,explosions/remote violence,Air/drone strike,22,5,1283117,Political violence,3111,15.915,33.1352
2023-12-09T00:00:00Z,Northern Africa,Sudan,Khartoum,explosions/remote violence,Grenade,1,1,155726,Political violence,3111,15.915,33.1352
2023-12-09T00:00:00Z,Northern Africa,Sudan,Khartoum,explosions/remote violence,Shelling/artillery/missile attack,20,14,1504629,Political violence,3111,15.915,33.1352
2023-12-09T00:00:00Z,Northern Africa,Sudan,Khartoum,violence against civilians,Attack,3,5,193643,Political violence,3111,15.915,33.1352
2023-12-09T00:00:00Z,Northern Africa,Sudan,North Kordofan,battles,Armed clash,3,13,716872,Political violence,3113,14.3894,29.437
2023-12-09T00:00:00Z,Northern Africa,Sudan,North Kordofan,violence against civilians,Attack,5,23,716872,Political violence,3113,14.3894,29.437
2023-12-09T00:00:00Z,Northern Africa,Sudan,South Darfur,battles,Armed clash,1,10,1463556,Political violence,3118,10.9002,24.3019
2023-12-09T00:00:00Z,Northern Africa,Sudan,South Kordofan,battles,Armed clash,4,3,173633,Political violence,3119,11.2289,30.914
2023-12-09T00:00:00Z,Northern Africa,Sudan,South Kordofan,explosions/remote violence,Air/drone strike,1,2,4774,Political violence,3119,11.2289,30.914
2023-12-09T00:00:00Z,Northern Africa,Sudan,West Kordofan,battles,Armed clash,1,2,133770,Political violence,3121,11.8686,28.2211
2023-12-09T00:00:00Z,Northern Africa,Sudan,White Nile,battles,Armed clash,1,10,86839,Political violence,3122,13.5895,32.3521
2023-12-16T00:00:00Z,Northern Africa,Sudan,Abyei,battles,Armed clash,1,7,3326,Political violence,3104,9.7332,28.4712
2023-12-16T00:00:00Z,Northern Africa,Sudan,Al Jazirah,battles,Armed clash,10,11,999720,Political violence,3105,14.6593,33.2294
2023-12-16T00:00:00Z,Northern Africa,Sudan,Al Jazirah,battles,Non-state actor overtakes territory,4,10,700911,Political violence,3105,14.6593,33.2294
2023-12-16T00:00:00Z,Northern Africa,Sudan,Al Jazirah,violence against civilians,Attack,25,112,1210677,Political violence,3105,14.6593,33.2294
2023-12-16T00:00:00Z,Northern Africa,Sudan,Al Jazirah,violence against civilians,Sexual violence,3,1,193987,Political violence,3105,14.6593,33.2294
2023-12-16T00:00:00Z,Northern Africa,Sudan,Khartoum,battles,Armed clash,8,4,799752,Political violence,3111,15.915,33.1352
2023-12-16T00:00:00Z,Northern Africa,Sudan,Khartoum,explosions/remote violence,Shelling/artillery/missile attack,7,6,687452,Political violence,3111,15.915,33.1352
2023-12-16T00:00:00Z,Northern Africa,Sudan,North Darfur,battles,Armed clash,3,8,709578,Political violence,3112,15.8601,25.5013
2023-12-16T00:00:00Z,Northern Africa,Sudan,South Darfur,explosions/remote violence,Air/drone strike,2,30,1463556,Political violence,3118,10.9002,24.3019
2023-12-16T00:00:00Z,Northern Africa,Sudan,West Kordofan,battles,Non-state actor overtakes territory,1,2,17692,Political violence,3121,11.8686,28.2211
2023-12-16T00:00:00Z,Northern Africa,Sudan,White Nile,battles,Armed clash,2,1,86839,Political violence,3122,13.5895,32.3521
2023-12-23T00:00:00Z,Northern Africa,Sudan,Abyei,battles,Armed clash,1,14,1033,Political violence,3104,9.7332,28.4712
2023-12-23T00:00:00Z,Northern Africa,Sudan,Al Jazirah,battles,Armed clash,6,5,203316,Political violence,3105,14.6593,33.2294
2023-12-23T00:00:00Z,Northern Africa,Sudan,Al Jazirah,violence against civilians,Attack,18,43,936155,Political violence,3105,14.6593,33.2294
2023-12-23T00:00:00Z,Northern Africa,Sudan,Central Darfur,battles,Armed clash,3,15,19585,Political violence,3107,12.3084,23.2341
2023-12-23T00:00:00Z,Northern Africa,Sudan,Khartoum,battles,Armed clash,39,35,2199455,Political violence,3111,15.915,33.1352
2023-12-23T00:00:00Z,Northern Africa,Sudan,Khartoum,explosions/remote violence,Air/drone strike,26,6,1479061,Political violence,3111,15.915,33.1352
2023-12-23T00:00:00Z,Northern Africa,Sudan,North Kordofan,battles,Armed clash,6,22,584166,Political violence,3113,14.3894,29.437
2023-12-23T00:00:00Z,Northern Africa,Sudan,North Kordofan,explosions/remote violence,Shelling/artillery/missile attack,1,2,553979,Political violence,3113,14.3894,29.437
2023-12-23T00:00:00Z,Northern Africa,Sudan,North Kordofan,violence against civilians,Attack,3,6,672921,Political violence,3113,14.3894,29.437
2023-12-23T00:00:00Z,Northern Africa,Sudan,Sennar,battles,Armed clash,4,2,49252,Political violence,3117,12.9093,34.0815
2023-12-23T00:00:00Z,Northern Africa,Sudan,South Darfur,explosions/remote violence,Air/drone strike,1,9,1463556,Political violence,3118,10.9002,24.3019
2023-12-23T00:00:00Z,Northern Africa,Sudan,South Darfur,violence against civilians,Attack,2,2,64170,Political violence,3118,10.9002,24.3019
2023-12-23T00:00:00Z,Northern Africa,Sudan,South Kordofan,violence against civilians,Attack,1,6,998,Political violence,3119,11.2289,30.914
2023-12-30T00:00:00Z,Northern Africa,Sudan,Abyei,battles,Armed clash,4,20,16452,Political violence,3104,9.7332,28.4712
2023-12-30T00:00:00Z,Northern Africa,Sudan,Al Jazirah,explosions/remote violence,Air/drone strike,6,14,402027,Political violence,3105,14.6593,33.2294
2023-12-30T00:00:00Z,Northern Africa,Sudan,Al Jazirah,violence against civilians,Attack,7,17,603685,Political violence,3105,14.6593,33.2294
2023-12-30T00:00:00Z,Northern Africa,Sudan,Khartoum,explosions/remote violence,Air/drone strike,34,10,1709410,Political violence,3111,15.915,33.1352
2023-12-30T00:00:00Z,Northern Africa,Sudan,Khartoum,violence against civilians,Attack,4,10,373192,Political violence,3111,15.915,33.1352
2023-12-30T00:00:00Z,Northern Africa,Sudan,Khartoum,violence against civilians,Sexual violence,2,1,40566,Political violence,3111,15.915,33.1352
2023-12-30T00:00:00Z,Northern Africa,Sudan,North Kordofan,violence against civilians,Attack,2,1,115759,Political violence,3113,14.3894,29.437
2023-12-30T00:00:00Z,Northern Africa,Sudan,Sennar,explosions/remote violence,Air/drone strike,3,2,306838,Political violence,3117,12.9093,34.0815
2023-12-30T00:00:00Z,Northern Africa,Sudan,Sennar,violence against civilians,Attack,3,6,279188,Political violence,3117,12.9093,34.0815
2023-12-30T00:00:00Z,Northern Africa,Sudan,South Kordofan,battles,Armed clash,1,6,134066,Political violence,3119,11.2289,30.914
2023-12-30T00:00:00Z,Northern Africa,Sudan,South Kordofan,battles,Non-state actor overtakes territory,1,13,9840,Political violence,3119,11.2289,30.914
2023-12-30T00:00:00Z,Northern Africa,Sudan,South Kordofan,violence against civilians,Attack,2,17,11047,Political violence,3119,11.2289,30.914
2023-12-30T00:00:00Z,Northern Africa,Sudan,South Kordofan,violence against civilians,Sexual violence,1,2,9893,Political violence,3119,11.2289,30.914
2023-12-30T00:00:00Z,Northern Africa,Sudan,West Darfur,violence against civilians,Attack,1,4,3306,Political violence,3120,13.5081,22.7026
2024-01-06T00:00:00Z,Northern Africa,Sudan,Abyei,violence against civilians,Attack,2,1,4988,Political violence,3104,9.7332,28.4712
2024-01-06T00:00:00Z,Northern Africa,Sudan,Al Jazirah,battles,Armed clash,1,3,7291,Political violence,3105,14.6593,33.2294
2024-01-06T00:00:00Z,Northern Africa,Sudan,Al Jazirah,explosions/remote violence,Air/drone strike,9,6,507905,Political violence,3105,14.6593,33.2294
2024-01-06T00:00:00Z,Northern Africa,Sudan,Al Jazirah,violence against civilians,Attack,5,5,491103,Political violence,3105,14.6593,33.2294
2024-01-06T00:00:00Z,Northern Africa,Sudan,Khartoum,battles,Armed clash,50,58,2474252,Political violence,3111,15.915,33.1352
2024-01-06T00:00:00Z,Northern Africa,Sudan,Khartoum,battles,Government regains territory,6,20,87503,Political violence,3111,15.915,33.1352
2024-01-06T00:00:00Z,Northern Africa,Sudan,Khartoum,explosions/remote violence,Air/drone strike,31,41,1578352,Political violence,3111,15.915,33.1352
2024-01-06T00:00:00Z,Northern Africa,Sudan,Khartoum,explosions/remote violence,Shelling/artillery/missile attack,33,19,1655546,Political violence,3111,15.915,33.1352
2024-01-06T00:00:00Z,Northern Africa,Sudan,Khartoum,violence against civilians,Attack,3,3,74392,Political violence,3111,15.915,33.1352
2024-01-06T00:00:00Z,Northern Africa,Sudan,North Darfur,explosions/remote violence,Air/drone strike,1,12,62009,Political violence,3112,15.8601,25.5013
2024-01-06T00:00:00Z,Northern Africa,Sudan,North Kordofan,battles,Armed clash,1,12,554000,Political violence,3113,14.3894,29.437
2024-01-06T00:00:00Z,Northern Africa,Sudan,South Darfur,battles,Armed clash,1,2,1463773,Political violence,3118,10.9002,24.3019
2024-01-06T00:00:00Z,Northern Africa,Sudan,South Darfur,explosions/remote violence,Air/drone strike,1,3,1463773,Political violence,3118,10.9002,24.3019
2024-01-06T00:00:00Z,Northern Africa,Sudan,South Kordofan,battles,Armed clash,5,57,143959,Political violence,3119,11.2289,30.914
2024-01-06T00:00:00Z,Northern Africa,Sudan,South Kordofan,violence against civilians,Attack,2,1,139409,Political violence,3119,11.2289,30.914
2024-01-13T00:00:00Z,Northern Africa,Sudan,Al Jazirah,battles,Armed clash,8,5,708532,Political violence,3105,14.6593,33.2294
2024-01-13T00:00:00Z,Northern Africa,Sudan,Al Jazirah,explosions/remote violence,Air/drone strike,14,27,1014026,Political violence,3105,14.6593,33.2294
2024-01-13T00:00:00Z,Northern Africa,Sudan,Al Jazirah,violence against civilians,Attack,2,3,12814,Political violence,3105,14.6593,33.2294
2024-01-13T00:00:00Z,Northern Africa,Sudan,Khartoum,battles,Armed clash,32,2,1020430,Political violence,3111,15.915,33.1352
2024-01-13T00:00:00Z,Northern Africa,Sudan,Khartoum,violence against civilians,Attack,3,8,100954,Political violence,3111,15.915,33.1352
2024-01-13T00:00:00Z,Northern Africa,Sudan,North Darfur,explosions/remote violence,Air/drone strike,1,9,1171,Political violence,3112,15.8601,25.5013
2024-01-13T00:00:00Z,Northern Africa,Sudan,River Nile,battles,Armed clash,1,13,116203,Political violence,3116,18.8347,33.1231
2024-01-13T00:00:00Z,Northern Africa,Sudan,River Nile,explosions/remote violence,Air/drone strike,1,3,116203,Political violence,3116,18.8347,33.1231
2024-01-13T00:00:00Z,Northern Africa,Sudan,River Nile,explosions/remote violence,Remote explosive/landmine/IED,1,3,116203,Political violence,3116,18.8347,33.1231
2024-01-13T00:00:00Z,Northern Africa,Sudan,Sennar,battles,Armed clash,3,22,324017,Political violence,3117,12.9093,34.0815
2024-01-13T00:00:00Z,Northern Africa,Sudan,South Darfur,battles,Armed clash,1,11,10784,Political violence,3118,10.9002,24.3019
2024-01-13T00:00:00Z,Northern Africa,Sudan,West Kordofan,battles,Armed clash,2,5,57967,Political violence,3121,11.8686,28.2211
2024-01-13T00:00:00Z,Northern Africa,Sudan,White Nile,explosions/remote violence,Air/drone strike,1,7,86547,Political violence,3122,13.5895,32.3521
2024-01-20T00:00:00Z,Northern Africa,Sudan,Al Jazirah,explosions/remote violence,Air/drone strike,4,11,512585,Political violence,3105,14.6593,33.2294
2024-01-20T00:00:00Z,Northern Africa,Sudan,Al Jazirah,violence against civilians,Attack,6,7,284634,Political violence,3105,14.6593,33.2294
2024-01-20T00:00:00Z,Northern Africa,Sudan,Al Jazirah,violence against civilians,Sexual violence,1,1,382604,Political violence,3105,14.6593,33.2294
2024-01-20T00:00:00Z,Northern Africa,Sudan,Gedaref,battles,Armed clash,1,2,29528,Political violence,3109,14.2138,35.0222
2024-01-20T00:00:00Z,Northern Africa,Sudan,Khartoum,battles,Armed clash,12,15,335286,Political violence,3111,15.915,33.1352
2024-01-20T00:00:00Z,Northern Africa,Sudan,Khartoum,battles,Government regains territory,6,32,107253,Political violence,3111,15.915,33.1352
2024-01-20T00:00:00Z,Northern Africa,Sudan,Khartoum,explosions/remote violence,Shelling/artillery/missile attack,41,19,1772460,Political violence,3111,15.915,33.1352
2024-01-20T00:00:00Z,Northern Africa,Sudan,Khartoum,violence against civilians,Attack,3,3,118699,Political violence,3111,15.915,33.1352
2024-01-20T00:00:00Z,Northern Africa,Sudan,North Darfur,battles,Armed clash,4,5,190366,Political violence,3112,15.8601,25.5013
2024-01-20T00:00:00Z,Northern Africa,Sudan,North Kordofan,battles,Armed clash,2,20,688074,Political violence,3113,14.3894,29.437
2024-01-20T00:00:00Z,Northern Africa,Sudan,North Kordofan,violence against civilians,Attack,1,3,134074,Political violence,3113,14.3894,29.437
2024-01-20T00:00:00Z,Northern Africa,Sudan,River Nile,explosions/remote violence,Remote explosive/landmine/IED,1,10,116203,Political violence,3116,18.8347,33.1231
2024-01-20T00:00:00Z,Northern Africa,Sudan,South Darfur,explosions/remote violence,Air/drone strike,1,8,7609,Political violence,3118,10.9002,24.3019
2024-01-20T00:00:00Z,Northern Africa,Sudan,South Kordofan,violence against civilians,Attack,2,1,16122,Political violence,3119,11.2289,30.914
2024-01-20T00:00:00Z,Northern Africa,Sudan,West Kordofan,battles,Armed clash,4,90,107378,Political violence,3121,11.8686,28.2211
2024-01-20T00:00:00Z,Northern Africa,Sudan,West Kordofan,battles,Non-state actor overtakes territory,1,4,107378,Political violence,3121,11.8686,28.2211
2024-01-20T00:00:00Z,Northern Africa,Sudan,West Kordofan,explosions/remote violence,Air/drone strike,2,21,110543,Political violence,3121,11.8686,28.2211
2024-01-20T00:00:00Z,Northern Africa,Sudan,White Nile,battles,Armed clash,1,1,86547,Political violence,3122,13.5895,32.3521
2024-01-27T00:00:00Z,Northern Africa,Sudan,Abyei,battles,Armed clash,5,45,27137,Political violence,3104,9.7332,28.4712
2024-01-27T00:00:00Z,Northern Africa,Sudan,Abyei,violence against civilians,Attack,6,40,16163,Political violence,3104,9.7332,28.4712
2024-01-27T00:00:00Z,Northern Africa,Sudan,Al Jazirah,battles,Armed clash,2,1,260385,Political violence,3105,14.6593,33.2294
2024-01-27T00:00:00Z,Northern Africa,Sudan,Al Jazirah,explosions/remote violence,Air/drone strike,11,8,531765,Political violence,3105,14.6593,33.2294
2024-01-27T00:00:00Z,Northern Africa,Sudan,Al Jazirah,violence against civilians,Attack,9,16,266092,Political violence,3105,14.6593,33.2294
2024-01-27T00:00:00Z,Northern Africa,Sudan,Central Darfur,violence against civilians,Attack,1,3,1208,Political violence,3107,12.3084,23.2341
2024-01-27T00:00:00Z,Northern Africa,Sudan,Gedaref,battles,Armed clash,2,3,933245,Political violence,3109,14.2138,35.0222
2024-01-27T00:00:00Z,Northern Africa,Sudan,Khartoum,battles,Armed clash,43,100,2025908,Political violence,3111,15.915,33.1352
2024-01-27T00:00:00Z,Northern Africa,Sudan,Khartoum,battles,Government regains territory,5,30,236663,Political violence,3111,15.915,33.1352
2024-01-27T00:00:00Z,Northern Africa,Sudan,Khartoum,explosions/remote violence,Air/drone strike,17,20,890827,Political violence,3111,15.915,33.1352
2024-01-27T00:00:00Z,Northern Africa,Sudan,Khartoum,explosions/remote violence,Shelling/artillery/missile attack,17,5,1014583,Political violence,3111,15.915,33.1352
2024-01-27T00:00:00Z,Northern Africa,Sudan,Khartoum,violence against civilians,Attack,2,2,470441,Political violence,3111,15.915,33.1352
2024-01-27T00:00:00Z,Northern Africa,Sudan,North Darfur,battles,Armed clash,3,7,639557,Political violence,3112,15.8601,25.5013
2024-01-27T00:00:00Z,Northern Africa,Sudan,North Kordofan,battles,Armed clash,1,18,554000,Political violence,3113,14.3894,29.437
2024-01-27T00:00:00Z,Northern Africa,Sudan,North Kordofan,explosions/remote violence,Shelling/artillery/missile attack,1,1,554000,Political violence,3113,14.3894,29.437
2024-01-27T00:00:00Z,Northern Africa,Sudan,South Kordofan,explosions/remote violence,Remote explosive/landmine/IED,1,6,1014,Political violence,3119,11.2289,30.914
2024-01-27T00:00:00Z,Northern Africa,Sudan,West Kordofan,battles,Armed clash,6,10,107378,Political violence,3121,11.8686,28.2211
2024-01-27T00:00:00Z,Northern Africa,Sudan,White Nile,violence against civilians,Attack,1,1,39244,Political violence,3122,13.5895,32.3521
2024-02-03T00:00:00Z,Northern Africa,Sudan,Abyei,violence against civilians,Attack,10,45,37835,Political violence,3104,9.7332,28.4712
2024-02-03T00:00:00Z,Northern Africa,Sudan,Al Jazirah,explosions/remote violence,Air/drone strike,10,6,444638,Political violence,3105,14.6593,33.2294
2024-02-03T00:00:00Z,Northern Africa,Sudan,Al Jazirah,violence against civilians,Attack,5,2,122804,Political violence,3105,14.6593,33.2294
2024-02-03T00:00:00Z,Northern Africa,Sudan,Central Darfur,violence against civilians,Attack,2,1,75554,Political violence,3107,12.3084,23.2341
2024-02-03T00:00:00Z,Northern Africa,Sudan,Khartoum,battles,Armed clash,34,60,1482539,Political violence,3111,15.915,33.1352
2024-02-03T00:00:00Z,Northern Africa,Sudan,Khartoum,violence against civilians,Attack,5,7,454557,Political violence,3111,15.915,33.1352
2024-02-03T00:00:00Z,Northern Africa,Sudan,North Darfur,battles,Armed clash,5,20,640728,Political violence,3112,15.8601,25.5013
2024-02-03T00:00:00Z,Northern Africa,Sudan,North Darfur,explosions/remote violence,Air/drone strike,2,8,15209,Political violence,3112,15.8601,25.5013
2024-02-03T00:00:00Z,Northern Africa,Sudan,North Kordofan,battles,Armed clash,3,11,554000,Political violence,3113,14.3894,29.437
2024-02-03T00:00:00Z,Northern Africa,Sudan,South Kordofan,battles,Armed clash,6,58,12300,Political violence,3119,11.2289,30.914
2024-02-03T00:00:00Z,Northern Africa,Sudan,South Kordofan,violence against civilians,Attack,1,2,3467,Political violence,3119,11.2289,30.914
2024-02-03T00:00:00Z,Northern Africa,Sudan,West Kordofan,battles,Armed clash,2,4,107378,Political violence,3121,11.8686,28.2211
2024-02-10T00:00:00Z,Northern Africa,Sudan,Abyei,violence against civilians,Attack,1,2,439,Political violence,3104,9.7332,28.4712
2024-02-10T00:00:00Z,Northern Africa,Sudan,Al Jazirah,battles,Armed clash,3,4,39461,Political violence,3105,14.6593,33.2294
2024-02-10T00:00:00Z,Northern Africa,Sudan,Al Jazirah,violence against civilians,Attack,15,25,108691,Political violence,3105,14.6593,33.2294
2024-02-10T00:00:00Z,Northern Africa,Sudan,Khartoum,battles,Armed clash,32,57,1403836,Political violence,3111,15.915,33.1352
2024-02-10T00:00:00Z,Northern Africa,Sudan,Khartoum,violence against civilians,Attack,1,1,354099,Political violence,3111,15.915,33.1352
2024-02-10T00:00:00Z,Northern Africa,Sudan,North Darfur,battles,Armed clash,5,30,639557,Political violence,3112,15.8601,25.5013
2024-02-10T00:00:00Z,Northern Africa,Sudan,North Kordofan,battles,Armed clash,1,2,554000,Political violence,3113,14.3894,29.437
2024-02-10T00:00:00Z,Northern Africa,Sudan,North Kordofan,violence against civilians,Attack,1,5,134074,Political violence,3113,14.3894,29.437
2024-02-10T00:00:00Z,Northern Africa,Sudan,South Darfur,violence against civilians,Attack,1,1,189628,Political violence,3118,10.9002,24.3019
2024-02-10T00:00:00Z,Northern Africa,Sudan,South Kordofan,battles,Armed clash,2,20,9893,Political violence,3119,11.2289,30.914
2024-02-10T00:00:00Z,Northern Africa,Sudan,South Kordofan,battles,Non-state actor overtakes territory,1,10,9893,Political violence,3119,11.2289,30.914
2024-02-10T00:00:00Z,Northern Africa,Sudan,South Kordofan,violence against civilians,Attack,7,30,10558,Political violence,3119,11.2289,30.914
2024-02-10T00:00:00Z,Northern Africa,Sudan,West Darfur,violence against civilians,Attack,1,1,3471,Political violence,3120,13.5081,22.7026
2024-02-10T00:00:00Z,Northern Africa,Sudan,West Kordofan,violence against civilians,Attack,1,4,29858,Political violence,3121,11.8686,28.2211
2024-02-17T00:00:00Z,Northern Africa,Sudan,Abyei,violence against civilians,Attack,1,2,1362,Political violence,3104,9.7332,28.4712
2024-02-17T00:00:00Z,Northern Africa,Sudan,Al Jazirah,violence against civilians,Attack,44,124,1197632,Political violence,3105,14.6593,33.2294
2024-02-17T00:00:00Z,Northern Africa,Sudan,Central Darfur,violence against civilians,Attack,1,2,13377,Political violence,3107,12.3084,23.2341
2024-02-17T00:00:00Z,Northern Africa,Sudan,East Darfur,explosions/remote violence,Air/drone strike,2,9,324836,Political violence,3108,11.2299,26.3972
2024-02-17T00:00:00Z,Northern Africa,Sudan,East Darfur,violence against civilians,Attack,1,14,2419,Political violence,3108,11.2299,26.3972
2024-02-17T00:00:00Z,Northern Africa,Sudan,Khartoum,battles,Armed clash,32,74,1130285,Political violence,3111,15.915,33.1352
2024-02-17T00:00:00Z,Northern Africa,Sudan,Khartoum,explosions/remote violence,Air/drone strike,4,5,196076,Political violence,3111,15.915,33.1352
2024-02-17T00:00:00Z,Northern Africa,Sudan,Khartoum,explosions/remote violence,Shelling/artillery/missile attack,6,11,619596,Political violence,3111,15.915,33.1352
2024-02-17T00:00:00Z,Northern Africa,Sudan,Khartoum,violence against civilians,Attack,1,3,94664,Political violence,3111,15.915,33.1352
2024-02-17T00:00:00Z,Northern Africa,Sudan,North Darfur,battles,Armed clash,3,16,675656,Political violence,3112,15.8601,25.5013
2024-02-17T00:00:00Z,Northern Africa,Sudan,North Kordofan,battles,Armed clash,2,1,554000,Political violence,3113,14.3894,29.437
2024-02-17T00:00:00Z,Northern Africa,Sudan,North Kordofan,explosions/remote violence,Air/drone strike,1,10,8065,Political violence,3113,14.3894,29.437
2024-02-17T00:00:00Z,Northern Africa,Sudan,North Kordofan,violence against civilians,Attack,3,28,99272,Political violence,3113,14.3894,29.437
2024-02-17T00:00:00Z,Northern Africa,Sudan,Sennar,battles,Armed clash,1,28,29819,Political violence,3117,12.9093,34.0815
2024-02-17T00:00:00Z,Northern Africa,Sudan,Sennar,violence against civilians,Attack,1,9,36616,Political violence,3117,12.9093,34.0815
2024-02-17T00:00:00Z,Northern Africa,Sudan,South Kordofan,violence against civilians,Attack,6,50,5114,Political violence,3119,11.2289,30.914
2024-02-17T00:00:00Z,Northern Africa,Sudan,West Kordofan,violence against civilians,Attack,1,1,29858,Political violence,3121,11.8686,28.2211
2024-02-24T00:00:00Z,Northern Africa,Sudan,Al Jazirah,battles,Armed clash,3,12,31837,Political violence,3105,14.6593,33.2294
2024-02-24T00:00:00Z,Northern Africa,Sudan,Al Jazirah,explosions/remote violence,Air/drone strike,8,2,264899,Political violence,3105,14.6593,33.2294
2024-02-24T00:00:00Z,Northern Africa,Sudan,Al Jazirah,explosions/remote violence,Shelling/artillery/missile attack,2,6,15233,Political violence,3105,14.6593,33.2294
2024-02-24T00:00:00Z,Northern Africa,Sudan,Al Jazirah,violence against civilians,Attack,44,46,476226,Political violence,3105,14.6593,33.2294
2024-02-24T00:00:00Z,Northern Africa,Sudan,Central Darfur,violence against civilians,Attack,1,1,25090,Political violence,3107,12.3084,23.2341
2024-02-24T00:00:00Z,Northern Africa,Sudan,East Darfur,battles,Armed clash,1,3,16492,Political violence,3108,11.2299,26.3972
2024-02-24T00:00:00Z,Northern Africa,Sudan,Khartoum,battles,Armed clash,24,65,988862,Political violence,3111,15.915,33.1352
2024-02-24T00:00:00Z,Northern Africa,Sudan,Khartoum,battles,Government regains territory,4,10,52138,Political violence,3111,15.915,33.1352
2024-02-24T00:00:00Z,Northern Africa,Sudan,Khartoum,explosions/remote violence,Shelling/artillery/missile attack,7,8,998520,Political violence,3111,15.915,33.1352
2024-02-24T00:00:00Z,Northern Africa,Sudan,Khartoum,violence against civilians,Attack,3,5,129445,Political violence,3111,15.915,33.1352
2024-02-24T00:00:00Z,Northern Africa,Sudan,North Darfur,battles,Armed clash,3,2,655625,Political violence,3112,15.8601,25.5013
2024-02-24T00:00:00Z,Northern Africa,Sudan,North Darfur,violence against civilians,Attack,4,3,279343,Political violence,3112,15.8601,25.5013
2024-02-24T00:00:00Z,Northern Africa,Sudan,North Darfur,violence against civilians,Sexual violence,1,5,36099,Political violence,3112,15.8601,25.5013
2024-02-24T00:00:00Z,Northern Africa,Sudan,North Kordofan,explosions/remote violence,Air/drone strike,1,1,14776,Political violence,3113,14.3894,29.437
2024-02-24T00:00:00Z,Northern Africa,Sudan,North Kordofan,violence against civilians,Attack,1,3,134074,Political violence,3113,14.3894,29.437
2024-02-24T00:00:00Z,Northern Africa,Sudan,South Kordofan,battles,Armed clash,2,8,20535,Political violence,3119,11.2289,30.914
2024-02-24T00:00:00Z,Northern Africa,Sudan,West Kordofan,battles,Armed clash,2,10,107378,Political violence,3121,11.8686,28.2211
2024-02-24T00:00:00Z,Northern Africa,Sudan,West Kordofan,violence against civilians,Attack,1,2,157523,Political violence,3121,11.8686,28.2211
2024-02-24T00:00:00Z,Northern Africa,Sudan,White Nile,explosions/remote violence,Air/drone strike,1,1,20024,Political violence,3122,13.5895,32.3521
2024-02-24T00:00:00Z,Northern Africa,Sudan,White Nile,violence against civilians,Attack,1,2,14868,Political violence,3122,13.5895,32.3521
2024-03-02T00:00:00Z,Northern Africa,Sudan,Al Jazirah,battles,Armed clash,6,33,310847,Political violence,3105,14.6593,33.2294
2024-03-02T00:00:00Z,Northern Africa,Sudan,Al Jazirah,explosions/remote violence,Shelling/artillery/missile attack,2,6,15233,Political violence,3105,14.6593,33.2294
2024-03-02T00:00:00Z,Northern Africa,Sudan,Al Jazirah,violence against civilians,Attack,20,43,763093,Political violence,3105,14.6593,33.2294
2024-03-02T00:00:00Z,Northern Africa,Sudan,Khartoum,battles,Armed clash,2,1,326063,Political violence,3111,15.915,33.1352
2024-03-02T00:00:00Z,Northern Africa,Sudan,Khartoum,explosions/remote violence,Air/drone strike,9,6,1578686,Political violence,3111,15.915,33.1352
2024-03-02T00:00:00Z,Northern Africa,Sudan,North Darfur,battles,Armed clash,1,4,639557,Political violence,3112,15.8601,25.5013
2024-03-02T00:00:00Z,Northern Africa,Sudan,North Darfur,explosions/remote violence,Shelling/artillery/missile attack,1,5,70050,Political violence,3112,15.8601,25.5013
2024-03-02T00:00:00Z,Northern Africa,Sudan,North Kordofan,battles,Government regains territory,1,4,6578,Political violence,3113,14.3894,29.437
2024-03-02T00:00:00Z,Northern Africa,Sudan,North Kordofan,violence against civilians,Attack,3,21,783886,Political violence,3113,14.3894,29.437
2024-03-02T00:00:00Z,Northern Africa,Sudan,Sennar,battles,Armed clash,2,3,275722,Political violence,3117,12.9093,34.0815
2024-03-02T00:00:00Z,Northern Africa,Sudan,South Darfur,violence against civilians,Attack,1,1,16784,Political violence,3118,10.9002,24.3019
2024-03-02T00:00:00Z,Northern Africa,Sudan,South Kordofan,battles,Armed clash,2,3,193,Political violence,3119,11.2289,30.914
2024-03-02T00:00:00Z,Northern Africa,Sudan,South Kordofan,violence against civilians,Attack,4,5,193,Political violence,3119,11.2289,30.914
2024-03-02T00:00:00Z,Northern Africa,Sudan,West Kordofan,battles,Armed clash,5,11,126535,Political violence,3121,11.8686,28.2211
2024-03-02T00:00:00Z,Northern Africa,Sudan,West Kordofan,explosions/remote violence,Air/drone strike,2,2,217921,Political violence,3121,11.8686,28.2211
2024-03-02T00:00:00Z,Northern Africa,Sudan,West Kordofan,violence against civilians,Attack,1,5,1464,Political violence,3121,11.8686,28.2211
2024-03-02T00:00:00Z,Northern Africa,Sudan,White Nile,explosions/remote violence,Air/drone strike,2,1,26701,Political violence,3122,13.5895,32.3521
2024-03-09T00:00:00Z,Northern Africa,Sudan,Al Jazirah,violence against civilians,Attack,5,10,273462,Political violence,3105,14.6593,33.2294
2024-03-09T00:00:00Z,Northern Africa,Sudan,Khartoum,battles,Armed clash,12,49,1050998,Political violence,3111,15.915,33.1352
2024-03-09T00:00:00Z,Northern Africa,Sudan,Khartoum,battles,Government regains territory,9,12,576174,Political violence,3111,15.915,33.1352
2024-03-09T00:00:00Z,Northern Africa,Sudan,Khartoum,violence against civilians,Attack,2,2,251197,Political violence,3111,15.915,33.1352
2024-03-09T00:00:00Z,Northern Africa,Sudan,Khartoum,violence against civilians,Sexual violence,1,1,56200,Political violence,3111,15.915,33.1352
2024-03-09T00:00:00Z,Northern Africa,Sudan,North Darfur,battles,Armed clash,1,1,639557,Political violence,3112,15.8601,25.5013
2024-03-09T00:00:00Z,Northern Africa,Sudan,North Kordofan,battles,Armed clash,1,24,6578,Political violence,3113,14.3894,29.437
2024-03-09T00:00:00Z,Northern Africa,Sudan,North Kordofan,violence against civilians,Attack,2,15,136758,Political violence,3113,14.3894,29.437
2024-03-09T00:00:00Z,Northern Africa,Sudan,Sennar,battles,Armed clash,1,6,275722,Political violence,3117,12.9093,34.0815
2024-03-09T00:00:00Z,Northern Africa,Sudan,Sennar,violence against civilians,Attack,2,12,280322,Political violence,3117,12.9093,34.0815
2024-03-09T00:00:00Z,Northern Africa,Sudan,South Darfur,battles,Armed clash,1,10,4235,Political violence,3118,10.9002,24.3019
2024-03-09T00:00:00Z,Northern Africa,Sudan,South Kordofan,battles,Armed clash,2,7,12677,Political violence,3119,11.2289,30.914
2024-03-09T00:00:00Z,Northern Africa,Sudan,South Kordofan,explosions/remote violence,Air/drone strike,5,14,21557,Political violence,3119,11.2289,30.914
2024-03-09T00:00:00Z,Northern Africa,Sudan,South Kordofan,explosions/remote violence,Remote explosive/landmine/IED,1,5,134161,Political violence,3119,11.2289,30.914
2024-03-09T00:00:00Z,Northern Africa,Sudan,West Darfur,violence against civilians,Attack,1,1,29840,Political violence,3120,13.5081,22.7026
2024-03-09T00:00:00Z,Northern Africa,Sudan,West Kordofan,battles,Armed clash,3,31,107378,Political violence,3121,11.8686,28.2211
2024-03-16T00:00:00Z,Northern Africa,Sudan,Al Jazirah,violence against civilians,Attack,13,14,189832,Political violence,3105,14.6593,33.2294
2024-03-16T00:00:00Z,Northern Africa,Sudan,Gedaref,battles,Armed clash,2,12,4753,Political violence,3109,14.2138,35.0222
2024-03-16T00:00:00Z,Northern Africa,Sudan,Khartoum,battles,Armed clash,30,77,1569906,Political violence,3111,15.915,33.1352
2024-03-16T00:00:00Z,Northern Africa,Sudan,Khartoum,explosions/remote violence,Shelling/artillery/missile attack,9,1,1083559,Political violence,3111,15.915,33.1352
2024-03-16T00:00:00Z,Northern Africa,Sudan,Khartoum,violence against civilians,Attack,1,1,6576,Political violence,3111,15.915,33.1352
2024-03-16T00:00:00Z,Northern Africa,Sudan,North Darfur,battles,Armed clash,6,6,639557,Political violence,3112,15.8601,25.5013
2024-03-16T00:00:00Z,Northern Africa,Sudan,North Darfur,violence against civilians,Attack,1,3,366,Political violence,3112,15.8601,25.5013
2024-03-16T00:00:00Z,Northern Africa,Sudan,North Kordofan,violence against civilians,Attack,1,8,1747,Political violence,3113,14.3894,29.437
2024-03-16T00:00:00Z,Northern Africa,Sudan,South Kordofan,explosions/remote violence,Air/drone strike,3,5,17730,Political violence,3119,11.2289,30.914
2024-03-16T00:00:00Z,Northern Africa,Sudan,West Darfur,battles,Armed clash,1,11,105784,Political violence,3120,13.5081,22.7026
2024-03-16T00:00:00Z,Northern Africa,Sudan,West Kordofan,battles,Armed clash,5,28,107378,Political violence,3121,11.8686,28.2211
2024-03-16T00:00:00Z,Northern Africa,Sudan,West Kordofan,explosions/remote violence,Air/drone strike,1,3,107378,Political violence,3121,11.8686,28.2211
2024-03-16T00:00:00Z,Northern Africa,Sudan,West Kordofan,violence against civilians,Attack,1,3,107378,Political violence,3121,11.8686,28.2211
2024-03-23T00:00:00Z,Northern Africa,Sudan,Abyei,violence against civilians,Attack,1,2,9076,Political violence,3104,9.7332,28.4712
2024-03-23T00:00:00Z,Northern Africa,Sudan,Al Jazirah,battles,Armed clash,5,6,80844,Political violence,3105,14.6593,33.2294
2024-03-23T00:00:00Z,Northern Africa,Sudan,Al Jazirah,explosions/remote violence,Shelling/artillery/missile attack,1,4,46704,Political violence,3105,14.6593,33.2294
2024-03-23T00:00:00Z,Northern Africa,Sudan,Al Jazirah,violence against civilians,Attack,15,27,139845,Political violence,3105,14.6593,33.2294
2024-03-23T00:00:00Z,Northern Africa,Sudan,East Darfur,violence against civilians,Attack,2,4,324138,Political violence,3108,11.2299,26.3972
2024-03-23T00:00:00Z,Northern Africa,Sudan,Gedaref,violence against civilians,Attack,1,1,24799,Political violence,3109,14.2138,35.0222
2024-03-23T00:00:00Z,Northern Africa,Sudan,Khartoum,battles,Armed clash,20,53,1796924,Political violence,3111,15.915,33.1352
2024-03-23T00:00:00Z,Northern Africa,Sudan,Khartoum,battles,Government regains territory,2,30,443815,Political violence,3111,15.915,33.1352
2024-03-23T00:00:00Z,Northern Africa,Sudan,Khartoum,explosions/remote violence,Shelling/artillery/missile attack,7,10,735331,Political violence,3111,15.915,33.1352
2024-03-23T00:00:00Z,Northern Africa,Sudan,Khartoum,riots,Mob violence,1,4,102426,Political violence,3111,15.915,33.1352
2024-03-23T00:00:00Z,Northern Africa,Sudan,Khartoum,violence against civilians,Attack,3,3,853829,Political violence,3111,15.915,33.1352
2024-03-23T00:00:00Z,Northern Africa,Sudan,North Darfur,battles,Armed clash,8,28,733898,Political violence,3112,15.8601,25.5013
2024-03-23T00:00:00Z,Northern Africa,Sudan,North Kordofan,battles,Armed clash,1,1,560642,Political violence,3113,14.3894,29.437
2024-03-23T00:00:00Z,Northern Africa,Sudan,Sennar,violence against civilians,Attack,4,25,14401,Political violence,3117,12.9093,34.0815
2024-03-23T00:00:00Z,Northern Africa,Sudan,South Darfur,violence against civilians,Attack,2,3,44981,Political violence,3118,10.9002,24.3019
2024-03-23T00:00:00Z,Northern Africa,Sudan,West Kordofan,explosions/remote violence,Air/drone strike,1,6,107378,Political violence,3121,11.8686,28.2211
2024-03-30T00:00:00Z,Northern Africa,Sudan,Al Jazirah,battles,Armed clash,6,4,537012,Political violence,3105,14.6593,33.2294
2024-03-30T00:00:00Z,Northern Africa,Sudan,Al Jazirah,violence against civilians,Attack,17,19,218988,Political violence,3105,14.6593,33.2294
2024-03-30T00:00:00Z,Northern Africa,Sudan,East Darfur,violence against civilians,Attack,1,2,1569,Political violence,3108,11.2299,26.3972
2024-03-30T00:00:00Z,Northern Africa,Sudan,Khartoum,battles,Armed clash,7,10,541133,Political violence,3111,15.915,33.1352
2024-03-30T00:00:00Z,Northern Africa,Sudan,Khartoum,explosions/remote violence,Air/drone strike,9,4,629237,Political violence,3111,15.915,33.1352
2024-03-30T00:00:00Z,Northern Africa,Sudan,Khartoum,explosions/remote violence,Shelling/artillery/missile attack,6,6,883378,Political violence,3111,15.915,33.1352
2024-03-30T00:00:00Z,Northern Africa,Sudan,North Darfur,battles,Armed clash,11,8,741547,Political violence,3112,15.8601,25.5013
2024-03-30T00:00:00Z,Northern Africa,Sudan,North Darfur,explosions/remote violence,Air/drone strike,7,1,266335,Political violence,3112,15.8601,25.5013
2024-03-30T00:00:00Z,Northern Africa,Sudan,North Darfur,violence against civilians,Attack,8,15,4365,Political violence,3112,15.8601,25.5013
2024-03-30T00:00:00Z,Northern Africa,Sudan,River Nile,explosions/remote violence,Air/drone strike,1,5,243045,Political violence,3116,18.8347,33.1231
2024-03-30T00:00:00Z,Northern Africa,Sudan,Sennar,violence against civilians,Attack,1,9,5762,Political violence,3117,12.9093,34.0815
2024-03-30T00:00:00Z,Northern Africa,Sudan,South Darfur,battles,Armed clash,1,3,1463773,Political violence,3118,10.9002,24.3019
2024-03-30T00:00:00Z,Northern Africa,Sudan,South Kordofan,battles,Armed clash,4,70,13910,Political violence,3119,11.2289,30.914
2024-03-30T00:00:00Z,Northern Africa,Sudan,South Kordofan,violence against civilians,Attack,2,12,135268,Political violence,3119,11.2289,30.914
2024-03-30T00:00:00Z,Northern Africa,Sudan,West Kordofan,battles,Armed clash,4,20,107378,Political violence,3121,11.8686,28.2211
2024-03-30T00:00:00Z,Northern Africa,Sudan,White Nile,violence against civilians,Attack,1,2,28491,Political violence,3122,13.5895,32.3521
2024-04-06T00:00:00Z,Northern Africa,Sudan,Abyei,battles,Armed clash,1,4,4821,Political violence,3104,9.7332,28.4712
2024-04-06T00:00:00Z,Northern Africa,Sudan,Al Jazirah,battles,Armed clash,5,2,461348,Political violence,3105,14.6593,33.2294
2024-04-06T00:00:00Z,Northern Africa,Sudan,Al Jazirah,battles,Government regains territory,1,3,12401,Political violence,3105,14.6593,33.2294
2024-04-06T00:00:00Z,Northern Africa,Sudan,Al Jazirah,violence against civilians,Attack,12,39,214059,Political violence,3105,14.6593,33.2294
2024-04-06T00:00:00Z,Northern Africa,Sudan,East Darfur,violence against civilians,Attack,2,6,361615,Political violence,3108,11.2299,26.3972
2024-04-06T00:00:00Z,Northern Africa,Sudan,Gedaref,battles,Armed clash,3,10,925349,Political violence,3109,14.2138,35.0222
2024-04-06T00:00:00Z,Northern Africa,Sudan,Khartoum,battles,Armed clash,5,10,1028976,Political violence,3111,15.915,33.1352
2024-04-06T00:00:00Z,Northern Africa,Sudan,Khartoum,explosions/remote violence,Shelling/artillery/missile attack,11,13,1203106,Political violence,3111,15.915,33.1352
2024-04-06T00:00:00Z,Northern Africa,Sudan,Khartoum,violence against civilians,Attack,4,2,210745,Political violence,3111,15.915,33.1352
2024-04-06T00:00:00Z,Northern Africa,Sudan,Khartoum,violence against civilians,Sexual violence,1,1,20183,Political violence,3111,15.915,33.1352
2024-04-06T00:00:00Z,Northern Africa,Sudan,North Darfur,battles,Armed clash,10,22,779489,Political violence,3112,15.8601,25.5013
2024-04-06T00:00:00Z,Northern Africa,Sudan,North Darfur,explosions/remote violence,Air/drone strike,4,1,701566,Political violence,3112,15.8601,25.5013
2024-04-06T00:00:00Z,Northern Africa,Sudan,North Darfur,violence against civilians,Attack,3,2,15556,Political violence,3112,15.8601,25.5013
2024-04-06T00:00:00Z,Northern Africa,Sudan,North Kordofan,violence against civilians,Attack,2,2,561303,Political violence,3113,14.3894,29.437
2024-04-06T00:00:00Z,Northern Africa,Sudan,Sennar,battles,Armed clash,8,3,295212,Political violence,3117,12.9093,34.0815
2024-04-06T00:00:00Z,Northern Africa,Sudan,Sennar,explosions/remote violence,Air/drone strike,4,2,226311,Political violence,3117,12.9093,34.0815
2024-04-06T00:00:00Z,Northern Africa,Sudan,Sennar,violence against civilians,Attack,1,6,6423,Political violence,3117,12.9093,34.0815
2024-04-06T00:00:00Z,Northern Africa,Sudan,South Darfur,battles,Armed clash,2,1,1463773,Political violence,3118,10.9002,24.3019
2024-04-06T00:00:00Z,Northern Africa,Sudan,South Kordofan,battles,Armed clash,7,64,10671,Political violence,3119,11.2289,30.914
2024-04-06T00:00:00Z,Northern Africa,Sudan,South Kordofan,violence against civilians,Attack,3,17,7202,Political violence,3119,11.2289,30.914
2024-04-06T00:00:00Z,Northern Africa,Sudan,West Kordofan,battles,Government regains territory,1,10,107378,Political violence,3121,11.8686,28.2211
2024-04-06T00:00:00Z,Northern Africa,Sudan,White Nile,violence against civilians,Attack,1,1,12784,Political violence,3122,13.5895,32.3521
2024-04-13T00:00:00Z,Northern Africa,Sudan,Abyei,violence against civilians,Attack,2,2,9650,Political violence,3104,9.7332,28.4712
2024-04-13T00:00:00Z,Northern Africa,Sudan,Al Jazirah,explosions/remote violence,Air/drone strike,6,40,673363,Political violence,3105,14.6593,33.2294
2024-04-13T00:00:00Z,Northern Africa,Sudan,Al Jazirah,violence against civilians,Attack,14,16,459245,Political violence,3105,14.6593,33.2294
2024-04-13T00:00:00Z,Northern Africa,Sudan,Blue Nile,battles,Armed clash,1,1,1798,Political violence,3106,11.0079,34.0954
2024-04-13T00:00:00Z,Northern Africa,Sudan,Khartoum,battles,Government regains territory,1,2,36458,Political violence,3111,15.915,33.1352
2024-04-13T00:00:00Z,Northern Africa,Sudan,Khartoum,explosions/remote violence,Shelling/artillery/missile attack,4,19,282343,Political violence,3111,15.915,33.1352
2024-04-13T00:00:00Z,Northern Africa,Sudan,Khartoum,violence against civilians,Attack,1,1,20183,Political violence,3111,15.915,33.1352
2024-04-13T00:00:00Z,Northern Africa,Sudan,North Darfur,battles,Armed clash,15,119,809530,Political violence,3112,15.8601,25.5013
2024-04-13T00:00:00Z,Northern Africa,Sudan,North Darfur,battles,Non-state actor overtakes territory,1,10,89512,Political violence,3112,15.8601,25.5013
2024-04-13T00:00:00Z,Northern Africa,Sudan,North Darfur,explosions/remote violence,Shelling/artillery/missile attack,1,10,70044,Political violence,3112,15.8601,25.5013
2024-04-13T00:00:00Z,Northern Africa,Sudan,North Darfur,violence against civilians,Attack,19,17,321545,Political violence,3112,15.8601,25.5013
2024-04-13T00:00:00Z,Northern Africa,Sudan,North Kordofan,battles,Armed clash,6,38,722967,Political violence,3113,14.3894,29.437
2024-04-13T00:00:00Z,Northern Africa,Sudan,North Kordofan,explosions/remote violence,Air/drone strike,1,4,134074,Political violence,3113,14.3894,29.437
2024-04-13T00:00:00Z,Northern Africa,Sudan,North Kordofan,explosions/remote violence,Shelling/artillery/missile attack,1,3,554000,Political violence,3113,14.3894,29.437
2024-04-13T00:00:00Z,Northern Africa,Sudan,North Kordofan,violence against civilians,Attack,2,19,140142,Political violence,3113,14.3894,29.437
2024-04-13T00:00:00Z,Northern Africa,Sudan,South Darfur,explosions/remote violence,Air/drone strike,2,10,1463773,Political violence,3118,10.9002,24.3019
2024-04-13T00:00:00Z,Northern Africa,Sudan,South Darfur,explosions/remote violence,Remote explosive/landmine/IED,1,2,1463773,Political violence,3118,10.9002,24.3019
2024-04-13T00:00:00Z,Northern Africa,Sudan,South Kordofan,violence against civilians,Attack,2,2,2582,Political violence,3119,11.2289,30.914
2024-04-13T00:00:00Z,Northern Africa,Sudan,West Kordofan,violence against civilians,Attack,3,1,105377,Political violence,3121,11.8686,28.2211
2024-04-20T00:00:00Z,Northern Africa,Sudan,Al Jazirah,battles,Armed clash,2,4,46404,Political violence,3105,14.6593,33.2294
2024-04-20T00:00:00Z,Northern Africa,Sudan,Al Jazirah,violence against civilians,Attack,14,16,189720,Political violence,3105,14.6593,33.2294
2024-04-20T00:00:00Z,Northern Africa,Sudan,Khartoum,battles,Armed clash,9,10,258916,Political violence,3111,15.915,33.1352
2024-04-20T00:00:00Z,Northern Africa,Sudan,Khartoum,explosions/remote violence,Shelling/artillery/missile attack,3,2,260811,Political violence,3111,15.915,33.1352
2024-04-20T00:00:00Z,Northern Africa,Sudan,North Darfur,battles,Armed clash,9,3,779834,Political violence,3112,15.8601,25.5013
2024-04-20T00:00:00Z,Northern Africa,Sudan,North Darfur,explosions/remote violence,Air/drone strike,5,7,205139,Political violence,3112,15.8601,25.5013
2024-04-20T00:00:00Z,Northern Africa,Sudan,North Darfur,violence against civilians,Attack,8,7,92599,Political violence,3112,15.8601,25.5013
2024-04-20T00:00:00Z,Northern Africa,Sudan,North Kordofan,battles,Armed clash,4,31,716899,Political violence,3113,14.3894,29.437
2024-04-20T00:00:00Z,Northern Africa,Sudan,North Kordofan,violence against civilians,Attack,2,22,34893,Political violence,3113,14.3894,29.437
2024-04-20T00:00:00Z,Northern Africa,Sudan,Sennar,battles,Armed clash,3,10,33414,Political violence,3117,12.9093,34.0815
2024-04-20T00:00:00Z,Northern Africa,Sudan,South Darfur,explosions/remote violence,Air/drone strike,1,10,1463773,Political violence,3118,10.9002,24.3019
2024-04-20T00:00:00Z,Northern Africa,Sudan,South Darfur,explosions/remote violence,Remote explosive/landmine/IED,1,2,1463773,Political violence,3118,10.9002,24.3019
2024-04-20T00:00:00Z,Northern Africa,Sudan,South Darfur,violence against civilians,Attack,1,1,1463773,Political violence,3118,10.9002,24.3019
2024-04-20T00:00:00Z,Northern Africa,Sudan,West Kordofan,explosions/remote violence,Air/drone strike,2,3,107378,Political violence,3121,11.8686,28.2211
2024-04-20T00:00:00Z,Northern Africa,Sudan,West Kordofan,violence against civilians,Attack,4,2,110458,Political violence,3121,11.8686,28.2211
2024-04-27T00:00:00Z,Northern Africa,Sudan,Abyei,battles,Armed clash,1,9,2650,Political violence,3104,9.7332,28.4712
2024-04-27T00:00:00Z,Northern Africa,Sudan,Abyei,violence against civilians,Attack,1,3,2650,Political violence,3104,9.7332,28.4712
2024-04-27T00:00:00Z,Northern Africa,Sudan,Al Jazirah,battles,Armed clash,5,10,73112,Political violence,3105,14.6593,33.2294
2024-04-27T00:00:00Z,Northern Africa,Sudan,Al Jazirah,violence against civilians,Attack,8,9,519932,Political violence,3105,14.6593,33.2294
2024-04-27T00:00:00Z,Northern Africa,Sudan,Gedaref,battles,Armed clash,1,2,535740,Political violence,3109,14.2138,35.0222
2024-04-27T00:00:00Z,Northern Africa,Sudan,Khartoum,battles,Armed clash,10,6,697437,Political violence,3111,15.915,33.1352
2024-04-27T00:00:00Z,Northern Africa,Sudan,Khartoum,explosions/remote violence,Shelling/artillery/missile attack,7,6,559954,Political violence,3111,15.915,33.1352
2024-04-27T00:00:00Z,Northern Africa,Sudan,North Darfur,battles,Armed clash,7,12,639557,Political violence,3112,15.8601,25.5013
2024-04-27T00:00:00Z,Northern Africa,Sudan,North Darfur,violence against civilians,Attack,4,4,639557,Political violence,3112,15.8601,25.5013
2024-04-27T00:00:00Z,Northern Africa,Sudan,North Kordofan,battles,Armed clash,2,7,555501,Political violence,3113,14.3894,29.437
2024-04-27T00:00:00Z,Northern Africa,Sudan,North Kordofan,violence against civilians,Attack,4,14,41101,Political violence,3113,14.3894,29.437
2024-04-27T00:00:00Z,Northern Africa,Sudan,South Darfur,explosions/remote violence,Remote explosive/landmine/IED,1,1,189628,Political violence,3118,10.9002,24.3019
2024-04-27T00:00:00Z,Northern Africa,Sudan,South Darfur,violence against civilians,Attack,1,2,2818,Political violence,3118,10.9002,24.3019
2024-04-27T00:00:00Z,Northern Africa,Sudan,South Kordofan,violence against civilians,Attack,1,1,172777,Political violence,3119,11.2289,30.914
2024-04-27T00:00:00Z,Northern Africa,Sudan,West Kordofan,explosions/remote violence,Shelling/artillery/missile attack,1,4,107378,Political violence,3121,11.8686,28.2211
2024-04-27T00:00:00Z,Northern Africa,Sudan,White Nile,battles,Armed clash,1,1,86547,Political violence,3122,13.5895,32.3521
2024-05-04T00:00:00Z,Northern Africa,Sudan,Al Jazirah,explosions/remote violence,Air/drone strike,2,3,41284,Political violence,3105,14.6593,33.2294
2024-05-04T00:00:00Z,Northern Africa,Sudan,Al Jazirah,explosions/remote violence,Shelling/artillery/missile attack,1,3,8042,Political violence,3105,14.6593,33.2294
2024-05-04T00:00:00Z,Northern Africa,Sudan,Al Jazirah,violence against civilians,Attack,15,29,708260,Political violence,3105,14.6593,33.2294
2024-05-04T00:00:00Z,Northern Africa,Sudan,Central Darfur,violence against civilians,Attack,1,4,1736,Political violence,3107,12.3084,23.2341
2024-05-04T00:00:00Z,Northern Africa,Sudan,Gedaref,explosions/remote violence,Air/drone strike,1,3,126690,Political violence,3109,14.2138,35.0222
2024-05-04T00:00:00Z,Northern Africa,Sudan,Khartoum,battles,Armed clash,3,30,155772,Political violence,3111,15.915,33.1352
2024-05-04T00:00:00Z,Northern Africa,Sudan,Khartoum,explosions/remote violence,Air/drone strike,5,4,309817,Political violence,3111,15.915,33.1352
2024-05-04T00:00:00Z,Northern Africa,Sudan,Khartoum,violence against civilians,Attack,5,9,804439,Political violence,3111,15.915,33.1352
2024-05-04T00:00:00Z,Northern Africa,Sudan,North Darfur,battles,Armed clash,4,38,639557,Political violence,3112,15.8601,25.5013
2024-05-04T00:00:00Z,Northern Africa,Sudan,North Darfur,violence against civilians,Attack,4,9,645119,Political violence,3112,15.8601,25.5013
2024-05-04T00:00:00Z,Northern Africa,Sudan,North Kordofan,battles,Armed clash,8,36,692176,Political violence,3113,14.3894,29.437
2024-05-04T00:00:00Z,Northern Africa,Sudan,North Kordofan,explosions/remote violence,Remote explosive/landmine/IED,1,1,554000,Political violence,3113,14.3894,29.437
2024-05-04T00:00:00Z,Northern Africa,Sudan,North Kordofan,violence against civilians,Attack,4,8,672792,Political violence,3113,14.3894,29.437
2024-05-04T00:00:00Z,Northern Africa,Sudan,Sennar,violence against civilians,Attack,1,1,7452,Political violence,3117,12.9093,34.0815
2024-05-04T00:00:00Z,Northern Africa,Sudan,South Darfur,explosions/remote violence,Remote explosive/landmine/IED,1,1,1463773,Political violence,3118,10.9002,24.3019
2024-05-04T00:00:00Z,Northern Africa,Sudan,South Darfur,violence against civilians,Attack,1,4,46377,Political violence,3118,10.9002,24.3019
2024-05-04T00:00:00Z,Northern Africa,Sudan,South Kordofan,violence against civilians,Attack,1,1,172777,Political violence,3119,11.2289,30.914
2024-05-04T00:00:00Z,Northern Africa,Sudan,West Kordofan,battles,Armed clash,2,8,147652,Political violence,3121,11.8686,28.2211
2024-05-11T00:00:00Z,Northern Africa,Sudan,Al Jazirah,battles,Armed clash,1,30,155061,Political violence,3105,14.6593,33.2294
2024-05-11T00:00:00Z,Northern Africa,Sudan,Al Jazirah,explosions/remote violence,Air/drone strike,1,3,8748,Political violence,3105,14.6593,33.2294
2024-05-11T00:00:00Z,Northern Africa,Sudan,Al Jazirah,explosions/remote violence,Remote explosive/landmine/IED,1,10,17364,Political violence,3105,14.6593,33.2294
2024-05-11T00:00:00Z,Northern Africa,Sudan,Al Jazirah,violence against civilians,Attack,21,40,255289,Political violence,3105,14.6593,33.2294
2024-05-11T00:00:00Z,Northern Africa,Sudan,Central Darfur,battles,Armed clash,1,4,10697,Political violence,3107,12.3084,23.2341
2024-05-11T00:00:00Z,Northern Africa,Sudan,Khartoum,explosions/remote violence,Shelling/artillery/missile attack,5,6,363976,Political violence,3111,15.915,33.1352
2024-05-11T00:00:00Z,Northern Africa,Sudan,Khartoum,violence against civilians,Attack,7,22,1282784,Political violence,3111,15.915,33.1352
2024-05-11T00:00:00Z,Northern Africa,Sudan,North Darfur,battles,Armed clash,8,69,675656,Political violence,3112,15.8601,25.5013
2024-05-11T00:00:00Z,Northern Africa,Sudan,North Darfur,explosions/remote violence,Shelling/artillery/missile attack,1,5,70044,Political violence,3112,15.8601,25.5013
2024-05-11T00:00:00Z,Northern Africa,Sudan,North Kordofan,battles,Armed clash,2,11,7770,Political violence,3113,14.3894,29.437
2024-05-11T00:00:00Z,Northern Africa,Sudan,North Kordofan,explosions/remote violence,Air/drone strike,2,14,135998,Political violence,3113,14.3894,29.437
2024-05-11T00:00:00Z,Northern Africa,Sudan,North Kordofan,violence against civilians,Attack,3,4,135731,Political violence,3113,14.3894,29.437
2024-05-11T00:00:00Z,Northern Africa,Sudan,South Kordofan,explosions/remote violence,Remote explosive/landmine/IED,1,2,3467,Political violence,3119,11.2289,30.914
2024-05-11T00:00:00Z,Northern Africa,Sudan,South Kordofan,explosions/remote violence,Shelling/artillery/missile attack,1,1,1107,Political violence,3119,11.2289,30.914
2024-05-11T00:00:00Z,Northern Africa,Sudan,South Kordofan,violence against civilians,Attack,4,6,222313,Political violence,3119,11.2289,30.914
2024-05-11T00:00:00Z,Northern Africa,Sudan,West Kordofan,violence against civilians,Attack,1,1,3689,Political violence,3121,11.8686,28.2211
2024-05-11T00:00:00Z,Northern Africa,Sudan,White Nile,violence against civilians,Attack,2,2,101158,Political violence,3122,13.5895,32.3521
2024-05-18T00:00:00Z,Northern Africa,Sudan,Al Jazirah,battles,Armed clash,2,7,129936,Political violence,3105,14.6593,33.2294
2024-05-18T00:00:00Z,Northern Africa,Sudan,Al Jazirah,violence against civilians,Attack,11,27,610273,Political violence,3105,14.6593,33.2294
2024-05-18T00:00:00Z,Northern Africa,Sudan,Gedaref,explosions/remote violence,Shelling/artillery/missile attack,1,1,23110,Political violence,3109,14.2138,35.0222
2024-05-18T00:00:00Z,Northern Africa,Sudan,Khartoum,battles,Armed clash,6,5,860788,Political violence,3111,15.915,33.1352
2024-05-18T00:00:00Z,Northern Africa,Sudan,Khartoum,explosions/remote violence,Shelling/artillery/missile attack,8,40,537995,Political violence,3111,15.915,33.1352
2024-05-18T00:00:00Z,Northern Africa,Sudan,Khartoum,violence against civilians,Attack,4,3,592312,Political violence,3111,15.915,33.1352
2024-05-18T00:00:00Z,Northern Africa,Sudan,North Darfur,battles,Armed clash,13,142,815828,Political violence,3112,15.8601,25.5013
2024-05-18T00:00:00Z,Northern Africa,Sudan,North Darfur,explosions/remote violence,Air/drone strike,3,9,815209,Political violence,3112,15.8601,25.5013
2024-05-18T00:00:00Z,Northern Africa,Sudan,North Darfur,violence against civilians,Attack,4,1,130844,Political violence,3112,15.8601,25.5013
2024-05-18T00:00:00Z,Northern Africa,Sudan,North Kordofan,violence against civilians,Attack,5,20,438453,Political violence,3113,14.3894,29.437
2024-05-18T00:00:00Z,Northern Africa,Sudan,River Nile,battles,Armed clash,1,5,8942,Political violence,3116,18.8347,33.1231
2024-05-18T00:00:00Z,Northern Africa,Sudan,South Darfur,battles,Armed clash,1,1,491,Political violence,3118,10.9002,24.3019
2024-05-18T00:00:00Z,Northern Africa,Sudan,South Darfur,explosions/remote violence,Air/drone strike,1,2,1463773,Political violence,3118,10.9002,24.3019
2024-05-18T00:00:00Z,Northern Africa,Sudan,West Kordofan,battles,Armed clash,1,3,44361,Political violence,3121,11.8686,28.2211
2024-05-18T00:00:00Z,Northern Africa,Sudan,West Kordofan,violence against civilians,Attack,1,1,212,Political violence,3121,11.8686,28.2211
2024-05-25T00:00:00Z,Northern Africa,Sudan,Al Jazirah,battles,Armed clash,2,2,10471,Political violence,3105,14.6593,33.2294
2024-05-25T00:00:00Z,Northern Africa,Sudan,Al Jazirah,violence against civilians,Attack,12,15,508708,Political violence,3105,14.6593,33.2294
2024-05-25T00:00:00Z,Northern Africa,Sudan,Khartoum,battles,Armed clash,18,44,1836081,Political violence,3111,15.915,33.1352
2024-05-25T00:00:00Z,Northern Africa,Sudan,Khartoum,explosions/remote violence,Air/drone strike,16,12,1173099,Political violence,3111,15.915,33.1352
2024-05-25T00:00:00Z,Northern Africa,Sudan,Khartoum,explosions/remote violence,Shelling/artillery/missile attack,11,16,962247,Political violence,3111,15.915,33.1352
2024-05-25T00:00:00Z,Northern Africa,Sudan,Khartoum,violence against civilians,Attack,2,1,142477,Political violence,3111,15.915,33.1352
2024-05-25T00:00:00Z,Northern Africa,Sudan,North Darfur,battles,Armed clash,8,67,720018,Political violence,3112,15.8601,25.5013
2024-05-25T00:00:00Z,Northern Africa,Sudan,North Darfur,explosions/remote violence,Air/drone strike,8,10,288027,Political violence,3112,15.8601,25.5013
2024-05-25T00:00:00Z,Northern Africa,Sudan,North Darfur,explosions/remote violence,Shelling/artillery/missile attack,1,4,639557,Political violence,3112,15.8601,25.5013
2024-05-25T00:00:00Z,Northern Africa,Sudan,North Darfur,violence against civilians,Attack,4,3,317158,Political violence,3112,15.8601,25.5013
2024-05-25T00:00:00Z,Northern Africa,Sudan,North Kordofan,battles,Armed clash,1,18,554000,Political violence,3113,14.3894,29.437
2024-05-25T00:00:00Z,Northern Africa,Sudan,North Kordofan,violence against civilians,Attack,1,1,89170,Political violence,3113,14.3894,29.437
2024-05-25T00:00:00Z,Northern Africa,Sudan,Sennar,battles,Armed clash,1,12,19650,Political violence,3117,12.9093,34.0815
2024-05-25T00:00:00Z,Northern Africa,Sudan,South Darfur,violence against civilians,Attack,1,1,65327,Political violence,3118,10.9002,24.3019
2024-05-25T00:00:00Z,Northern Africa,Sudan,West Kordofan,battles,Armed clash,2,35,107378,Political violence,3121,11.8686,28.2211
2024-05-25T00:00:00Z,Northern Africa,Sudan,West Kordofan,violence against civilians,Attack,3,7,46334,Political violence,3121,11.8686,28.2211
2024-05-25T00:00:00Z,Northern Africa,Sudan,West Kordofan,violence against civilians,Sexual violence,1,1,21803,Political violence,3121,11.8686,28.2211
2024-05-25T00:00:00Z,Northern Africa,Sudan,White Nile,battles,Armed clash,4,10,16585,Political violence,3122,13.5895,32.3521
2024-06-01T00:00:00Z,Northern Africa,Sudan,Al Jazirah,battles,Armed clash,1,3,3276,Political violence,3105,14.6593,33.2294
2024-06-01T00:00:00Z,Northern Africa,Sudan,Al Jazirah,battles,Non-state actor overtakes territory,1,120,9650,Political violence,3105,14.6593,33.2294
2024-06-01T00:00:00Z,Northern Africa,Sudan,Al Jazirah,explosions/remote violence,Air/drone strike,11,57,501855,Political violence,3105,14.6593,33.2294
2024-06-01T00:00:00Z,Northern Africa,Sudan,Al Jazirah,violence against civilians,Attack,11,10,237846,Political violence,3105,14.6593,33.2294
2024-06-01T00:00:00Z,Northern Africa,Sudan,Khartoum,battles,Armed clash,10,10,1103790,Political violence,3111,15.915,33.1352
2024-06-01T00:00:00Z,Northern Africa,Sudan,Khartoum,explosions/remote violence,Shelling/artillery/missile attack,12,44,762390,Political violence,3111,15.915,33.1352
2024-06-01T00:00:00Z,Northern Africa,Sudan,Khartoum,violence against civilians,Attack,8,10,1004644,Political violence,3111,15.915,33.1352
2024-06-01T00:00:00Z,Northern Africa,Sudan,North Darfur,battles,Armed clash,14,126,712733,Political violence,3112,15.8601,25.5013
2024-06-01T00:00:00Z,Northern Africa,Sudan,North Darfur,explosions/remote violence,Air/drone strike,1,10,16068,Political violence,3112,15.8601,25.5013
2024-06-01T00:00:00Z,Northern Africa,Sudan,North Darfur,violence against civilians,Attack,4,15,119320,Political violence,3112,15.8601,25.5013
2024-06-01T00:00:00Z,Northern Africa,Sudan,North Kordofan,violence against civilians,Attack,5,4,240228,Political violence,3113,14.3894,29.437
2024-06-01T00:00:00Z,Northern Africa,Sudan,Northern,violence against civilians,Attack,1,1,95033,Political violence,3114,19.3656,29.8955
2024-06-01T00:00:00Z,Northern Africa,Sudan,West Kordofan,battles,Non-state actor overtakes territory,1,8,29853,Political violence,3121,11.8686,28.2211
2024-06-01T00:00:00Z,Northern Africa,Sudan,White Nile,battles,Armed clash,4,10,560126,Political violence,3122,13.5895,32.3521
2024-06-01T00:00:00Z,Northern Africa,Sudan,White Nile,explosions/remote violence,Air/drone strike,6,23,132638,Political violence,3122,13.5895,32.3521
2024-06-01T00:00:00Z,Northern Africa,Sudan,White Nile,violence against civilians,Attack,1,3,86547,Political violence,3122,13.5895,32.3521
2024-06-08T00:00:00Z,Northern Africa,Sudan,Al Jazirah,battles,Armed clash,1,3,4069,Political violence,3105,14.6593,33.2294
2024-06-08T00:00:00Z,Northern Africa,Sudan,Al Jazirah,explosions/remote violence,Air/drone strike,6,6,325618,Political violence,3105,14.6593,33.2294
2024-06-08T00:00:00Z,Northern Africa,Sudan,Al Jazirah,violence against civilians,Attack,5,10,216144,Political violence,3105,14.6593,33.2294
2024-06-08T00:00:00Z,Northern Africa,Sudan,Khartoum,battles,Armed clash,7,3,799431,Political violence,3111,15.915,33.1352
2024-06-08T00:00:00Z,Northern Africa,Sudan,Khartoum,explosions/remote violence,Air/drone strike,7,50,661160,Political violence,3111,15.915,33.1352
2024-06-08T00:00:00Z,Northern Africa,Sudan,Khartoum,explosions/remote violence,Shelling/artillery/missile attack,26,6,1974559,Political violence,3111,15.915,33.1352
2024-06-08T00:00:00Z,Northern Africa,Sudan,North Darfur,battles,Armed clash,12,136,887030,Political violence,3112,15.8601,25.5013
2024-06-08T00:00:00Z,Northern Africa,Sudan,North Darfur,explosions/remote violence,Air/drone strike,9,18,177564,Political violence,3112,15.8601,25.5013
2024-06-08T00:00:00Z,Northern Africa,Sudan,North Darfur,violence against civilians,Attack,1,17,89512,Political violence,3112,15.8601,25.5013
2024-06-08T00:00:00Z,Northern Africa,Sudan,North Kordofan,battles,Armed clash,2,10,134074,Political violence,3113,14.3894,29.437
2024-06-08T00:00:00Z,Northern Africa,Sudan,River Nile,battles,Armed clash,1,3,30822,Political violence,3116,18.8347,33.1231
2024-06-08T00:00:00Z,Northern Africa,Sudan,Sennar,explosions/remote violence,Air/drone strike,1,18,8580,Political violence,3117,12.9093,34.0815
2024-06-08T00:00:00Z,Northern Africa,Sudan,South Kordofan,violence against civilians,Attack,1,2,134066,Political violence,3119,11.2289,30.914
2024-06-15T00:00:00Z,Northern Africa,Sudan,Al Jazirah,battles,Armed clash,5,11,46837,Political violence,3105,14.6593,33.2294
2024-06-15T00:00:00Z,Northern Africa,Sudan,Al Jazirah,explosions/remote violence,Shelling/artillery/missile attack,2,10,15951,Political violence,3105,14.6593,33.2294
2024-06-15T00:00:00Z,Northern Africa,Sudan,Al Jazirah,violence against civilians,Attack,8,110,40828,Political violence,3105,14.6593,33.2294
2024-06-15T00:00:00Z,Northern Africa,Sudan,Blue Nile,riots,Mob violence,1,2,22062,Political violence,3106,11.0079,34.0954
2024-06-15T00:00:00Z,Northern Africa,Sudan,Khartoum,battles,Armed clash,12,34,1127426,Political violence,3111,15.915,33.1352
2024-06-15T00:00:00Z,Northern Africa,Sudan,Khartoum,explosions/remote violence,Air/drone strike,6,10,306604,Political violence,3111,15.915,33.1352
2024-06-15T00:00:00Z,Northern Africa,Sudan,Khartoum,explosions/remote violence,Shelling/artillery/missile attack,14,3,796050,Political violence,3111,15.915,33.1352
2024-06-15T00:00:00Z,Northern Africa,Sudan,Khartoum,violence against civilians,Attack,3,4,236785,Political violence,3111,15.915,33.1352
2024-06-15T00:00:00Z,Northern Africa,Sudan,North Darfur,battles,Armed clash,12,47,816945,Political violence,3112,15.8601,25.5013
2024-06-15T00:00:00Z,Northern Africa,Sudan,North Darfur,explosions/remote violence,Air/drone strike,1,3,62009,Political violence,3112,15.8601,25.5013
2024-06-15T00:00:00Z,Northern Africa,Sudan,North Darfur,explosions/remote violence,Shelling/artillery/missile attack,3,22,70044,Political violence,3112,15.8601,25.5013
2024-06-15T00:00:00Z,Northern Africa,Sudan,North Darfur,violence against civilians,Attack,9,22,308110,Political violence,3112,15.8601,25.5013
2024-06-15T00:00:00Z,Northern Africa,Sudan,North Kordofan,explosions/remote violence,Air/drone strike,1,10,10293,Political violence,3113,14.3894,29.437
2024-06-15T00:00:00Z,Northern Africa,Sudan,South Darfur,battles,Armed clash,2,4,11177,Political violence,3118,10.9002,24.3019
2024-06-15T00:00:00Z,Northern Africa,Sudan,South Darfur,violence against civilians,Attack,3,13,1463773,Political violence,3118,10.9002,24.3019
2024-06-15T00:00:00Z,Northern Africa,Sudan,South Kordofan,battles,Armed clash,1,2,9893,Political violence,3119,11.2289,30.914
2024-06-15T00:00:00Z,Northern Africa,Sudan,West Kordofan,battles,Non-state actor overtakes territory,1,14,134284,Political violence,3121,11.8686,28.2211
2024-06-15T00:00:00Z,Northern Africa,Sudan,West Kordofan,explosions/remote violence,Air/drone strike,3,8,241662,Political violence,3121,11.8686,28.2211
2024-06-22T00:00:00Z,Northern Africa,Sudan,Abyei,violence against civilians,Attack,1,7,208,Political violence,3104,9.7332,28.4712
2024-06-22T00:00:00Z,Northern Africa,Sudan,Al Jazirah,battles,Armed clash,2,1,27145,Political violence,3105,14.6593,33.2294
2024-06-22T00:00:00Z,Northern Africa,Sudan,Al Jazirah,violence against civilians,Attack,5,10,546772,Political violence,3105,14.6593,33.2294
2024-06-22T00:00:00Z,Northern Africa,Sudan,Central Darfur,violence against civilians,Sexual violence,1,1,77736,Political violence,3107,12.3084,23.2341
2024-06-22T00:00:00Z,Northern Africa,Sudan,Gedaref,violence against civilians,Attack,1,1,440,Political violence,3109,14.2138,35.0222
2024-06-22T00:00:00Z,Northern Africa,Sudan,Khartoum,battles,Armed clash,15,28,722491,Political violence,3111,15.915,33.1352
2024-06-22T00:00:00Z,Northern Africa,Sudan,Khartoum,explosions/remote violence,Shelling/artillery/missile attack,6,3,664936,Political violence,3111,15.915,33.1352
2024-06-22T00:00:00Z,Northern Africa,Sudan,Khartoum,violence against civilians,Attack,1,4,18949,Political violence,3111,15.915,33.1352
2024-06-22T00:00:00Z,Northern Africa,Sudan,North Darfur,battles,Armed clash,9,50,709601,Political violence,3112,15.8601,25.5013
2024-06-22T00:00:00Z,Northern Africa,Sudan,North Darfur,explosions/remote violence,Shelling/artillery/missile attack,2,14,70044,Political violence,3112,15.8601,25.5013
2024-06-22T00:00:00Z,Northern Africa,Sudan,North Darfur,violence against civilians,Attack,1,1,816,Political violence,3112,15.8601,25.5013
2024-06-22T00:00:00Z,Northern Africa,Sudan,North Kordofan,battles,Armed clash,1,4,1110,Political violence,3113,14.3894,29.437
2024-06-22T00:00:00Z,Northern Africa,Sudan,Sennar,battles,Armed clash,7,24,303016,Political violence,3117,12.9093,34.0815
2024-06-22T00:00:00Z,Northern Africa,Sudan,Sennar,battles,Non-state actor overtakes territory,1,25,19650,Political violence,3117,12.9093,34.0815
2024-06-22T00:00:00Z,Northern Africa,Sudan,West Kordofan,violence against civilians,Attack,1,2,4676,Political violence,3121,11.8686,28.2211
2024-06-29T00:00:00Z,Northern Africa,Sudan,Al Jazirah,explosions/remote violence,Air/drone strike,2,40,166439,Political violence,3105,14.6593,33.2294
2024-06-29T00:00:00Z,Northern Africa,Sudan,Al Jazirah,violence against civilians,Attack,12,16,215836,Political violence,3105,14.6593,33.2294
2024-06-29T00:00:00Z,Northern Africa,Sudan,Central Darfur,violence against civilians,Attack,2,1,77736,Political violence,3107,12.3084,23.2341
2024-06-29T00:00:00Z,Northern Africa,Sudan,Khartoum,battles,Armed clash,8,20,716640,Political violence,3111,15.915,33.1352
2024-06-29T00:00:00Z,Northern Africa,Sudan,Khartoum,battles,Government regains territory,1,10,354099,Political violence,3111,15.915,33.1352
2024-06-29T00:00:00Z,Northern Africa,Sudan,Khartoum,explosions/remote violence,Shelling/artillery/missile attack,8,5,689393,Political violence,3111,15.915,33.1352
2024-06-29T00:00:00Z,Northern Africa,Sudan,North Darfur,battles,Armed clash,18,61,778871,Political violence,3112,15.8601,25.5013
2024-06-29T00:00:00Z,Northern Africa,Sudan,North Darfur,explosions/remote violence,Shelling/artillery/missile attack,1,4,639557,Political violence,3112,15.8601,25.5013
2024-06-29T00:00:00Z,Northern Africa,Sudan,North Darfur,violence against civilians,Attack,2,3,5774,Political violence,3112,15.8601,25.5013
2024-06-29T00:00:00Z,Northern Africa,Sudan,Sennar,battles,Armed clash,11,4,429103,Political violence,3117,12.9093,34.0815
2024-06-29T00:00:00Z,Northern Africa,Sudan,Sennar,battles,Government regains territory,2,4,18658,Political violence,3117,12.9093,34.0815
2024-06-29T00:00:00Z,Northern Africa,Sudan,Sennar,battles,Non-state actor overtakes territory,3,13,221105,Political violence,3117,12.9093,34.0815
2024-06-29T00:00:00Z,Northern Africa,Sudan,Sennar,explosions/remote violence,Shelling/artillery/missile attack,1,1,12261,Political violence,3117,12.9093,34.0815
2024-06-29T00:00:00Z,Northern Africa,Sudan,Sennar,violence against civilians,Attack,8,52,493175,Political violence,3117,12.9093,34.0815
2024-06-29T00:00:00Z,Northern Africa,Sudan,South Kordofan,battles,Armed clash,1,11,9893,Political violence,3119,11.2289,30.914
2024-06-29T00:00:00Z,Northern Africa,Sudan,South Kordofan,violence against civilians,Attack,3,3,138696,Political violence,3119,11.2289,30.914
2024-06-29T00:00:00Z,Northern Africa,Sudan,West Darfur,battles,Armed clash,1,3,2012,Political violence,3120,13.5081,22.7026
2024-06-29T00:00:00Z,Northern Africa,Sudan,West Kordofan,battles,Armed clash,2,13,24983,Political violence,3121,11.8686,28.2211
2024-06-29T00:00:00Z,Northern Africa,Sudan,West Kordofan,violence against civilians,Attack,1,1,155755,Political violence,3121,11.8686,28.2211
2024-07-06T00:00:00Z,Northern Africa,Sudan,Abyei,violence against civilians,Attack,1,1,328,Political violence,3104,9.7332,28.4712
2024-07-06T00:00:00Z,Northern Africa,Sudan,Al Jazirah,battles,Armed clash,4,31,283882,Political violence,3105,14.6593,33.2294
2024-07-06T00:00:00Z,Northern Africa,Sudan,Al Jazirah,violence against civilians,Attack,3,3,173865,Political violence,3105,14.6593,33.2294
2024-07-06T00:00:00Z,Northern Africa,Sudan,Al Jazirah,violence against civilians,Sexual violence,1,11,9568,Political violence,3105,14.6593,33.2294
2024-07-06T00:00:00Z,Northern Africa,Sudan,Central Darfur,violence against civilians,Attack,1,1,77736,Political violence,3107,12.3084,23.2341
2024-07-06T00:00:00Z,Northern Africa,Sudan,Khartoum,battles,Armed clash,7,1,869990,Political violence,3111,15.915,33.1352
2024-07-06T00:00:00Z,Northern Africa,Sudan,Khartoum,explosions/remote violence,Shelling/artillery/missile attack,9,17,553984,Political violence,3111,15.915,33.1352
2024-07-06T00:00:00Z,Northern Africa,Sudan,Khartoum,violence against civilians,Attack,1,1,48126,Political violence,3111,15.915,33.1352
2024-07-06T00:00:00Z,Northern Africa,Sudan,North Darfur,battles,Armed clash,8,32,639557,Political violence,3112,15.8601,25.5013
2024-07-06T00:00:00Z,Northern Africa,Sudan,North Darfur,violence against civilians,Attack,1,1,639557,Political violence,3112,15.8601,25.5013
2024-07-06T00:00:00Z,Northern Africa,Sudan,North Kordofan,violence against civilians,Attack,3,7,89894,Political violence,3113,14.3894,29.437
2024-07-06T00:00:00Z,Northern Africa,Sudan,River Nile,violence against civilians,Attack,2,1,8010,Political violence,3116,18.8347,33.1231
2024-07-06T00:00:00Z,Northern Africa,Sudan,Sennar,battles,Armed clash,6,4,341369,Political violence,3117,12.9093,34.0815
2024-07-06T00:00:00Z,Northern Africa,Sudan,Sennar,violence against civilians,Attack,8,19,203862,Political violence,3117,12.9093,34.0815
2024-07-06T00:00:00Z,Northern Africa,Sudan,South Darfur,violence against civilians,Attack,1,1,3543,Political violence,3118,10.9002,24.3019
2024-07-06T00:00:00Z,Northern Africa,Sudan,South Kordofan,violence against civilians,Attack,2,7,28401,Political violence,3119,11.2289,30.914
2024-07-06T00:00:00Z,Northern Africa,Sudan,West Darfur,battles,Armed clash,1,3,2012,Political violence,3120,13.5081,22.7026
2024-07-06T00:00:00Z,Northern Africa,Sudan,West Kordofan,battles,Armed clash,1,17,107378,Political violence,3121,11.8686,28.2211
2024-07-06T00:00:00Z,Northern Africa,Sudan,White Nile,violence against civilians,Attack,2,6,79931,Political violence,3122,13.5895,32.3521
2024-07-13T00:00:00Z,Northern Africa,Sudan,Al Jazirah,battles,Armed clash,2,12,8644,Political violence,3105,14.6593,33.2294
2024-07-13T00:00:00Z,Northern Africa,Sudan,Al Jazirah,violence against civilians,Attack,4,9,235197,Political violence,3105,14.6593,33.2294
2024-07-13T00:00:00Z,Northern Africa,Sudan,Blue Nile,battles,Armed clash,1,3,38780,Political violence,3106,11.0079,34.0954
2024-07-13T00:00:00Z,Northern Africa,Sudan,Gedaref,violence against civilians,Attack,1,3,126690,Political violence,3109,14.2138,35.0222
2024-07-13T00:00:00Z,Northern Africa,Sudan,Khartoum,battles,Armed clash,9,103,935819,Political violence,3111,15.915,33.1352
2024-07-13T00:00:00Z,Northern Africa,Sudan,Khartoum,explosions/remote violence,Shelling/artillery/missile attack,6,2,525257,Political violence,3111,15.915,33.1352
2024-07-13T00:00:00Z,Northern Africa,Sudan,Khartoum,violence against civilians,Attack,4,4,230261,Political violence,3111,15.915,33.1352
2024-07-13T00:00:00Z,Northern Africa,Sudan,North Darfur,battles,Armed clash,5,22,643299,Political violence,3112,15.8601,25.5013
2024-07-13T00:00:00Z,Northern Africa,Sudan,North Kordofan,battles,Armed clash,1,23,1075,Political violence,3113,14.3894,29.437
2024-07-13T00:00:00Z,Northern Africa,Sudan,North Kordofan,violence against civilians,Attack,1,1,6716,Political violence,3113,14.3894,29.437
2024-07-13T00:00:00Z,Northern Africa,Sudan,River Nile,battles,Armed clash,1,5,25787,Political violence,3116,18.8347,33.1231
2024-07-13T00:00:00Z,Northern Africa,Sudan,Sennar,battles,Armed clash,6,6,357533,Political violence,3117,12.9093,34.0815
2024-07-13T00:00:00Z,Northern Africa,Sudan,Sennar,explosions/remote violence,Air/drone strike,9,3,379971,Political violence,3117,12.9093,34.0815
2024-07-13T00:00:00Z,Northern Africa,Sudan,Sennar,violence against civilians,Attack,3,9,96182,Political violence,3117,12.9093,34.0815
2024-07-13T00:00:00Z,Northern Africa,Sudan,South Darfur,battles,Armed clash,1,1,1463773,Political violence,3118,10.9002,24.3019
2024-07-13T00:00:00Z,Northern Africa,Sudan,South Kordofan,violence against civilians,Attack,1,1,588,Political violence,3119,11.2289,30.914
2024-07-13T00:00:00Z,Northern Africa,Sudan,West Darfur,battles,Armed clash,1,1,385579,Political violence,3120,13.5081,22.7026
2024-07-13T00:00:00Z,Northern Africa,Sudan,West Kordofan,explosions/remote violence,Air/drone strike,2,4,159267,Political violence,3121,11.8686,28.2211
2024-07-13T00:00:00Z,Northern Africa,Sudan,White Nile,battles,Armed clash,1,3,5132,Political violence,3122,13.5895,32.3521
2024-07-13T00:00:00Z,Northern Africa,Sudan,White Nile,violence against civilians,Attack,1,1,5132,Political violence,3122,13.5895,32.3521
2024-07-20T00:00:00Z,Northern Africa,Sudan,Al Jazirah,violence against civilians,Attack,2,2,157008,Political violence,3105,14.6593,33.2294
2024-07-20T00:00:00Z,Northern Africa,Sudan,Blue Nile,battles,Armed clash,1,24,319687,Political violence,3106,11.0079,34.0954
2024-07-20T00:00:00Z,Northern Africa,Sudan,East Darfur,battles,Armed clash,1,1,317752,Political violence,3108,11.2299,26.3972
2024-07-20T00:00:00Z,Northern Africa,Sudan,East Darfur,strategic developments,Other,1,1,NA,Strategic developments,3108,11.2299,26.3972
2024-07-20T00:00:00Z,Northern Africa,Sudan,Khartoum,battles,Armed clash,21,28,1391986,Political violence,3111,15.915,33.1352
2024-07-20T00:00:00Z,Northern Africa,Sudan,Khartoum,explosions/remote violence,Air/drone strike,8,50,858178,Political violence,3111,15.915,33.1352
2024-07-20T00:00:00Z,Northern Africa,Sudan,Khartoum,violence against civilians,Attack,4,9,693940,Political violence,3111,15.915,33.1352
2024-07-20T00:00:00Z,Northern Africa,Sudan,North Darfur,battles,Armed clash,6,18,713343,Political violence,3112,15.8601,25.5013
2024-07-20T00:00:00Z,Northern Africa,Sudan,North Darfur,explosions/remote violence,Shelling/artillery/missile attack,2,3,639557,Political violence,3112,15.8601,25.5013
2024-07-20T00:00:00Z,Northern Africa,Sudan,North Kordofan,explosions/remote violence,Air/drone strike,1,4,6578,Political violence,3113,14.3894,29.437
2024-07-20T00:00:00Z,Northern Africa,Sudan,Sennar,battles,Armed clash,8,5,475991,Political violence,3117,12.9093,34.0815
2024-07-20T00:00:00Z,Northern Africa,Sudan,Sennar,battles,Non-state actor overtakes territory,2,4,29914,Political violence,3117,12.9093,34.0815
2024-07-20T00:00:00Z,Northern Africa,Sudan,Sennar,explosions/remote violence,Air/drone strike,6,3,87544,Political violence,3117,12.9093,34.0815
2024-07-20T00:00:00Z,Northern Africa,Sudan,Sennar,violence against civilians,Attack,5,16,79757,Political violence,3117,12.9093,34.0815
2024-07-20T00:00:00Z,Northern Africa,Sudan,South Kordofan,violence against civilians,Attack,2,13,83380,Political violence,3119,11.2289,30.914
2024-07-20T00:00:00Z,Northern Africa,Sudan,West Kordofan,battles,Armed clash,4,52,24861,Political violence,3121,11.8686,28.2211
2024-07-20T00:00:00Z,Northern Africa,Sudan,West Kordofan,explosions/remote violence,Air/drone strike,1,10,21803,Political violence,3121,11.8686,28.2211
2024-07-20T00:00:00Z,Northern Africa,Sudan,West Kordofan,violence against civilians,Attack,2,17,177558,Political violence,3121,11.8686,28.2211
2024-07-20T00:00:00Z,Northern Africa,Sudan,White Nile,battles,Armed clash,1,12,5132,Political violence,3122,13.5895,32.3521
2024-07-20T00:00:00Z,Northern Africa,Sudan,White Nile,explosions/remote violence,Air/drone strike,2,21,26067,Political violence,3122,13.5895,32.3521
2024-07-20T00:00:00Z,Northern Africa,Sudan,White Nile,violence against civilians,Attack,3,3,52396,Political violence,3122,13.5895,32.3521
2024-07-27T00:00:00Z,Northern Africa,Sudan,Al Jazirah,battles,Armed clash,1,13,46724,Political violence,3105,14.6593,33.2294
2024-07-27T00:00:00Z,Northern Africa,Sudan,Al Jazirah,violence against civilians,Attack,7,30,343028,Political violence,3105,14.6593,33.2294
2024-07-27T00:00:00Z,Northern Africa,Sudan,East Darfur,battles,Armed clash,1,2,27099,Political violence,3108,11.2299,26.3972
2024-07-27T00:00:00Z,Northern Africa,Sudan,Khartoum,battles,Armed clash,13,10,1263853,Political violence,3111,15.915,33.1352
2024-07-27T00:00:00Z,Northern Africa,Sudan,Khartoum,explosions/remote violence,Shelling/artillery/missile attack,4,5,391381,Political violence,3111,15.915,33.1352
2024-07-27T00:00:00Z,Northern Africa,Sudan,Khartoum,violence against civilians,Attack,4,1,133206,Political violence,3111,15.915,33.1352
2024-07-27T00:00:00Z,Northern Africa,Sudan,North Darfur,battles,Armed clash,10,85,710772,Political violence,3112,15.8601,25.5013
2024-07-27T00:00:00Z,Northern Africa,Sudan,North Darfur,explosions/remote violence,Air/drone strike,1,18,70044,Political violence,3112,15.8601,25.5013
2024-07-27T00:00:00Z,Northern Africa,Sudan,North Darfur,violence against civilians,Attack,1,1,70044,Political violence,3112,15.8601,25.5013
2024-07-27T00:00:00Z,Northern Africa,Sudan,Red Sea,battles,Armed clash,1,6,789,Political violence,3115,20.0739,35.4126
2024-07-27T00:00:00Z,Northern Africa,Sudan,Sennar,violence against civilians,Attack,1,2,17885,Political violence,3117,12.9093,34.0815
2024-07-27T00:00:00Z,Northern Africa,Sudan,White Nile,battles,Armed clash,3,3,988382,Political violence,3122,13.5895,32.3521
2024-07-27T00:00:00Z,Northern Africa,Sudan,White Nile,violence against civilians,Attack,1,1,18027,Political violence,3122,13.5895,32.3521
2024-08-03T00:00:00Z,Northern Africa,Sudan,Al Jazirah,battles,Armed clash,2,13,16124,Political violence,3105,14.6593,33.2294
2024-08-03T00:00:00Z,Northern Africa,Sudan,Al Jazirah,explosions/remote violence,Air/drone strike,1,10,24931,Political violence,3105,14.6593,33.2294
2024-08-03T00:00:00Z,Northern Africa,Sudan,Al Jazirah,explosions/remote violence,Remote explosive/landmine/IED,1,4,2719,Political violence,3105,14.6593,33.2294
2024-08-03T00:00:00Z,Northern Africa,Sudan,Al Jazirah,explosions/remote violence,Shelling/artillery/missile attack,2,3,10002,Political violence,3105,14.6593,33.2294
2024-08-03T00:00:00Z,Northern Africa,Sudan,Al Jazirah,violence against civilians,Attack,9,10,810685,Political violence,3105,14.6593,33.2294
2024-08-03T00:00:00Z,Northern Africa,Sudan,Blue Nile,battles,Armed clash,1,13,16297,Political violence,3106,11.0079,34.0954
2024-08-03T00:00:00Z,Northern Africa,Sudan,Blue Nile,violence against civilians,Attack,1,3,7146,Political violence,3106,11.0079,34.0954
2024-08-03T00:00:00Z,Northern Africa,Sudan,Gedaref,battles,Armed clash,1,1,10502,Political violence,3109,14.2138,35.0222
2024-08-03T00:00:00Z,Northern Africa,Sudan,Khartoum,battles,Armed clash,10,1,1003858,Political violence,3111,15.915,33.1352
2024-08-03T00:00:00Z,Northern Africa,Sudan,Khartoum,explosions/remote violence,Shelling/artillery/missile attack,19,5,981087,Political violence,3111,15.915,33.1352
2024-08-03T00:00:00Z,Northern Africa,Sudan,Khartoum,violence against civilians,Attack,3,3,207669,Political violence,3111,15.915,33.1352
2024-08-03T00:00:00Z,Northern Africa,Sudan,North Darfur,battles,Armed clash,4,48,639557,Political violence,3112,15.8601,25.5013
2024-08-03T00:00:00Z,Northern Africa,Sudan,River Nile,violence against civilians,Attack,2,3,34963,Political violence,3116,18.8347,33.1231
2024-08-03T00:00:00Z,Northern Africa,Sudan,Sennar,battles,Armed clash,1,3,17885,Political violence,3117,12.9093,34.0815
2024-08-03T00:00:00Z,Northern Africa,Sudan,Sennar,violence against civilians,Attack,3,5,407289,Political violence,3117,12.9093,34.0815
2024-08-03T00:00:00Z,Northern Africa,Sudan,South Kordofan,violence against civilians,Attack,2,3,31341,Political violence,3119,11.2289,30.914
2024-08-03T00:00:00Z,Northern Africa,Sudan,West Kordofan,battles,Armed clash,1,1,21803,Political violence,3121,11.8686,28.2211
2024-08-03T00:00:00Z,Northern Africa,Sudan,West Kordofan,explosions/remote violence,Air/drone strike,1,1,40274,Political violence,3121,11.8686,28.2211
2024-08-03T00:00:00Z,Northern Africa,Sudan,White Nile,violence against civilians,Attack,5,1,101765,Political violence,3122,13.5895,32.3521
2024-08-10T00:00:00Z,Northern Africa,Sudan,Abyei,violence against civilians,Attack,1,1,520,Political violence,3104,9.7332,28.4712
2024-08-10T00:00:00Z,Northern Africa,Sudan,Al Jazirah,battles,Armed clash,5,20,391867,Political violence,3105,14.6593,33.2294
2024-08-10T00:00:00Z,Northern Africa,Sudan,Al Jazirah,explosions/remote violence,Shelling/artillery/missile attack,2,11,26741,Political violence,3105,14.6593,33.2294
2024-08-10T00:00:00Z,Northern Africa,Sudan,Al Jazirah,violence against civilians,Attack,8,15,241269,Political violence,3105,14.6593,33.2294
2024-08-10T00:00:00Z,Northern Africa,Sudan,Central Darfur,violence against civilians,Attack,1,1,13418,Political violence,3107,12.3084,23.2341
2024-08-10T00:00:00Z,Northern Africa,Sudan,East Darfur,explosions/remote violence,Air/drone strike,1,2,50440,Political violence,3108,11.2299,26.3972
2024-08-10T00:00:00Z,Northern Africa,Sudan,Khartoum,battles,Government regains territory,2,10,185057,Political violence,3111,15.915,33.1352
2024-08-10T00:00:00Z,Northern Africa,Sudan,Khartoum,explosions/remote violence,Air/drone strike,3,10,435592,Political violence,3111,15.915,33.1352
2024-08-10T00:00:00Z,Northern Africa,Sudan,Khartoum,explosions/remote violence,Shelling/artillery/missile attack,33,22,1253970,Political violence,3111,15.915,33.1352
2024-08-10T00:00:00Z,Northern Africa,Sudan,Khartoum,violence against civilians,Attack,4,3,392223,Political violence,3111,15.915,33.1352
2024-08-10T00:00:00Z,Northern Africa,Sudan,North Darfur,battles,Armed clash,7,163,776686,Political violence,3112,15.8601,25.5013
2024-08-10T00:00:00Z,Northern Africa,Sudan,North Darfur,explosions/remote violence,Air/drone strike,12,13,892588,Political violence,3112,15.8601,25.5013
2024-08-10T00:00:00Z,Northern Africa,Sudan,North Kordofan,battles,Armed clash,1,11,554000,Political violence,3113,14.3894,29.437
2024-08-10T00:00:00Z,Northern Africa,Sudan,North Kordofan,explosions/remote violence,Shelling/artillery/missile attack,2,1,688074,Political violence,3113,14.3894,29.437
2024-08-10T00:00:00Z,Northern Africa,Sudan,North Kordofan,violence against civilians,Attack,2,1,650178,Political violence,3113,14.3894,29.437
2024-08-10T00:00:00Z,Northern Africa,Sudan,River Nile,violence against civilians,Attack,1,1,129535,Political violence,3116,18.8347,33.1231
2024-08-10T00:00:00Z,Northern Africa,Sudan,Sennar,explosions/remote violence,Shelling/artillery/missile attack,1,83,25191,Political violence,3117,12.9093,34.0815
2024-08-10T00:00:00Z,Northern Africa,Sudan,Sennar,violence against civilians,Attack,3,7,26591,Political violence,3117,12.9093,34.0815
2024-08-10T00:00:00Z,Northern Africa,Sudan,South Darfur,battles,Armed clash,1,3,554,Political violence,3118,10.9002,24.3019
2024-08-10T00:00:00Z,Northern Africa,Sudan,South Kordofan,violence against civilians,Attack,1,2,30557,Political violence,3119,11.2289,30.914
2024-08-17T00:00:00Z,Northern Africa,Sudan,Al Jazirah,explosions/remote violence,Air/drone strike,2,8,155061,Political violence,3105,14.6593,33.2294
2024-08-17T00:00:00Z,Northern Africa,Sudan,Al Jazirah,violence against civilians,Attack,8,7,168090,Political violence,3105,14.6593,33.2294
2024-08-17T00:00:00Z,Northern Africa,Sudan,East Darfur,explosions/remote violence,Air/drone strike,2,18,317752,Political violence,3108,11.2299,26.3972
2024-08-17T00:00:00Z,Northern Africa,Sudan,Khartoum,battles,Armed clash,14,10,681808,Political violence,3111,15.915,33.1352
2024-08-17T00:00:00Z,Northern Africa,Sudan,Khartoum,explosions/remote violence,Air/drone strike,9,27,1174738,Political violence,3111,15.915,33.1352
2024-08-17T00:00:00Z,Northern Africa,Sudan,Khartoum,explosions/remote violence,Shelling/artillery/missile attack,28,19,1500507,Political violence,3111,15.915,33.1352
2024-08-17T00:00:00Z,Northern Africa,Sudan,Khartoum,violence against civilians,Attack,5,4,422276,Political violence,3111,15.915,33.1352
2024-08-17T00:00:00Z,Northern Africa,Sudan,Khartoum,violence against civilians,Sexual violence,1,5,9134,Political violence,3111,15.915,33.1352
2024-08-17T00:00:00Z,Northern Africa,Sudan,North Darfur,battles,Armed clash,8,14,709601,Political violence,3112,15.8601,25.5013
2024-08-17T00:00:00Z,Northern Africa,Sudan,North Darfur,explosions/remote violence,Air/drone strike,10,12,881728,Political violence,3112,15.8601,25.5013
2024-08-17T00:00:00Z,Northern Africa,Sudan,North Darfur,explosions/remote violence,Shelling/artillery/missile attack,2,3,684635,Political violence,3112,15.8601,25.5013
2024-08-17T00:00:00Z,Northern Africa,Sudan,North Darfur,violence against civilians,Attack,4,2,365040,Political violence,3112,15.8601,25.5013
2024-08-17T00:00:00Z,Northern Africa,Sudan,North Kordofan,battles,Armed clash,2,20,554130,Political violence,3113,14.3894,29.437
2024-08-17T00:00:00Z,Northern Africa,Sudan,South Darfur,violence against civilians,Sexual violence,1,1,43848,Political violence,3118,10.9002,24.3019
2024-08-17T00:00:00Z,Northern Africa,Sudan,West Kordofan,battles,Armed clash,2,50,40274,Political violence,3121,11.8686,28.2211
2024-08-17T00:00:00Z,Northern Africa,Sudan,White Nile,violence against civilians,Attack,3,2,91981,Political violence,3122,13.5895,32.3521
2024-08-24T00:00:00Z,Northern Africa,Sudan,Al Jazirah,battles,Armed clash,1,3,3601,Political violence,3105,14.6593,33.2294
2024-08-24T00:00:00Z,Northern Africa,Sudan,Al Jazirah,violence against civilians,Attack,9,8,181360,Political violence,3105,14.6593,33.2294
2024-08-24T00:00:00Z,Northern Africa,Sudan,Khartoum,explosions/remote violence,Air/drone strike,5,12,436543,Political violence,3111,15.915,33.1352
2024-08-24T00:00:00Z,Northern Africa,Sudan,Khartoum,explosions/remote violence,Shelling/artillery/missile attack,37,21,2600718,Political violence,3111,15.915,33.1352
2024-08-24T00:00:00Z,Northern Africa,Sudan,Khartoum,violence against civilians,Attack,2,1,228117,Political violence,3111,15.915,33.1352
2024-08-24T00:00:00Z,Northern Africa,Sudan,North Darfur,battles,Armed clash,10,69,912756,Political violence,3112,15.8601,25.5013
2024-08-24T00:00:00Z,Northern Africa,Sudan,North Darfur,explosions/remote violence,Shelling/artillery/missile attack,1,12,NA,Political violence,3112,15.8601,25.5013
2024-08-24T00:00:00Z,Northern Africa,Sudan,North Darfur,violence against civilians,Attack,5,2,296125,Political violence,3112,15.8601,25.5013
2024-08-24T00:00:00Z,Northern Africa,Sudan,River Nile,explosions/remote violence,Shelling/artillery/missile attack,2,2,13171,Political violence,3116,18.8347,33.1231
2024-08-24T00:00:00Z,Northern Africa,Sudan,Sennar,battles,Government regains territory,3,3,86118,Political violence,3117,12.9093,34.0815
2024-08-24T00:00:00Z,Northern Africa,Sudan,Sennar,explosions/remote violence,Air/drone strike,3,3,56538,Political violence,3117,12.9093,34.0815
2024-08-24T00:00:00Z,Northern Africa,Sudan,Sennar,explosions/remote violence,Shelling/artillery/missile attack,1,5,234860,Political violence,3117,12.9093,34.0815
2024-08-24T00:00:00Z,Northern Africa,Sudan,Sennar,violence against civilians,Attack,5,4,423614,Political violence,3117,12.9093,34.0815
2024-08-24T00:00:00Z,Northern Africa,Sudan,South Kordofan,violence against civilians,Attack,2,1,18639,Political violence,3119,11.2289,30.914
2024-08-24T00:00:00Z,Northern Africa,Sudan,West Darfur,violence against civilians,Attack,1,1,33303,Political violence,3120,13.5081,22.7026
2024-08-24T00:00:00Z,Northern Africa,Sudan,White Nile,violence against civilians,Attack,3,5,88250,Political violence,3122,13.5895,32.3521
2024-08-31T00:00:00Z,Northern Africa,Sudan,Al Jazirah,explosions/remote violence,Air/drone strike,14,15,1148804,Political violence,3105,14.6593,33.2294
2024-08-31T00:00:00Z,Northern Africa,Sudan,Al Jazirah,violence against civilians,Attack,12,12,590165,Political violence,3105,14.6593,33.2294
2024-08-31T00:00:00Z,Northern Africa,Sudan,Central Darfur,explosions/remote violence,Air/drone strike,3,7,130804,Political violence,3107,12.3084,23.2341
2024-08-31T00:00:00Z,Northern Africa,Sudan,Central Darfur,violence against civilians,Attack,3,2,91154,Political violence,3107,12.3084,23.2341
2024-08-31T00:00:00Z,Northern Africa,Sudan,East Darfur,violence against civilians,Attack,1,3,27099,Political violence,3108,11.2299,26.3972
2024-08-31T00:00:00Z,Northern Africa,Sudan,Kassala,violence against civilians,Attack,1,1,316907,Political violence,3110,15.7104,35.5356
2024-08-31T00:00:00Z,Northern Africa,Sudan,Khartoum,battles,Armed clash,20,9,1297403,Political violence,3111,15.915,33.1352
2024-08-31T00:00:00Z,Northern Africa,Sudan,Khartoum,battles,Non-state actor overtakes territory,1,14,30395,Political violence,3111,15.915,33.1352
2024-08-31T00:00:00Z,Northern Africa,Sudan,Khartoum,explosions/remote violence,Shelling/artillery/missile attack,19,25,862429,Political violence,3111,15.915,33.1352
2024-08-31T00:00:00Z,Northern Africa,Sudan,Khartoum,violence against civilians,Attack,3,15,624957,Political violence,3111,15.915,33.1352
2024-08-31T00:00:00Z,Northern Africa,Sudan,North Darfur,battles,Armed clash,8,40,799113,Political violence,3112,15.8601,25.5013
2024-08-31T00:00:00Z,Northern Africa,Sudan,North Darfur,explosions/remote violence,Air/drone strike,7,26,748161,Political violence,3112,15.8601,25.5013
2024-08-31T00:00:00Z,Northern Africa,Sudan,North Kordofan,battles,Armed clash,1,1,554000,Political violence,3113,14.3894,29.437
2024-08-31T00:00:00Z,Northern Africa,Sudan,North Kordofan,violence against civilians,Attack,1,1,134074,Political violence,3113,14.3894,29.437
2024-08-31T00:00:00Z,Northern Africa,Sudan,Sennar,explosions/remote violence,Shelling/artillery/missile attack,3,6,251327,Political violence,3117,12.9093,34.0815
2024-08-31T00:00:00Z,Northern Africa,Sudan,Sennar,violence against civilians,Attack,3,2,13381,Political violence,3117,12.9093,34.0815
2024-08-31T00:00:00Z,Northern Africa,Sudan,South Darfur,violence against civilians,Attack,3,4,8492,Political violence,3118,10.9002,24.3019
2024-08-31T00:00:00Z,Northern Africa,Sudan,West Darfur,explosions/remote violence,Air/drone strike,2,1,415419,Political violence,3120,13.5081,22.7026
2024-08-31T00:00:00Z,Northern Africa,Sudan,West Kordofan,violence against civilians,Attack,1,1,1607,Political violence,3121,11.8686,28.2211
2024-09-07T00:00:00Z,Northern Africa,Sudan,Al Jazirah,battles,Armed clash,1,1,5260,Political violence,3105,14.6593,33.2294
2024-09-07T00:00:00Z,Northern Africa,Sudan,Al Jazirah,violence against civilians,Attack,7,6,284097,Political violence,3105,14.6593,33.2294
2024-09-07T00:00:00Z,Northern Africa,Sudan,Central Darfur,violence against civilians,Attack,3,1,97840,Political violence,3107,12.3084,23.2341
2024-09-07T00:00:00Z,Northern Africa,Sudan,Central Darfur,violence against civilians,Sexual violence,1,1,77736,Political violence,3107,12.3084,23.2341
2024-09-07T00:00:00Z,Northern Africa,Sudan,East Darfur,explosions/remote violence,Air/drone strike,3,10,317752,Political violence,3108,11.2299,26.3972
2024-09-07T00:00:00Z,Northern Africa,Sudan,Khartoum,battles,Armed clash,29,40,1604778,Political violence,3111,15.915,33.1352
2024-09-07T00:00:00Z,Northern Africa,Sudan,Khartoum,explosions/remote violence,Air/drone strike,24,23,1974103,Political violence,3111,15.915,33.1352
2024-09-07T00:00:00Z,Northern Africa,Sudan,Khartoum,explosions/remote violence,Shelling/artillery/missile attack,12,31,853050,Political violence,3111,15.915,33.1352
2024-09-07T00:00:00Z,Northern Africa,Sudan,Khartoum,violence against civilians,Attack,5,6,258195,Political violence,3111,15.915,33.1352
2024-09-07T00:00:00Z,Northern Africa,Sudan,North Darfur,battles,Armed clash,7,111,647388,Political violence,3112,15.8601,25.5013
2024-09-07T00:00:00Z,Northern Africa,Sudan,North Darfur,explosions/remote violence,Air/drone strike,6,14,844495,Political violence,3112,15.8601,25.5013
2024-09-07T00:00:00Z,Northern Africa,Sudan,North Darfur,violence against civilians,Attack,1,1,302,Political violence,3112,15.8601,25.5013
2024-09-07T00:00:00Z,Northern Africa,Sudan,North Kordofan,battles,Armed clash,2,11,554000,Political violence,3113,14.3894,29.437
2024-09-07T00:00:00Z,Northern Africa,Sudan,North Kordofan,explosions/remote violence,Shelling/artillery/missile attack,1,1,554000,Political violence,3113,14.3894,29.437
2024-09-07T00:00:00Z,Northern Africa,Sudan,Sennar,battles,Armed clash,1,20,234860,Political violence,3117,12.9093,34.0815
2024-09-07T00:00:00Z,Northern Africa,Sudan,Sennar,explosions/remote violence,Air/drone strike,5,16,247918,Political violence,3117,12.9093,34.0815
2024-09-07T00:00:00Z,Northern Africa,Sudan,Sennar,explosions/remote violence,Shelling/artillery/missile attack,2,10,234860,Political violence,3117,12.9093,34.0815
2024-09-07T00:00:00Z,Northern Africa,Sudan,Sennar,violence against civilians,Attack,2,2,184701,Political violence,3117,12.9093,34.0815
2024-09-07T00:00:00Z,Northern Africa,Sudan,South Darfur,battles,Armed clash,3,10,1773478,Political violence,3118,10.9002,24.3019
2024-09-07T00:00:00Z,Northern Africa,Sudan,West Kordofan,battles,Armed clash,1,3,21803,Political violence,3121,11.8686,28.2211
2024-09-07T00:00:00Z,Northern Africa,Sudan,West Kordofan,violence against civilians,Attack,1,1,21803,Political violence,3121,11.8686,28.2211
2024-09-14T00:00:00Z,Northern Africa,Sudan,Al Jazirah,battles,Armed clash,4,110,153646,Political violence,3105,14.6593,33.2294
2024-09-14T00:00:00Z,Northern Africa,Sudan,Al Jazirah,violence against civilians,Attack,22,38,718816,Political violence,3105,14.6593,33.2294
2024-09-14T00:00:00Z,Northern Africa,Sudan,Central Darfur,violence against civilians,Attack,1,1,77736,Political violence,3107,12.3084,23.2341
2024-09-14T00:00:00Z,Northern Africa,Sudan,Khartoum,battles,Armed clash,16,6,969074,Political violence,3111,15.915,33.1352
2024-09-14T00:00:00Z,Northern Africa,Sudan,Khartoum,explosions/remote violence,Air/drone strike,16,45,1358631,Political violence,3111,15.915,33.1352
2024-09-14T00:00:00Z,Northern Africa,Sudan,Khartoum,explosions/remote violence,Remote explosive/landmine/IED,1,3,11253,Political violence,3111,15.915,33.1352
2024-09-14T00:00:00Z,Northern Africa,Sudan,Khartoum,explosions/remote violence,Shelling/artillery/missile attack,17,5,682903,Political violence,3111,15.915,33.1352
2024-09-14T00:00:00Z,Northern Africa,Sudan,Khartoum,violence against civilians,Attack,5,7,200406,Political violence,3111,15.915,33.1352
2024-09-14T00:00:00Z,Northern Africa,Sudan,North Darfur,battles,Armed clash,5,57,639557,Political violence,3112,15.8601,25.5013
2024-09-14T00:00:00Z,Northern Africa,Sudan,North Darfur,explosions/remote violence,Air/drone strike,4,16,655625,Political violence,3112,15.8601,25.5013
2024-09-14T00:00:00Z,Northern Africa,Sudan,North Darfur,explosions/remote violence,Shelling/artillery/missile attack,3,2,709601,Political violence,3112,15.8601,25.5013
2024-09-14T00:00:00Z,Northern Africa,Sudan,North Darfur,violence against civilians,Attack,2,3,113643,Political violence,3112,15.8601,25.5013
2024-09-14T00:00:00Z,Northern Africa,Sudan,North Kordofan,battles,Armed clash,3,15,134074,Political violence,3113,14.3894,29.437
2024-09-14T00:00:00Z,Northern Africa,Sudan,Sennar,battles,Armed clash,3,17,319584,Political violence,3117,12.9093,34.0815
2024-09-14T00:00:00Z,Northern Africa,Sudan,Sennar,explosions/remote violence,Air/drone strike,2,10,44277,Political violence,3117,12.9093,34.0815
2024-09-14T00:00:00Z,Northern Africa,Sudan,Sennar,violence against civilians,Attack,1,4,5286,Political violence,3117,12.9093,34.0815
2024-09-14T00:00:00Z,Northern Africa,Sudan,South Darfur,battles,Armed clash,1,8,1463773,Political violence,3118,10.9002,24.3019
2024-09-14T00:00:00Z,Northern Africa,Sudan,West Kordofan,strategic developments,Disrupted weapons use,1,1,NA,Strategic developments,3121,11.8686,28.2211
2024-09-14T00:00:00Z,Northern Africa,Sudan,White Nile,violence against civilians,Attack,2,2,229379,Political violence,3122,13.5895,32.3521
2024-09-21T00:00:00Z,Northern Africa,Sudan,Al Jazirah,battles,Armed clash,5,11,54967,Political violence,3105,14.6593,33.2294
2024-09-21T00:00:00Z,Northern Africa,Sudan,Al Jazirah,explosions/remote violence,Air/drone strike,5,10,812797,Political violence,3105,14.6593,33.2294
2024-09-21T00:00:00Z,Northern Africa,Sudan,Al Jazirah,violence against civilians,Attack,8,10,597916,Political violence,3105,14.6593,33.2294
2024-09-21T00:00:00Z,Northern Africa,Sudan,East Darfur,battles,Armed clash,1,1,16492,Political violence,3108,11.2299,26.3972
2024-09-21T00:00:00Z,Northern Africa,Sudan,East Darfur,violence against civilians,Attack,1,1,317752,Political violence,3108,11.2299,26.3972
2024-09-21T00:00:00Z,Northern Africa,Sudan,Khartoum,battles,Armed clash,25,36,1123181,Political violence,3111,15.915,33.1352
2024-09-21T00:00:00Z,Northern Africa,Sudan,Khartoum,battles,Government regains territory,4,9,254107,Political violence,3111,15.915,33.1352
2024-09-21T00:00:00Z,Northern Africa,Sudan,Khartoum,explosions/remote violence,Air/drone strike,25,24,1420036,Political violence,3111,15.915,33.1352
2024-09-21T00:00:00Z,Northern Africa,Sudan,Khartoum,explosions/remote violence,Shelling/artillery/missile attack,17,43,844445,Political violence,3111,15.915,33.1352
2024-09-21T00:00:00Z,Northern Africa,Sudan,Khartoum,violence against civilians,Attack,6,6,308234,Political violence,3111,15.915,33.1352
2024-09-21T00:00:00Z,Northern Africa,Sudan,North Darfur,battles,Armed clash,7,212,639557,Political violence,3112,15.8601,25.5013
2024-09-21T00:00:00Z,Northern Africa,Sudan,North Darfur,explosions/remote violence,Air/drone strike,6,8,160277,Political violence,3112,15.8601,25.5013
2024-09-21T00:00:00Z,Northern Africa,Sudan,North Darfur,violence against civilians,Attack,1,1,10417,Political violence,3112,15.8601,25.5013
2024-09-21T00:00:00Z,Northern Africa,Sudan,North Darfur,violence against civilians,Sexual violence,1,2,2652,Political violence,3112,15.8601,25.5013
2024-09-21T00:00:00Z,Northern Africa,Sudan,North Kordofan,battles,Armed clash,3,13,134074,Political violence,3113,14.3894,29.437
2024-09-21T00:00:00Z,Northern Africa,Sudan,North Kordofan,explosions/remote violence,Shelling/artillery/missile attack,1,1,554000,Political violence,3113,14.3894,29.437
2024-09-21T00:00:00Z,Northern Africa,Sudan,North Kordofan,violence against civilians,Attack,2,4,136590,Political violence,3113,14.3894,29.437
2024-09-21T00:00:00Z,Northern Africa,Sudan,River Nile,explosions/remote violence,Air/drone strike,3,1,134369,Political violence,3116,18.8347,33.1231
2024-09-21T00:00:00Z,Northern Africa,Sudan,Sennar,violence against civilians,Attack,1,1,12261,Political violence,3117,12.9093,34.0815
2024-09-21T00:00:00Z,Northern Africa,Sudan,South Darfur,battles,Armed clash,1,2,1463773,Political violence,3118,10.9002,24.3019
2024-09-21T00:00:00Z,Northern Africa,Sudan,South Darfur,violence against civilians,Attack,3,3,1463773,Political violence,3118,10.9002,24.3019
2024-09-21T00:00:00Z,Northern Africa,Sudan,West Kordofan,violence against civilians,Attack,1,9,1607,Political violence,3121,11.8686,28.2211
2024-09-21T00:00:00Z,Northern Africa,Sudan,White Nile,violence against civilians,Attack,1,1,6137,Political violence,3122,13.5895,32.3521
2024-09-28T00:00:00Z,Northern Africa,Sudan,Al Jazirah,violence against civilians,Attack,4,4,71753,Political violence,3105,14.6593,33.2294
2024-09-28T00:00:00Z,Northern Africa,Sudan,Blue Nile,violence against civilians,Attack,1,2,3249,Political violence,3106,11.0079,34.0954
2024-09-28T00:00:00Z,Northern Africa,Sudan,East Darfur,violence against civilians,Attack,2,4,19223,Political violence,3108,11.2299,26.3972
2024-09-28T00:00:00Z,Northern Africa,Sudan,Khartoum,battles,Armed clash,34,37,1584573,Political violence,3111,15.915,33.1352
2024-09-28T00:00:00Z,Northern Africa,Sudan,Khartoum,battles,Government regains territory,7,1,326438,Political violence,3111,15.915,33.1352
2024-09-28T00:00:00Z,Northern Africa,Sudan,Khartoum,explosions/remote violence,Air/drone strike,27,28,1210365,Political violence,3111,15.915,33.1352
2024-09-28T00:00:00Z,Northern Africa,Sudan,Khartoum,explosions/remote violence,Shelling/artillery/missile attack,14,24,801561,Political violence,3111,15.915,33.1352
2024-09-28T00:00:00Z,Northern Africa,Sudan,Khartoum,violence against civilians,Attack,5,22,280785,Political violence,3111,15.915,33.1352
2024-09-28T00:00:00Z,Northern Africa,Sudan,North Darfur,battles,Armed clash,17,564,731355,Political violence,3112,15.8601,25.5013
2024-09-28T00:00:00Z,Northern Africa,Sudan,North Darfur,battles,Non-state actor overtakes territory,2,10,530,Political violence,3112,15.8601,25.5013
2024-09-28T00:00:00Z,Northern Africa,Sudan,North Darfur,explosions/remote violence,Air/drone strike,9,130,808619,Political violence,3112,15.8601,25.5013
2024-09-28T00:00:00Z,Northern Africa,Sudan,North Darfur,violence against civilians,Attack,11,19,717813,Political violence,3112,15.8601,25.5013
2024-09-28T00:00:00Z,Northern Africa,Sudan,River Nile,battles,Armed clash,3,10,139257,Political violence,3116,18.8347,33.1231
2024-09-28T00:00:00Z,Northern Africa,Sudan,River Nile,battles,Non-state actor overtakes territory,1,12,4888,Political violence,3116,18.8347,33.1231
2024-09-28T00:00:00Z,Northern Africa,Sudan,Sennar,violence against civilians,Attack,4,7,169027,Political violence,3117,12.9093,34.0815
2024-09-28T00:00:00Z,Northern Africa,Sudan,South Darfur,violence against civilians,Attack,2,2,1463773,Political violence,3118,10.9002,24.3019
2024-09-28T00:00:00Z,Northern Africa,Sudan,South Kordofan,violence against civilians,Attack,1,1,13655,Political violence,3119,11.2289,30.914
2024-09-28T00:00:00Z,Northern Africa,Sudan,West Darfur,battles,Armed clash,5,30,465433,Political violence,3120,13.5081,22.7026
2024-09-28T00:00:00Z,Northern Africa,Sudan,West Darfur,battles,Government regains territory,1,10,12575,Political violence,3120,13.5081,22.7026
2024-09-28T00:00:00Z,Northern Africa,Sudan,West Darfur,battles,Non-state actor overtakes territory,3,13,22793,Political violence,3120,13.5081,22.7026
2024-09-28T00:00:00Z,Northern Africa,Sudan,West Darfur,violence against civilians,Attack,1,1,453,Political violence,3120,13.5081,22.7026
2024-10-05T00:00:00Z,Northern Africa,Sudan,Abyei,violence against civilians,Attack,2,1,2890,Political violence,3104,9.7332,28.4712
2024-10-05T00:00:00Z,Northern Africa,Sudan,Al Jazirah,explosions/remote violence,Air/drone strike,6,28,170600,Political violence,3105,14.6593,33.2294
2024-10-05T00:00:00Z,Northern Africa,Sudan,Al Jazirah,violence against civilians,Attack,5,16,215980,Political violence,3105,14.6593,33.2294
2024-10-05T00:00:00Z,Northern Africa,Sudan,Blue Nile,battles,Government regains territory,1,10,7146,Political violence,3106,11.0079,34.0954
2024-10-05T00:00:00Z,Northern Africa,Sudan,Central Darfur,violence against civilians,Attack,3,3,117277,Political violence,3107,12.3084,23.2341
2024-10-05T00:00:00Z,Northern Africa,Sudan,Central Darfur,violence against civilians,Sexual violence,1,1,30779,Political violence,3107,12.3084,23.2341
2024-10-05T00:00:00Z,Northern Africa,Sudan,Khartoum,battles,Armed clash,16,1,540952,Political violence,3111,15.915,33.1352
2024-10-05T00:00:00Z,Northern Africa,Sudan,Khartoum,explosions/remote violence,Air/drone strike,17,7,361240,Political violence,3111,15.915,33.1352
2024-10-05T00:00:00Z,Northern Africa,Sudan,Khartoum,explosions/remote violence,Shelling/artillery/missile attack,14,3,939217,Political violence,3111,15.915,33.1352
2024-10-05T00:00:00Z,Northern Africa,Sudan,Khartoum,violence against civilians,Attack,1,1,88222,Political violence,3111,15.915,33.1352
2024-10-05T00:00:00Z,Northern Africa,Sudan,North Darfur,battles,Armed clash,7,22,711718,Political violence,3112,15.8601,25.5013
2024-10-05T00:00:00Z,Northern Africa,Sudan,North Darfur,explosions/remote violence,Air/drone strike,5,21,730852,Political violence,3112,15.8601,25.5013
2024-10-05T00:00:00Z,Northern Africa,Sudan,North Darfur,explosions/remote violence,Shelling/artillery/missile attack,1,2,639557,Political violence,3112,15.8601,25.5013
2024-10-05T00:00:00Z,Northern Africa,Sudan,North Darfur,violence against civilians,Attack,15,26,394229,Political violence,3112,15.8601,25.5013
2024-10-05T00:00:00Z,Northern Africa,Sudan,North Kordofan,battles,Armed clash,1,16,554000,Political violence,3113,14.3894,29.437
2024-10-05T00:00:00Z,Northern Africa,Sudan,North Kordofan,explosions/remote violence,Air/drone strike,3,33,14977,Political violence,3113,14.3894,29.437
2024-10-05T00:00:00Z,Northern Africa,Sudan,North Kordofan,violence against civilians,Attack,1,19,1086,Political violence,3113,14.3894,29.437
2024-10-05T00:00:00Z,Northern Africa,Sudan,Sennar,battles,Armed clash,3,3,21642,Political violence,3117,12.9093,34.0815
2024-10-05T00:00:00Z,Northern Africa,Sudan,Sennar,battles,Government regains territory,2,110,15915,Political violence,3117,12.9093,34.0815
2024-10-05T00:00:00Z,Northern Africa,Sudan,South Darfur,violence against civilians,Attack,1,1,1463773,Political violence,3118,10.9002,24.3019
2024-10-05T00:00:00Z,Northern Africa,Sudan,South Kordofan,explosions/remote violence,Remote explosive/landmine/IED,1,1,6016,Political violence,3119,11.2289,30.914
2024-10-05T00:00:00Z,Northern Africa,Sudan,South Kordofan,violence against civilians,Attack,2,16,7019,Political violence,3119,11.2289,30.914
2024-10-05T00:00:00Z,Northern Africa,Sudan,West Kordofan,battles,Non-state actor overtakes territory,1,37,4412,Political violence,3121,11.8686,28.2211
2024-10-05T00:00:00Z,Northern Africa,Sudan,West Kordofan,explosions/remote violence,Air/drone strike,1,1,17693,Political violence,3121,11.8686,28.2211
2024-10-05T00:00:00Z,Northern Africa,Sudan,White Nile,violence against civilians,Attack,1,1,86547,Political violence,3122,13.5895,32.3521
2024-10-12T00:00:00Z,Northern Africa,Sudan,Al Jazirah,battles,Armed clash,3,11,48559,Political violence,3105,14.6593,33.2294
2024-10-12T00:00:00Z,Northern Africa,Sudan,Al Jazirah,explosions/remote violence,Shelling/artillery/missile attack,2,3,17311,Political violence,3105,14.6593,33.2294
2024-10-12T00:00:00Z,Northern Africa,Sudan,Al Jazirah,violence against civilians,Attack,10,21,34806,Political violence,3105,14.6593,33.2294
2024-10-12T00:00:00Z,Northern Africa,Sudan,Khartoum,battles,Armed clash,20,50,425803,Political violence,3111,15.915,33.1352
2024-10-12T00:00:00Z,Northern Africa,Sudan,Khartoum,explosions/remote violence,Air/drone strike,25,27,1539082,Political violence,3111,15.915,33.1352
2024-10-12T00:00:00Z,Northern Africa,Sudan,Khartoum,explosions/remote violence,Remote explosive/landmine/IED,1,14,71220,Political violence,3111,15.915,33.1352
2024-10-12T00:00:00Z,Northern Africa,Sudan,Khartoum,explosions/remote violence,Shelling/artillery/missile attack,15,1,1217776,Political violence,3111,15.915,33.1352
2024-10-12T00:00:00Z,Northern Africa,Sudan,Khartoum,violence against civilians,Attack,5,7,473719,Political violence,3111,15.915,33.1352
2024-10-12T00:00:00Z,Northern Africa,Sudan,North Darfur,battles,Armed clash,12,67,674299,Political violence,3112,15.8601,25.5013
2024-10-12T00:00:00Z,Northern Africa,Sudan,North Darfur,explosions/remote violence,Shelling/artillery/missile attack,6,22,70044,Political violence,3112,15.8601,25.5013
2024-10-12T00:00:00Z,Northern Africa,Sudan,North Darfur,violence against civilians,Attack,11,6,147841,Political violence,3112,15.8601,25.5013
2024-10-12T00:00:00Z,Northern Africa,Sudan,North Kordofan,explosions/remote violence,Air/drone strike,1,3,12230,Political violence,3113,14.3894,29.437
2024-10-12T00:00:00Z,Northern Africa,Sudan,River Nile,explosions/remote violence,Air/drone strike,1,3,9172,Political violence,3116,18.8347,33.1231
2024-10-12T00:00:00Z,Northern Africa,Sudan,River Nile,violence against civilians,Attack,2,1,9172,Political violence,3116,18.8347,33.1231
2024-10-12T00:00:00Z,Northern Africa,Sudan,Sennar,explosions/remote violence,Air/drone strike,4,13,53600,Political violence,3117,12.9093,34.0815
2024-10-12T00:00:00Z,Northern Africa,Sudan,Sennar,violence against civilians,Attack,2,2,13394,Political violence,3117,12.9093,34.0815
2024-10-12T00:00:00Z,Northern Africa,Sudan,South Darfur,battles,Armed clash,2,10,1514086,Political violence,3118,10.9002,24.3019
2024-10-12T00:00:00Z,Northern Africa,Sudan,South Darfur,violence against civilians,Attack,3,6,20626,Political violence,3118,10.9002,24.3019
2024-10-12T00:00:00Z,Northern Africa,Sudan,West Darfur,battles,Armed clash,5,46,18991,Political violence,3120,13.5081,22.7026
2024-10-12T00:00:00Z,Northern Africa,Sudan,West Darfur,explosions/remote violence,Air/drone strike,3,15,441144,Political violence,3120,13.5081,22.7026
2024-10-12T00:00:00Z,Northern Africa,Sudan,West Kordofan,strategic developments,Disrupted weapons use,1,1,NA,Strategic developments,3121,11.8686,28.2211
2024-10-12T00:00:00Z,Northern Africa,Sudan,West Kordofan,violence against civilians,Attack,1,5,882,Political violence,3121,11.8686,28.2211
2024-10-19T00:00:00Z,Northern Africa,Sudan,Al Jazirah,battles,Armed clash,8,891,127019,Political violence,3105,14.6593,33.2294
2024-10-19T00:00:00Z,Northern Africa,Sudan,Al Jazirah,battles,Non-state actor overtakes territory,2,53,14899,Political violence,3105,14.6593,33.2294
2024-10-19T00:00:00Z,Northern Africa,Sudan,Al Jazirah,explosions/remote violence,Air/drone strike,3,34,414942,Political violence,3105,14.6593,33.2294
2024-10-19T00:00:00Z,Northern Africa,Sudan,Al Jazirah,explosions/remote violence,Shelling/artillery/missile attack,5,46,71889,Political violence,3105,14.6593,33.2294
2024-10-19T00:00:00Z,Northern Africa,Sudan,Al Jazirah,violence against civilians,Attack,65,146,635080,Political violence,3105,14.6593,33.2294
2024-10-19T00:00:00Z,Northern Africa,Sudan,Al Jazirah,violence against civilians,Sexual violence,4,5,143288,Political violence,3105,14.6593,33.2294
2024-10-19T00:00:00Z,Northern Africa,Sudan,Blue Nile,battles,Armed clash,1,10,15385,Political violence,3106,11.0079,34.0954
2024-10-19T00:00:00Z,Northern Africa,Sudan,Central Darfur,violence against civilians,Attack,4,2,108437,Political violence,3107,12.3084,23.2341
2024-10-19T00:00:00Z,Northern Africa,Sudan,Khartoum,battles,Armed clash,13,4,786840,Political violence,3111,15.915,33.1352
2024-10-19T00:00:00Z,Northern Africa,Sudan,Khartoum,explosions/remote violence,Air/drone strike,18,20,857123,Political violence,3111,15.915,33.1352
2024-10-19T00:00:00Z,Northern Africa,Sudan,Khartoum,explosions/remote violence,Shelling/artillery/missile attack,7,7,545754,Political violence,3111,15.915,33.1352
2024-10-19T00:00:00Z,Northern Africa,Sudan,North Darfur,battles,Armed clash,9,43,709601,Political violence,3112,15.8601,25.5013
2024-10-19T00:00:00Z,Northern Africa,Sudan,North Darfur,explosions/remote violence,Air/drone strike,2,3,89512,Political violence,3112,15.8601,25.5013
2024-10-19T00:00:00Z,Northern Africa,Sudan,North Darfur,explosions/remote violence,Shelling/artillery/missile attack,1,5,15209,Political violence,3112,15.8601,25.5013
2024-10-19T00:00:00Z,Northern Africa,Sudan,North Darfur,violence against civilians,Attack,2,72,62064,Political violence,3112,15.8601,25.5013
2024-10-19T00:00:00Z,Northern Africa,Sudan,North Kordofan,violence against civilians,Attack,3,7,688541,Political violence,3113,14.3894,29.437
2024-10-19T00:00:00Z,Northern Africa,Sudan,Sennar,battles,Government regains territory,2,10,37573,Political violence,3117,12.9093,34.0815
2024-10-19T00:00:00Z,Northern Africa,Sudan,Sennar,violence against civilians,Attack,1,120,33443,Political violence,3117,12.9093,34.0815
2024-10-19T00:00:00Z,Northern Africa,Sudan,South Darfur,violence against civilians,Attack,1,2,3063,Political violence,3118,10.9002,24.3019
2024-10-19T00:00:00Z,Northern Africa,Sudan,West Darfur,battles,Non-state actor overtakes territory,1,22,12575,Political violence,3120,13.5081,22.7026
2024-10-19T00:00:00Z,Northern Africa,Sudan,West Darfur,violence against civilians,Attack,1,1,29840,Political violence,3120,13.5081,22.7026
2024-10-19T00:00:00Z,Northern Africa,Sudan,White Nile,violence against civilians,Attack,2,11,89806,Political violence,3122,13.5895,32.3521
2024-10-26T00:00:00Z,Northern Africa,Sudan,Al Jazirah,battles,Armed clash,2,56,12080,Political violence,3105,14.6593,33.2294
2024-10-26T00:00:00Z,Northern Africa,Sudan,Al Jazirah,violence against civilians,Attack,31,109,408209,Political violence,3105,14.6593,33.2294
2024-10-26T00:00:00Z,Northern Africa,Sudan,Al Jazirah,violence against civilians,Sexual violence,1,5,62170,Political violence,3105,14.6593,33.2294
2024-10-26T00:00:00Z,Northern Africa,Sudan,Central Darfur,violence against civilians,Attack,2,2,8881,Political violence,3107,12.3084,23.2341
2024-10-26T00:00:00Z,Northern Africa,Sudan,Central Darfur,violence against civilians,Sexual violence,2,2,83851,Political violence,3107,12.3084,23.2341
2024-10-26T00:00:00Z,Northern Africa,Sudan,East Darfur,violence against civilians,Attack,1,1,317752,Political violence,3108,11.2299,26.3972
2024-10-26T00:00:00Z,Northern Africa,Sudan,Khartoum,battles,Armed clash,14,16,529668,Political violence,3111,15.915,33.1352
2024-10-26T00:00:00Z,Northern Africa,Sudan,Khartoum,explosions/remote violence,Air/drone strike,9,2,867418,Political violence,3111,15.915,33.1352
2024-10-26T00:00:00Z,Northern Africa,Sudan,Khartoum,explosions/remote violence,Shelling/artillery/missile attack,8,3,666596,Political violence,3111,15.915,33.1352
2024-10-26T00:00:00Z,Northern Africa,Sudan,Khartoum,violence against civilians,Attack,1,2,22541,Political violence,3111,15.915,33.1352
2024-10-26T00:00:00Z,Northern Africa,Sudan,North Darfur,battles,Armed clash,7,142,639557,Political violence,3112,15.8601,25.5013
2024-10-26T00:00:00Z,Northern Africa,Sudan,North Darfur,explosions/remote violence,Air/drone strike,2,2,105580,Political violence,3112,15.8601,25.5013
2024-10-26T00:00:00Z,Northern Africa,Sudan,North Darfur,explosions/remote violence,Shelling/artillery/missile attack,2,12,70044,Political violence,3112,15.8601,25.5013
2024-10-26T00:00:00Z,Northern Africa,Sudan,North Darfur,violence against civilians,Attack,33,14,77138,Political violence,3112,15.8601,25.5013
2024-10-26T00:00:00Z,Northern Africa,Sudan,North Darfur,violence against civilians,Sexual violence,1,1,1260,Political violence,3112,15.8601,25.5013
2024-10-26T00:00:00Z,Northern Africa,Sudan,North Kordofan,violence against civilians,Attack,1,1,130,Political violence,3113,14.3894,29.437
2024-10-26T00:00:00Z,Northern Africa,Sudan,Sennar,violence against civilians,Attack,2,13,16018,Political violence,3117,12.9093,34.0815
2024-10-26T00:00:00Z,Northern Africa,Sudan,West Kordofan,violence against civilians,Attack,2,20,2573,Political violence,3121,11.8686,28.2211
2024-10-26T00:00:00Z,Northern Africa,Sudan,White Nile,violence against civilians,Attack,1,9,78183,Political violence,3122,13.5895,32.3521
2024-11-02T00:00:00Z,Northern Africa,Sudan,Abyei,battles,Armed clash,1,1,23124,Political violence,3104,9.7332,28.4712
2024-11-02T00:00:00Z,Northern Africa,Sudan,Abyei,violence against civilians,Attack,2,2,1700,Political violence,3104,9.7332,28.4712
2024-11-02T00:00:00Z,Northern Africa,Sudan,Al Jazirah,battles,Armed clash,2,8,56866,Political violence,3105,14.6593,33.2294
2024-11-02T00:00:00Z,Northern Africa,Sudan,Al Jazirah,violence against civilians,Attack,30,97,538923,Political violence,3105,14.6593,33.2294
2024-11-02T00:00:00Z,Northern Africa,Sudan,Al Jazirah,violence against civilians,Sexual violence,3,13,71318,Political violence,3105,14.6593,33.2294
2024-11-02T00:00:00Z,Northern Africa,Sudan,Central Darfur,violence against civilians,Attack,3,2,132986,Political violence,3107,12.3084,23.2341
2024-11-02T00:00:00Z,Northern Africa,Sudan,Gedaref,battles,Armed clash,1,20,1983,Political violence,3109,14.2138,35.0222
2024-11-02T00:00:00Z,Northern Africa,Sudan,Gedaref,violence against civilians,Attack,1,6,1983,Political violence,3109,14.2138,35.0222
2024-11-02T00:00:00Z,Northern Africa,Sudan,Khartoum,battles,Armed clash,5,11,439780,Political violence,3111,15.915,33.1352
2024-11-02T00:00:00Z,Northern Africa,Sudan,Khartoum,explosions/remote violence,Air/drone strike,13,62,1815404,Political violence,3111,15.915,33.1352
2024-11-02T00:00:00Z,Northern Africa,Sudan,Khartoum,explosions/remote violence,Shelling/artillery/missile attack,7,1,815844,Political violence,3111,15.915,33.1352
2024-11-02T00:00:00Z,Northern Africa,Sudan,Khartoum,violence against civilians,Attack,3,3,222158,Political violence,3111,15.915,33.1352
2024-11-02T00:00:00Z,Northern Africa,Sudan,North Darfur,battles,Armed clash,6,51,642046,Political violence,3112,15.8601,25.5013
2024-11-02T00:00:00Z,Northern Africa,Sudan,North Darfur,explosions/remote violence,Air/drone strike,6,32,862792,Political violence,3112,15.8601,25.5013
2024-11-02T00:00:00Z,Northern Africa,Sudan,North Darfur,explosions/remote violence,Shelling/artillery/missile attack,3,2,709601,Political violence,3112,15.8601,25.5013
2024-11-02T00:00:00Z,Northern Africa,Sudan,North Darfur,violence against civilians,Attack,4,15,62474,Political violence,3112,15.8601,25.5013
2024-11-02T00:00:00Z,Northern Africa,Sudan,North Kordofan,violence against civilians,Attack,1,1,89170,Political violence,3113,14.3894,29.437
2024-11-02T00:00:00Z,Northern Africa,Sudan,Sennar,violence against civilians,Attack,4,16,199947,Political violence,3117,12.9093,34.0815
2024-11-02T00:00:00Z,Northern Africa,Sudan,South Darfur,violence against civilians,Attack,3,3,1504837,Political violence,3118,10.9002,24.3019
2024-11-02T00:00:00Z,Northern Africa,Sudan,West Kordofan,battles,Armed clash,2,14,157523,Political violence,3121,11.8686,28.2211
2024-11-02T00:00:00Z,Northern Africa,Sudan,White Nile,violence against civilians,Attack,1,1,180566,Political violence,3122,13.5895,32.3521
2024-11-09T00:00:00Z,Northern Africa,Sudan,Abyei,violence against civilians,Attack,1,4,23124,Political violence,3104,9.7332,28.4712
2024-11-09T00:00:00Z,Northern Africa,Sudan,Al Jazirah,battles,Armed clash,1,14,6098,Political violence,3105,14.6593,33.2294
2024-11-09T00:00:00Z,Northern Africa,Sudan,Al Jazirah,explosions/remote violence,Shelling/artillery/missile attack,2,10,252641,Political violence,3105,14.6593,33.2294
2024-11-09T00:00:00Z,Northern Africa,Sudan,Al Jazirah,violence against civilians,Attack,18,106,197410,Political violence,3105,14.6593,33.2294
2024-11-09T00:00:00Z,Northern Africa,Sudan,East Darfur,violence against civilians,Attack,1,2,317752,Political violence,3108,11.2299,26.3972
2024-11-09T00:00:00Z,Northern Africa,Sudan,Khartoum,battles,Armed clash,11,6,495736,Political violence,3111,15.915,33.1352
2024-11-09T00:00:00Z,Northern Africa,Sudan,Khartoum,explosions/remote violence,Shelling/artillery/missile attack,9,1,368521,Political violence,3111,15.915,33.1352
2024-11-09T00:00:00Z,Northern Africa,Sudan,Khartoum,violence against civilians,Attack,8,13,525375,Political violence,3111,15.915,33.1352
2024-11-09T00:00:00Z,Northern Africa,Sudan,North Darfur,battles,Armed clash,10,156,692169,Political violence,3112,15.8601,25.5013
2024-11-09T00:00:00Z,Northern Africa,Sudan,North Darfur,explosions/remote violence,Air/drone strike,8,58,891788,Political violence,3112,15.8601,25.5013
2024-11-09T00:00:00Z,Northern Africa,Sudan,North Darfur,explosions/remote violence,Shelling/artillery/missile attack,6,17,709601,Political violence,3112,15.8601,25.5013
2024-11-09T00:00:00Z,Northern Africa,Sudan,North Darfur,violence against civilians,Attack,5,31,655132,Political violence,3112,15.8601,25.5013
2024-11-09T00:00:00Z,Northern Africa,Sudan,Sennar,violence against civilians,Attack,1,2,234860,Political violence,3117,12.9093,34.0815
2024-11-09T00:00:00Z,Northern Africa,Sudan,South Darfur,explosions/remote violence,Air/drone strike,3,15,1521321,Political violence,3118,10.9002,24.3019
2024-11-09T00:00:00Z,Northern Africa,Sudan,South Darfur,violence against civilians,Attack,3,4,18279,Political violence,3118,10.9002,24.3019
2024-11-09T00:00:00Z,Northern Africa,Sudan,South Kordofan,explosions/remote violence,Remote explosive/landmine/IED,1,2,3467,Political violence,3119,11.2289,30.914
2024-11-16T00:00:00Z,Northern Africa,Sudan,Al Jazirah,battles,Armed clash,4,15,25359,Political violence,3105,14.6593,33.2294
2024-11-16T00:00:00Z,Northern Africa,Sudan,Al Jazirah,explosions/remote violence,Air/drone strike,3,3,34430,Political violence,3105,14.6593,33.2294
2024-11-16T00:00:00Z,Northern Africa,Sudan,Al Jazirah,violence against civilians,Attack,12,48,225312,Political violence,3105,14.6593,33.2294
2024-11-16T00:00:00Z,Northern Africa,Sudan,Blue Nile,violence against civilians,Attack,4,120,48490,Political violence,3106,11.0079,34.0954
2024-11-16T00:00:00Z,Northern Africa,Sudan,East Darfur,battles,Armed clash,1,10,43863,Political violence,3108,11.2299,26.3972
2024-11-16T00:00:00Z,Northern Africa,Sudan,East Darfur,violence against civilians,Attack,1,1,317752,Political violence,3108,11.2299,26.3972
2024-11-16T00:00:00Z,Northern Africa,Sudan,Gedaref,battles,Armed clash,1,3,1983,Political violence,3109,14.2138,35.0222
2024-11-16T00:00:00Z,Northern Africa,Sudan,Gedaref,explosions/remote violence,Shelling/artillery/missile attack,2,5,23110,Political violence,3109,14.2138,35.0222
2024-11-16T00:00:00Z,Northern Africa,Sudan,Khartoum,explosions/remote violence,Air/drone strike,7,50,1422029,Political violence,3111,15.915,33.1352
2024-11-16T00:00:00Z,Northern Africa,Sudan,Khartoum,explosions/remote violence,Shelling/artillery/missile attack,8,5,519539,Political violence,3111,15.915,33.1352
2024-11-16T00:00:00Z,Northern Africa,Sudan,Khartoum,violence against civilians,Attack,3,5,353506,Political violence,3111,15.915,33.1352
2024-11-16T00:00:00Z,Northern Africa,Sudan,North Darfur,battles,Armed clash,12,299,718297,Political violence,3112,15.8601,25.5013
2024-11-16T00:00:00Z,Northern Africa,Sudan,North Darfur,explosions/remote violence,Air/drone strike,8,26,858780,Political violence,3112,15.8601,25.5013
2024-11-16T00:00:00Z,Northern Africa,Sudan,North Darfur,explosions/remote violence,Shelling/artillery/missile attack,3,4,710439,Political violence,3112,15.8601,25.5013
2024-11-16T00:00:00Z,Northern Africa,Sudan,North Darfur,violence against civilians,Attack,6,10,148952,Political violence,3112,15.8601,25.5013
2024-11-16T00:00:00Z,Northern Africa,Sudan,Sennar,battles,Government regains territory,3,10,186135,Political violence,3117,12.9093,34.0815
2024-11-16T00:00:00Z,Northern Africa,Sudan,Sennar,strategic developments,Disrupted weapons use,1,9,NA,Strategic developments,3117,12.9093,34.0815
2024-11-16T00:00:00Z,Northern Africa,Sudan,Sennar,violence against civilians,Attack,2,2,23659,Political violence,3117,12.9093,34.0815
2024-11-16T00:00:00Z,Northern Africa,Sudan,South Darfur,battles,Armed clash,2,10,90750,Political violence,3118,10.9002,24.3019
2024-11-16T00:00:00Z,Northern Africa,Sudan,South Darfur,explosions/remote violence,Air/drone strike,1,50,1463773,Political violence,3118,10.9002,24.3019
2024-11-16T00:00:00Z,Northern Africa,Sudan,South Darfur,violence against civilians,Attack,3,4,68438,Political violence,3118,10.9002,24.3019
2024-11-16T00:00:00Z,Northern Africa,Sudan,South Kordofan,violence against civilians,Attack,1,2,172777,Political violence,3119,11.2289,30.914
2024-11-16T00:00:00Z,Northern Africa,Sudan,West Darfur,violence against civilians,Attack,2,1,7668,Political violence,3120,13.5081,22.7026
2024-11-16T00:00:00Z,Northern Africa,Sudan,White Nile,violence against civilians,Attack,2,11,184354,Political violence,3122,13.5895,32.3521
2024-11-23T00:00:00Z,Northern Africa,Sudan,Al Jazirah,explosions/remote violence,Air/drone strike,4,8,345736,Political violence,3105,14.6593,33.2294
2024-11-23T00:00:00Z,Northern Africa,Sudan,Al Jazirah,explosions/remote violence,Shelling/artillery/missile attack,18,15,69731,Political violence,3105,14.6593,33.2294
2024-11-23T00:00:00Z,Northern Africa,Sudan,Al Jazirah,violence against civilians,Attack,3,8,33810,Political violence,3105,14.6593,33.2294
2024-11-23T00:00:00Z,Northern Africa,Sudan,Khartoum,explosions/remote violence,Air/drone strike,11,3,100374,Political violence,3111,15.915,33.1352
2024-11-23T00:00:00Z,Northern Africa,Sudan,Khartoum,violence against civilians,Attack,4,2,552325,Political violence,3111,15.915,33.1352
2024-11-23T00:00:00Z,Northern Africa,Sudan,North Darfur,battles,Armed clash,9,57,655336,Political violence,3112,15.8601,25.5013
2024-11-23T00:00:00Z,Northern Africa,Sudan,North Darfur,explosions/remote violence,Air/drone strike,12,23,920789,Political violence,3112,15.8601,25.5013
2024-11-23T00:00:00Z,Northern Africa,Sudan,North Darfur,explosions/remote violence,Shelling/artillery/missile attack,4,13,115122,Political violence,3112,15.8601,25.5013
2024-11-23T00:00:00Z,Northern Africa,Sudan,North Darfur,violence against civilians,Attack,2,2,52594,Political violence,3112,15.8601,25.5013
2024-11-23T00:00:00Z,Northern Africa,Sudan,Sennar,battles,Armed clash,3,17,14946,Political violence,3117,12.9093,34.0815
2024-11-23T00:00:00Z,Northern Africa,Sudan,Sennar,battles,Government regains territory,3,1,249069,Political violence,3117,12.9093,34.0815
2024-11-23T00:00:00Z,Northern Africa,Sudan,South Darfur,violence against civilians,Attack,1,1,1463773,Political violence,3118,10.9002,24.3019
2024-11-23T00:00:00Z,Northern Africa,Sudan,West Darfur,violence against civilians,Attack,1,1,7524,Political violence,3120,13.5081,22.7026
2024-11-23T00:00:00Z,Northern Africa,Sudan,West Kordofan,battles,Government regains territory,2,10,6656,Political violence,3121,11.8686,28.2211
2024-11-23T00:00:00Z,Northern Africa,Sudan,White Nile,violence against civilians,Attack,2,1,91749,Political violence,3122,13.5895,32.3521
2024-11-30T00:00:00Z,Northern Africa,Sudan,Abyei,battles,Armed clash,3,15,6958,Political violence,3104,9.7332,28.4712
2024-11-30T00:00:00Z,Northern Africa,Sudan,Al Jazirah,battles,Armed clash,6,23,379748,Political violence,3105,14.6593,33.2294
2024-11-30T00:00:00Z,Northern Africa,Sudan,Al Jazirah,battles,Government regains territory,4,1,55877,Political violence,3105,14.6593,33.2294
2024-11-30T00:00:00Z,Northern Africa,Sudan,Al Jazirah,battles,Non-state actor overtakes territory,4,10,73352,Political violence,3105,14.6593,33.2294
2024-11-30T00:00:00Z,Northern Africa,Sudan,Al Jazirah,explosions/remote violence,Air/drone strike,3,8,38085,Political violence,3105,14.6593,33.2294
2024-11-30T00:00:00Z,Northern Africa,Sudan,Al Jazirah,violence against civilians,Attack,10,23,443548,Political violence,3105,14.6593,33.2294
2024-11-30T00:00:00Z,Northern Africa,Sudan,Khartoum,battles,Armed clash,6,10,530226,Political violence,3111,15.915,33.1352
2024-11-30T00:00:00Z,Northern Africa,Sudan,Khartoum,explosions/remote violence,Air/drone strike,5,20,780166,Political violence,3111,15.915,33.1352
2024-11-30T00:00:00Z,Northern Africa,Sudan,Khartoum,violence against civilians,Attack,3,3,202069,Political violence,3111,15.915,33.1352
2024-11-30T00:00:00Z,Northern Africa,Sudan,North Darfur,battles,Armed clash,10,48,660968,Political violence,3112,15.8601,25.5013
2024-11-30T00:00:00Z,Northern Africa,Sudan,North Darfur,explosions/remote violence,Air/drone strike,8,24,765791,Political violence,3112,15.8601,25.5013
2024-11-30T00:00:00Z,Northern Africa,Sudan,North Darfur,explosions/remote violence,Shelling/artillery/missile attack,11,35,756667,Political violence,3112,15.8601,25.5013
2024-11-30T00:00:00Z,Northern Africa,Sudan,North Darfur,protests,Excessive force against protesters,1,1,3439,Political violence; Demonstrations,3112,15.8601,25.5013
2024-11-30T00:00:00Z,Northern Africa,Sudan,North Darfur,violence against civilians,Attack,3,3,15399,Political violence,3112,15.8601,25.5013
2024-11-30T00:00:00Z,Northern Africa,Sudan,North Kordofan,battles,Armed clash,5,20,571197,Political violence,3113,14.3894,29.437
2024-11-30T00:00:00Z,Northern Africa,Sudan,North Kordofan,battles,Government regains territory,1,10,5231,Political violence,3113,14.3894,29.437
2024-11-30T00:00:00Z,Northern Africa,Sudan,North Kordofan,explosions/remote violence,Air/drone strike,3,18,136909,Political violence,3113,14.3894,29.437
2024-11-30T00:00:00Z,Northern Africa,Sudan,Sennar,battles,Armed clash,2,10,31762,Political violence,3117,12.9093,34.0815
2024-11-30T00:00:00Z,Northern Africa,Sudan,South Darfur,battles,Armed clash,1,30,1401254,Political violence,3118,10.9002,24.3019
2024-11-30T00:00:00Z,Northern Africa,Sudan,South Darfur,violence against civilians,Attack,5,6,1626951,Political violence,3118,10.9002,24.3019
2024-11-30T00:00:00Z,Northern Africa,Sudan,South Kordofan,violence against civilians,Attack,1,5,6328,Political violence,3119,11.2289,30.914
2024-11-30T00:00:00Z,Northern Africa,Sudan,West Darfur,battles,Armed clash,2,1,31938,Political violence,3120,13.5081,22.7026
2024-11-30T00:00:00Z,Northern Africa,Sudan,West Darfur,violence against civilians,Attack,1,1,11275,Political violence,3120,13.5081,22.7026
2024-11-30T00:00:00Z,Northern Africa,Sudan,West Kordofan,explosions/remote violence,Remote explosive/landmine/IED,1,5,24983,Political violence,3121,11.8686,28.2211
2024-11-30T00:00:00Z,Northern Africa,Sudan,White Nile,violence against civilians,Attack,1,13,5747,Political violence,3122,13.5895,32.3521
2024-12-07T00:00:00Z,Northern Africa,Sudan,Al Jazirah,battles,Government regains territory,1,3,21977,Political violence,3105,14.6593,33.2294
2024-12-07T00:00:00Z,Northern Africa,Sudan,Al Jazirah,battles,Non-state actor overtakes territory,1,280,24752,Political violence,3105,14.6593,33.2294
2024-12-07T00:00:00Z,Northern Africa,Sudan,Al Jazirah,explosions/remote violence,Shelling/artillery/missile attack,3,5,15086,Political violence,3105,14.6593,33.2294
2024-12-07T00:00:00Z,Northern Africa,Sudan,Al Jazirah,violence against civilians,Attack,15,96,229774,Political violence,3105,14.6593,33.2294
2024-12-07T00:00:00Z,Northern Africa,Sudan,Blue Nile,battles,Armed clash,1,10,31350,Political violence,3106,11.0079,34.0954
2024-12-07T00:00:00Z,Northern Africa,Sudan,East Darfur,battles,Armed clash,1,4,15972,Political violence,3108,11.2299,26.3972
2024-12-07T00:00:00Z,Northern Africa,Sudan,Khartoum,explosions/remote violence,Air/drone strike,8,32,1063236,Political violence,3111,15.915,33.1352
2024-12-07T00:00:00Z,Northern Africa,Sudan,Khartoum,explosions/remote violence,Shelling/artillery/missile attack,17,158,1017945,Political violence,3111,15.915,33.1352
2024-12-07T00:00:00Z,Northern Africa,Sudan,Khartoum,violence against civilians,Attack,1,3,159375,Political violence,3111,15.915,33.1352
2024-12-07T00:00:00Z,Northern Africa,Sudan,North Darfur,battles,Armed clash,8,148,639574,Political violence,3112,15.8601,25.5013
2024-12-07T00:00:00Z,Northern Africa,Sudan,North Darfur,explosions/remote violence,Air/drone strike,6,66,135469,Political violence,3112,15.8601,25.5013
2024-12-07T00:00:00Z,Northern Africa,Sudan,North Darfur,explosions/remote violence,Shelling/artillery/missile attack,5,12,754679,Political violence,3112,15.8601,25.5013
2024-12-07T00:00:00Z,Northern Africa,Sudan,North Kordofan,battles,Armed clash,1,10,5231,Political violence,3113,14.3894,29.437
2024-12-07T00:00:00Z,Northern Africa,Sudan,North Kordofan,explosions/remote violence,Remote explosive/landmine/IED,1,6,3482,Political violence,3113,14.3894,29.437
2024-12-07T00:00:00Z,Northern Africa,Sudan,River Nile,explosions/remote violence,Air/drone strike,1,1,16035,Political violence,3116,18.8347,33.1231
2024-12-07T00:00:00Z,Northern Africa,Sudan,Sennar,explosions/remote violence,Remote explosive/landmine/IED,1,13,15915,Political violence,3117,12.9093,34.0815
2024-12-07T00:00:00Z,Northern Africa,Sudan,Sennar,violence against civilians,Attack,2,3,165882,Political violence,3117,12.9093,34.0815
2024-12-07T00:00:00Z,Northern Africa,Sudan,South Darfur,explosions/remote violence,Air/drone strike,5,4,1509115,Political violence,3118,10.9002,24.3019
2024-12-07T00:00:00Z,Northern Africa,Sudan,South Darfur,violence against civilians,Attack,5,6,1469815,Political violence,3118,10.9002,24.3019
2024-12-07T00:00:00Z,Northern Africa,Sudan,South Kordofan,violence against civilians,Attack,1,1,3513,Political violence,3119,11.2289,30.914
2024-12-07T00:00:00Z,Northern Africa,Sudan,West Darfur,violence against civilians,Attack,3,1,38398,Political violence,3120,13.5081,22.7026
2024-12-07T00:00:00Z,Northern Africa,Sudan,White Nile,violence against civilians,Attack,2,10,80374,Political violence,3122,13.5895,32.3521
2024-12-14T00:00:00Z,Northern Africa,Sudan,Abyei,battles,Armed clash,1,3,3772,Political violence,3104,9.7332,28.4712
2024-12-14T00:00:00Z,Northern Africa,Sudan,Al Jazirah,explosions/remote violence,Air/drone strike,3,19,331648,Political violence,3105,14.6593,33.2294
2024-12-14T00:00:00Z,Northern Africa,Sudan,Al Jazirah,violence against civilians,Attack,9,13,664958,Political violence,3105,14.6593,33.2294
2024-12-14T00:00:00Z,Northern Africa,Sudan,Al Jazirah,violence against civilians,Sexual violence,1,2,315814,Political violence,3105,14.6593,33.2294
2024-12-14T00:00:00Z,Northern Africa,Sudan,Blue Nile,explosions/remote violence,Air/drone strike,5,3,5580,Political violence,3106,11.0079,34.0954
2024-12-14T00:00:00Z,Northern Africa,Sudan,Central Darfur,battles,Armed clash,1,2,22407,Political violence,3107,12.3084,23.2341
2024-12-14T00:00:00Z,Northern Africa,Sudan,East Darfur,battles,Armed clash,2,7,28092,Political violence,3108,11.2299,26.3972
2024-12-14T00:00:00Z,Northern Africa,Sudan,Khartoum,battles,Armed clash,9,20,224955,Political violence,3111,15.915,33.1352
2024-12-14T00:00:00Z,Northern Africa,Sudan,Khartoum,explosions/remote violence,Air/drone strike,8,25,695831,Political violence,3111,15.915,33.1352
2024-12-14T00:00:00Z,Northern Africa,Sudan,Khartoum,explosions/remote violence,Shelling/artillery/missile attack,11,7,566449,Political violence,3111,15.915,33.1352
2024-12-14T00:00:00Z,Northern Africa,Sudan,Khartoum,violence against civilians,Attack,5,5,665995,Political violence,3111,15.915,33.1352
2024-12-14T00:00:00Z,Northern Africa,Sudan,North Darfur,battles,Armed clash,9,118,729428,Political violence,3112,15.8601,25.5013
2024-12-14T00:00:00Z,Northern Africa,Sudan,North Darfur,explosions/remote violence,Air/drone strike,5,30,21749,Political violence,3112,15.8601,25.5013
2024-12-14T00:00:00Z,Northern Africa,Sudan,North Darfur,explosions/remote violence,Shelling/artillery/missile attack,2,17,684635,Political violence,3112,15.8601,25.5013
2024-12-14T00:00:00Z,Northern Africa,Sudan,North Darfur,violence against civilians,Attack,11,11,40825,Political violence,3112,15.8601,25.5013
2024-12-14T00:00:00Z,Northern Africa,Sudan,North Kordofan,battles,Armed clash,1,13,1030,Political violence,3113,14.3894,29.437
2024-12-14T00:00:00Z,Northern Africa,Sudan,North Kordofan,explosions/remote violence,Air/drone strike,1,1,5745,Political violence,3113,14.3894,29.437
2024-12-14T00:00:00Z,Northern Africa,Sudan,North Kordofan,violence against civilians,Attack,1,3,89170,Political violence,3113,14.3894,29.437
2024-12-14T00:00:00Z,Northern Africa,Sudan,South Darfur,explosions/remote violence,Air/drone strike,2,2,1451567,Political violence,3118,10.9002,24.3019
2024-12-14T00:00:00Z,Northern Africa,Sudan,West Kordofan,battles,Armed clash,1,10,4390,Political violence,3121,11.8686,28.2211
2024-12-14T00:00:00Z,Northern Africa,Sudan,White Nile,violence against civilians,Attack,3,8,102865,Political violence,3122,13.5895,32.3521
2024-12-21T00:00:00Z,Northern Africa,Sudan,Al Jazirah,explosions/remote violence,Shelling/artillery/missile attack,1,2,2713,Political violence,3105,14.6593,33.2294
2024-12-21T00:00:00Z,Northern Africa,Sudan,Al Jazirah,violence against civilians,Attack,17,20,517232,Political violence,3105,14.6593,33.2294
2024-12-21T00:00:00Z,Northern Africa,Sudan,Khartoum,battles,Armed clash,10,5,678987,Political violence,3111,15.915,33.1352
2024-12-21T00:00:00Z,Northern Africa,Sudan,Khartoum,battles,Government regains territory,1,3,64262,Political violence,3111,15.915,33.1352
2024-12-21T00:00:00Z,Northern Africa,Sudan,Khartoum,explosions/remote violence,Air/drone strike,6,35,473492,Political violence,3111,15.915,33.1352
2024-12-21T00:00:00Z,Northern Africa,Sudan,Khartoum,explosions/remote violence,Shelling/artillery/missile attack,12,11,1019957,Political violence,3111,15.915,33.1352
2024-12-21T00:00:00Z,Northern Africa,Sudan,Khartoum,violence against civilians,Attack,2,4,49200,Political violence,3111,15.915,33.1352
2024-12-21T00:00:00Z,Northern Africa,Sudan,North Darfur,battles,Armed clash,8,222,641795,Political violence,3112,15.8601,25.5013
2024-12-21T00:00:00Z,Northern Africa,Sudan,North Darfur,battles,Government regains territory,13,409,171448,Political violence,3112,15.8601,25.5013
2024-12-21T00:00:00Z,Northern Africa,Sudan,North Darfur,explosions/remote violence,Air/drone strike,3,24,701566,Political violence,3112,15.8601,25.5013
2024-12-21T00:00:00Z,Northern Africa,Sudan,North Darfur,explosions/remote violence,Shelling/artillery/missile attack,5,20,115122,Political violence,3112,15.8601,25.5013
2024-12-21T00:00:00Z,Northern Africa,Sudan,North Darfur,violence against civilians,Attack,5,9,179398,Political violence,3112,15.8601,25.5013
2024-12-21T00:00:00Z,Northern Africa,Sudan,North Darfur,violence against civilians,Sexual violence,1,1,113643,Political violence,3112,15.8601,25.5013
2024-12-21T00:00:00Z,Northern Africa,Sudan,North Kordofan,explosions/remote violence,Air/drone strike,1,10,134074,Political violence,3113,14.3894,29.437
2024-12-21T00:00:00Z,Northern Africa,Sudan,Northern,battles,Armed clash,1,4,29946,Political violence,3114,19.3656,29.8955
2024-12-21T00:00:00Z,Northern Africa,Sudan,River Nile,battles,Armed clash,1,10,544,Political violence,3116,18.8347,33.1231
2024-12-21T00:00:00Z,Northern Africa,Sudan,Sennar,explosions/remote violence,Remote explosive/landmine/IED,1,2,161505,Political violence,3117,12.9093,34.0815
2024-12-21T00:00:00Z,Northern Africa,Sudan,South Darfur,explosions/remote violence,Air/drone strike,7,6,1469960,Political violence,3118,10.9002,24.3019
2024-12-21T00:00:00Z,Northern Africa,Sudan,South Kordofan,battles,Armed clash,1,3,486,Political violence,3119,11.2289,30.914
2024-12-21T00:00:00Z,Northern Africa,Sudan,White Nile,explosions/remote violence,Air/drone strike,3,16,33760,Political violence,3122,13.5895,32.3521
2024-12-21T00:00:00Z,Northern Africa,Sudan,White Nile,violence against civilians,Attack,4,5,42385,Political violence,3122,13.5895,32.3521
2024-12-28T00:00:00Z,Northern Africa,Sudan,Abyei,violence against civilians,Attack,2,3,27018,Political violence,3104,9.7332,28.4712
2024-12-28T00:00:00Z,Northern Africa,Sudan,Al Jazirah,battles,Armed clash,7,4,115164,Political violence,3105,14.6593,33.2294
2024-12-28T00:00:00Z,Northern Africa,Sudan,Al Jazirah,explosions/remote violence,Air/drone strike,5,10,359498,Political violence,3105,14.6593,33.2294
2024-12-28T00:00:00Z,Northern Africa,Sudan,Al Jazirah,violence against civilians,Attack,17,20,142887,Political violence,3105,14.6593,33.2294
2024-12-28T00:00:00Z,Northern Africa,Sudan,Blue Nile,battles,Armed clash,1,10,31350,Political violence,3106,11.0079,34.0954
2024-12-28T00:00:00Z,Northern Africa,Sudan,Blue Nile,violence against civilians,Attack,1,3,31841,Political violence,3106,11.0079,34.0954
2024-12-28T00:00:00Z,Northern Africa,Sudan,Khartoum,battles,Armed clash,6,10,246951,Political violence,3111,15.915,33.1352
2024-12-28T00:00:00Z,Northern Africa,Sudan,Khartoum,explosions/remote violence,Air/drone strike,12,34,1107543,Political violence,3111,15.915,33.1352
2024-12-28T00:00:00Z,Northern Africa,Sudan,Khartoum,explosions/remote violence,Shelling/artillery/missile attack,8,2,547928,Political violence,3111,15.915,33.1352
2024-12-28T00:00:00Z,Northern Africa,Sudan,Khartoum,violence against civilians,Attack,1,1,65804,Political violence,3111,15.915,33.1352
2024-12-28T00:00:00Z,Northern Africa,Sudan,North Darfur,battles,Armed clash,10,64,750921,Political violence,3112,15.8601,25.5013
2024-12-28T00:00:00Z,Northern Africa,Sudan,North Darfur,explosions/remote violence,Air/drone strike,6,50,730799,Political violence,3112,15.8601,25.5013
2024-12-28T00:00:00Z,Northern Africa,Sudan,North Darfur,explosions/remote violence,Shelling/artillery/missile attack,8,18,115374,Political violence,3112,15.8601,25.5013
2024-12-28T00:00:00Z,Northern Africa,Sudan,North Darfur,violence against civilians,Attack,2,6,1826,Political violence,3112,15.8601,25.5013
2024-12-28T00:00:00Z,Northern Africa,Sudan,North Kordofan,violence against civilians,Attack,1,2,554000,Political violence,3113,14.3894,29.437
2024-12-28T00:00:00Z,Northern Africa,Sudan,Sennar,violence against civilians,Attack,1,1,4984,Political violence,3117,12.9093,34.0815
2024-12-28T00:00:00Z,Northern Africa,Sudan,South Darfur,explosions/remote violence,Air/drone strike,6,25,1631693,Political violence,3118,10.9002,24.3019
2024-12-28T00:00:00Z,Northern Africa,Sudan,West Kordofan,battles,Armed clash,1,2,2501,Political violence,3121,11.8686,28.2211
2024-12-28T00:00:00Z,Northern Africa,Sudan,White Nile,battles,Armed clash,2,14,53081,Political violence,3122,13.5895,32.3521
2024-12-28T00:00:00Z,Northern Africa,Sudan,White Nile,violence against civilians,Attack,2,7,52300,Political violence,3122,13.5895,32.3521
2025-01-04T00:00:00Z,Northern Africa,Sudan,Abyei,violence against civilians,Attack,1,2,5694,Political violence,3104,9.7332,28.4712
2025-01-04T00:00:00Z,Northern Africa,Sudan,Al Jazirah,battles,Armed clash,5,3,86956,Political violence,3105,14.6593,33.2294
2025-01-04T00:00:00Z,Northern Africa,Sudan,Al Jazirah,battles,Government regains territory,7,10,99454,Political violence,3105,14.6593,33.2294
2025-01-04T00:00:00Z,Northern Africa,Sudan,Al Jazirah,explosions/remote violence,Air/drone strike,6,23,443565,Political violence,3105,14.6593,33.2294
2025-01-04T00:00:00Z,Northern Africa,Sudan,Al Jazirah,explosions/remote violence,Remote explosive/landmine/IED,2,7,20283,Political violence,3105,14.6593,33.2294
2025-01-04T00:00:00Z,Northern Africa,Sudan,Al Jazirah,explosions/remote violence,Shelling/artillery/missile attack,2,7,25178,Political violence,3105,14.6593,33.2294
2025-01-04T00:00:00Z,Northern Africa,Sudan,Al Jazirah,violence against civilians,Attack,15,35,471183,Political violence,3105,14.6593,33.2294
2025-01-04T00:00:00Z,Northern Africa,Sudan,Khartoum,battles,Armed clash,8,31,813203,Political violence,3111,15.915,33.1352
2025-01-04T00:00:00Z,Northern Africa,Sudan,Khartoum,explosions/remote violence,Air/drone strike,9,21,496756,Political violence,3111,15.915,33.1352
2025-01-04T00:00:00Z,Northern Africa,Sudan,Khartoum,explosions/remote violence,Shelling/artillery/missile attack,10,7,1157720,Political violence,3111,15.915,33.1352
2025-01-04T00:00:00Z,Northern Africa,Sudan,Khartoum,violence against civilians,Attack,4,3,487605,Political violence,3111,15.915,33.1352
2025-01-04T00:00:00Z,Northern Africa,Sudan,North Darfur,battles,Armed clash,7,121,641343,Political violence,3112,15.8601,25.5013
2025-01-04T00:00:00Z,Northern Africa,Sudan,North Darfur,explosions/remote violence,Air/drone strike,6,23,722951,Political violence,3112,15.8601,25.5013
2025-01-04T00:00:00Z,Northern Africa,Sudan,North Darfur,explosions/remote violence,Shelling/artillery/missile attack,6,21,115652,Political violence,3112,15.8601,25.5013
2025-01-04T00:00:00Z,Northern Africa,Sudan,Sennar,violence against civilians,Attack,1,1,239280,Political violence,3117,12.9093,34.0815
2025-01-04T00:00:00Z,Northern Africa,Sudan,South Darfur,battles,Armed clash,2,4,1467103,Political violence,3118,10.9002,24.3019
2025-01-04T00:00:00Z,Northern Africa,Sudan,White Nile,violence against civilians,Attack,3,25,92125,Political violence,3122,13.5895,32.3521
2025-01-11T00:00:00Z,Northern Africa,Sudan,Al Jazirah,battles,Armed clash,3,10,193370,Political violence,3105,14.6593,33.2294
2025-01-11T00:00:00Z,Northern Africa,Sudan,Al Jazirah,explosions/remote violence,Air/drone strike,4,2,129901,Political violence,3105,14.6593,33.2294
2025-01-11T00:00:00Z,Northern Africa,Sudan,Al Jazirah,violence against civilians,Attack,31,192,695650,Political violence,3105,14.6593,33.2294
2025-01-11T00:00:00Z,Northern Africa,Sudan,Al Jazirah,violence against civilians,Sexual violence,1,15,9816,Political violence,3105,14.6593,33.2294
2025-01-11T00:00:00Z,Northern Africa,Sudan,Blue Nile,battles,Government regains territory,1,10,31841,Political violence,3106,11.0079,34.0954
2025-01-11T00:00:00Z,Northern Africa,Sudan,Central Darfur,explosions/remote violence,Remote explosive/landmine/IED,1,1,99067,Political violence,3107,12.3084,23.2341
2025-01-11T00:00:00Z,Northern Africa,Sudan,East Darfur,violence against civilians,Attack,1,1,4207,Political violence,3108,11.2299,26.3972
2025-01-11T00:00:00Z,Northern Africa,Sudan,Khartoum,battles,Armed clash,6,132,476126,Political violence,3111,15.915,33.1352
2025-01-11T00:00:00Z,Northern Africa,Sudan,Khartoum,explosions/remote violence,Air/drone strike,3,10,314349,Political violence,3111,15.915,33.1352
2025-01-11T00:00:00Z,Northern Africa,Sudan,Khartoum,explosions/remote violence,Shelling/artillery/missile attack,4,3,48421,Political violence,3111,15.915,33.1352
2025-01-11T00:00:00Z,Northern Africa,Sudan,Khartoum,violence against civilians,Attack,2,3,599839,Political violence,3111,15.915,33.1352
2025-01-11T00:00:00Z,Northern Africa,Sudan,Khartoum,violence against civilians,Sexual violence,1,1,363098,Political violence,3111,15.915,33.1352
2025-01-11T00:00:00Z,Northern Africa,Sudan,North Darfur,battles,Armed clash,13,162,971906,Political violence,3112,15.8601,25.5013
2025-01-11T00:00:00Z,Northern Africa,Sudan,North Darfur,explosions/remote violence,Air/drone strike,3,62,731772,Political violence,3112,15.8601,25.5013
2025-01-11T00:00:00Z,Northern Africa,Sudan,North Darfur,explosions/remote violence,Shelling/artillery/missile attack,6,7,756995,Political violence,3112,15.8601,25.5013
2025-01-11T00:00:00Z,Northern Africa,Sudan,North Darfur,violence against civilians,Attack,4,3,241118,Political violence,3112,15.8601,25.5013
2025-01-11T00:00:00Z,Northern Africa,Sudan,Sennar,violence against civilians,Attack,1,1,164832,Political violence,3117,12.9093,34.0815
2025-01-11T00:00:00Z,Northern Africa,Sudan,South Darfur,battles,Armed clash,1,1,58478,Political violence,3118,10.9002,24.3019
2025-01-11T00:00:00Z,Northern Africa,Sudan,South Darfur,explosions/remote violence,Air/drone strike,5,22,1422456,Political violence,3118,10.9002,24.3019
2025-01-11T00:00:00Z,Northern Africa,Sudan,South Darfur,violence against civilians,Attack,4,6,1474556,Political violence,3118,10.9002,24.3019
2025-01-11T00:00:00Z,Northern Africa,Sudan,White Nile,violence against civilians,Attack,1,1,87938,Political violence,3122,13.5895,32.3521
2025-01-18T00:00:00Z,Northern Africa,Sudan,Al Jazirah,explosions/remote violence,Shelling/artillery/missile attack,4,2,340005,Political violence,3105,14.6593,33.2294
2025-01-18T00:00:00Z,Northern Africa,Sudan,Al Jazirah,violence against civilians,Attack,24,67,421180,Political violence,3105,14.6593,33.2294
2025-01-18T00:00:00Z,Northern Africa,Sudan,Khartoum,battles,Armed clash,15,31,874783,Political violence,3111,15.915,33.1352
2025-01-18T00:00:00Z,Northern Africa,Sudan,Khartoum,explosions/remote violence,Air/drone strike,4,18,622989,Political violence,3111,15.915,33.1352
2025-01-18T00:00:00Z,Northern Africa,Sudan,Khartoum,explosions/remote violence,Shelling/artillery/missile attack,17,5,933159,Political violence,3111,15.915,33.1352
2025-01-18T00:00:00Z,Northern Africa,Sudan,Khartoum,violence against civilians,Attack,5,3,486417,Political violence,3111,15.915,33.1352
2025-01-18T00:00:00Z,Northern Africa,Sudan,North Darfur,battles,Armed clash,22,319,805354,Political violence,3112,15.8601,25.5013
2025-01-18T00:00:00Z,Northern Africa,Sudan,North Darfur,explosions/remote violence,Air/drone strike,5,53,654016,Political violence,3112,15.8601,25.5013
2025-01-18T00:00:00Z,Northern Africa,Sudan,North Darfur,explosions/remote violence,Shelling/artillery/missile attack,6,24,115652,Political violence,3112,15.8601,25.5013
2025-01-18T00:00:00Z,Northern Africa,Sudan,North Darfur,violence against civilians,Attack,1,8,5091,Political violence,3112,15.8601,25.5013
2025-01-18T00:00:00Z,Northern Africa,Sudan,North Darfur,violence against civilians,Sexual violence,3,30,644412,Political violence,3112,15.8601,25.5013
2025-01-18T00:00:00Z,Northern Africa,Sudan,South Darfur,battles,Armed clash,3,17,1474611,Political violence,3118,10.9002,24.3019
2025-01-18T00:00:00Z,Northern Africa,Sudan,South Darfur,violence against civilians,Attack,2,2,1416133,Political violence,3118,10.9002,24.3019
2025-01-18T00:00:00Z,Northern Africa,Sudan,West Darfur,violence against civilians,Attack,1,1,105030,Political violence,3120,13.5081,22.7026
2025-01-18T00:00:00Z,Northern Africa,Sudan,White Nile,battles,Armed clash,3,10,512031,Political violence,3122,13.5895,32.3521
2025-01-18T00:00:00Z,Northern Africa,Sudan,White Nile,explosions/remote violence,Shelling/artillery/missile attack,1,6,1815,Political violence,3122,13.5895,32.3521
2025-01-18T00:00:00Z,Northern Africa,Sudan,White Nile,violence against civilians,Attack,1,1,87938,Political violence,3122,13.5895,32.3521
2025-01-25T00:00:00Z,Northern Africa,Sudan,Abyei,battles,Armed clash,1,1,3894,Political violence,3104,9.7332,28.4712
2025-01-25T00:00:00Z,Northern Africa,Sudan,Al Jazirah,explosions/remote violence,Remote explosive/landmine/IED,1,1,12366,Political violence,3105,14.6593,33.2294
2025-01-25T00:00:00Z,Northern Africa,Sudan,Al Jazirah,violence against civilians,Attack,8,8,148598,Political violence,3105,14.6593,33.2294
2025-01-25T00:00:00Z,Northern Africa,Sudan,Al Jazirah,violence against civilians,Sexual violence,2,2,13571,Political violence,3105,14.6593,33.2294
2025-01-25T00:00:00Z,Northern Africa,Sudan,Central Darfur,violence against civilians,Sexual violence,2,2,99067,Political violence,3107,12.3084,23.2341
2025-01-25T00:00:00Z,Northern Africa,Sudan,East Darfur,battles,Armed clash,1,1,16834,Political violence,3108,11.2299,26.3972
2025-01-25T00:00:00Z,Northern Africa,Sudan,Khartoum,battles,Government regains territory,6,4,389459,Political violence,3111,15.915,33.1352
2025-01-25T00:00:00Z,Northern Africa,Sudan,Khartoum,explosions/remote violence,Air/drone strike,10,22,960636,Political violence,3111,15.915,33.1352
2025-01-25T00:00:00Z,Northern Africa,Sudan,Khartoum,explosions/remote violence,Shelling/artillery/missile attack,8,6,840277,Political violence,3111,15.915,33.1352
2025-01-25T00:00:00Z,Northern Africa,Sudan,Khartoum,violence against civilians,Attack,5,24,230977,Political violence,3111,15.915,33.1352
2025-01-25T00:00:00Z,Northern Africa,Sudan,North Darfur,battles,Armed clash,10,157,647773,Political violence,3112,15.8601,25.5013
2025-01-25T00:00:00Z,Northern Africa,Sudan,North Darfur,battles,Government regains territory,2,3,1799,Political violence,3112,15.8601,25.5013
2025-01-25T00:00:00Z,Northern Africa,Sudan,North Darfur,explosions/remote violence,Air/drone strike,9,59,668453,Political violence,3112,15.8601,25.5013
2025-01-25T00:00:00Z,Northern Africa,Sudan,North Darfur,explosions/remote violence,Shelling/artillery/missile attack,2,7,70322,Political violence,3112,15.8601,25.5013
2025-01-25T00:00:00Z,Northern Africa,Sudan,North Darfur,violence against civilians,Attack,6,2,647435,Political violence,3112,15.8601,25.5013
2025-01-25T00:00:00Z,Northern Africa,Sudan,North Kordofan,battles,Government regains territory,4,10,138759,Political violence,3113,14.3894,29.437
2025-01-25T00:00:00Z,Northern Africa,Sudan,North Kordofan,violence against civilians,Attack,2,10,136067,Political violence,3113,14.3894,29.437
2025-01-25T00:00:00Z,Northern Africa,Sudan,South Darfur,explosions/remote violence,Air/drone strike,2,4,1446079,Political violence,3118,10.9002,24.3019
2025-01-25T00:00:00Z,Northern Africa,Sudan,South Darfur,explosions/remote violence,Remote explosive/landmine/IED,1,2,50970,Political violence,3118,10.9002,24.3019
2025-01-25T00:00:00Z,Northern Africa,Sudan,South Darfur,violence against civilians,Attack,2,1,1416136,Political violence,3118,10.9002,24.3019
2025-01-25T00:00:00Z,Northern Africa,Sudan,West Darfur,violence against civilians,Attack,3,3,359472,Political violence,3120,13.5081,22.7026
2025-01-25T00:00:00Z,Northern Africa,Sudan,White Nile,violence against civilians,Attack,1,3,87938,Political violence,3122,13.5895,32.3521
2025-02-01T00:00:00Z,Northern Africa,Sudan,Al Jazirah,battles,Armed clash,2,10,53208,Political violence,3105,14.6593,33.2294
2025-02-01T00:00:00Z,Northern Africa,Sudan,Al Jazirah,battles,Government regains territory,10,12,304224,Political violence,3105,14.6593,33.2294
2025-02-01T00:00:00Z,Northern Africa,Sudan,Al Jazirah,violence against civilians,Attack,8,14,219861,Political violence,3105,14.6593,33.2294
2025-02-01T00:00:00Z,Northern Africa,Sudan,Central Darfur,violence against civilians,Attack,2,1,7897,Political violence,3107,12.3084,23.2341
2025-02-01T00:00:00Z,Northern Africa,Sudan,East Darfur,violence against civilians,Attack,1,1,323067,Political violence,3108,11.2299,26.3972
2025-02-01T00:00:00Z,Northern Africa,Sudan,Khartoum,battles,Armed clash,9,23,337814,Political violence,3111,15.915,33.1352
2025-02-01T00:00:00Z,Northern Africa,Sudan,Khartoum,explosions/remote violence,Air/drone strike,5,10,221929,Political violence,3111,15.915,33.1352
2025-02-01T00:00:00Z,Northern Africa,Sudan,Khartoum,explosions/remote violence,Shelling/artillery/missile attack,6,46,855129,Political violence,3111,15.915,33.1352
2025-02-01T00:00:00Z,Northern Africa,Sudan,Khartoum,violence against civilians,Attack,7,23,1301330,Political violence,3111,15.915,33.1352
2025-02-01T00:00:00Z,Northern Africa,Sudan,North Darfur,battles,Armed clash,12,241,690360,Political violence,3112,15.8601,25.5013
2025-02-01T00:00:00Z,Northern Africa,Sudan,North Darfur,explosions/remote violence,Air/drone strike,6,10,838783,Political violence,3112,15.8601,25.5013
2025-02-01T00:00:00Z,Northern Africa,Sudan,North Darfur,explosions/remote violence,Shelling/artillery/missile attack,1,11,70322,Political violence,3112,15.8601,25.5013
2025-02-01T00:00:00Z,Northern Africa,Sudan,North Darfur,violence against civilians,Attack,5,2,756381,Political violence,3112,15.8601,25.5013
2025-02-01T00:00:00Z,Northern Africa,Sudan,North Kordofan,battles,Armed clash,1,7,555776,Political violence,3113,14.3894,29.437
2025-02-01T00:00:00Z,Northern Africa,Sudan,North Kordofan,explosions/remote violence,Shelling/artillery/missile attack,3,6,690237,Political violence,3113,14.3894,29.437
2025-02-01T00:00:00Z,Northern Africa,Sudan,North Kordofan,violence against civilians,Attack,4,51,220487,Political violence,3113,14.3894,29.437
2025-02-01T00:00:00Z,Northern Africa,Sudan,South Darfur,battles,Armed clash,1,13,1416133,Political violence,3118,10.9002,24.3019
2025-02-01T00:00:00Z,Northern Africa,Sudan,South Darfur,explosions/remote violence,Air/drone strike,5,54,1467362,Political violence,3118,10.9002,24.3019
2025-02-01T00:00:00Z,Northern Africa,Sudan,South Darfur,violence against civilians,Attack,2,3,1416133,Political violence,3118,10.9002,24.3019
2025-02-01T00:00:00Z,Northern Africa,Sudan,South Kordofan,battles,Government regains territory,1,50,157494,Political violence,3119,11.2289,30.914
2025-02-01T00:00:00Z,Northern Africa,Sudan,White Nile,explosions/remote violence,Air/drone strike,3,3,94332,Political violence,3122,13.5895,32.3521
2025-02-08T00:00:00Z,Northern Africa,Sudan,Abyei,battles,Armed clash,1,5,3275,Political violence,3104,9.7332,28.4712
2025-02-08T00:00:00Z,Northern Africa,Sudan,Al Jazirah,violence against civilians,Attack,7,11,195234,Political violence,3105,14.6593,33.2294
2025-02-08T00:00:00Z,Northern Africa,Sudan,Blue Nile,violence against civilians,Attack,1,1,31841,Political violence,3106,11.0079,34.0954
2025-02-08T00:00:00Z,Northern Africa,Sudan,Central Darfur,explosions/remote violence,Air/drone strike,1,3,99067,Political violence,3107,12.3084,23.2341
2025-02-08T00:00:00Z,Northern Africa,Sudan,Central Darfur,violence against civilians,Attack,1,2,3420,Political violence,3107,12.3084,23.2341
2025-02-08T00:00:00Z,Northern Africa,Sudan,East Darfur,battles,Armed clash,1,2,27089,Political violence,3108,11.2299,26.3972
2025-02-08T00:00:00Z,Northern Africa,Sudan,Khartoum,battles,Armed clash,18,12,1019180,Political violence,3111,15.915,33.1352
2025-02-08T00:00:00Z,Northern Africa,Sudan,Khartoum,explosions/remote violence,Air/drone strike,2,16,187065,Political violence,3111,15.915,33.1352
2025-02-08T00:00:00Z,Northern Africa,Sudan,Khartoum,violence against civilians,Attack,16,29,1523930,Political violence,3111,15.915,33.1352
2025-02-08T00:00:00Z,Northern Africa,Sudan,North Darfur,battles,Armed clash,11,143,794992,Political violence,3112,15.8601,25.5013
2025-02-08T00:00:00Z,Northern Africa,Sudan,North Darfur,explosions/remote violence,Air/drone strike,5,20,671891,Political violence,3112,15.8601,25.5013
2025-02-08T00:00:00Z,Northern Africa,Sudan,North Darfur,violence against civilians,Attack,5,22,244354,Political violence,3112,15.8601,25.5013
2025-02-08T00:00:00Z,Northern Africa,Sudan,North Kordofan,explosions/remote violence,Shelling/artillery/missile attack,2,10,690237,Political violence,3113,14.3894,29.437
2025-02-08T00:00:00Z,Northern Africa,Sudan,North Kordofan,violence against civilians,Attack,5,10,215260,Political violence,3113,14.3894,29.437
2025-02-08T00:00:00Z,Northern Africa,Sudan,South Darfur,violence against civilians,Attack,1,1,1416133,Political violence,3118,10.9002,24.3019
2025-02-08T00:00:00Z,Northern Africa,Sudan,West Darfur,battles,Armed clash,1,10,12870,Political violence,3120,13.5081,22.7026
2025-02-08T00:00:00Z,Northern Africa,Sudan,White Nile,explosions/remote violence,Air/drone strike,2,4,82809,Political violence,3122,13.5895,32.3521
2025-02-08T00:00:00Z,Northern Africa,Sudan,White Nile,violence against civilians,Attack,29,61,274345,Political violence,3122,13.5895,32.3521
2025-02-15T00:00:00Z,Northern Africa,Sudan,Al Jazirah,violence against civilians,Attack,4,3,18871,Political violence,3105,14.6593,33.2294
2025-02-15T00:00:00Z,Northern Africa,Sudan,Blue Nile,explosions/remote violence,Remote explosive/landmine/IED,1,3,31841,Political violence,3106,11.0079,34.0954
2025-02-15T00:00:00Z,Northern Africa,Sudan,East Darfur,battles,Armed clash,2,2,44505,Political violence,3108,11.2299,26.3972
2025-02-15T00:00:00Z,Northern Africa,Sudan,East Darfur,explosions/remote violence,Air/drone strike,1,10,51316,Political violence,3108,11.2299,26.3972
2025-02-15T00:00:00Z,Northern Africa,Sudan,Kassala,violence against civilians,Attack,2,1,443798,Political violence,3110,15.7104,35.5356
2025-02-15T00:00:00Z,Northern Africa,Sudan,Khartoum,battles,Government regains territory,6,23,521366,Political violence,3111,15.915,33.1352
2025-02-15T00:00:00Z,Northern Africa,Sudan,Khartoum,explosions/remote violence,Air/drone strike,5,3,400204,Political violence,3111,15.915,33.1352
2025-02-15T00:00:00Z,Northern Africa,Sudan,Khartoum,explosions/remote violence,Shelling/artillery/missile attack,9,22,836542,Political violence,3111,15.915,33.1352
2025-02-15T00:00:00Z,Northern Africa,Sudan,Khartoum,violence against civilians,Attack,9,37,1006924,Political violence,3111,15.915,33.1352
2025-02-15T00:00:00Z,Northern Africa,Sudan,Khartoum,violence against civilians,Sexual violence,3,2,116088,Political violence,3111,15.915,33.1352
2025-02-15T00:00:00Z,Northern Africa,Sudan,North Darfur,battles,Armed clash,7,167,680454,Political violence,3112,15.8601,25.5013
2025-02-15T00:00:00Z,Northern Africa,Sudan,North Darfur,explosions/remote violence,Air/drone strike,5,13,661972,Political violence,3112,15.8601,25.5013
2025-02-15T00:00:00Z,Northern Africa,Sudan,North Kordofan,battles,Armed clash,1,2,555776,Political violence,3113,14.3894,29.437
2025-02-15T00:00:00Z,Northern Africa,Sudan,North Kordofan,battles,Government regains territory,7,20,108516,Political violence,3113,14.3894,29.437
2025-02-15T00:00:00Z,Northern Africa,Sudan,North Kordofan,explosions/remote violence,Air/drone strike,4,10,142199,Political violence,3113,14.3894,29.437
2025-02-15T00:00:00Z,Northern Africa,Sudan,North Kordofan,explosions/remote violence,Shelling/artillery/missile attack,2,5,594324,Political violence,3113,14.3894,29.437
2025-02-15T00:00:00Z,Northern Africa,Sudan,North Kordofan,violence against civilians,Attack,3,8,94476,Political violence,3113,14.3894,29.437
2025-02-15T00:00:00Z,Northern Africa,Sudan,Northern,battles,Armed clash,1,1,30431,Political violence,3114,19.3656,29.8955
2025-02-15T00:00:00Z,Northern Africa,Sudan,South Darfur,violence against civilians,Attack,2,2,1416326,Political violence,3118,10.9002,24.3019
2025-02-15T00:00:00Z,Northern Africa,Sudan,South Kordofan,battles,Government regains territory,4,10,41042,Political violence,3119,11.2289,30.914
2025-02-15T00:00:00Z,Northern Africa,Sudan,South Kordofan,explosions/remote violence,Air/drone strike,1,6,7138,Political violence,3119,11.2289,30.914
2025-02-15T00:00:00Z,Northern Africa,Sudan,White Nile,violence against civilians,Attack,9,215,118906,Political violence,3122,13.5895,32.3521
2025-02-22T00:00:00Z,Northern Africa,Sudan,Al Jazirah,violence against civilians,Attack,1,2,54086,Political violence,3105,14.6593,33.2294
2025-02-22T00:00:00Z,Northern Africa,Sudan,Khartoum,battles,Armed clash,16,17,653066,Political violence,3111,15.915,33.1352
2025-02-22T00:00:00Z,Northern Africa,Sudan,Khartoum,violence against civilians,Attack,5,4,651429,Political violence,3111,15.915,33.1352
2025-02-22T00:00:00Z,Northern Africa,Sudan,North Darfur,battles,Armed clash,6,25,667085,Political violence,3112,15.8601,25.5013
2025-02-22T00:00:00Z,Northern Africa,Sudan,North Darfur,explosions/remote violence,Air/drone strike,10,48,672210,Political violence,3112,15.8601,25.5013
2025-02-22T00:00:00Z,Northern Africa,Sudan,North Darfur,violence against civilians,Attack,4,12,644216,Political violence,3112,15.8601,25.5013
2025-02-22T00:00:00Z,Northern Africa,Sudan,North Kordofan,battles,Armed clash,5,36,585184,Political violence,3113,14.3894,29.437
2025-02-22T00:00:00Z,Northern Africa,Sudan,North Kordofan,explosions/remote violence,Air/drone strike,3,51,26283,Political violence,3113,14.3894,29.437
2025-02-22T00:00:00Z,Northern Africa,Sudan,North Kordofan,violence against civilians,Attack,2,7,95321,Political violence,3113,14.3894,29.437
2025-02-22T00:00:00Z,Northern Africa,Sudan,River Nile,battles,Armed clash,1,10,109198,Political violence,3116,18.8347,33.1231
2025-02-22T00:00:00Z,Northern Africa,Sudan,South Darfur,battles,Armed clash,3,19,1416133,Political violence,3118,10.9002,24.3019
2025-02-22T00:00:00Z,Northern Africa,Sudan,South Darfur,violence against civilians,Attack,2,3,1467103,Political violence,3118,10.9002,24.3019
2025-02-22T00:00:00Z,Northern Africa,Sudan,South Kordofan,explosions/remote violence,Air/drone strike,3,20,39514,Political violence,3119,11.2289,30.914
2025-02-22T00:00:00Z,Northern Africa,Sudan,South Kordofan,violence against civilians,Attack,1,1,33336,Political violence,3119,11.2289,30.914
2025-02-22T00:00:00Z,Northern Africa,Sudan,West Darfur,battles,Armed clash,1,3,11556,Political violence,3120,13.5081,22.7026
2025-02-22T00:00:00Z,Northern Africa,Sudan,West Kordofan,battles,Armed clash,4,20,72977,Political violence,3121,11.8686,28.2211
2025-02-22T00:00:00Z,Northern Africa,Sudan,White Nile,battles,Armed clash,1,11,10960,Political violence,3122,13.5895,32.3521
2025-02-22T00:00:00Z,Northern Africa,Sudan,White Nile,violence against civilians,Attack,3,5,16098,Political violence,3122,13.5895,32.3521
2025-03-01T00:00:00Z,Northern Africa,Sudan,Abyei,battles,Armed clash,1,10,5498,Political violence,3104,9.7332,28.4712
2025-03-01T00:00:00Z,Northern Africa,Sudan,Al Jazirah,explosions/remote violence,Remote explosive/landmine/IED,2,1,25178,Political violence,3105,14.6593,33.2294
2025-03-01T00:00:00Z,Northern Africa,Sudan,Al Jazirah,violence against civilians,Attack,6,19,121322,Political violence,3105,14.6593,33.2294
2025-03-01T00:00:00Z,Northern Africa,Sudan,Blue Nile,explosions/remote violence,Shelling/artillery/missile attack,4,5,963,Political violence,3106,11.0079,34.0954
2025-03-01T00:00:00Z,Northern Africa,Sudan,Khartoum,battles,Armed clash,15,11,967069,Political violence,3111,15.915,33.1352
2025-03-01T00:00:00Z,Northern Africa,Sudan,Khartoum,battles,Government regains territory,9,10,351137,Political violence,3111,15.915,33.1352
2025-03-01T00:00:00Z,Northern Africa,Sudan,Khartoum,explosions/remote violence,Shelling/artillery/missile attack,11,2,872196,Political violence,3111,15.915,33.1352
2025-03-01T00:00:00Z,Northern Africa,Sudan,Khartoum,violence against civilians,Attack,3,2,179699,Political violence,3111,15.915,33.1352
2025-03-01T00:00:00Z,Northern Africa,Sudan,Khartoum,violence against civilians,Sexual violence,1,1,23903,Political violence,3111,15.915,33.1352
2025-03-01T00:00:00Z,Northern Africa,Sudan,North Darfur,battles,Armed clash,8,55,644942,Political violence,3112,15.8601,25.5013
2025-03-01T00:00:00Z,Northern Africa,Sudan,North Darfur,explosions/remote violence,Air/drone strike,2,17,16515,Political violence,3112,15.8601,25.5013
2025-03-01T00:00:00Z,Northern Africa,Sudan,North Darfur,explosions/remote violence,Shelling/artillery/missile attack,5,19,750776,Political violence,3112,15.8601,25.5013
2025-03-01T00:00:00Z,Northern Africa,Sudan,North Darfur,violence against civilians,Attack,16,30,70073,Political violence,3112,15.8601,25.5013
2025-03-01T00:00:00Z,Northern Africa,Sudan,North Kordofan,battles,Armed clash,1,10,28918,Political violence,3113,14.3894,29.437
2025-03-01T00:00:00Z,Northern Africa,Sudan,North Kordofan,explosions/remote violence,Air/drone strike,3,16,28918,Political violence,3113,14.3894,29.437
2025-03-01T00:00:00Z,Northern Africa,Sudan,North Kordofan,explosions/remote violence,Shelling/artillery/missile attack,1,1,555776,Political violence,3113,14.3894,29.437
2025-03-01T00:00:00Z,Northern Africa,Sudan,Sennar,battles,Armed clash,1,3,42345,Political violence,3117,12.9093,34.0815
2025-03-01T00:00:00Z,Northern Africa,Sudan,Sennar,battles,Government regains territory,1,3,33727,Political violence,3117,12.9093,34.0815
2025-03-01T00:00:00Z,Northern Africa,Sudan,South Darfur,battles,Armed clash,3,16,1416133,Political violence,3118,10.9002,24.3019
2025-03-01T00:00:00Z,Northern Africa,Sudan,South Darfur,violence against civilians,Attack,1,5,1416133,Political violence,3118,10.9002,24.3019
2025-03-01T00:00:00Z,Northern Africa,Sudan,White Nile,violence against civilians,Attack,1,5,6503,Political violence,3122,13.5895,32.3521
2025-03-08T00:00:00Z,Northern Africa,Sudan,Al Jazirah,explosions/remote violence,Remote explosive/landmine/IED,1,1,778,Political violence,3105,14.6593,33.2294
2025-03-08T00:00:00Z,Northern Africa,Sudan,Al Jazirah,violence against civilians,Attack,1,1,54086,Political violence,3105,14.6593,33.2294
2025-03-08T00:00:00Z,Northern Africa,Sudan,Khartoum,explosions/remote violence,Air/drone strike,6,4,655824,Political violence,3111,15.915,33.1352
2025-03-08T00:00:00Z,Northern Africa,Sudan,Khartoum,violence against civilians,Attack,9,18,834583,Political violence,3111,15.915,33.1352
2025-03-08T00:00:00Z,Northern Africa,Sudan,North Darfur,battles,Armed clash,9,123,656576,Political violence,3112,15.8601,25.5013
2025-03-08T00:00:00Z,Northern Africa,Sudan,North Darfur,explosions/remote violence,Air/drone strike,6,37,710332,Political violence,3112,15.8601,25.5013
2025-03-08T00:00:00Z,Northern Africa,Sudan,North Darfur,explosions/remote violence,Shelling/artillery/missile attack,4,4,109433,Political violence,3112,15.8601,25.5013
2025-03-08T00:00:00Z,Northern Africa,Sudan,North Darfur,violence against civilians,Attack,5,31,676241,Political violence,3112,15.8601,25.5013
2025-03-08T00:00:00Z,Northern Africa,Sudan,North Kordofan,explosions/remote violence,Air/drone strike,6,79,59004,Political violence,3113,14.3894,29.437
2025-03-08T00:00:00Z,Northern Africa,Sudan,North Kordofan,explosions/remote violence,Shelling/artillery/missile attack,7,16,555776,Political violence,3113,14.3894,29.437
2025-03-08T00:00:00Z,Northern Africa,Sudan,North Kordofan,violence against civilians,Attack,13,2,89351,Political violence,3113,14.3894,29.437
2025-03-08T00:00:00Z,Northern Africa,Sudan,South Darfur,battles,Armed clash,1,3,1416133,Political violence,3118,10.9002,24.3019
2025-03-08T00:00:00Z,Northern Africa,Sudan,South Darfur,explosions/remote violence,Air/drone strike,2,10,51229,Political violence,3118,10.9002,24.3019
2025-03-08T00:00:00Z,Northern Africa,Sudan,South Darfur,violence against civilians,Attack,3,3,1921580,Political violence,3118,10.9002,24.3019
2025-03-08T00:00:00Z,Northern Africa,Sudan,South Kordofan,battles,Armed clash,1,1,157494,Political violence,3119,11.2289,30.914
2025-03-08T00:00:00Z,Northern Africa,Sudan,West Darfur,violence against civilians,Attack,8,16,115062,Political violence,3120,13.5081,22.7026
2025-03-08T00:00:00Z,Northern Africa,Sudan,West Kordofan,battles,Non-state actor overtakes territory,1,7,21884,Political violence,3121,11.8686,28.2211
2025-03-08T00:00:00Z,Northern Africa,Sudan,West Kordofan,violence against civilians,Attack,1,7,21884,Political violence,3121,11.8686,28.2211
2025-03-08T00:00:00Z,Northern Africa,Sudan,White Nile,violence against civilians,Attack,1,1,14795,Political violence,3122,13.5895,32.3521
2025-03-15T00:00:00Z,Northern Africa,Sudan,Abyei,battles,Armed clash,1,1,714,Political violence,3104,9.7332,28.4712
2025-03-15T00:00:00Z,Northern Africa,Sudan,Al Jazirah,violence against civilians,Attack,3,17,51496,Political violence,3105,14.6593,33.2294
2025-03-15T00:00:00Z,Northern Africa,Sudan,Khartoum,battles,Armed clash,10,133,422195,Political violence,3111,15.915,33.1352
2025-03-15T00:00:00Z,Northern Africa,Sudan,Khartoum,battles,Government regains territory,7,36,470702,Political violence,3111,15.915,33.1352
2025-03-15T00:00:00Z,Northern Africa,Sudan,Khartoum,explosions/remote violence,Air/drone strike,3,5,111890,Political violence,3111,15.915,33.1352
2025-03-15T00:00:00Z,Northern Africa,Sudan,Khartoum,explosions/remote violence,Shelling/artillery/missile attack,8,13,700907,Political violence,3111,15.915,33.1352
2025-03-15T00:00:00Z,Northern Africa,Sudan,Khartoum,violence against civilians,Attack,8,12,737786,Political violence,3111,15.915,33.1352
2025-03-15T00:00:00Z,Northern Africa,Sudan,North Darfur,battles,Armed clash,8,179,694185,Political violence,3112,15.8601,25.5013
2025-03-15T00:00:00Z,Northern Africa,Sudan,North Darfur,battles,Non-state actor overtakes territory,1,122,15233,Political violence,3112,15.8601,25.5013
2025-03-15T00:00:00Z,Northern Africa,Sudan,North Darfur,explosions/remote violence,Air/drone strike,5,3,728747,Political violence,3112,15.8601,25.5013
2025-03-15T00:00:00Z,Northern Africa,Sudan,North Darfur,explosions/remote violence,Remote explosive/landmine/IED,1,1,39111,Political violence,3112,15.8601,25.5013
2025-03-15T00:00:00Z,Northern Africa,Sudan,North Darfur,explosions/remote violence,Shelling/artillery/missile attack,5,26,750776,Political violence,3112,15.8601,25.5013
2025-03-15T00:00:00Z,Northern Africa,Sudan,North Darfur,violence against civilians,Attack,2,14,680454,Political violence,3112,15.8601,25.5013
2025-03-15T00:00:00Z,Northern Africa,Sudan,North Kordofan,battles,Armed clash,2,40,562769,Political violence,3113,14.3894,29.437
2025-03-15T00:00:00Z,Northern Africa,Sudan,North Kordofan,explosions/remote violence,Air/drone strike,4,40,31057,Political violence,3113,14.3894,29.437
2025-03-15T00:00:00Z,Northern Africa,Sudan,North Kordofan,explosions/remote violence,Shelling/artillery/missile attack,3,7,555776,Political violence,3113,14.3894,29.437
2025-03-15T00:00:00Z,Northern Africa,Sudan,North Kordofan,violence against civilians,Attack,1,1,89073,Political violence,3113,14.3894,29.437
2025-03-15T00:00:00Z,Northern Africa,Sudan,South Darfur,battles,Armed clash,1,9,1416133,Political violence,3118,10.9002,24.3019
2025-03-15T00:00:00Z,Northern Africa,Sudan,South Darfur,violence against civilians,Attack,1,1,7263,Political violence,3118,10.9002,24.3019
2025-03-15T00:00:00Z,Northern Africa,Sudan,White Nile,violence against civilians,Attack,4,1,21524,Political violence,3122,13.5895,32.3521
2025-03-22T00:00:00Z,Northern Africa,Sudan,Al Jazirah,battles,Government regains territory,4,10,197246,Political violence,3105,14.6593,33.2294
2025-03-22T00:00:00Z,Northern Africa,Sudan,Al Jazirah,explosions/remote violence,Air/drone strike,2,10,124802,Political violence,3105,14.6593,33.2294
2025-03-22T00:00:00Z,Northern Africa,Sudan,Al Jazirah,violence against civilians,Attack,5,10,11486,Political violence,3105,14.6593,33.2294
2025-03-22T00:00:00Z,Northern Africa,Sudan,East Darfur,explosions/remote violence,Grenade,1,1,16834,Political violence,3108,11.2299,26.3972
2025-03-22T00:00:00Z,Northern Africa,Sudan,Khartoum,battles,Armed clash,6,11,832721,Political violence,3111,15.915,33.1352
2025-03-22T00:00:00Z,Northern Africa,Sudan,Khartoum,battles,Government regains territory,8,103,1195059,Political violence,3111,15.915,33.1352
2025-03-22T00:00:00Z,Northern Africa,Sudan,Khartoum,explosions/remote violence,Air/drone strike,4,7,339467,Political violence,3111,15.915,33.1352
2025-03-22T00:00:00Z,Northern Africa,Sudan,Khartoum,explosions/remote violence,Shelling/artillery/missile attack,6,13,754585,Political violence,3111,15.915,33.1352
2025-03-22T00:00:00Z,Northern Africa,Sudan,Khartoum,violence against civilians,Attack,6,18,566719,Political violence,3111,15.915,33.1352
2025-03-22T00:00:00Z,Northern Africa,Sudan,North Darfur,battles,Armed clash,11,155,656944,Political violence,3112,15.8601,25.5013
2025-03-22T00:00:00Z,Northern Africa,Sudan,North Darfur,explosions/remote violence,Air/drone strike,8,72,762710,Political violence,3112,15.8601,25.5013
2025-03-22T00:00:00Z,Northern Africa,Sudan,North Darfur,explosions/remote violence,Shelling/artillery/missile attack,2,7,70322,Political violence,3112,15.8601,25.5013
2025-03-22T00:00:00Z,Northern Africa,Sudan,North Kordofan,explosions/remote violence,Shelling/artillery/missile attack,1,1,555776,Political violence,3113,14.3894,29.437
2025-03-22T00:00:00Z,Northern Africa,Sudan,West Kordofan,battles,Non-state actor overtakes territory,1,10,30596,Political violence,3121,11.8686,28.2211
2025-03-29T00:00:00Z,Northern Africa,Sudan,Blue Nile,battles,Non-state actor overtakes territory,1,10,1004,Political violence,3106,11.0079,34.0954
2025-03-29T00:00:00Z,Northern Africa,Sudan,East Darfur,violence against civilians,Attack,1,1,16362,Political violence,3108,11.2299,26.3972
2025-03-29T00:00:00Z,Northern Africa,Sudan,Khartoum,battles,Government regains territory,2,10,638634,Political violence,3111,15.915,33.1352
2025-03-29T00:00:00Z,Northern Africa,Sudan,Khartoum,explosions/remote violence,Air/drone strike,2,11,12926,Political violence,3111,15.915,33.1352
2025-03-29T00:00:00Z,Northern Africa,Sudan,Khartoum,explosions/remote violence,Shelling/artillery/missile attack,3,35,12926,Political violence,3111,15.915,33.1352
2025-03-29T00:00:00Z,Northern Africa,Sudan,Khartoum,violence against civilians,Attack,14,184,1184308,Political violence,3111,15.915,33.1352
2025-03-29T00:00:00Z,Northern Africa,Sudan,North Darfur,battles,Armed clash,6,92,641343,Political violence,3112,15.8601,25.5013
2025-03-29T00:00:00Z,Northern Africa,Sudan,North Darfur,battles,Non-state actor overtakes territory,1,10,306,Political violence,3112,15.8601,25.5013
2025-03-29T00:00:00Z,Northern Africa,Sudan,North Darfur,explosions/remote violence,Air/drone strike,11,26,851076,Political violence,3112,15.8601,25.5013
2025-03-29T00:00:00Z,Northern Africa,Sudan,North Darfur,riots,Mob violence,1,1,34,Political violence,3112,15.8601,25.5013
2025-03-29T00:00:00Z,Northern Africa,Sudan,North Darfur,violence against civilians,Sexual violence,1,1,2112,Political violence,3112,15.8601,25.5013
2025-03-29T00:00:00Z,Northern Africa,Sudan,North Kordofan,battles,Armed clash,2,21,561756,Political violence,3113,14.3894,29.437
2025-03-29T00:00:00Z,Northern Africa,Sudan,North Kordofan,explosions/remote violence,Air/drone strike,1,2,555776,Political violence,3113,14.3894,29.437
2025-03-29T00:00:00Z,Northern Africa,Sudan,North Kordofan,violence against civilians,Attack,3,1,90681,Political violence,3113,14.3894,29.437
2025-03-29T00:00:00Z,Northern Africa,Sudan,Sennar,violence against civilians,Attack,1,35,4483,Political violence,3117,12.9093,34.0815
2025-03-29T00:00:00Z,Northern Africa,Sudan,South Darfur,explosions/remote violence,Grenade,1,2,1416133,Political violence,3118,10.9002,24.3019
2025-03-29T00:00:00Z,Northern Africa,Sudan,South Darfur,violence against civilians,Attack,2,2,1416133,Political violence,3118,10.9002,24.3019
2025-03-29T00:00:00Z,Northern Africa,Sudan,South Kordofan,battles,Armed clash,3,70,36425,Political violence,3119,11.2289,30.914
2025-03-29T00:00:00Z,Northern Africa,Sudan,South Kordofan,battles,Non-state actor overtakes territory,1,82,2666,Political violence,3119,11.2289,30.914
2025-03-29T00:00:00Z,Northern Africa,Sudan,West Kordofan,battles,Armed clash,2,21,161620,Political violence,3121,11.8686,28.2211
2025-03-29T00:00:00Z,Northern Africa,Sudan,White Nile,violence against civilians,Attack,1,6,180248,Political violence,3122,13.5895,32.3521
2025-04-05T00:00:00Z,Northern Africa,Sudan,Blue Nile,battles,Government regains territory,2,13,1793,Political violence,3106,11.0079,34.0954
2025-04-05T00:00:00Z,Northern Africa,Sudan,Central Darfur,violence against civilians,Attack,3,3,116244,Political violence,3107,12.3084,23.2341
2025-04-05T00:00:00Z,Northern Africa,Sudan,Khartoum,battles,Armed clash,6,14,720465,Political violence,3111,15.915,33.1352
2025-04-05T00:00:00Z,Northern Africa,Sudan,Khartoum,explosions/remote violence,Air/drone strike,1,6,363098,Political violence,3111,15.915,33.1352
2025-04-05T00:00:00Z,Northern Africa,Sudan,Khartoum,explosions/remote violence,Shelling/artillery/missile attack,2,6,657291,Political violence,3111,15.915,33.1352
2025-04-05T00:00:00Z,Northern Africa,Sudan,Khartoum,violence against civilians,Attack,2,33,370934,Political violence,3111,15.915,33.1352
2025-04-05T00:00:00Z,Northern Africa,Sudan,North Darfur,battles,Armed clash,11,306,717941,Political violence,3112,15.8601,25.5013
2025-04-05T00:00:00Z,Northern Africa,Sudan,North Darfur,battles,Non-state actor overtakes territory,2,62,36429,Political violence,3112,15.8601,25.5013
2025-04-05T00:00:00Z,Northern Africa,Sudan,North Darfur,explosions/remote violence,Air/drone strike,2,23,641343,Political violence,3112,15.8601,25.5013
2025-04-05T00:00:00Z,Northern Africa,Sudan,North Darfur,explosions/remote violence,Shelling/artillery/missile attack,8,55,764729,Political violence,3112,15.8601,25.5013
2025-04-05T00:00:00Z,Northern Africa,Sudan,North Kordofan,explosions/remote violence,Shelling/artillery/missile attack,2,10,555776,Political violence,3113,14.3894,29.437
2025-04-05T00:00:00Z,Northern Africa,Sudan,North Kordofan,violence against civilians,Attack,1,1,555776,Political violence,3113,14.3894,29.437
2025-04-05T00:00:00Z,Northern Africa,Sudan,Northern,explosions/remote violence,Air/drone strike,5,9,205876,Political violence,3114,19.3656,29.8955
2025-04-05T00:00:00Z,Northern Africa,Sudan,River Nile,explosions/remote violence,Air/drone strike,1,3,237262,Political violence,3116,18.8347,33.1231
2025-04-05T00:00:00Z,Northern Africa,Sudan,South Kordofan,battles,Armed clash,3,7,6953,Political violence,3119,11.2289,30.914
2025-04-05T00:00:00Z,Northern Africa,Sudan,South Kordofan,battles,Non-state actor overtakes territory,1,5,443,Political violence,3119,11.2289,30.914
2025-04-05T00:00:00Z,Northern Africa,Sudan,West Kordofan,battles,Armed clash,2,25,118470,Political violence,3121,11.8686,28.2211
2025-04-05T00:00:00Z,Northern Africa,Sudan,White Nile,battles,Armed clash,1,5,5121,Political violence,3122,13.5895,32.3521
2025-04-05T00:00:00Z,Northern Africa,Sudan,White Nile,battles,Government regains territory,1,5,5257,Political violence,3122,13.5895,32.3521
2025-04-05T00:00:00Z,Northern Africa,Sudan,White Nile,battles,Non-state actor overtakes territory,1,37,5257,Political violence,3122,13.5895,32.3521
2025-04-12T00:00:00Z,Northern Africa,Sudan,Abyei,violence against civilians,Attack,2,1,1382,Political violence,3104,9.7332,28.4712
2025-04-12T00:00:00Z,Northern Africa,Sudan,Al Jazirah,battles,Armed clash,1,2,5800,Political violence,3105,14.6593,33.2294
2025-04-12T00:00:00Z,Northern Africa,Sudan,Al Jazirah,violence against civilians,Attack,1,1,39637,Political violence,3105,14.6593,33.2294
2025-04-12T00:00:00Z,Northern Africa,Sudan,Khartoum,battles,Armed clash,4,4,381364,Political violence,3111,15.915,33.1352
2025-04-12T00:00:00Z,Northern Africa,Sudan,Khartoum,battles,Government regains territory,3,6,458243,Political violence,3111,15.915,33.1352
2025-04-12T00:00:00Z,Northern Africa,Sudan,Khartoum,explosions/remote violence,Shelling/artillery/missile attack,2,4,141570,Political violence,3111,15.915,33.1352
2025-04-12T00:00:00Z,Northern Africa,Sudan,Khartoum,violence against civilians,Attack,4,10,318444,Political violence,3111,15.915,33.1352
2025-04-12T00:00:00Z,Northern Africa,Sudan,North Darfur,battles,Armed clash,8,273,680454,Political violence,3112,15.8601,25.5013
2025-04-12T00:00:00Z,Northern Africa,Sudan,North Darfur,battles,Non-state actor overtakes territory,1,17,39111,Political violence,3112,15.8601,25.5013
2025-04-12T00:00:00Z,Northern Africa,Sudan,North Darfur,explosions/remote violence,Shelling/artillery/missile attack,8,92,109365,Political violence,3112,15.8601,25.5013
2025-04-12T00:00:00Z,Northern Africa,Sudan,North Darfur,violence against civilians,Attack,1,15,2396,Political violence,3112,15.8601,25.5013
2025-04-12T00:00:00Z,Northern Africa,Sudan,North Kordofan,battles,Armed clash,3,16,562778,Political violence,3113,14.3894,29.437
2025-04-12T00:00:00Z,Northern Africa,Sudan,North Kordofan,battles,Government regains territory,6,17,25953,Political violence,3113,14.3894,29.437
2025-04-12T00:00:00Z,Northern Africa,Sudan,North Kordofan,explosions/remote violence,Air/drone strike,9,60,604597,Political violence,3113,14.3894,29.437
2025-04-12T00:00:00Z,Northern Africa,Sudan,North Kordofan,violence against civilians,Attack,2,19,12658,Political violence,3113,14.3894,29.437
2025-04-12T00:00:00Z,Northern Africa,Sudan,South Darfur,battles,Armed clash,2,21,1416133,Political violence,3118,10.9002,24.3019
2025-04-12T00:00:00Z,Northern Africa,Sudan,South Darfur,violence against civilians,Attack,1,2,44596,Political violence,3118,10.9002,24.3019
2025-04-12T00:00:00Z,Northern Africa,Sudan,South Kordofan,battles,Armed clash,1,12,29504,Political violence,3119,11.2289,30.914
2025-04-12T00:00:00Z,Northern Africa,Sudan,South Kordofan,battles,Government regains territory,2,20,5018,Political violence,3119,11.2289,30.914
2025-04-12T00:00:00Z,Northern Africa,Sudan,South Kordofan,explosions/remote violence,Air/drone strike,2,30,43690,Political violence,3119,11.2289,30.914
2025-04-12T00:00:00Z,Northern Africa,Sudan,West Kordofan,battles,Armed clash,2,10,112854,Political violence,3121,11.8686,28.2211
2025-04-19T00:00:00Z,Northern Africa,Sudan,Kassala,violence against civilians,Sexual violence,1,3,1188,Political violence,3110,15.7104,35.5356
2025-04-19T00:00:00Z,Northern Africa,Sudan,Khartoum,battles,Armed clash,5,14,664766,Political violence,3111,15.915,33.1352
2025-04-19T00:00:00Z,Northern Africa,Sudan,Khartoum,explosions/remote violence,Air/drone strike,3,1,794502,Political violence,3111,15.915,33.1352
2025-04-19T00:00:00Z,Northern Africa,Sudan,Khartoum,violence against civilians,Attack,3,17,333612,Political violence,3111,15.915,33.1352
2025-04-19T00:00:00Z,Northern Africa,Sudan,North Darfur,battles,Armed clash,10,285,681500,Political violence,3112,15.8601,25.5013
2025-04-19T00:00:00Z,Northern Africa,Sudan,North Darfur,battles,Non-state actor overtakes territory,1,10,6430,Political violence,3112,15.8601,25.5013
2025-04-19T00:00:00Z,Northern Africa,Sudan,North Darfur,explosions/remote violence,Shelling/artillery/missile attack,5,26,70254,Political violence,3112,15.8601,25.5013
2025-04-19T00:00:00Z,Northern Africa,Sudan,North Darfur,violence against civilians,Attack,3,30,75929,Political violence,3112,15.8601,25.5013
2025-04-19T00:00:00Z,Northern Africa,Sudan,North Kordofan,explosions/remote violence,Air/drone strike,7,54,586926,Political violence,3113,14.3894,29.437
2025-04-19T00:00:00Z,Northern Africa,Sudan,River Nile,explosions/remote violence,Air/drone strike,1,12,237262,Political violence,3116,18.8347,33.1231
2025-04-19T00:00:00Z,Northern Africa,Sudan,South Darfur,battles,Armed clash,2,3,1438418,Political violence,3118,10.9002,24.3019
2025-04-19T00:00:00Z,Northern Africa,Sudan,South Kordofan,violence against civilians,Attack,2,4,7097,Political violence,3119,11.2289,30.914
2025-04-19T00:00:00Z,Northern Africa,Sudan,West Kordofan,violence against civilians,Attack,1,74,17746,Political violence,3121,11.8686,28.2211
2025-04-19T00:00:00Z,Northern Africa,Sudan,White Nile,violence against civilians,Attack,3,7,191081,Political violence,3122,13.5895,32.3521
2025-04-26T00:00:00Z,Northern Africa,Sudan,Central Darfur,violence against civilians,Attack,1,2,31388,Political violence,3107,12.3084,23.2341
2025-04-26T00:00:00Z,Northern Africa,Sudan,Central Darfur,violence against civilians,Sexual violence,1,1,8928,Political violence,3107,12.3084,23.2341
2025-04-26T00:00:00Z,Northern Africa,Sudan,East Darfur,explosions/remote violence,Grenade,1,2,19626,Political violence,3108,11.2299,26.3972
2025-04-26T00:00:00Z,Northern Africa,Sudan,East Darfur,violence against civilians,Attack,2,1,328005,Political violence,3108,11.2299,26.3972
2025-04-26T00:00:00Z,Northern Africa,Sudan,Khartoum,battles,Armed clash,2,11,299491,Political violence,3111,15.915,33.1352
2025-04-26T00:00:00Z,Northern Africa,Sudan,Khartoum,violence against civilians,Attack,1,1,256686,Political violence,3111,15.915,33.1352
2025-04-26T00:00:00Z,Northern Africa,Sudan,Khartoum,violence against civilians,Sexual violence,1,25,294193,Political violence,3111,15.915,33.1352
2025-04-26T00:00:00Z,Northern Africa,Sudan,North Darfur,battles,Armed clash,7,89,711597,Political violence,3112,15.8601,25.5013
2025-04-26T00:00:00Z,Northern Africa,Sudan,North Darfur,explosions/remote violence,Shelling/artillery/missile attack,5,24,711597,Political violence,3112,15.8601,25.5013
2025-04-26T00:00:00Z,Northern Africa,Sudan,North Darfur,violence against civilians,Sexual violence,2,3,1337,Political violence,3112,15.8601,25.5013
2025-04-26T00:00:00Z,Northern Africa,Sudan,North Kordofan,explosions/remote violence,Air/drone strike,4,1,575679,Political violence,3113,14.3894,29.437
2025-04-26T00:00:00Z,Northern Africa,Sudan,Northern,violence against civilians,Attack,1,2,30431,Political violence,3114,19.3656,29.8955
2025-04-26T00:00:00Z,Northern Africa,Sudan,Red Sea,violence against civilians,Attack,1,2,586774,Political violence,3115,20.0739,35.4126
2025-04-26T00:00:00Z,Northern Africa,Sudan,South Darfur,battles,Armed clash,2,2,1461242,Political violence,3118,10.9002,24.3019
2025-04-26T00:00:00Z,Northern Africa,Sudan,South Darfur,explosions/remote violence,Air/drone strike,1,70,51229,Political violence,3118,10.9002,24.3019
2025-04-26T00:00:00Z,Northern Africa,Sudan,South Kordofan,explosions/remote violence,Air/drone strike,1,10,29504,Political violence,3119,11.2289,30.914
2025-04-26T00:00:00Z,Northern Africa,Sudan,South Kordofan,violence against civilians,Sexual violence,1,6,3650,Political violence,3119,11.2289,30.914
2025-04-26T00:00:00Z,Northern Africa,Sudan,West Kordofan,battles,Armed clash,1,50,158012,Political violence,3121,11.8686,28.2211
2025-04-26T00:00:00Z,Northern Africa,Sudan,West Kordofan,battles,Non-state actor overtakes territory,4,73,210492,Political violence,3121,11.8686,28.2211
2025-04-26T00:00:00Z,Northern Africa,Sudan,West Kordofan,violence against civilians,Attack,3,30,5640,Political violence,3121,11.8686,28.2211
2025-04-26T00:00:00Z,Northern Africa,Sudan,White Nile,battles,Armed clash,3,11,520485,Political violence,3122,13.5895,32.3521
2025-04-26T00:00:00Z,Northern Africa,Sudan,White Nile,explosions/remote violence,Air/drone strike,4,8,732587,Political violence,3122,13.5895,32.3521
2025-04-26T00:00:00Z,Northern Africa,Sudan,White Nile,violence against civilians,Attack,2,7,13746,Political violence,3122,13.5895,32.3521
2025-05-03T00:00:00Z,Northern Africa,Sudan,Abyei,battles,Armed clash,1,6,485,Political violence,3104,9.7332,28.4712
2025-05-03T00:00:00Z,Northern Africa,Sudan,Abyei,violence against civilians,Attack,3,8,2308,Political violence,3104,9.7332,28.4712
2025-05-03T00:00:00Z,Northern Africa,Sudan,Central Darfur,battles,Armed clash,1,2,31388,Political violence,3107,12.3084,23.2341
2025-05-03T00:00:00Z,Northern Africa,Sudan,Khartoum,battles,Armed clash,3,3,575626,Political violence,3111,15.915,33.1352
2025-05-03T00:00:00Z,Northern Africa,Sudan,Khartoum,explosions/remote violence,Air/drone strike,1,3,363098,Political violence,3111,15.915,33.1352
2025-05-03T00:00:00Z,Northern Africa,Sudan,Khartoum,violence against civilians,Attack,1,5,363098,Political violence,3111,15.915,33.1352
2025-05-03T00:00:00Z,Northern Africa,Sudan,North Darfur,battles,Armed clash,6,62,641343,Political violence,3112,15.8601,25.5013
2025-05-03T00:00:00Z,Northern Africa,Sudan,North Darfur,explosions/remote violence,Shelling/artillery/missile attack,5,41,711597,Political violence,3112,15.8601,25.5013
2025-05-03T00:00:00Z,Northern Africa,Sudan,North Kordofan,explosions/remote violence,Air/drone strike,4,11,719109,Political violence,3113,14.3894,29.437
2025-05-03T00:00:00Z,Northern Africa,Sudan,North Kordofan,violence against civilians,Attack,1,6,555776,Political violence,3113,14.3894,29.437
2025-05-03T00:00:00Z,Northern Africa,Sudan,South Darfur,battles,Armed clash,1,6,6108,Political violence,3118,10.9002,24.3019
2025-05-03T00:00:00Z,Northern Africa,Sudan,South Darfur,violence against civilians,Attack,2,15,1729561,Political violence,3118,10.9002,24.3019
2025-05-03T00:00:00Z,Northern Africa,Sudan,South Kordofan,battles,Armed clash,3,10,6587,Political violence,3119,11.2289,30.914
2025-05-03T00:00:00Z,Northern Africa,Sudan,South Kordofan,violence against civilians,Attack,1,2,11208,Political violence,3119,11.2289,30.914
2025-05-03T00:00:00Z,Northern Africa,Sudan,West Kordofan,violence against civilians,Attack,2,20,159163,Political violence,3121,11.8686,28.2211
2025-05-03T00:00:00Z,Northern Africa,Sudan,White Nile,battles,Armed clash,4,10,1076096,Political violence,3122,13.5895,32.3521
2025-05-10T00:00:00Z,Northern Africa,Sudan,Abyei,violence against civilians,Attack,1,15,22120,Political violence,3104,9.7332,28.4712
2025-05-10T00:00:00Z,Northern Africa,Sudan,Al Jazirah,explosions/remote violence,Remote explosive/landmine/IED,1,1,3271,Political violence,3105,14.6593,33.2294
2025-05-10T00:00:00Z,Northern Africa,Sudan,Khartoum,battles,Armed clash,6,12,643363,Political violence,3111,15.915,33.1352
2025-05-10T00:00:00Z,Northern Africa,Sudan,Khartoum,explosions/remote violence,Air/drone strike,6,10,677636,Political violence,3111,15.915,33.1352
2025-05-10T00:00:00Z,Northern Africa,Sudan,Khartoum,violence against civilians,Attack,2,6,575626,Political violence,3111,15.915,33.1352
2025-05-10T00:00:00Z,Northern Africa,Sudan,North Darfur,battles,Armed clash,5,57,641343,Political violence,3112,15.8601,25.5013
2025-05-10T00:00:00Z,Northern Africa,Sudan,North Darfur,explosions/remote violence,Shelling/artillery/missile attack,4,5,71443,Political violence,3112,15.8601,25.5013
2025-05-10T00:00:00Z,Northern Africa,Sudan,North Kordofan,battles,Armed clash,3,12,566179,Political violence,3113,14.3894,29.437
2025-05-10T00:00:00Z,Northern Africa,Sudan,North Kordofan,battles,Government regains territory,5,10,24559,Political violence,3113,14.3894,29.437
2025-05-10T00:00:00Z,Northern Africa,Sudan,North Kordofan,explosions/remote violence,Air/drone strike,4,23,584648,Political violence,3113,14.3894,29.437
2025-05-10T00:00:00Z,Northern Africa,Sudan,North Kordofan,explosions/remote violence,Shelling/artillery/missile attack,1,4,555776,Political violence,3113,14.3894,29.437
2025-05-10T00:00:00Z,Northern Africa,Sudan,North Kordofan,violence against civilians,Attack,2,6,2733,Political violence,3113,14.3894,29.437
2025-05-10T00:00:00Z,Northern Africa,Sudan,Red Sea,battles,Armed clash,6,1,587566,Political violence,3115,20.0739,35.4126
2025-05-10T00:00:00Z,Northern Africa,Sudan,Sennar,violence against civilians,Attack,1,36,4483,Political violence,3117,12.9093,34.0815
2025-05-10T00:00:00Z,Northern Africa,Sudan,South Darfur,battles,Armed clash,1,1,45109,Political violence,3118,10.9002,24.3019
2025-05-10T00:00:00Z,Northern Africa,Sudan,South Kordofan,battles,Government regains territory,6,10,18169,Political violence,3119,11.2289,30.914
2025-05-10T00:00:00Z,Northern Africa,Sudan,South Kordofan,explosions/remote violence,Shelling/artillery/missile attack,2,11,157494,Political violence,3119,11.2289,30.914
2025-05-10T00:00:00Z,Northern Africa,Sudan,South Kordofan,violence against civilians,Attack,7,38,45975,Political violence,3119,11.2289,30.914
2025-05-10T00:00:00Z,Northern Africa,Sudan,West Kordofan,battles,Armed clash,7,37,188823,Political violence,3121,11.8686,28.2211
2025-05-10T00:00:00Z,Northern Africa,Sudan,West Kordofan,battles,Government regains territory,3,20,180669,Political violence,3121,11.8686,28.2211
2025-05-10T00:00:00Z,Northern Africa,Sudan,West Kordofan,explosions/remote violence,Air/drone strike,2,2,131427,Political violence,3121,11.8686,28.2211
2025-05-10T00:00:00Z,Northern Africa,Sudan,West Kordofan,violence against civilians,Attack,1,1,3439,Political violence,3121,11.8686,28.2211
2025-05-10T00:00:00Z,Northern Africa,Sudan,White Nile,explosions/remote violence,Air/drone strike,1,10,13614,Political violence,3122,13.5895,32.3521
2025-05-10T00:00:00Z,Northern Africa,Sudan,White Nile,violence against civilians,Attack,2,4,356849,Political violence,3122,13.5895,32.3521
2025-05-17T00:00:00Z,Northern Africa,Sudan,Al Jazirah,explosions/remote violence,Air/drone strike,1,7,100,Political violence,3105,14.6593,33.2294
2025-05-17T00:00:00Z,Northern Africa,Sudan,Blue Nile,violence against civilians,Attack,1,3,31841,Political violence,3106,11.0079,34.0954
2025-05-17T00:00:00Z,Northern Africa,Sudan,Central Darfur,violence against civilians,Attack,1,3,7897,Political violence,3107,12.3084,23.2341
2025-05-17T00:00:00Z,Northern Africa,Sudan,East Darfur,explosions/remote violence,Grenade,1,1,19626,Political violence,3108,11.2299,26.3972
2025-05-17T00:00:00Z,Northern Africa,Sudan,Khartoum,battles,Government regains territory,2,4,212528,Political violence,3111,15.915,33.1352
2025-05-17T00:00:00Z,Northern Africa,Sudan,Khartoum,violence against civilians,Attack,4,4,534864,Political violence,3111,15.915,33.1352
2025-05-17T00:00:00Z,Northern Africa,Sudan,North Darfur,battles,Armed clash,3,4,641343,Political violence,3112,15.8601,25.5013
2025-05-17T00:00:00Z,Northern Africa,Sudan,North Darfur,battles,Government regains territory,2,10,15422,Political violence,3112,15.8601,25.5013
2025-05-17T00:00:00Z,Northern Africa,Sudan,North Darfur,explosions/remote violence,Air/drone strike,1,1,641343,Political violence,3112,15.8601,25.5013
2025-05-17T00:00:00Z,Northern Africa,Sudan,North Darfur,explosions/remote violence,Shelling/artillery/missile attack,5,33,711597,Political violence,3112,15.8601,25.5013
2025-05-17T00:00:00Z,Northern Africa,Sudan,North Darfur,violence against civilians,Attack,3,9,122988,Political violence,3112,15.8601,25.5013
2025-05-17T00:00:00Z,Northern Africa,Sudan,North Darfur,violence against civilians,Sexual violence,1,3,641343,Political violence,3112,15.8601,25.5013
2025-05-17T00:00:00Z,Northern Africa,Sudan,North Kordofan,violence against civilians,Attack,7,27,20669,Political violence,3113,14.3894,29.437
2025-05-17T00:00:00Z,Northern Africa,Sudan,South Darfur,explosions/remote violence,Grenade,1,3,1416133,Political violence,3118,10.9002,24.3019
2025-05-17T00:00:00Z,Northern Africa,Sudan,South Darfur,violence against civilians,Attack,1,1,44596,Political violence,3118,10.9002,24.3019
2025-05-17T00:00:00Z,Northern Africa,Sudan,South Kordofan,battles,Armed clash,2,10,30546,Political violence,3119,11.2289,30.914
2025-05-17T00:00:00Z,Northern Africa,Sudan,South Kordofan,battles,Government regains territory,2,11,33168,Political violence,3119,11.2289,30.914
2025-05-17T00:00:00Z,Northern Africa,Sudan,South Kordofan,explosions/remote violence,Air/drone strike,3,11,29413,Political violence,3119,11.2289,30.914
2025-05-17T00:00:00Z,Northern Africa,Sudan,South Kordofan,violence against civilians,Attack,3,8,57653,Political violence,3119,11.2289,30.914
2025-05-17T00:00:00Z,Northern Africa,Sudan,West Kordofan,explosions/remote violence,Air/drone strike,5,20,198422,Political violence,3121,11.8686,28.2211
2025-05-17T00:00:00Z,Northern Africa,Sudan,White Nile,battles,Government regains territory,2,15,13614,Political violence,3122,13.5895,32.3521
2025-05-24T00:00:00Z,Northern Africa,Sudan,Central Darfur,battles,Armed clash,1,2,55993,Political violence,3107,12.3084,23.2341
2025-05-24T00:00:00Z,Northern Africa,Sudan,East Darfur,violence against civilians,Attack,1,1,328005,Political violence,3108,11.2299,26.3972
2025-05-24T00:00:00Z,Northern Africa,Sudan,Khartoum,violence against civilians,Attack,1,3,212528,Political violence,3111,15.915,33.1352
2025-05-24T00:00:00Z,Northern Africa,Sudan,North Darfur,explosions/remote violence,Shelling/artillery/missile attack,4,13,711597,Political violence,3112,15.8601,25.5013
2025-05-24T00:00:00Z,Northern Africa,Sudan,North Darfur,violence against civilians,Attack,1,5,10437,Political violence,3112,15.8601,25.5013
2025-05-24T00:00:00Z,Northern Africa,Sudan,North Kordofan,battles,Armed clash,3,15,565011,Political violence,3113,14.3894,29.437
2025-05-24T00:00:00Z,Northern Africa,Sudan,North Kordofan,battles,Non-state actor overtakes territory,2,10,8974,Political violence,3113,14.3894,29.437
2025-05-24T00:00:00Z,Northern Africa,Sudan,North Kordofan,explosions/remote violence,Air/drone strike,5,12,576592,Political violence,3113,14.3894,29.437
2025-05-24T00:00:00Z,Northern Africa,Sudan,North Kordofan,explosions/remote violence,Remote explosive/landmine/IED,1,4,5251,Political violence,3113,14.3894,29.437
2025-05-24T00:00:00Z,Northern Africa,Sudan,North Kordofan,violence against civilians,Attack,3,8,43708,Political violence,3113,14.3894,29.437
2025-05-24T00:00:00Z,Northern Africa,Sudan,Sennar,explosions/remote violence,Remote explosive/landmine/IED,1,2,63679,Political violence,3117,12.9093,34.0815
2025-05-24T00:00:00Z,Northern Africa,Sudan,South Darfur,battles,Armed clash,1,1,1416133,Political violence,3118,10.9002,24.3019
2025-05-24T00:00:00Z,Northern Africa,Sudan,South Darfur,violence against civilians,Attack,1,1,45109,Political violence,3118,10.9002,24.3019
2025-05-24T00:00:00Z,Northern Africa,Sudan,South Kordofan,battles,Non-state actor overtakes territory,2,90,43599,Political violence,3119,11.2289,30.914
2025-05-24T00:00:00Z,Northern Africa,Sudan,South Kordofan,explosions/remote violence,Air/drone strike,2,5,29611,Political violence,3119,11.2289,30.914
2025-05-24T00:00:00Z,Northern Africa,Sudan,South Kordofan,explosions/remote violence,Shelling/artillery/missile attack,1,10,29413,Political violence,3119,11.2289,30.914
2025-05-24T00:00:00Z,Northern Africa,Sudan,South Kordofan,violence against civilians,Attack,5,6,46000,Political violence,3119,11.2289,30.914
2025-05-24T00:00:00Z,Northern Africa,Sudan,West Kordofan,battles,Non-state actor overtakes territory,1,10,21884,Political violence,3121,11.8686,28.2211
2025-05-24T00:00:00Z,Northern Africa,Sudan,West Kordofan,explosions/remote violence,Air/drone strike,4,9,227855,Political violence,3121,11.8686,28.2211
2025-05-24T00:00:00Z,Northern Africa,Sudan,White Nile,explosions/remote violence,Air/drone strike,3,2,581237,Political violence,3122,13.5895,32.3521
2025-05-31T00:00:00Z,Northern Africa,Sudan,Central Darfur,violence against civilians,Attack,1,1,99067,Political violence,3107,12.3084,23.2341
2025-05-31T00:00:00Z,Northern Africa,Sudan,East Darfur,battles,Armed clash,2,3,328005,Political violence,3108,11.2299,26.3972
2025-05-31T00:00:00Z,Northern Africa,Sudan,East Darfur,violence against civilians,Attack,1,1,328005,Political violence,3108,11.2299,26.3972
2025-05-31T00:00:00Z,Northern Africa,Sudan,North Darfur,battles,Armed clash,4,6,705494,Political violence,3112,15.8601,25.5013
2025-05-31T00:00:00Z,Northern Africa,Sudan,North Darfur,explosions/remote violence,Air/drone strike,5,33,667927,Political violence,3112,15.8601,25.5013
2025-05-31T00:00:00Z,Northern Africa,Sudan,North Darfur,explosions/remote violence,Shelling/artillery/missile attack,7,46,712934,Political violence,3112,15.8601,25.5013
2025-05-31T00:00:00Z,Northern Africa,Sudan,North Kordofan,explosions/remote violence,Air/drone strike,8,16,604520,Political violence,3113,14.3894,29.437
2025-05-31T00:00:00Z,Northern Africa,Sudan,North Kordofan,violence against civilians,Attack,5,10,597274,Political violence,3113,14.3894,29.437
2025-05-31T00:00:00Z,Northern Africa,Sudan,Northern,battles,Armed clash,1,12,24,Political violence,3114,19.3656,29.8955
2025-05-31T00:00:00Z,Northern Africa,Sudan,South Darfur,battles,Armed clash,1,1,1416133,Political violence,3118,10.9002,24.3019
2025-05-31T00:00:00Z,Northern Africa,Sudan,South Darfur,explosions/remote violence,Air/drone strike,6,10,1525840,Political violence,3118,10.9002,24.3019
2025-05-31T00:00:00Z,Northern Africa,Sudan,South Kordofan,explosions/remote violence,Air/drone strike,1,10,14186,Political violence,3119,11.2289,30.914
2025-05-31T00:00:00Z,Northern Africa,Sudan,West Kordofan,battles,Armed clash,1,10,109543,Political violence,3121,11.8686,28.2211
2025-05-31T00:00:00Z,Northern Africa,Sudan,West Kordofan,explosions/remote violence,Shelling/artillery/missile attack,1,2,109543,Political violence,3121,11.8686,28.2211
2025-05-31T00:00:00Z,Northern Africa,Sudan,West Kordofan,violence against civilians,Attack,7,14,188948,Political violence,3121,11.8686,28.2211
2025-05-31T00:00:00Z,Northern Africa,Sudan,West Kordofan,violence against civilians,Sexual violence,1,2,21884,Political violence,3121,11.8686,28.2211
2025-06-07T00:00:00Z,Northern Africa,Sudan,Abyei,violence against civilians,Attack,2,3,1382,Political violence,3104,9.7332,28.4712
2025-06-07T00:00:00Z,Northern Africa,Sudan,Central Darfur,battles,Armed clash,1,4,7897,Political violence,3107,12.3084,23.2341
2025-06-07T00:00:00Z,Northern Africa,Sudan,Central Darfur,violence against civilians,Sexual violence,1,13,99067,Political violence,3107,12.3084,23.2341
2025-06-07T00:00:00Z,Northern Africa,Sudan,Kassala,violence against civilians,Attack,1,8,563413,Political violence,3110,15.7104,35.5356
2025-06-07T00:00:00Z,Northern Africa,Sudan,Khartoum,violence against civilians,Attack,1,1,11898,Political violence,3111,15.915,33.1352
2025-06-07T00:00:00Z,Northern Africa,Sudan,North Darfur,battles,Armed clash,3,5,641343,Political violence,3112,15.8601,25.5013
2025-06-07T00:00:00Z,Northern Africa,Sudan,North Darfur,explosions/remote violence,Air/drone strike,6,22,848655,Political violence,3112,15.8601,25.5013
2025-06-07T00:00:00Z,Northern Africa,Sudan,North Darfur,explosions/remote violence,Shelling/artillery/missile attack,5,12,711597,Political violence,3112,15.8601,25.5013
2025-06-07T00:00:00Z,Northern Africa,Sudan,North Darfur,violence against civilians,Attack,2,2,76245,Political violence,3112,15.8601,25.5013
2025-06-07T00:00:00Z,Northern Africa,Sudan,North Kordofan,battles,Armed clash,1,6,555776,Political violence,3113,14.3894,29.437
2025-06-07T00:00:00Z,Northern Africa,Sudan,North Kordofan,violence against civilians,Attack,3,1,652200,Political violence,3113,14.3894,29.437
2025-06-07T00:00:00Z,Northern Africa,Sudan,Northern,battles,Non-state actor overtakes territory,2,10,24,Political violence,3114,19.3656,29.8955
2025-06-07T00:00:00Z,Northern Africa,Sudan,South Darfur,battles,Armed clash,4,37,1476382,Political violence,3118,10.9002,24.3019
2025-06-07T00:00:00Z,Northern Africa,Sudan,South Darfur,violence against civilians,Attack,3,4,1416133,Political violence,3118,10.9002,24.3019
2025-06-07T00:00:00Z,Northern Africa,Sudan,South Kordofan,battles,Armed clash,1,39,939,Political violence,3119,11.2289,30.914
2025-06-07T00:00:00Z,Northern Africa,Sudan,South Kordofan,explosions/remote violence,Air/drone strike,2,21,29413,Political violence,3119,11.2289,30.914
2025-06-07T00:00:00Z,Northern Africa,Sudan,West Kordofan,battles,Armed clash,4,177,109543,Political violence,3121,11.8686,28.2211
2025-06-07T00:00:00Z,Northern Africa,Sudan,West Kordofan,explosions/remote violence,Air/drone strike,1,8,44520,Political violence,3121,11.8686,28.2211
2025-06-07T00:00:00Z,Northern Africa,Sudan,West Kordofan,explosions/remote violence,Shelling/artillery/missile attack,2,3,109543,Political violence,3121,11.8686,28.2211
2025-06-14T00:00:00Z,Northern Africa,Sudan,Abyei,battles,Armed clash,1,5,1382,Political violence,3104,9.7332,28.4712
2025-06-14T00:00:00Z,Northern Africa,Sudan,Abyei,explosions/remote violence,Remote explosive/landmine/IED,1,1,1382,Political violence,3104,9.7332,28.4712
2025-06-14T00:00:00Z,Northern Africa,Sudan,Blue Nile,battles,Armed clash,1,3,31841,Political violence,3106,11.0079,34.0954
2025-06-14T00:00:00Z,Northern Africa,Sudan,Khartoum,violence against civilians,Attack,2,2,604740,Political violence,3111,15.915,33.1352
2025-06-14T00:00:00Z,Northern Africa,Sudan,North Darfur,battles,Armed clash,4,16,711597,Political violence,3112,15.8601,25.5013
2025-06-14T00:00:00Z,Northern Africa,Sudan,North Darfur,explosions/remote violence,Shelling/artillery/missile attack,3,6,711597,Political violence,3112,15.8601,25.5013
2025-06-14T00:00:00Z,Northern Africa,Sudan,North Darfur,violence against civilians,Attack,1,1,70254,Political violence,3112,15.8601,25.5013
2025-06-14T00:00:00Z,Northern Africa,Sudan,North Kordofan,explosions/remote violence,Air/drone strike,2,10,28841,Political violence,3113,14.3894,29.437
2025-06-14T00:00:00Z,Northern Africa,Sudan,North Kordofan,violence against civilians,Attack,7,13,109015,Political violence,3113,14.3894,29.437
2025-06-14T00:00:00Z,Northern Africa,Sudan,Northern,violence against civilians,Attack,2,3,34868,Political violence,3114,19.3656,29.8955
2025-06-14T00:00:00Z,Northern Africa,Sudan,South Darfur,explosions/remote violence,Grenade,1,3,22285,Political violence,3118,10.9002,24.3019
2025-06-14T00:00:00Z,Northern Africa,Sudan,South Darfur,violence against civilians,Attack,1,1,44596,Political violence,3118,10.9002,24.3019
2025-06-14T00:00:00Z,Northern Africa,Sudan,South Kordofan,battles,Armed clash,7,66,143811,Political violence,3119,11.2289,30.914
2025-06-14T00:00:00Z,Northern Africa,Sudan,West Kordofan,battles,Armed clash,5,239,131427,Political violence,3121,11.8686,28.2211
2025-06-14T00:00:00Z,Northern Africa,Sudan,West Kordofan,explosions/remote violence,Air/drone strike,7,15,492527,Political violence,3121,11.8686,28.2211
2025-06-14T00:00:00Z,Northern Africa,Sudan,West Kordofan,explosions/remote violence,Shelling/artillery/missile attack,1,9,109543,Political violence,3121,11.8686,28.2211
2025-06-21T00:00:00Z,Northern Africa,Sudan,Al Jazirah,violence against civilians,Attack,1,1,28806,Political violence,3105,14.6593,33.2294
2025-06-21T00:00:00Z,Northern Africa,Sudan,Blue Nile,battles,Armed clash,1,3,31841,Political violence,3106,11.0079,34.0954
2025-06-21T00:00:00Z,Northern Africa,Sudan,Blue Nile,battles,Government regains territory,2,10,201,Political violence,3106,11.0079,34.0954
2025-06-21T00:00:00Z,Northern Africa,Sudan,Central Darfur,violence against civilians,Attack,4,4,142642,Political violence,3107,12.3084,23.2341
2025-06-21T00:00:00Z,Northern Africa,Sudan,Khartoum,violence against civilians,Attack,1,1,203158,Political violence,3111,15.915,33.1352
2025-06-21T00:00:00Z,Northern Africa,Sudan,North Darfur,battles,Armed clash,3,1,641343,Political violence,3112,15.8601,25.5013
2025-06-21T00:00:00Z,Northern Africa,Sudan,North Darfur,explosions/remote violence,Air/drone strike,4,45,749206,Political violence,3112,15.8601,25.5013
2025-06-21T00:00:00Z,Northern Africa,Sudan,North Darfur,explosions/remote violence,Shelling/artillery/missile attack,4,16,711597,Political violence,3112,15.8601,25.5013
2025-06-21T00:00:00Z,Northern Africa,Sudan,North Kordofan,battles,Armed clash,4,24,591619,Political violence,3113,14.3894,29.437
2025-06-21T00:00:00Z,Northern Africa,Sudan,North Kordofan,explosions/remote violence,Air/drone strike,3,50,6445,Political violence,3113,14.3894,29.437
2025-06-21T00:00:00Z,Northern Africa,Sudan,North Kordofan,violence against civilians,Attack,5,22,15038,Political violence,3113,14.3894,29.437
2025-06-21T00:00:00Z,Northern Africa,Sudan,South Darfur,battles,Armed clash,4,26,1416133,Political violence,3118,10.9002,24.3019
2025-06-21T00:00:00Z,Northern Africa,Sudan,South Darfur,explosions/remote violence,Air/drone strike,1,4,51229,Political violence,3118,10.9002,24.3019
2025-06-21T00:00:00Z,Northern Africa,Sudan,South Darfur,explosions/remote violence,Grenade,1,3,1416133,Political violence,3118,10.9002,24.3019
2025-06-21T00:00:00Z,Northern Africa,Sudan,South Darfur,violence against civilians,Attack,5,5,1477006,Political violence,3118,10.9002,24.3019
2025-06-21T00:00:00Z,Northern Africa,Sudan,South Kordofan,battles,Non-state actor overtakes territory,1,20,202,Political violence,3119,11.2289,30.914
2025-06-21T00:00:00Z,Northern Africa,Sudan,South Kordofan,explosions/remote violence,Shelling/artillery/missile attack,2,4,138859,Political violence,3119,11.2289,30.914
2025-06-21T00:00:00Z,Northern Africa,Sudan,West Darfur,explosions/remote violence,Air/drone strike,1,3,3896,Political violence,3120,13.5081,22.7026
2025-06-21T00:00:00Z,Northern Africa,Sudan,West Darfur,violence against civilians,Attack,1,1,59559,Political violence,3120,13.5081,22.7026
2025-06-21T00:00:00Z,Northern Africa,Sudan,West Kordofan,battles,Armed clash,2,1,137163,Political violence,3121,11.8686,28.2211
2025-06-21T00:00:00Z,Northern Africa,Sudan,West Kordofan,explosions/remote violence,Air/drone strike,11,77,568626,Political violence,3121,11.8686,28.2211
2025-06-21T00:00:00Z,Northern Africa,Sudan,West Kordofan,violence against civilians,Attack,4,4,405157,Political violence,3121,11.8686,28.2211
2025-06-28T00:00:00Z,Northern Africa,Sudan,Blue Nile,battles,Armed clash,2,13,39,Political violence,3106,11.0079,34.0954
2025-06-28T00:00:00Z,Northern Africa,Sudan,Central Darfur,violence against civilians,Attack,1,1,30807,Political violence,3107,12.3084,23.2341
2025-06-28T00:00:00Z,Northern Africa,Sudan,East Darfur,battles,Armed clash,1,1,19626,Political violence,3108,11.2299,26.3972
2025-06-28T00:00:00Z,Northern Africa,Sudan,Khartoum,violence against civilians,Attack,1,3,241642,Political violence,3111,15.915,33.1352
2025-06-28T00:00:00Z,Northern Africa,Sudan,North Darfur,battles,Armed clash,6,32,641343,Political violence,3112,15.8601,25.5013
2025-06-28T00:00:00Z,Northern Africa,Sudan,North Darfur,explosions/remote violence,Shelling/artillery/missile attack,4,3,711597,Political violence,3112,15.8601,25.5013
2025-06-28T00:00:00Z,Northern Africa,Sudan,North Darfur,violence against civilians,Attack,3,14,670785,Political violence,3112,15.8601,25.5013
2025-06-28T00:00:00Z,Northern Africa,Sudan,North Kordofan,battles,Armed clash,1,10,2098,Political violence,3113,14.3894,29.437
2025-06-28T00:00:00Z,Northern Africa,Sudan,North Kordofan,explosions/remote violence,Air/drone strike,8,99,615737,Political violence,3113,14.3894,29.437
2025-06-28T00:00:00Z,Northern Africa,Sudan,North Kordofan,violence against civilians,Attack,1,1,651,Political violence,3113,14.3894,29.437
2025-06-28T00:00:00Z,Northern Africa,Sudan,Northern,battles,Armed clash,5,8,56777,Political violence,3114,19.3656,29.8955
2025-06-28T00:00:00Z,Northern Africa,Sudan,South Darfur,battles,Armed clash,1,50,1416133,Political violence,3118,10.9002,24.3019
2025-06-28T00:00:00Z,Northern Africa,Sudan,South Darfur,violence against civilians,Attack,1,1,2054,Political violence,3118,10.9002,24.3019
2025-06-28T00:00:00Z,Northern Africa,Sudan,South Kordofan,battles,Government regains territory,1,10,202,Political violence,3119,11.2289,30.914
2025-06-28T00:00:00Z,Northern Africa,Sudan,South Kordofan,explosions/remote violence,Air/drone strike,2,40,43599,Political violence,3119,11.2289,30.914
2025-06-28T00:00:00Z,Northern Africa,Sudan,South Kordofan,violence against civilians,Attack,1,13,137726,Political violence,3119,11.2289,30.914
2025-06-28T00:00:00Z,Northern Africa,Sudan,West Darfur,violence against civilians,Attack,1,1,5292,Political violence,3120,13.5081,22.7026
2025-06-28T00:00:00Z,Northern Africa,Sudan,West Kordofan,battles,Armed clash,4,68,224388,Political violence,3121,11.8686,28.2211
2025-06-28T00:00:00Z,Northern Africa,Sudan,West Kordofan,explosions/remote violence,Air/drone strike,3,52,154063,Political violence,3121,11.8686,28.2211
2025-06-28T00:00:00Z,Northern Africa,Sudan,West Kordofan,violence against civilians,Attack,4,10,34901,Political violence,3121,11.8686,28.2211
2025-07-05T00:00:00Z,Northern Africa,Sudan,Al Jazirah,explosions/remote violence,Remote explosive/landmine/IED,1,1,15760,Political violence,3105,14.6593,33.2294
2025-07-05T00:00:00Z,Northern Africa,Sudan,East Darfur,violence against civilians,Attack,2,3,42,Political violence,3108,11.2299,26.3972
2025-07-05T00:00:00Z,Northern Africa,Sudan,Khartoum,violence against civilians,Attack,1,1,107837,Political violence,3111,15.915,33.1352
2025-07-05T00:00:00Z,Northern Africa,Sudan,North Darfur,battles,Armed clash,7,33,704298,Political violence,3112,15.8601,25.5013
2025-07-05T00:00:00Z,Northern Africa,Sudan,North Darfur,explosions/remote violence,Shelling/artillery/missile attack,3,8,711597,Political violence,3112,15.8601,25.5013
2025-07-05T00:00:00Z,Northern Africa,Sudan,North Kordofan,battles,Armed clash,1,10,28841,Political violence,3113,14.3894,29.437
2025-07-05T00:00:00Z,Northern Africa,Sudan,North Kordofan,battles,Government regains territory,2,10,10261,Political violence,3113,14.3894,29.437
2025-07-05T00:00:00Z,Northern Africa,Sudan,North Kordofan,battles,Non-state actor overtakes territory,1,10,6038,Political violence,3113,14.3894,29.437
2025-07-05T00:00:00Z,Northern Africa,Sudan,North Kordofan,explosions/remote violence,Air/drone strike,6,6,610670,Political violence,3113,14.3894,29.437
2025-07-05T00:00:00Z,Northern Africa,Sudan,South Darfur,explosions/remote violence,Air/drone strike,3,15,1416133,Political violence,3118,10.9002,24.3019
2025-07-05T00:00:00Z,Northern Africa,Sudan,West Kordofan,explosions/remote violence,Air/drone strike,3,9,47094,Political violence,3121,11.8686,28.2211
2025-07-12T00:00:00Z,Northern Africa,Sudan,Khartoum,violence against civilians,Attack,3,2,97956,Political violence,3111,15.915,33.1352
2025-07-12T00:00:00Z,Northern Africa,Sudan,North Darfur,battles,Armed clash,2,25,641343,Political violence,3112,15.8601,25.5013
2025-07-12T00:00:00Z,Northern Africa,Sudan,North Darfur,explosions/remote violence,Shelling/artillery/missile attack,6,12,711597,Political violence,3112,15.8601,25.5013
2025-07-12T00:00:00Z,Northern Africa,Sudan,North Kordofan,battles,Armed clash,7,38,598043,Political violence,3113,14.3894,29.437
2025-07-12T00:00:00Z,Northern Africa,Sudan,North Kordofan,explosions/remote violence,Air/drone strike,3,16,48856,Political violence,3113,14.3894,29.437
2025-07-12T00:00:00Z,Northern Africa,Sudan,North Kordofan,violence against civilians,Attack,3,12,2879,Political violence,3113,14.3894,29.437
2025-07-12T00:00:00Z,Northern Africa,Sudan,Northern,battles,Armed clash,1,1,96365,Political violence,3114,19.3656,29.8955
2025-07-12T00:00:00Z,Northern Africa,Sudan,South Darfur,violence against civilians,Attack,3,3,1481344,Political violence,3118,10.9002,24.3019
2025-07-12T00:00:00Z,Northern Africa,Sudan,West Kordofan,battles,Armed clash,1,10,21884,Political violence,3121,11.8686,28.2211
2025-07-12T00:00:00Z,Northern Africa,Sudan,West Kordofan,explosions/remote violence,Air/drone strike,8,24,478657,Political violence,3121,11.8686,28.2211
2025-07-19T00:00:00Z,Northern Africa,Sudan,Abyei,battles,Armed clash,1,5,1382,Political violence,3104,9.7332,28.4712
2025-07-19T00:00:00Z,Northern Africa,Sudan,Abyei,violence against civilians,Attack,1,2,1382,Political violence,3104,9.7332,28.4712
2025-07-19T00:00:00Z,Northern Africa,Sudan,East Darfur,violence against civilians,Attack,1,1,19626,Political violence,3108,11.2299,26.3972
2025-07-19T00:00:00Z,Northern Africa,Sudan,Khartoum,battles,Armed clash,1,5,115945,Political violence,3111,15.915,33.1352
2025-07-19T00:00:00Z,Northern Africa,Sudan,North Darfur,battles,Armed clash,5,10,641343,Political violence,3112,15.8601,25.5013
2025-07-19T00:00:00Z,Northern Africa,Sudan,North Darfur,explosions/remote violence,Air/drone strike,2,3,711597,Political violence,3112,15.8601,25.5013
2025-07-19T00:00:00Z,Northern Africa,Sudan,North Kordofan,explosions/remote violence,Air/drone strike,4,11,48174,Political violence,3113,14.3894,29.437
2025-07-19T00:00:00Z,Northern Africa,Sudan,Northern,violence against civilians,Attack,1,1,18787,Political violence,3114,19.3656,29.8955
2025-07-19T00:00:00Z,Northern Africa,Sudan,West Darfur,violence against civilians,Attack,2,2,443294,Political violence,3120,13.5081,22.7026
2025-07-19T00:00:00Z,Northern Africa,Sudan,West Kordofan,battles,Armed clash,3,30,159416,Political violence,3121,11.8686,28.2211
2025-07-19T00:00:00Z,Northern Africa,Sudan,West Kordofan,explosions/remote violence,Air/drone strike,10,37,477639,Political violence,3121,11.8686,28.2211
2025-07-19T00:00:00Z,Northern Africa,Sudan,West Kordofan,violence against civilians,Attack,3,3,173160,Political violence,3121,11.8686,28.2211
2025-07-19T00:00:00Z,Northern Africa,Sudan,White Nile,violence against civilians,Attack,1,2,180248,Political violence,3122,13.5895,32.3521
2025-07-26T00:00:00Z,Northern Africa,Sudan,Abyei,battles,Armed clash,1,5,688,Political violence,3104,9.7332,28.4712
2025-07-26T00:00:00Z,Northern Africa,Sudan,North Darfur,battles,Armed clash,6,25,711597,Political violence,3112,15.8601,25.5013
2025-07-26T00:00:00Z,Northern Africa,Sudan,North Darfur,violence against civilians,Attack,3,28,657856,Political violence,3112,15.8601,25.5013
2025-07-26T00:00:00Z,Northern Africa,Sudan,North Kordofan,battles,Armed clash,3,20,35174,Political violence,3113,14.3894,29.437
2025-07-26T00:00:00Z,Northern Africa,Sudan,North Kordofan,battles,Government regains territory,3,20,18335,Political violence,3113,14.3894,29.437
2025-07-26T00:00:00Z,Northern Africa,Sudan,North Kordofan,battles,Non-state actor overtakes territory,1,100,6741,Political violence,3113,14.3894,29.437
2025-07-26T00:00:00Z,Northern Africa,Sudan,North Kordofan,explosions/remote violence,Air/drone strike,4,11,609630,Political violence,3113,14.3894,29.437
2025-07-26T00:00:00Z,Northern Africa,Sudan,North Kordofan,violence against civilians,Attack,3,2,12980,Political violence,3113,14.3894,29.437
2025-07-26T00:00:00Z,Northern Africa,Sudan,South Darfur,explosions/remote violence,Air/drone strike,1,30,1416133,Political violence,3118,10.9002,24.3019
2025-07-26T00:00:00Z,Northern Africa,Sudan,South Darfur,violence against civilians,Attack,1,1,1416133,Political violence,3118,10.9002,24.3019
2025-07-26T00:00:00Z,Northern Africa,Sudan,West Kordofan,explosions/remote violence,Air/drone strike,7,18,230380,Political violence,3121,11.8686,28.2211
2025-08-02T00:00:00Z,Northern Africa,Sudan,Abyei,violence against civilians,Attack,1,5,3909,Political violence,3104,9.7332,28.4712
2025-08-02T00:00:00Z,Northern Africa,Sudan,Blue Nile,violence against civilians,Attack,1,4,15648,Political violence,3106,11.0079,34.0954
2025-08-02T00:00:00Z,Northern Africa,Sudan,Gedaref,riots,Violent demonstration,1,9,5163,Demonstrations,3109,14.2138,35.0222
2025-08-02T00:00:00Z,Northern Africa,Sudan,Gedaref,violence against civilians,Attack,1,4,455,Political violence,3109,14.2138,35.0222
2025-08-02T00:00:00Z,Northern Africa,Sudan,Khartoum,violence against civilians,Attack,1,1,NA,Political violence,3111,15.915,33.1352
2025-08-02T00:00:00Z,Northern Africa,Sudan,North Darfur,battles,Armed clash,2,11,641343,Political violence,3112,15.8601,25.5013
2025-08-02T00:00:00Z,Northern Africa,Sudan,North Darfur,explosions/remote violence,Air/drone strike,5,21,755408,Political violence,3112,15.8601,25.5013
2025-08-02T00:00:00Z,Northern Africa,Sudan,North Darfur,violence against civilians,Attack,3,17,5626,Political violence,3112,15.8601,25.5013
2025-08-02T00:00:00Z,Northern Africa,Sudan,North Kordofan,battles,Armed clash,1,11,5067,Political violence,3113,14.3894,29.437
2025-08-02T00:00:00Z,Northern Africa,Sudan,North Kordofan,battles,Non-state actor overtakes territory,2,10,9061,Political violence,3113,14.3894,29.437
2025-08-02T00:00:00Z,Northern Africa,Sudan,North Kordofan,explosions/remote violence,Air/drone strike,13,22,647142,Political violence,3113,14.3894,29.437
2025-08-02T00:00:00Z,Northern Africa,Sudan,North Kordofan,violence against civilians,Attack,5,21,101625,Political violence,3113,14.3894,29.437
2025-08-02T00:00:00Z,Northern Africa,Sudan,South Darfur,explosions/remote violence,Air/drone strike,4,54,1487439,Political violence,3118,10.9002,24.3019
2025-08-02T00:00:00Z,Northern Africa,Sudan,South Darfur,violence against civilians,Attack,2,1,79559,Political violence,3118,10.9002,24.3019
2025-08-02T00:00:00Z,Northern Africa,Sudan,South Kordofan,explosions/remote violence,Shelling/artillery/missile attack,1,2,157494,Political violence,3119,11.2289,30.914
2025-08-02T00:00:00Z,Northern Africa,Sudan,South Kordofan,violence against civilians,Attack,2,6,12747,Political violence,3119,11.2289,30.914
2025-08-02T00:00:00Z,Northern Africa,Sudan,West Kordofan,battles,Armed clash,2,6,112854,Political violence,3121,11.8686,28.2211
2025-08-02T00:00:00Z,Northern Africa,Sudan,West Kordofan,explosions/remote violence,Air/drone strike,6,1,227963,Political violence,3121,11.8686,28.2211
2025-08-02T00:00:00Z,Northern Africa,Sudan,West Kordofan,violence against civilians,Attack,3,32,159612,Political violence,3121,11.8686,28.2211
2025-08-09T00:00:00Z,Northern Africa,Sudan,Al Jazirah,battles,Armed clash,1,3,51005,Political violence,3105,14.6593,33.2294
2025-08-09T00:00:00Z,Northern Africa,Sudan,East Darfur,explosions/remote violence,Remote explosive/landmine/IED,1,1,4207,Political violence,3108,11.2299,26.3972
2025-08-09T00:00:00Z,Northern Africa,Sudan,East Darfur,violence against civilians,Attack,1,1,27671,Political violence,3108,11.2299,26.3972
2025-08-09T00:00:00Z,Northern Africa,Sudan,Gedaref,violence against civilians,Attack,1,1,4173,Political violence,3109,14.2138,35.0222
2025-08-09T00:00:00Z,Northern Africa,Sudan,Khartoum,violence against civilians,Attack,1,1,96561,Political violence,3111,15.915,33.1352
2025-08-09T00:00:00Z,Northern Africa,Sudan,North Darfur,battles,Armed clash,7,119,711597,Political violence,3112,15.8601,25.5013
2025-08-09T00:00:00Z,Northern Africa,Sudan,North Darfur,explosions/remote violence,Air/drone strike,7,21,822873,Political violence,3112,15.8601,25.5013
2025-08-09T00:00:00Z,Northern Africa,Sudan,North Darfur,explosions/remote violence,Shelling/artillery/missile attack,2,12,70254,Political violence,3112,15.8601,25.5013
2025-08-09T00:00:00Z,Northern Africa,Sudan,North Darfur,violence against civilians,Attack,2,7,228689,Political violence,3112,15.8601,25.5013
2025-08-09T00:00:00Z,Northern Africa,Sudan,North Darfur,violence against civilians,Sexual violence,1,1,1623,Political violence,3112,15.8601,25.5013
2025-08-09T00:00:00Z,Northern Africa,Sudan,North Kordofan,explosions/remote violence,Air/drone strike,7,48,62663,Political violence,3113,14.3894,29.437
2025-08-09T00:00:00Z,Northern Africa,Sudan,South Darfur,battles,Armed clash,1,25,21861,Political violence,3118,10.9002,24.3019
2025-08-09T00:00:00Z,Northern Africa,Sudan,South Darfur,violence against civilians,Attack,2,1,1475471,Political violence,3118,10.9002,24.3019
2025-08-09T00:00:00Z,Northern Africa,Sudan,West Kordofan,battles,Armed clash,2,16,109543,Political violence,3121,11.8686,28.2211
2025-08-09T00:00:00Z,Northern Africa,Sudan,West Kordofan,violence against civilians,Attack,4,17,170725,Political violence,3121,11.8686,28.2211
2025-08-16T00:00:00Z,Northern Africa,Sudan,Central Darfur,explosions/remote violence,Grenade,1,2,99067,Political violence,3107,12.3084,23.2341
2025-08-16T00:00:00Z,Northern Africa,Sudan,Central Darfur,riots,Mob violence,1,2,96829,Political violence,3107,12.3084,23.2341
2025-08-16T00:00:00Z,Northern Africa,Sudan,North Darfur,battles,Armed clash,4,36,641343,Political violence,3112,15.8601,25.5013
2025-08-16T00:00:00Z,Northern Africa,Sudan,North Darfur,explosions/remote violence,Air/drone strike,6,18,814873,Political violence,3112,15.8601,25.5013
2025-08-16T00:00:00Z,Northern Africa,Sudan,North Darfur,explosions/remote violence,Shelling/artillery/missile attack,5,36,711597,Political violence,3112,15.8601,25.5013
2025-08-16T00:00:00Z,Northern Africa,Sudan,North Darfur,violence against civilians,Attack,3,22,643233,Political violence,3112,15.8601,25.5013
2025-08-16T00:00:00Z,Northern Africa,Sudan,North Kordofan,battles,Armed clash,4,31,8809,Political violence,3113,14.3894,29.437
2025-08-16T00:00:00Z,Northern Africa,Sudan,North Kordofan,explosions/remote violence,Air/drone strike,7,20,610601,Political violence,3113,14.3894,29.437
2025-08-16T00:00:00Z,Northern Africa,Sudan,North Kordofan,violence against civilians,Attack,3,9,556609,Political violence,3113,14.3894,29.437
2025-08-16T00:00:00Z,Northern Africa,Sudan,Northern,battles,Armed clash,1,1,52734,Political violence,3114,19.3656,29.8955
2025-08-16T00:00:00Z,Northern Africa,Sudan,South Darfur,violence against civilians,Attack,1,1,1416133,Political violence,3118,10.9002,24.3019
2025-08-16T00:00:00Z,Northern Africa,Sudan,South Kordofan,battles,Armed clash,1,1,326,Political violence,3119,11.2289,30.914
2025-08-16T00:00:00Z,Northern Africa,Sudan,South Kordofan,violence against civilians,Attack,1,1,27363,Political violence,3119,11.2289,30.914
2025-08-23T00:00:00Z,Northern Africa,Sudan,Khartoum,explosions/remote violence,Remote explosive/landmine/IED,1,1,24152,Political violence,3111,15.915,33.1352
2025-08-23T00:00:00Z,Northern Africa,Sudan,Khartoum,violence against civilians,Attack,1,1,24458,Political violence,3111,15.915,33.1352
2025-08-23T00:00:00Z,Northern Africa,Sudan,North Darfur,battles,Armed clash,9,58,711597,Political violence,3112,15.8601,25.5013
2025-08-23T00:00:00Z,Northern Africa,Sudan,North Darfur,violence against civilians,Attack,4,19,651342,Political violence,3112,15.8601,25.5013
2025-08-23T00:00:00Z,Northern Africa,Sudan,North Kordofan,battles,Armed clash,3,2,586715,Political violence,3113,14.3894,29.437
2025-08-23T00:00:00Z,Northern Africa,Sudan,South Kordofan,riots,Mob violence,1,4,51677,Political violence,3119,11.2289,30.914
2025-08-23T00:00:00Z,Northern Africa,Sudan,South Kordofan,violence against civilians,Attack,3,14,299744,Political violence,3119,11.2289,30.914
2025-08-23T00:00:00Z,Northern Africa,Sudan,West Kordofan,explosions/remote violence,Air/drone strike,1,5,2373,Political violence,3121,11.8686,28.2211
2025-08-23T00:00:00Z,Northern Africa,Sudan,West Kordofan,violence against civilians,Attack,1,2,3910,Political violence,3121,11.8686,28.2211
2025-08-30T00:00:00Z,Northern Africa,Sudan,East Darfur,explosions/remote violence,Remote explosive/landmine/IED,1,1,16834,Political violence,3108,11.2299,26.3972
2025-08-30T00:00:00Z,Northern Africa,Sudan,Khartoum,explosions/remote violence,Remote explosive/landmine/IED,1,1,162125,Political violence,3111,15.915,33.1352
2025-08-30T00:00:00Z,Northern Africa,Sudan,Khartoum,violence against civilians,Attack,1,1,241642,Political violence,3111,15.915,33.1352
2025-08-30T00:00:00Z,Northern Africa,Sudan,North Darfur,battles,Armed clash,6,63,711597,Political violence,3112,15.8601,25.5013
2025-08-30T00:00:00Z,Northern Africa,Sudan,North Darfur,explosions/remote violence,Air/drone strike,4,13,894596,Political violence,3112,15.8601,25.5013
2025-08-30T00:00:00Z,Northern Africa,Sudan,North Darfur,explosions/remote violence,Shelling/artillery/missile attack,2,10,70254,Political violence,3112,15.8601,25.5013
2025-08-30T00:00:00Z,Northern Africa,Sudan,North Darfur,violence against civilians,Attack,1,7,32845,Political violence,3112,15.8601,25.5013
2025-08-30T00:00:00Z,Northern Africa,Sudan,North Kordofan,explosions/remote violence,Air/drone strike,6,72,592888,Political violence,3113,14.3894,29.437
2025-08-30T00:00:00Z,Northern Africa,Sudan,North Kordofan,violence against civilians,Attack,3,12,568807,Political violence,3113,14.3894,29.437
2025-08-30T00:00:00Z,Northern Africa,Sudan,South Darfur,explosions/remote violence,Air/drone strike,4,15,1446079,Political violence,3118,10.9002,24.3019
2025-08-30T00:00:00Z,Northern Africa,Sudan,South Darfur,violence against civilians,Attack,1,2,1416133,Political violence,3118,10.9002,24.3019
2025-08-30T00:00:00Z,Northern Africa,Sudan,West Kordofan,explosions/remote violence,Air/drone strike,1,3,2373,Political violence,3121,11.8686,28.2211
2025-08-30T00:00:00Z,Northern Africa,Sudan,West Kordofan,violence against civilians,Attack,4,12,159805,Political violence,3121,11.8686,28.2211
2025-09-06T00:00:00Z,Northern Africa,Sudan,Central Darfur,violence against civilians,Attack,1,1,99067,Political violence,3107,12.3084,23.2341
2025-09-06T00:00:00Z,Northern Africa,Sudan,Khartoum,battles,Armed clash,1,1,7503,Political violence,3111,15.915,33.1352
2025-09-06T00:00:00Z,Northern Africa,Sudan,Khartoum,explosions/remote violence,Air/drone strike,4,1,425739,Political violence,3111,15.915,33.1352
2025-09-06T00:00:00Z,Northern Africa,Sudan,North Darfur,battles,Armed clash,8,54,711597,Political violence,3112,15.8601,25.5013
2025-09-06T00:00:00Z,Northern Africa,Sudan,North Darfur,explosions/remote violence,Air/drone strike,3,16,86401,Political violence,3112,15.8601,25.5013
2025-09-06T00:00:00Z,Northern Africa,Sudan,North Darfur,violence against civilians,Attack,2,11,648940,Political violence,3112,15.8601,25.5013
2025-09-06T00:00:00Z,Northern Africa,Sudan,North Kordofan,battles,Armed clash,9,41,606633,Political violence,3113,14.3894,29.437
2025-09-06T00:00:00Z,Northern Africa,Sudan,North Kordofan,battles,Government regains territory,7,49,611927,Political violence,3113,14.3894,29.437
2025-09-06T00:00:00Z,Northern Africa,Sudan,North Kordofan,explosions/remote violence,Air/drone strike,15,38,96325,Political violence,3113,14.3894,29.437
2025-09-06T00:00:00Z,Northern Africa,Sudan,South Darfur,explosions/remote violence,Air/drone strike,1,8,1416133,Political violence,3118,10.9002,24.3019
2025-09-06T00:00:00Z,Northern Africa,Sudan,South Kordofan,explosions/remote violence,Air/drone strike,1,5,14186,Political violence,3119,11.2289,30.914
2025-09-06T00:00:00Z,Northern Africa,Sudan,West Kordofan,explosions/remote violence,Air/drone strike,3,9,186469,Political violence,3121,11.8686,28.2211
2025-09-13T00:00:00Z,Northern Africa,Sudan,North Darfur,battles,Armed clash,6,66,711597,Political violence,3112,15.8601,25.5013
2025-09-13T00:00:00Z,Northern Africa,Sudan,North Darfur,explosions/remote violence,Air/drone strike,4,4,799519,Political violence,3112,15.8601,25.5013
2025-09-13T00:00:00Z,Northern Africa,Sudan,North Darfur,violence against civilians,Attack,3,18,227066,Political violence,3112,15.8601,25.5013
2025-09-13T00:00:00Z,Northern Africa,Sudan,North Kordofan,battles,Armed clash,14,92,615637,Political violence,3113,14.3894,29.437
2025-09-13T00:00:00Z,Northern Africa,Sudan,North Kordofan,battles,Government regains territory,1,12,14836,Political violence,3113,14.3894,29.437
2025-09-13T00:00:00Z,Northern Africa,Sudan,North Kordofan,battles,Non-state actor overtakes territory,5,46,13814,Political violence,3113,14.3894,29.437
2025-09-13T00:00:00Z,Northern Africa,Sudan,North Kordofan,explosions/remote violence,Air/drone strike,3,13,44356,Political violence,3113,14.3894,29.437
2025-09-13T00:00:00Z,Northern Africa,Sudan,North Kordofan,violence against civilians,Attack,2,3,3113,Political violence,3113,14.3894,29.437
2025-09-13T00:00:00Z,Northern Africa,Sudan,South Darfur,explosions/remote violence,Remote explosive/landmine/IED,1,1,9693,Political violence,3118,10.9002,24.3019
2025-09-13T00:00:00Z,Northern Africa,Sudan,South Darfur,violence against civilians,Attack,3,7,27631,Political violence,3118,10.9002,24.3019
2025-09-13T00:00:00Z,Northern Africa,Sudan,South Kordofan,violence against civilians,Attack,1,2,27363,Political violence,3119,11.2289,30.914
2025-09-20T00:00:00Z,Northern Africa,Sudan,Al Jazirah,violence against civilians,Attack,1,1,91468,Political violence,3105,14.6593,33.2294
2025-09-20T00:00:00Z,Northern Africa,Sudan,Khartoum,violence against civilians,Attack,1,1,253795,Political violence,3111,15.915,33.1352
2025-09-20T00:00:00Z,Northern Africa,Sudan,North Darfur,battles,Armed clash,6,49,641343,Political violence,3112,15.8601,25.5013
2025-09-20T00:00:00Z,Northern Africa,Sudan,North Darfur,battles,Non-state actor overtakes territory,1,13,641343,Political violence,3112,15.8601,25.5013
2025-09-20T00:00:00Z,Northern Africa,Sudan,North Darfur,explosions/remote violence,Air/drone strike,7,15,872578,Political violence,3112,15.8601,25.5013
2025-09-20T00:00:00Z,Northern Africa,Sudan,North Kordofan,battles,Armed clash,5,80,560131,Political violence,3113,14.3894,29.437
2025-09-20T00:00:00Z,Northern Africa,Sudan,North Kordofan,battles,Government regains territory,2,10,8486,Political violence,3113,14.3894,29.437
2025-09-20T00:00:00Z,Northern Africa,Sudan,North Kordofan,battles,Non-state actor overtakes territory,1,10,6741,Political violence,3113,14.3894,29.437
2025-09-20T00:00:00Z,Northern Africa,Sudan,North Kordofan,explosions/remote violence,Air/drone strike,2,1,24976,Political violence,3113,14.3894,29.437
2025-09-20T00:00:00Z,Northern Africa,Sudan,South Darfur,violence against civilians,Attack,1,1,1416133,Political violence,3118,10.9002,24.3019
2025-09-27T00:00:00Z,Northern Africa,Sudan,Blue Nile,violence against civilians,Attack,1,1,25432,Political violence,3106,11.0079,34.0954
2025-09-27T00:00:00Z,Northern Africa,Sudan,Central Darfur,battles,Armed clash,1,2,31388,Political violence,3107,12.3084,23.2341
2025-09-27T00:00:00Z,Northern Africa,Sudan,Central Darfur,violence against civilians,Attack,1,1,7897,Political violence,3107,12.3084,23.2341
2025-09-27T00:00:00Z,Northern Africa,Sudan,East Darfur,violence against civilians,Attack,1,1,328005,Political violence,3108,11.2299,26.3972
2025-09-27T00:00:00Z,Northern Africa,Sudan,North Darfur,battles,Armed clash,6,89,642571,Political violence,3112,15.8601,25.5013
2025-09-27T00:00:00Z,Northern Africa,Sudan,North Darfur,explosions/remote violence,Air/drone strike,6,22,93039,Political violence,3112,15.8601,25.5013
2025-09-27T00:00:00Z,Northern Africa,Sudan,North Darfur,explosions/remote violence,Shelling/artillery/missile attack,2,17,641343,Political violence,3112,15.8601,25.5013
2025-09-27T00:00:00Z,Northern Africa,Sudan,North Kordofan,battles,Government regains territory,4,21,10554,Political violence,3113,14.3894,29.437
2025-09-27T00:00:00Z,Northern Africa,Sudan,North Kordofan,explosions/remote violence,Air/drone strike,2,14,556273,Political violence,3113,14.3894,29.437
2025-09-27T00:00:00Z,Northern Africa,Sudan,South Darfur,battles,Armed clash,2,10,100975,Political violence,3118,10.9002,24.3019
2025-09-27T00:00:00Z,Northern Africa,Sudan,South Darfur,explosions/remote violence,Air/drone strike,5,93,1496642,Political violence,3118,10.9002,24.3019
2025-09-27T00:00:00Z,Northern Africa,Sudan,South Darfur,violence against civilians,Attack,2,2,17571,Political violence,3118,10.9002,24.3019
2025-09-27T00:00:00Z,Northern Africa,Sudan,South Kordofan,explosions/remote violence,Air/drone strike,1,10,157494,Political violence,3119,11.2289,30.914
2025-09-27T00:00:00Z,Northern Africa,Sudan,West Kordofan,battles,Armed clash,2,10,267555,Political violence,3121,11.8686,28.2211
2025-09-27T00:00:00Z,Northern Africa,Sudan,West Kordofan,explosions/remote violence,Air/drone strike,3,13,60652,Political violence,3121,11.8686,28.2211
2025-09-27T00:00:00Z,Northern Africa,Sudan,West Kordofan,violence against civilians,Attack,1,1,1615,Political violence,3121,11.8686,28.2211
2025-10-04T00:00:00Z,Northern Africa,Sudan,Abyei,battles,Armed clash,2,16,5505,Political violence,3104,9.7332,28.4712
2025-10-04T00:00:00Z,Northern Africa,Sudan,East Darfur,violence against civilians,Attack,1,1,328005,Political violence,3108,11.2299,26.3972
2025-10-04T00:00:00Z,Northern Africa,Sudan,Khartoum,battles,Armed clash,1,1,163162,Political violence,3111,15.915,33.1352
2025-10-04T00:00:00Z,Northern Africa,Sudan,North Darfur,battles,Armed clash,8,122,647540,Political violence,3112,15.8601,25.5013
2025-10-04T00:00:00Z,Northern Africa,Sudan,North Darfur,explosions/remote violence,Air/drone strike,3,40,711965,Political violence,3112,15.8601,25.5013
2025-10-04T00:00:00Z,Northern Africa,Sudan,North Darfur,riots,Mob violence,1,1,7644,Political violence,3112,15.8601,25.5013
2025-10-04T00:00:00Z,Northern Africa,Sudan,North Darfur,violence against civilians,Attack,2,3,648987,Political violence,3112,15.8601,25.5013
2025-10-04T00:00:00Z,Northern Africa,Sudan,North Kordofan,explosions/remote violence,Air/drone strike,3,56,11920,Political violence,3113,14.3894,29.437
2025-10-04T00:00:00Z,Northern Africa,Sudan,South Darfur,battles,Armed clash,1,4,3494,Political violence,3118,10.9002,24.3019
2025-10-04T00:00:00Z,Northern Africa,Sudan,South Darfur,violence against civilians,Attack,1,1,9693,Political violence,3118,10.9002,24.3019
2025-10-04T00:00:00Z,Northern Africa,Sudan,West Kordofan,explosions/remote violence,Air/drone strike,9,22,189636,Political violence,3121,11.8686,28.2211
2025-10-04T00:00:00Z,Northern Africa,Sudan,West Kordofan,violence against civilians,Attack,1,1,137163,Political violence,3121,11.8686,28.2211
2025-10-11T00:00:00Z,Northern Africa,Sudan,Al Jazirah,explosions/remote violence,Remote explosive/landmine/IED,1,2,346886,Political violence,3105,14.6593,33.2294
2025-10-11T00:00:00Z,Northern Africa,Sudan,Khartoum,battles,Armed clash,2,24,220453,Political violence,3111,15.915,33.1352
2025-10-11T00:00:00Z,Northern Africa,Sudan,Khartoum,explosions/remote violence,Air/drone strike,4,2,475222,Political violence,3111,15.915,33.1352
2025-10-11T00:00:00Z,Northern Africa,Sudan,North Darfur,battles,Armed clash,4,44,641343,Political violence,3112,15.8601,25.5013
2025-10-11T00:00:00Z,Northern Africa,Sudan,North Darfur,explosions/remote violence,Air/drone strike,4,44,657490,Political violence,3112,15.8601,25.5013
2025-10-11T00:00:00Z,Northern Africa,Sudan,North Darfur,explosions/remote violence,Shelling/artillery/missile attack,2,8,711597,Political violence,3112,15.8601,25.5013
2025-10-11T00:00:00Z,Northern Africa,Sudan,North Darfur,violence against civilians,Attack,4,13,294383,Political violence,3112,15.8601,25.5013
2025-10-11T00:00:00Z,Northern Africa,Sudan,North Kordofan,battles,Armed clash,1,8,19946,Political violence,3113,14.3894,29.437
2025-10-11T00:00:00Z,Northern Africa,Sudan,North Kordofan,explosions/remote violence,Air/drone strike,3,37,31943,Political violence,3113,14.3894,29.437
2025-10-11T00:00:00Z,Northern Africa,Sudan,Northern,explosions/remote violence,Air/drone strike,1,5,30431,Political violence,3114,19.3656,29.8955
2025-10-11T00:00:00Z,Northern Africa,Sudan,River Nile,violence against civilians,Attack,1,2,237262,Political violence,3116,18.8347,33.1231
2025-10-11T00:00:00Z,Northern Africa,Sudan,South Darfur,explosions/remote violence,Air/drone strike,3,13,1467355,Political violence,3118,10.9002,24.3019
2025-10-11T00:00:00Z,Northern Africa,Sudan,South Darfur,violence against civilians,Attack,3,4,1420097,Political violence,3118,10.9002,24.3019
2025-10-11T00:00:00Z,Northern Africa,Sudan,South Kordofan,battles,Armed clash,3,13,228487,Political violence,3119,11.2289,30.914
2025-10-11T00:00:00Z,Northern Africa,Sudan,South Kordofan,explosions/remote violence,Air/drone strike,4,8,251854,Political violence,3119,11.2289,30.914
2025-10-11T00:00:00Z,Northern Africa,Sudan,South Kordofan,violence against civilians,Attack,4,4,27968,Political violence,3119,11.2289,30.914
2025-10-11T00:00:00Z,Northern Africa,Sudan,West Kordofan,battles,Armed clash,1,10,113375,Political violence,3121,11.8686,28.2211
2025-10-11T00:00:00Z,Northern Africa,Sudan,West Kordofan,explosions/remote violence,Air/drone strike,4,24,161762,Political violence,3121,11.8686,28.2211
2025-10-11T00:00:00Z,Northern Africa,Sudan,West Kordofan,violence against civilians,Attack,1,1,21884,Political violence,3121,11.8686,28.2211
2025-10-18T00:00:00Z,Northern Africa,Sudan,Kassala,strategic developments,Other,1,1,NA,Strategic developments,3110,15.7104,35.5356
2025-10-18T00:00:00Z,Northern Africa,Sudan,North Darfur,battles,Armed clash,3,55,641343,Political violence,3112,15.8601,25.5013
2025-10-18T00:00:00Z,Northern Africa,Sudan,North Darfur,explosions/remote violence,Air/drone strike,6,42,809009,Political violence,3112,15.8601,25.5013
2025-10-18T00:00:00Z,Northern Africa,Sudan,North Darfur,explosions/remote violence,Shelling/artillery/missile attack,1,6,641343,Political violence,3112,15.8601,25.5013
2025-10-18T00:00:00Z,Northern Africa,Sudan,North Darfur,violence against civilians,Attack,2,6,674188,Political violence,3112,15.8601,25.5013
2025-10-18T00:00:00Z,Northern Africa,Sudan,North Kordofan,explosions/remote violence,Air/drone strike,6,23,670782,Political violence,3113,14.3894,29.437
2025-10-18T00:00:00Z,Northern Africa,Sudan,South Darfur,battles,Armed clash,1,2,35764,Political violence,3118,10.9002,24.3019
2025-10-18T00:00:00Z,Northern Africa,Sudan,South Darfur,explosions/remote violence,Air/drone strike,3,18,1467355,Political violence,3118,10.9002,24.3019
2025-10-18T00:00:00Z,Northern Africa,Sudan,South Darfur,explosions/remote violence,Grenade,1,4,1416133,Political violence,3118,10.9002,24.3019
2025-10-18T00:00:00Z,Northern Africa,Sudan,West Darfur,explosions/remote violence,Air/drone strike,5,7,494243,Political violence,3120,13.5081,22.7026
2025-10-18T00:00:00Z,Northern Africa,Sudan,West Darfur,violence against civilians,Attack,1,1,1772,Political violence,3120,13.5081,22.7026
2025-10-18T00:00:00Z,Northern Africa,Sudan,West Kordofan,battles,Armed clash,2,15,140144,Political violence,3121,11.8686,28.2211
2025-10-18T00:00:00Z,Northern Africa,Sudan,West Kordofan,violence against civilians,Attack,3,3,161382,Political violence,3121,11.8686,28.2211
2025-10-25T00:00:00Z,Northern Africa,Sudan,Abyei,violence against civilians,Attack,1,2,1382,Political violence,3104,9.7332,28.4712
2025-10-25T00:00:00Z,Northern Africa,Sudan,North Darfur,battles,Armed clash,5,182,719642,Political violence,3112,15.8601,25.5013
2025-10-25T00:00:00Z,Northern Africa,Sudan,North Darfur,battles,Non-state actor overtakes territory,3,371,641343,Political violence,3112,15.8601,25.5013
2025-10-25T00:00:00Z,Northern Africa,Sudan,North Darfur,explosions/remote violence,Air/drone strike,3,10,799727,Political violence,3112,15.8601,25.5013
2025-10-25T00:00:00Z,Northern Africa,Sudan,North Darfur,violence against civilians,Attack,8,1144,643285,Political violence,3112,15.8601,25.5013
2025-10-25T00:00:00Z,Northern Africa,Sudan,North Darfur,violence against civilians,Sexual violence,4,169,227882,Political violence,3112,15.8601,25.5013
2025-10-25T00:00:00Z,Northern Africa,Sudan,North Kordofan,battles,Armed clash,8,100,813978,Political violence,3113,14.3894,29.437
2025-10-25T00:00:00Z,Northern Africa,Sudan,North Kordofan,battles,Non-state actor overtakes territory,3,50,46431,Political violence,3113,14.3894,29.437
2025-10-25T00:00:00Z,Northern Africa,Sudan,North Kordofan,explosions/remote violence,Air/drone strike,7,2,620031,Political violence,3113,14.3894,29.437
2025-10-25T00:00:00Z,Northern Africa,Sudan,North Kordofan,violence against civilians,Attack,2,43,40823,Political violence,3113,14.3894,29.437
2025-10-25T00:00:00Z,Northern Africa,Sudan,North Kordofan,violence against civilians,Sexual violence,2,47,28841,Political violence,3113,14.3894,29.437
2025-10-25T00:00:00Z,Northern Africa,Sudan,South Darfur,violence against civilians,Attack,5,8,1817187,Political violence,3118,10.9002,24.3019
2025-10-25T00:00:00Z,Northern Africa,Sudan,South Kordofan,explosions/remote violence,Air/drone strike,3,25,157494,Political violence,3119,11.2289,30.914
2025-10-25T00:00:00Z,Northern Africa,Sudan,South Kordofan,explosions/remote violence,Shelling/artillery/missile attack,1,3,137726,Political violence,3119,11.2289,30.914
2025-10-25T00:00:00Z,Northern Africa,Sudan,West Kordofan,battles,Armed clash,1,5,21884,Political violence,3121,11.8686,28.2211
2025-10-25T00:00:00Z,Northern Africa,Sudan,West Kordofan,explosions/remote violence,Air/drone strike,13,47,492008,Political violence,3121,11.8686,28.2211
2025-11-01T00:00:00Z,Northern Africa,Sudan,Central Darfur,explosions/remote violence,Air/drone strike,1,13,125193,Political violence,3107,12.3084,23.2341
2025-11-01T00:00:00Z,Northern Africa,Sudan,East Darfur,violence against civilians,Attack,3,3,31851,Political violence,3108,11.2299,26.3972
2025-11-01T00:00:00Z,Northern Africa,Sudan,North Darfur,battles,Armed clash,1,7,2441,Political violence,3112,15.8601,25.5013
2025-11-01T00:00:00Z,Northern Africa,Sudan,North Darfur,explosions/remote violence,Air/drone strike,7,30,155867,Political violence,3112,15.8601,25.5013
2025-11-01T00:00:00Z,Northern Africa,Sudan,North Darfur,violence against civilians,Sexual violence,1,1,10437,Political violence,3112,15.8601,25.5013
2025-11-01T00:00:00Z,Northern Africa,Sudan,North Kordofan,explosions/remote violence,Air/drone strike,7,30,611803,Political violence,3113,14.3894,29.437
2025-11-01T00:00:00Z,Northern Africa,Sudan,South Darfur,violence against civilians,Attack,2,3,1474611,Political violence,3118,10.9002,24.3019
2025-11-01T00:00:00Z,Northern Africa,Sudan,South Kordofan,battles,Armed clash,1,5,137726,Political violence,3119,11.2289,30.914
2025-11-01T00:00:00Z,Northern Africa,Sudan,South Kordofan,explosions/remote violence,Air/drone strike,3,17,193278,Political violence,3119,11.2289,30.914
2025-11-01T00:00:00Z,Northern Africa,Sudan,South Kordofan,explosions/remote violence,Shelling/artillery/missile attack,1,7,137726,Political violence,3119,11.2289,30.914
2025-11-01T00:00:00Z,Northern Africa,Sudan,West Kordofan,battles,Armed clash,1,4,109543,Political violence,3121,11.8686,28.2211
2025-11-01T00:00:00Z,Northern Africa,Sudan,West Kordofan,explosions/remote violence,Air/drone strike,12,91,454298,Political violence,3121,11.8686,28.2211
2025-11-08T00:00:00Z,Northern Africa,Sudan,Central Darfur,explosions/remote violence,Air/drone strike,1,10,125193,Political violence,3107,12.3084,23.2341
2025-11-08T00:00:00Z,Northern Africa,Sudan,North Darfur,battles,Armed clash,1,1,37609,Political violence,3112,15.8601,25.5013
2025-11-08T00:00:00Z,Northern Africa,Sudan,North Darfur,violence against civilians,Attack,1,1,114054,Political violence,3112,15.8601,25.5013
2025-11-08T00:00:00Z,Northern Africa,Sudan,North Kordofan,violence against civilians,Attack,2,4,1794,Political violence,3113,14.3894,29.437
2025-11-08T00:00:00Z,Northern Africa,Sudan,Northern,explosions/remote violence,Air/drone strike,5,10,179554,Political violence,3114,19.3656,29.8955
2025-11-08T00:00:00Z,Northern Africa,Sudan,South Darfur,explosions/remote violence,Air/drone strike,5,10,1525833,Political violence,3118,10.9002,24.3019
2025-11-08T00:00:00Z,Northern Africa,Sudan,South Darfur,violence against civilians,Attack,3,4,1418287,Political violence,3118,10.9002,24.3019
2025-11-08T00:00:00Z,Northern Africa,Sudan,South Kordofan,battles,Armed clash,1,10,137726,Political violence,3119,11.2289,30.914
2025-11-08T00:00:00Z,Northern Africa,Sudan,West Kordofan,battles,Armed clash,6,39,109543,Political violence,3121,11.8686,28.2211
2025-11-08T00:00:00Z,Northern Africa,Sudan,West Kordofan,explosions/remote violence,Air/drone strike,4,16,87928,Political violence,3121,11.8686,28.2211
2025-11-15T00:00:00Z,Northern Africa,Sudan,Central Darfur,battles,Armed clash,1,1,125193,Political violence,3107,12.3084,23.2341
2025-11-15T00:00:00Z,Northern Africa,Sudan,Central Darfur,violence against civilians,Attack,1,1,125193,Political violence,3107,12.3084,23.2341
2025-11-15T00:00:00Z,Northern Africa,Sudan,North Darfur,explosions/remote violence,Air/drone strike,3,10,386,Political violence,3112,15.8601,25.5013
2025-11-15T00:00:00Z,Northern Africa,Sudan,North Darfur,violence against civilians,Attack,2,1,114054,Political violence,3112,15.8601,25.5013
2025-11-15T00:00:00Z,Northern Africa,Sudan,North Kordofan,battles,Armed clash,17,74,673714,Political violence,3113,14.3894,29.437
2025-11-15T00:00:00Z,Northern Africa,Sudan,North Kordofan,battles,Government regains territory,1,7,2175,Political violence,3113,14.3894,29.437
2025-11-15T00:00:00Z,Northern Africa,Sudan,North Kordofan,explosions/remote violence,Air/drone strike,5,8,589111,Political violence,3113,14.3894,29.437
2025-11-15T00:00:00Z,Northern Africa,Sudan,Northern,battles,Armed clash,1,2,96365,Political violence,3114,19.3656,29.8955
2025-11-15T00:00:00Z,Northern Africa,Sudan,Northern,explosions/remote violence,Air/drone strike,2,10,24,Political violence,3114,19.3656,29.8955
2025-11-15T00:00:00Z,Northern Africa,Sudan,South Darfur,violence against civilians,Attack,4,3,427584,Political violence,3118,10.9002,24.3019
2025-11-15T00:00:00Z,Northern Africa,Sudan,South Kordofan,battles,Armed clash,2,5,6474,Political violence,3119,11.2289,30.914
2025-11-15T00:00:00Z,Northern Africa,Sudan,South Kordofan,battles,Government regains territory,1,10,1075,Political violence,3119,11.2289,30.914
2025-11-15T00:00:00Z,Northern Africa,Sudan,South Kordofan,violence against civilians,Attack,1,7,NA,Political violence,3119,11.2289,30.914
2025-11-15T00:00:00Z,Northern Africa,Sudan,West Darfur,explosions/remote violence,Air/drone strike,1,10,387907,Political violence,3120,13.5081,22.7026
2025-11-15T00:00:00Z,Northern Africa,Sudan,West Darfur,violence against civilians,Attack,1,1,2759,Political violence,3120,13.5081,22.7026
2025-11-15T00:00:00Z,Northern Africa,Sudan,West Kordofan,battles,Armed clash,7,63,131427,Political violence,3121,11.8686,28.2211
2025-11-15T00:00:00Z,Northern Africa,Sudan,West Kordofan,explosions/remote violence,Shelling/artillery/missile attack,1,1,109543,Political violence,3121,11.8686,28.2211
2025-11-15T00:00:00Z,Northern Africa,Sudan,West Kordofan,violence against civilians,Attack,2,1,15650,Political violence,3121,11.8686,28.2211
2025-11-15T00:00:00Z,Northern Africa,Sudan,White Nile,explosions/remote violence,Air/drone strike,2,2,23189,Political violence,3122,13.5895,32.3521
2025-11-22T00:00:00Z,Northern Africa,Sudan,Abyei,violence against civilians,Attack,1,1,22120,Political violence,3104,9.7332,28.4712
2025-11-22T00:00:00Z,Northern Africa,Sudan,Central Darfur,violence against civilians,Attack,1,2,NA,Political violence,3107,12.3084,23.2341
2025-11-22T00:00:00Z,Northern Africa,Sudan,East Darfur,violence against civilians,Attack,2,2,327782,Political violence,3108,11.2299,26.3972
2025-11-22T00:00:00Z,Northern Africa,Sudan,North Darfur,battles,Armed clash,1,1,37609,Political violence,3112,15.8601,25.5013
2025-11-22T00:00:00Z,Northern Africa,Sudan,North Darfur,violence against civilians,Attack,3,4,114054,Political violence,3112,15.8601,25.5013
2025-11-22T00:00:00Z,Northern Africa,Sudan,North Kordofan,battles,Armed clash,4,23,NA,Political violence,3113,14.3894,29.437
2025-11-22T00:00:00Z,Northern Africa,Sudan,South Darfur,battles,Armed clash,2,10,1416133,Political violence,3118,10.9002,24.3019
2025-11-22T00:00:00Z,Northern Africa,Sudan,South Darfur,violence against civilians,Attack,1,1,NA,Political violence,3118,10.9002,24.3019
2025-11-22T00:00:00Z,Northern Africa,Sudan,South Kordofan,battles,Armed clash,2,20,NA,Political violence,3119,11.2289,30.914
2025-11-22T00:00:00Z,Northern Africa,Sudan,South Kordofan,violence against civilians,Attack,1,1,137726,Political violence,3119,11.2289,30.914
2025-11-22T00:00:00Z,Northern Africa,Sudan,West Kordofan,battles,Armed clash,6,36,131427,Political violence,3121,11.8686,28.2211
2025-11-22T00:00:00Z,Northern Africa,Sudan,West Kordofan,explosions/remote violence,Air/drone strike,8,18,430512,Political violence,3121,11.8686,28.2211
2025-11-22T00:00:00Z,Northern Africa,Sudan,West Kordofan,violence against civilians,Attack,1,1,158012,Political violence,3121,11.8686,28.2211
2025-11-29T00:00:00Z,Northern Africa,Sudan,Central Darfur,violence against civilians,Attack,3,13,13652,Political violence,3107,12.3084,23.2341
2025-11-29T00:00:00Z,Northern Africa,Sudan,East Darfur,violence against civilians,Attack,1,1,2591,Political violence,3108,11.2299,26.3972
2025-11-29T00:00:00Z,Northern Africa,Sudan,North Darfur,violence against civilians,Attack,4,6,718111,Political violence,3112,15.8601,25.5013
2025-11-29T00:00:00Z,Northern Africa,Sudan,North Kordofan,explosions/remote violence,Air/drone strike,4,16,563873,Political violence,3113,14.3894,29.437
2025-11-29T00:00:00Z,Northern Africa,Sudan,Red Sea,violence against civilians,Attack,1,1,227,Political violence,3115,20.0739,35.4126
2025-11-29T00:00:00Z,Northern Africa,Sudan,South Darfur,violence against civilians,Attack,4,10,369106,Political violence,3118,10.9002,24.3019
2025-11-29T00:00:00Z,Northern Africa,Sudan,South Kordofan,battles,Government regains territory,9,60,59810,Political violence,3119,11.2289,30.914
2025-11-29T00:00:00Z,Northern Africa,Sudan,South Kordofan,explosions/remote violence,Air/drone strike,6,174,209388,Political violence,3119,11.2289,30.914
2025-11-29T00:00:00Z,Northern Africa,Sudan,South Kordofan,violence against civilians,Attack,1,1,NA,Political violence,3119,11.2289,30.914
2025-11-29T00:00:00Z,Northern Africa,Sudan,West Darfur,explosions/remote violence,Air/drone strike,2,10,10269,Political violence,3120,13.5081,22.7026
2025-11-29T00:00:00Z,Northern Africa,Sudan,West Kordofan,battles,Armed clash,3,10,131427,Political violence,3121,11.8686,28.2211
2025-11-29T00:00:00Z,Northern Africa,Sudan,West Kordofan,battles,Non-state actor overtakes territory,1,11,109543,Political violence,3121,11.8686,28.2211
2025-11-29T00:00:00Z,Northern Africa,Sudan,West Kordofan,explosions/remote violence,Air/drone strike,5,16,145437,Political violence,3121,11.8686,28.2211
2025-11-29T00:00:00Z,Northern Africa,Sudan,West Kordofan,violence against civilians,Attack,2,1,158012,Political violence,3121,11.8686,28.2211
2025-12-06T00:00:00Z,Northern Africa,Sudan,Khartoum,violence against civilians,Attack,1,1,9421,Political violence,3111,15.915,33.1352
2025-12-06T00:00:00Z,Northern Africa,Sudan,North Darfur,explosions/remote violence,Air/drone strike,4,22,199138,Political violence,3112,15.8601,25.5013
2025-12-06T00:00:00Z,Northern Africa,Sudan,North Kordofan,explosions/remote violence,Air/drone strike,7,9,791222,Political violence,3113,14.3894,29.437
2025-12-06T00:00:00Z,Northern Africa,Sudan,South Darfur,battles,Armed clash,1,5,44596,Political violence,3118,10.9002,24.3019
2025-12-06T00:00:00Z,Northern Africa,Sudan,South Darfur,explosions/remote violence,Air/drone strike,2,76,1425826,Political violence,3118,10.9002,24.3019
2025-12-06T00:00:00Z,Northern Africa,Sudan,South Kordofan,explosions/remote violence,Air/drone strike,6,3,42010,Political violence,3119,11.2289,30.914
2025-12-06T00:00:00Z,Northern Africa,Sudan,West Kordofan,explosions/remote violence,Air/drone strike,5,58,14169,Political violence,3121,11.8686,28.2211
2025-12-06T00:00:00Z,Northern Africa,Sudan,West Kordofan,violence against civilians,Attack,1,1,44520,Political violence,3121,11.8686,28.2211
2025-12-06T00:00:00Z,Northern Africa,Sudan,White Nile,battles,Armed clash,1,3,501796,Political violence,3122,13.5895,32.3521
2025-12-13T00:00:00Z,Northern Africa,Sudan,Central Darfur,violence against civilians,Attack,1,1,56193,Political violence,3107,12.3084,23.2341
2025-12-13T00:00:00Z,Northern Africa,Sudan,North Darfur,battles,Armed clash,4,15,672076,Political violence,3112,15.8601,25.5013
2025-12-13T00:00:00Z,Northern Africa,Sudan,North Darfur,explosions/remote violence,Air/drone strike,4,16,185793,Political violence,3112,15.8601,25.5013
2025-12-13T00:00:00Z,Northern Africa,Sudan,North Darfur,violence against civilians,Attack,2,3,234829,Political violence,3112,15.8601,25.5013
2025-12-13T00:00:00Z,Northern Africa,Sudan,North Kordofan,battles,Armed clash,1,10,1745,Political violence,3113,14.3894,29.437
2025-12-13T00:00:00Z,Northern Africa,Sudan,North Kordofan,explosions/remote violence,Air/drone strike,15,11,841815,Political violence,3113,14.3894,29.437
2025-12-13T00:00:00Z,Northern Africa,Sudan,Northern,battles,Armed clash,1,1,8531,Political violence,3114,19.3656,29.8955
2025-12-13T00:00:00Z,Northern Africa,Sudan,River Nile,battles,Armed clash,3,4,432942,Political violence,3116,18.8347,33.1231
2025-12-13T00:00:00Z,Northern Africa,Sudan,South Darfur,battles,Armed clash,1,5,192019,Political violence,3118,10.9002,24.3019
2025-12-13T00:00:00Z,Northern Africa,Sudan,South Darfur,explosions/remote violence,Air/drone strike,3,10,1487439,Political violence,3118,10.9002,24.3019
2025-12-13T00:00:00Z,Northern Africa,Sudan,South Darfur,violence against civilians,Attack,1,1,390,Political violence,3118,10.9002,24.3019
2025-12-13T00:00:00Z,Northern Africa,Sudan,South Kordofan,battles,Government regains territory,2,8,6086,Political violence,3119,11.2289,30.914
2025-12-13T00:00:00Z,Northern Africa,Sudan,South Kordofan,battles,Non-state actor overtakes territory,1,10,5410,Political violence,3119,11.2289,30.914
2025-12-13T00:00:00Z,Northern Africa,Sudan,South Kordofan,explosions/remote violence,Air/drone strike,11,30,390491,Political violence,3119,11.2289,30.914
2025-12-13T00:00:00Z,Northern Africa,Sudan,South Kordofan,explosions/remote violence,Shelling/artillery/missile attack,5,25,141850,Political violence,3119,11.2289,30.914
2025-12-13T00:00:00Z,Northern Africa,Sudan,South Kordofan,violence against civilians,Attack,1,1,137726,Political violence,3119,11.2289,30.914
2025-12-13T00:00:00Z,Northern Africa,Sudan,West Kordofan,explosions/remote violence,Air/drone strike,5,5,254389,Political violence,3121,11.8686,28.2211
2025-12-13T00:00:00Z,Northern Africa,Sudan,West Kordofan,violence against civilians,Attack,1,2,15441,Political violence,3121,11.8686,28.2211
2025-12-20T00:00:00Z,Northern Africa,Sudan,Abyei,battles,Armed clash,1,2,22120,Political violence,3104,9.7332,28.4712
2025-12-20T00:00:00Z,Northern Africa,Sudan,Khartoum,violence against civilians,Attack,1,1,132282,Political violence,3111,15.915,33.1352
2025-12-20T00:00:00Z,Northern Africa,Sudan,North Darfur,battles,Non-state actor overtakes territory,3,39,8534,Political violence,3112,15.8601,25.5013
2025-12-20T00:00:00Z,Northern Africa,Sudan,North Darfur,explosions/remote violence,Air/drone strike,5,10,679455,Political violence,3112,15.8601,25.5013
2025-12-20T00:00:00Z,Northern Africa,Sudan,North Darfur,violence against civilians,Attack,3,151,8534,Political violence,3112,15.8601,25.5013
2025-12-20T00:00:00Z,Northern Africa,Sudan,North Kordofan,battles,Armed clash,3,77,555776,Political violence,3113,14.3894,29.437
2025-12-20T00:00:00Z,Northern Africa,Sudan,North Kordofan,battles,Government regains territory,1,10,5779,Political violence,3113,14.3894,29.437
2025-12-20T00:00:00Z,Northern Africa,Sudan,North Kordofan,explosions/remote violence,Air/drone strike,1,10,14836,Political violence,3113,14.3894,29.437
2025-12-20T00:00:00Z,Northern Africa,Sudan,Northern,violence against civilians,Attack,1,3,30073,Political violence,3114,19.3656,29.8955
2025-12-20T00:00:00Z,Northern Africa,Sudan,River Nile,violence against civilians,Attack,1,1,242802,Political violence,3116,18.8347,33.1231
2025-12-20T00:00:00Z,Northern Africa,Sudan,South Darfur,battles,Armed clash,3,6,1416133,Political violence,3118,10.9002,24.3019
2025-12-20T00:00:00Z,Northern Africa,Sudan,South Darfur,explosions/remote violence,Air/drone strike,6,20,1634496,Political violence,3118,10.9002,24.3019
2025-12-20T00:00:00Z,Northern Africa,Sudan,South Darfur,violence against civilians,Attack,2,1,1443185,Political violence,3118,10.9002,24.3019
2025-12-20T00:00:00Z,Northern Africa,Sudan,South Kordofan,explosions/remote violence,Air/drone strike,10,52,301005,Political violence,3119,11.2289,30.914
2025-12-20T00:00:00Z,Northern Africa,Sudan,South Kordofan,explosions/remote violence,Shelling/artillery/missile attack,2,8,295220,Political violence,3119,11.2289,30.914
2025-12-20T00:00:00Z,Northern Africa,Sudan,West Darfur,explosions/remote violence,Air/drone strike,3,11,474706,Political violence,3120,13.5081,22.7026
2025-12-20T00:00:00Z,Northern Africa,Sudan,West Darfur,violence against civilians,Attack,2,70,391447,Political violence,3120,13.5081,22.7026
2025-12-20T00:00:00Z,Northern Africa,Sudan,West Kordofan,battles,Armed clash,2,15,139536,Political violence,3121,11.8686,28.2211
2025-12-27T00:00:00Z,Northern Africa,Sudan,Al Jazirah,battles,Armed clash,1,2,7158,Political violence,3105,14.6593,33.2294
2025-12-27T00:00:00Z,Northern Africa,Sudan,Al Jazirah,violence against civilians,Attack,1,1,7158,Political violence,3105,14.6593,33.2294
2025-12-27T00:00:00Z,Northern Africa,Sudan,Central Darfur,explosions/remote violence,Air/drone strike,1,41,1747,Political violence,3107,12.3084,23.2341
2025-12-27T00:00:00Z,Northern Africa,Sudan,North Darfur,battles,Government regains territory,1,10,26,Political violence,3112,15.8601,25.5013
2025-12-27T00:00:00Z,Northern Africa,Sudan,North Darfur,explosions/remote violence,Air/drone strike,5,23,9212,Political violence,3112,15.8601,25.5013
2025-12-27T00:00:00Z,Northern Africa,Sudan,North Darfur,violence against civilians,Attack,1,1,13144,Political violence,3112,15.8601,25.5013
2025-12-27T00:00:00Z,Northern Africa,Sudan,North Kordofan,battles,Armed clash,4,25,566686,Political violence,3113,14.3894,29.437
2025-12-27T00:00:00Z,Northern Africa,Sudan,North Kordofan,battles,Government regains territory,2,2,10297,Political violence,3113,14.3894,29.437
2025-12-27T00:00:00Z,Northern Africa,Sudan,North Kordofan,explosions/remote violence,Air/drone strike,1,3,848,Political violence,3113,14.3894,29.437
2025-12-27T00:00:00Z,Northern Africa,Sudan,North Kordofan,violence against civilians,Attack,1,1,555776,Political violence,3113,14.3894,29.437
2025-12-27T00:00:00Z,Northern Africa,Sudan,South Kordofan,battles,Armed clash,5,15,183202,Political violence,3119,11.2289,30.914
2025-12-27T00:00:00Z,Northern Africa,Sudan,South Kordofan,battles,Government regains territory,2,2,30075,Political violence,3119,11.2289,30.914
2025-12-27T00:00:00Z,Northern Africa,Sudan,South Kordofan,battles,Non-state actor overtakes territory,2,10,7800,Political violence,3119,11.2289,30.914
2025-12-27T00:00:00Z,Northern Africa,Sudan,South Kordofan,explosions/remote violence,Air/drone strike,8,49,301850,Political violence,3119,11.2289,30.914
2025-12-27T00:00:00Z,Northern Africa,Sudan,South Kordofan,violence against civilians,Attack,1,1,137726,Political violence,3119,11.2289,30.914
2025-12-27T00:00:00Z,Northern Africa,Sudan,West Kordofan,explosions/remote violence,Air/drone strike,2,3,1150,Political violence,3121,11.8686,28.2211
2025-12-27T00:00:00Z,Northern Africa,Sudan,West Kordofan,violence against civilians,Attack,1,1,156234,Political violence,3121,11.8686,28.2211
2026-01-03T00:00:00Z,Northern Africa,Sudan,Abyei,violence against civilians,Attack,1,3,1498,Political violence,3104,9.7332,28.4712
2026-01-03T00:00:00Z,Northern Africa,Sudan,Central Darfur,violence against civilians,Sexual violence,1,1,23774,Political violence,3107,12.3084,23.2341
2026-01-03T00:00:00Z,Northern Africa,Sudan,Khartoum,violence against civilians,Attack,1,1,201782,Political violence,3111,15.915,33.1352
2026-01-03T00:00:00Z,Northern Africa,Sudan,North Darfur,explosions/remote violence,Air/drone strike,3,86,5284,Political violence,3112,15.8601,25.5013
2026-01-03T00:00:00Z,Northern Africa,Sudan,North Darfur,violence against civilians,Attack,2,5,658068,Political violence,3112,15.8601,25.5013
2026-01-03T00:00:00Z,Northern Africa,Sudan,North Kordofan,battles,Armed clash,5,4,565401,Political violence,3113,14.3894,29.437
2026-01-03T00:00:00Z,Northern Africa,Sudan,North Kordofan,explosions/remote violence,Air/drone strike,1,8,559327,Political violence,3113,14.3894,29.437
2026-01-03T00:00:00Z,Northern Africa,Sudan,River Nile,battles,Armed clash,1,1,11571,Political violence,3116,18.8347,33.1231
2026-01-03T00:00:00Z,Northern Africa,Sudan,River Nile,explosions/remote violence,Air/drone strike,1,1,1,Political violence,3116,18.8347,33.1231
2026-01-03T00:00:00Z,Northern Africa,Sudan,South Darfur,violence against civilians,Attack,4,4,1461148,Political violence,3118,10.9002,24.3019
2026-01-03T00:00:00Z,Northern Africa,Sudan,South Kordofan,explosions/remote violence,Remote explosive/landmine/IED,2,2,11206,Political violence,3119,11.2289,30.914
2026-01-03T00:00:00Z,Northern Africa,Sudan,West Darfur,battles,Armed clash,1,26,1748,Political violence,3120,13.5081,22.7026
2026-01-03T00:00:00Z,Northern Africa,Sudan,West Darfur,explosions/remote violence,Air/drone strike,1,1,12910,Political violence,3120,13.5081,22.7026
2026-01-03T00:00:00Z,Northern Africa,Sudan,West Darfur,violence against civilians,Attack,1,15,1748,Political violence,3120,13.5081,22.7026
2026-01-03T00:00:00Z,Northern Africa,Sudan,West Kordofan,explosions/remote violence,Air/drone strike,6,90,353734,Political violence,3121,11.8686,28.2211
2026-01-03T00:00:00Z,Northern Africa,Sudan,West Kordofan,violence against civilians,Attack,4,1,158555,Political violence,3121,11.8686,28.2211
2026-01-10T00:00:00Z,Northern Africa,Sudan,Blue Nile,explosions/remote violence,Air/drone strike,1,20,2803,Political violence,3106,11.0079,34.0954
2026-01-10T00:00:00Z,Northern Africa,Sudan,Central Darfur,violence against civilians,Attack,1,1,8332,Political violence,3107,12.3084,23.2341
2026-01-10T00:00:00Z,Northern Africa,Sudan,North Darfur,explosions/remote violence,Air/drone strike,1,1,2004,Political violence,3112,15.8601,25.5013
2026-01-10T00:00:00Z,Northern Africa,Sudan,North Darfur,violence against civilians,Attack,1,3,49339,Political violence,3112,15.8601,25.5013
2026-01-10T00:00:00Z,Northern Africa,Sudan,North Kordofan,battles,Government regains territory,3,2,3922,Political violence,3113,14.3894,29.437
2026-01-10T00:00:00Z,Northern Africa,Sudan,North Kordofan,explosions/remote violence,Air/drone strike,5,20,590675,Political violence,3113,14.3894,29.437
2026-01-10T00:00:00Z,Northern Africa,Sudan,North Kordofan,violence against civilians,Attack,5,68,10725,Political violence,3113,14.3894,29.437
2026-01-10T00:00:00Z,Northern Africa,Sudan,Sennar,battles,Armed clash,1,11,186456,Political violence,3117,12.9093,34.0815
2026-01-10T00:00:00Z,Northern Africa,Sudan,South Darfur,battles,Armed clash,2,3,1445529,Political violence,3118,10.9002,24.3019
2026-01-10T00:00:00Z,Northern Africa,Sudan,South Kordofan,battles,Armed clash,5,22,165849,Political violence,3119,11.2289,30.914
2026-01-10T00:00:00Z,Northern Africa,Sudan,South Kordofan,battles,Government regains territory,8,8,55708,Political violence,3119,11.2289,30.914
2026-01-10T00:00:00Z,Northern Africa,Sudan,South Kordofan,explosions/remote violence,Air/drone strike,3,4,180121,Political violence,3119,11.2289,30.914
2026-01-10T00:00:00Z,Northern Africa,Sudan,South Kordofan,violence against civilians,Attack,10,153,206852,Political violence,3119,11.2289,30.914
2026-01-10T00:00:00Z,Northern Africa,Sudan,West Darfur,battles,Armed clash,2,15,1748,Political violence,3120,13.5081,22.7026
2026-01-10T00:00:00Z,Northern Africa,Sudan,West Darfur,battles,Government regains territory,1,15,1748,Political violence,3120,13.5081,22.7026
2026-01-10T00:00:00Z,Northern Africa,Sudan,West Darfur,battles,Non-state actor overtakes territory,1,20,1748,Political violence,3120,13.5081,22.7026
2026-01-10T00:00:00Z,Northern Africa,Sudan,West Darfur,explosions/remote violence,Air/drone strike,2,8,360957,Political violence,3120,13.5081,22.7026
2026-01-10T00:00:00Z,Northern Africa,Sudan,West Kordofan,violence against civilians,Attack,3,3,21846,Political violence,3121,11.8686,28.2211
2026-01-17T00:00:00Z,Northern Africa,Sudan,Blue Nile,explosions/remote violence,Air/drone strike,2,10,4233,Political violence,3106,11.0079,34.0954
2026-01-17T00:00:00Z,Northern Africa,Sudan,Central Darfur,battles,Armed clash,1,5,128505,Political violence,3107,12.3084,23.2341
2026-01-17T00:00:00Z,Northern Africa,Sudan,Central Darfur,violence against civilians,Attack,1,1,128505,Political violence,3107,12.3084,23.2341
2026-01-17T00:00:00Z,Northern Africa,Sudan,Khartoum,battles,Armed clash,2,1,406439,Political violence,3111,15.915,33.1352
2026-01-17T00:00:00Z,Northern Africa,Sudan,North Darfur,explosions/remote violence,Air/drone strike,6,11,57107,Political violence,3112,15.8601,25.5013
2026-01-17T00:00:00Z,Northern Africa,Sudan,North Darfur,violence against civilians,Attack,1,10,62655,Political violence,3112,15.8601,25.5013
2026-01-17T00:00:00Z,Northern Africa,Sudan,North Kordofan,battles,Armed clash,7,16,568577,Political violence,3113,14.3894,29.437
2026-01-17T00:00:00Z,Northern Africa,Sudan,North Kordofan,explosions/remote violence,Air/drone strike,11,50,72926,Political violence,3113,14.3894,29.437
2026-01-17T00:00:00Z,Northern Africa,Sudan,North Kordofan,explosions/remote violence,Shelling/artillery/missile attack,1,10,5108,Political violence,3113,14.3894,29.437
2026-01-17T00:00:00Z,Northern Africa,Sudan,North Kordofan,violence against civilians,Attack,5,2,657008,Political violence,3113,14.3894,29.437
2026-01-17T00:00:00Z,Northern Africa,Sudan,South Kordofan,battles,Armed clash,6,12,155300,Political violence,3119,11.2289,30.914
2026-01-17T00:00:00Z,Northern Africa,Sudan,South Kordofan,explosions/remote violence,Air/drone strike,11,32,171057,Political violence,3119,11.2289,30.914
2026-01-17T00:00:00Z,Northern Africa,Sudan,West Darfur,explosions/remote violence,Air/drone strike,4,10,14658,Political violence,3120,13.5081,22.7026
2026-01-17T00:00:00Z,Northern Africa,Sudan,West Kordofan,battles,Armed clash,1,1,25758,Political violence,3121,11.8686,28.2211
2026-01-17T00:00:00Z,Northern Africa,Sudan,West Kordofan,explosions/remote violence,Air/drone strike,7,55,62853,Political violence,3121,11.8686,28.2211
2026-01-17T00:00:00Z,Northern Africa,Sudan,West Kordofan,violence against civilians,Attack,4,3,60833,Political violence,3121,11.8686,28.2211
2026-01-17T00:00:00Z,Northern Africa,Sudan,West Kordofan,violence against civilians,Sexual violence,1,1,44841,Political violence,3121,11.8686,28.2211
2026-01-24T00:00:00Z,Northern Africa,Sudan,Al Jazirah,explosions/remote violence,Remote explosive/landmine/IED,1,5,NA,Political violence,3105,14.6593,33.2294
2026-01-24T00:00:00Z,Northern Africa,Sudan,Blue Nile,battles,Armed clash,2,13,NA,Political violence,3106,11.0079,34.0954
2026-01-24T00:00:00Z,Northern Africa,Sudan,Blue Nile,battles,Non-state actor overtakes territory,1,3,NA,Political violence,3106,11.0079,34.0954
2026-01-24T00:00:00Z,Northern Africa,Sudan,North Darfur,explosions/remote violence,Air/drone strike,3,10,NA,Political violence,3112,15.8601,25.5013
2026-01-24T00:00:00Z,Northern Africa,Sudan,North Darfur,violence against civilians,Attack,3,1,63164,Political violence,3112,15.8601,25.5013
2026-01-24T00:00:00Z,Northern Africa,Sudan,North Darfur,violence against civilians,Sexual violence,1,13,1857,Political violence,3112,15.8601,25.5013
2026-01-24T00:00:00Z,Northern Africa,Sudan,North Kordofan,battles,Armed clash,2,21,560603,Political violence,3113,14.3894,29.437
2026-01-24T00:00:00Z,Northern Africa,Sudan,North Kordofan,explosions/remote violence,Air/drone strike,2,2,28720,Political violence,3113,14.3894,29.437
2026-01-24T00:00:00Z,Northern Africa,Sudan,South Kordofan,battles,Armed clash,7,53,157319,Political violence,3119,11.2289,30.914
2026-01-24T00:00:00Z,Northern Africa,Sudan,South Kordofan,battles,Government regains territory,4,6,17501,Political violence,3119,11.2289,30.914
2026-01-24T00:00:00Z,Northern Africa,Sudan,South Kordofan,explosions/remote violence,Air/drone strike,9,46,181415,Political violence,3119,11.2289,30.914
2026-01-24T00:00:00Z,Northern Africa,Sudan,South Kordofan,explosions/remote violence,Shelling/artillery/missile attack,1,1,144433,Political violence,3119,11.2289,30.914
2026-01-24T00:00:00Z,Northern Africa,Sudan,West Kordofan,battles,Government regains territory,1,10,NA,Political violence,3121,11.8686,28.2211
2026-01-24T00:00:00Z,Northern Africa,Sudan,West Kordofan,violence against civilians,Attack,3,4,146663,Political violence,3121,11.8686,28.2211
2026-01-31T00:00:00Z,Northern Africa,Sudan,Blue Nile,battles,Non-state actor overtakes territory,3,20,NA,Political violence,3106,11.0079,34.0954
2026-01-31T00:00:00Z,Northern Africa,Sudan,Blue Nile,explosions/remote violence,Air/drone strike,3,20,NA,Political violence,3106,11.0079,34.0954
2026-01-31T00:00:00Z,Northern Africa,Sudan,Central Darfur,explosions/remote violence,Air/drone strike,1,9,NA,Political violence,3107,12.3084,23.2341
2026-01-31T00:00:00Z,Northern Africa,Sudan,East Darfur,battles,Armed clash,2,11,NA,Political violence,3108,11.2299,26.3972
2026-01-31T00:00:00Z,Northern Africa,Sudan,Khartoum,battles,Armed clash,1,3,NA,Political violence,3111,15.915,33.1352
2026-01-31T00:00:00Z,Northern Africa,Sudan,Khartoum,violence against civilians,Attack,2,1,NA,Political violence,3111,15.915,33.1352
2026-01-31T00:00:00Z,Northern Africa,Sudan,North Darfur,battles,Armed clash,3,170,49339,Political violence,3112,15.8601,25.5013
2026-01-31T00:00:00Z,Northern Africa,Sudan,North Darfur,explosions/remote violence,Air/drone strike,3,10,1175,Political violence,3112,15.8601,25.5013
2026-01-31T00:00:00Z,Northern Africa,Sudan,North Kordofan,explosions/remote violence,Air/drone strike,8,31,14959,Political violence,3113,14.3894,29.437
2026-01-31T00:00:00Z,Northern Africa,Sudan,South Darfur,explosions/remote violence,Air/drone strike,3,10,1445529,Political violence,3118,10.9002,24.3019
2026-01-31T00:00:00Z,Northern Africa,Sudan,South Kordofan,battles,Armed clash,7,10,386,Political violence,3119,11.2289,30.914
2026-01-31T00:00:00Z,Northern Africa,Sudan,South Kordofan,battles,Government regains territory,1,10,NA,Political violence,3119,11.2289,30.914
2026-01-31T00:00:00Z,Northern Africa,Sudan,South Kordofan,explosions/remote violence,Air/drone strike,8,86,6765,Political violence,3119,11.2289,30.914
2026-01-31T00:00:00Z,Northern Africa,Sudan,West Darfur,violence against civilians,Attack,1,1,NA,Political violence,3120,13.5081,22.7026
2026-01-31T00:00:00Z,Northern Africa,Sudan,West Kordofan,battles,Armed clash,1,35,NA,Political violence,3121,11.8686,28.2211
2026-01-31T00:00:00Z,Northern Africa,Sudan,West Kordofan,explosions/remote violence,Air/drone strike,6,57,22047,Political violence,3121,11.8686,28.2211
